{
  "parent": "item/generated",
  "textures": {
    "layer0": "item/bow"
  },
  "display": {
    "thirdperson_righthand": {
      "rotation": [
        -80,
        260,
        -40
      ],
      "translation": [
        -1,
        -2,
        2.5
      ],
      "scale": [
        0.9,
        0.9,
        0.9
      ]
    },
    "thirdperson_lefthand": {
      "rotation": [
        -80,
        -280,
        40
      ],
      "translation": [
        -1,
        -2,
        2.5
      ],
      "scale": [
        0.9,
        0.9,
        0.9
      ]
    },
    "firstperson_righthand": {
      "rotation": [
        0,
        -90,
        25
      ],
      "translation": [
        1.13,
        3.2,
        1.13
      ],
      "scale": [
        0.68,
        0.68,
        0.68
      ]
    },
    "firstperson_lefthand": {
      "rotation": [
        0,
        90,
        -25
      ],
      "translation": [
        1.13,
        3.2,
        1.13
      ],
      "scale": [
        0.68,
        0.68,
        0.68
      ]
    }
  },
  "overrides": [
    {
      "predicate": {
        "pulling": 1
      },
      "model": "item/bow_pulling_0"
    },
    {
      "predicate": {
        "pulling": 1,
        "pull": 0.65
      },
      "model": "item/bow_pulling_1"
    },
    {
      "predicate": {
        "pulling": 1,
        "pull": 0.9
      },
      "model": "item/bow_pulling_2"
    },
    {
      "predicate": {
        "custom_model_data": 10017
      },
      "model": "corn_items:corn_bow"
    },
    {
      "predicate": {
        "pulling": 1,
        "custom_model_data": 10017
      },
      "model": "corn_items:corn_bow_0"
    },
    {
      "predicate": {
        "pulling": 1,
        "pull": 0.65,
        "custom_model_data": 10017
      },
      "model": "corn_items:corn_bow_1"
    },
    {
      "predicate": {
        "pulling": 1,
        "pull": 0.9,
        "custom_model_data": 10017
      },
      "model": "corn_items:corn_bow_2"
    },
    {
      "predicate": {
        "custom_model_data": 10018
      },
      "model": "winterset:bow"
    },
    {
      "predicate": {
        "pulling": 1,
        "custom_model_data": 10018
      },
      "model": "winterset:bow_0"
    },
    {
      "predicate": {
        "pulling": 1,
        "pull": 0.65,
        "custom_model_data": 10018
      },
      "model": "winterset:bow_1"
    },
    {
      "predicate": {
        "pulling": 1,
        "pull": 0.9,
        "custom_model_data": 10018
      },
      "model": "winterset:bow_2"
    },
    {
      "predicate": {
        "custom_model_data": 10019
      },
      "model": "merry_christmasset:bow"
    },
    {
      "predicate": {
        "pulling": 1,
        "custom_model_data": 10019
      },
      "model": "merry_christmasset:bow_0"
    },
    {
      "predicate": {
        "pulling": 1,
        "pull": 0.65,
        "custom_model_data": 10019
      },
      "model": "merry_christmasset:bow_1"
    },
    {
      "predicate": {
        "pulling": 1,
        "pull": 0.9,
        "custom_model_data": 10019
      },
      "model": "merry_christmasset:bow_2"
    },
    {
      "predicate": {
        "custom_model_data": 10021
      },
      "model": "elitecreatures:christmas_holiday_2023/bow"
    },
    {
      "predicate": {
        "pulling": 1,
        "custom_model_data": 10021
      },
      "model": "elitecreatures:christmas_holiday_2023/bow_0"
    },
    {
      "predicate": {
        "pulling": 1,
        "pull": 0.65,
        "custom_model_data": 10021
      },
      "model": "elitecreatures:christmas_holiday_2023/bow_1"
    },
    {
      "predicate": {
        "pulling": 1,
        "pull": 0.9,
        "custom_model_data": 10021
      },
      "model": "elitecreatures:christmas_holiday_2023/bow_2"
    },
    {
      "predicate": {
        "custom_model_data": 10022
      },
      "model": "halloween:bone_bow"
    },
    {
      "predicate": {
        "pulling": 1,
        "custom_model_data": 10022
      },
      "model": "halloween:bone_bow_0"
    },
    {
      "predicate": {
        "pulling": 1,
        "pull": 0.65,
        "custom_model_data": 10022
      },
      "model": "halloween:bone_bow_1"
    },
    {
      "predicate": {
        "pulling": 1,
        "pull": 0.9,
        "custom_model_data": 10022
      },
      "model": "halloween:bone_bow_2"
    },
    {
      "predicate": {
        "custom_model_data": 10023
      },
      "model": "elitecreatures:newyear_2024_animated/bow"
    },
    {
      "predicate": {
        "pulling": 1,
        "custom_model_data": 10023
      },
      "model": "elitecreatures:newyear_2024_animated/bow_0"
    },
    {
      "predicate": {
        "pulling": 1,
        "pull": 0.65,
        "custom_model_data": 10023
      },
      "model": "elitecreatures:newyear_2024_animated/bow_1"
    },
    {
      "predicate": {
        "pulling": 1,
        "pull": 0.9,
        "custom_model_data": 10023
      },
      "model": "elitecreatures:newyear_2024_animated/bow_2"
    },
    {
      "predicate": {
        "custom_model_data": 10024
      },
      "model": "item/bow"
    }
  ]
}