{
  "parent": "minecraft:item/handheld",
  "textures": {
    "layer0": "minecraft:item/diamond_sword"
  },
  "overrides": [
    {
      "predicate": {
        "custom_model_data": 10013
      },
      "model": "elitecreatures:christmas_holiday_2023/mace"
    },
    {
      "predicate": {
        "custom_model_data": 10014
      },
      "model": "elitecreatures:newyear_2024_animated/claymore"
    },
    {
      "predicate": {
        "custom_model_data": 10015
      },
      "model": "elitecreatures:newyear_2024_animated/hammer"
    },
    {
      "predicate": {
        "custom_model_data": 10016
      },
      "model": "elitecreatures:newyear_2024_animated/scythe"
    },
    {
      "predicate": {
        "custom_model_data": 10017
      },
      "model": "elitecreatures:newyear_2024_animated/spear"
    },
    {
      "predicate": {
        "custom_model_data": 10018
      },
      "model": "elitecreatures:newyear_2024_animated/staff"
    },
    {
      "predicate": {
        "custom_model_data": 10019
      },
      "model": "elitecreatures:newyear_2024_animated/sword"
    },
    {
      "predicate": {
        "custom_model_data": 10020
      },
      "model": "elitecreatures:newyear_2024_animated/trident"
    },
    {
      "predicate": {
        "custom_model_data": 10021
      },
      "model": "item/diamond_sword"
    }
  ]
}