{"parent":"minecraft:item/handheld","textures":{"layer0":"minecraft:item/iron_sword"},"overrides":[{"predicate":{"custom_model_data":10090},"model":"winterset:hammer"},{"predicate":{"custom_model_data":10091},"model":"winterset:scythe"},{"predicate":{"custom_model_data":10092},"model":"winterset:spear"},{"predicate":{"custom_model_data":10093},"model":"winterset:staff"},{"predicate":{"custom_model_data":10094},"model":"winterset:sword"},{"predicate":{"custom_model_data":10095},"model":"winterset:trident"},{"predicate":{"custom_model_data":10096},"model":"winterset:greatsword"},{"predicate":{"custom_model_data":10097},"model":"merry_christmasset:hammer"},{"predicate":{"custom_model_data":10098},"model":"merry_christmasset:scythe"},{"predicate":{"custom_model_data":10099},"model":"merry_christmasset:spear"},{"predicate":{"custom_model_data":10100},"model":"merry_christmasset:staff"},{"predicate":{"custom_model_data":10101},"model":"merry_christmasset:sword"},{"predicate":{"custom_model_data":10102},"model":"merry_christmasset:trident"},{"predicate":{"custom_model_data":10103},"model":"merry_christmasset:greatsword"},{"predicate":{"custom_model_data":10104},"model":"item/iron_sword"}]}