{
  "parent": "item/generated",
  "textures": {
    "layer0": "item/leather_chestplate",
    "layer1": "item/leather_chestplate_overlay"
  },
  "overrides": [
    {
      "predicate": {
        "custom_model_data": 5000
      },
      "model": "lunar_studios:ia_auto_gen/darth_chestplate"
    },
    {
      "predicate": {
        "custom_model_data": 5001
      },
      "model": "lunar_studios:ia_auto_gen/obi_chestplate"
    },
    {
      "predicate": {
        "custom_model_data": 10018
      },
      "model": "winterset:ia_auto_gen/winterchestplate"
    },
    {
      "predicate": {
        "custom_model_data": 10019
      },
      "model": "merry_christmasset:ia_auto_gen/merry_christmaschestplate"
    },
    {
      "predicate": {
        "custom_model_data": 10021
      },
      "model": "elitecreatures:christmas_holiday_2023/chestplate"
    },
    {
      "predicate": {
        "custom_model_data": 10022
      },
      "model": "elitecreatures:ia_auto_gen/newyear_2024_animated-chestplate"
    },
    {
      "predicate": {
        "custom_model_data": 10023
      },
      "model": "item/leather_chestplate"
    }
  ]
}