{
  "parent": "item/generated",
  "textures": {
    "layer0": "item/leather_leggings",
    "layer1": "item/leather_leggings_overlay"
  },
  "overrides": [
    {
      "predicate": {
        "custom_model_data": 10018
      },
      "model": "winterset:ia_auto_gen/winterleggings"
    },
    {
      "predicate": {
        "custom_model_data": 10019
      },
      "model": "merry_christmasset:ia_auto_gen/merry_christmasleggings"
    },
    {
      "predicate": {
        "custom_model_data": 10021
      },
      "model": "elitecreatures:christmas_holiday_2023/leggings"
    },
    {
      "predicate": {
        "custom_model_data": 10022
      },
      "model": "item/leather_leggings"
    }
  ]
}