{"parent":"minecraft:item/handheld","textures":{"layer0":"minecraft:item/netherite_shovel"},"overrides":[{"predicate":{"custom_model_data":10002},"model":"elitecreatures:christmas_holiday_2023/shovel"},{"predicate":{"custom_model_data":10003},"model":"halloween:zombie_arm_shovel"},{"predicate":{"custom_model_data":10004},"model":"thanksgiving:potato_spoon_shovel"},{"predicate":{"custom_model_data":10005},"model":"elitecreatures:newyear_2024_animated/shovel"},{"predicate":{"custom_model_data":10006},"model":"item/netherite_shovel"}]}