{
  "parent": "minecraft:item/handheld",
  "textures": {
    "layer0": "minecraft:item/netherite_sword"
  },
  "overrides": [
    {
      "predicate": {
        "custom_model_data": 10011
      },
      "model": "elitecreatures:christmas_holiday_2023/staff"
    },
    {
      "predicate": {
        "custom_model_data": 10012
      },
      "model": "elitecreatures:christmas_holiday_2023/sword"
    },
    {
      "predicate": {
        "custom_model_data": 10013
      },
      "model": "item/netherite_sword"
    }
  ]
}