{"parent":"minecraft:item/handheld","textures":{"layer0":"minecraft:item/netherite_pickaxe"},"overrides":[{"predicate":{"custom_model_data":10002},"model":"elitecreatures:christmas_holiday_2023/pickaxe"},{"predicate":{"custom_model_data":10003},"model":"thanksgiving:corn_pickaxe"},{"predicate":{"custom_model_data":10004},"model":"halloween:raven_pickaxe"},{"predicate":{"custom_model_data":10005},"model":"elitecreatures:newyear_2024_animated/pickaxe"},{"predicate":{"custom_model_data":10006},"model":"item/netherite_pickaxe"}]}