{
  "parent": "minecraft:item/handheld",
  "textures": {
    "layer0": "minecraft:item/netherite_axe"
  },
  "overrides": [
    {
      "predicate": {
        "custom_model_data": 10003
      },
      "model": "elitecreatures:christmas_holiday_2023/axe"
    },
    {
      "predicate": {
        "custom_model_data": 10004
      },
      "model": "elitecreatures:christmas_holiday_2023/battle_axe"
    },
    {
      "predicate": {
        "custom_model_data": 10005
      },
      "model": "item/netherite_axe"
    }
  ]
}