{
  "parent": "minecraft:item/generated",
  "textures": {
    "layer0": "minecraft:item/paper"
  },
  "overrides": [
    {
      "predicate": {
        "custom_model_data": 5000
      },
      "model": "lunar_studios:enderkariz/block_wars/r2d2_cosmetic"
    },
    {
      "predicate": {
        "custom_model_data": 5001
      },
      "model": "lunar_studios:enderkariz/block_wars/darth/darth_mask"
    },
    {
      "predicate": {
        "custom_model_data": 5003
      },
      "model": "lunar_studios:enderkariz/block_wars/darth/darth_cape"
    },
    {
      "predicate": {
        "custom_model_data": 10007
      },
      "model": "_iainternal:ia_auto_gen/icon_left_blue"
    },
    {
      "predicate": {
        "custom_model_data": 10008
      },
      "model": "_iainternal:ia_auto_gen/icon_right_blue"
    },
    {
      "predicate": {
        "custom_model_data": 10009
      },
      "model": "_iainternal:ia_auto_gen/icon_search"
    },
    {
      "predicate": {
        "custom_model_data": 10010
      },
      "model": "_iainternal:ia_auto_gen/icon_cancel"
    },
    {
      "predicate": {
        "custom_model_data": 10011
      },
      "model": "_iainternal:ia_auto_gen/icon_arrow_chest"
    },
    {
      "predicate": {
        "custom_model_data": 10012
      },
      "model": "_iainternal:ia_auto_gen/icon_back_orange"
    },
    {
      "predicate": {
        "custom_model_data": 10013
      },
      "model": "_iainternal:ia_auto_gen/icon_next_orange"
    },
    {
      "predicate": {
        "custom_model_data": 10121
      },
      "model": "winterset:key"
    },
    {
      "predicate": {
        "custom_model_data": 10122
      },
      "model": "winterset:backpack"
    },
    {
      "predicate": {
        "custom_model_data": 10123
      },
      "model": "winterset:wings"
    },
    {
      "predicate": {
        "custom_model_data": 10124
      },
      "model": "winterset:helmet"
    },
    {
      "predicate": {
        "custom_model_data": 10125
      },
      "model": "merry_christmasset:key"
    },
    {
      "predicate": {
        "custom_model_data": 10126
      },
      "model": "merry_christmasset:backpack"
    },
    {
      "predicate": {
        "custom_model_data": 10127
      },
      "model": "merry_christmasset:wings"
    },
    {
      "predicate": {
        "custom_model_data": 10128
      },
      "model": "merry_christmasset:helmet"
    },
    {
      "predicate": {
        "custom_model_data": 10133
      },
      "model": "elitecreatures:christmas_holiday_2023/chest"
    },
    {
      "predicate": {
        "custom_model_data": 10134
      },
      "model": "thanksgiving:turkey_hat"
    },
    {
      "predicate": {
        "custom_model_data": 10135
      },
      "model": "item/paper"
    }
  ]
}