{
  "parent": "item/generated",
  "textures": {
    "layer0": "item/potion_overlay",
    "layer1": "item/potion"
  },
  "overrides": [
    {
      "predicate": {
        "custom_model_data": 6830000
      },
      "model": "winterset:helmet"
    },
    {
      "predicate": {
        "custom_model_data": 6830001
      },
      "model": "winterset:backpack_cosmetics"
    },
    {
      "predicate": {
        "custom_model_data": 6830002
      },
      "model": "winterset:backpack_cosmetics_self"
    },
    {
      "predicate": {
        "custom_model_data": 6830003
      },
      "model": "winterset:backpack_cosmetics_self_2"
    },
    {
      "predicate": {
        "custom_model_data": 6830004
      },
      "model": "winterset:wings_cosmetics"
    },
    {
      "predicate": {
        "custom_model_data": 6830005
      },
      "model": "winterset:wings_cosmetics_self"
    },
    {
      "predicate": {
        "custom_model_data": 6830006
      },
      "model": "winterset:wings_cosmetics_self_2"
    },
    {
      "predicate": {
        "custom_model_data": 7630000
      },
      "model": "merry_christmasset:helmet"
    },
    {
      "predicate": {
        "custom_model_data": 7630001
      },
      "model": "merry_christmasset:backpack_cosmetics"
    },
    {
      "predicate": {
        "custom_model_data": 7630002
      },
      "model": "merry_christmasset:backpack_cosmetics_self"
    },
    {
      "predicate": {
        "custom_model_data": 7630003
      },
      "model": "merry_christmasset:backpack_cosmetics_self_2"
    },
    {
      "predicate": {
        "custom_model_data": 7630004
      },
      "model": "merry_christmasset:wings_cosmetics"
    },
    {
      "predicate": {
        "custom_model_data": 7630005
      },
      "model": "merry_christmasset:wings_cosmetics_self"
    },
    {
      "predicate": {
        "custom_model_data": 7630006
      },
      "model": "merry_christmasset:wings_cosmetics_self_2"
    },
    {
      "predicate": {
        "custom_model_data": 7630007
      },
      "model": "merry_christmasset:backpack_cosmetics_normal_2"
    },
    {
      "predicate": {
        "custom_model_data": 7630008
      },
      "model": "merry_christmasset:wings_cosmetics_normal_2"
    },
    {
      "predicate": {
        "custom_model_data": 7630009
      },
      "model": "item/potion"
    }
  ]
}