{
  "parent": "builtin/entity",
  "gui_light": "front",
  "textures": {
    "particle": "block/dark_oak_planks"
  },
  "display": {
    "thirdperson_righthand": {
      "rotation": [
        0,
        90,
        0
      ],
      "translation": [
        10,
        6,
        -4
      ],
      "scale": [
        1,
        1,
        1
      ]
    },
    "thirdperson_lefthand": {
      "rotation": [
        0,
        90,
        0
      ],
      "translation": [
        10,
        6,
        12
      ],
      "scale": [
        1,
        1,
        1
      ]
    },
    "firstperson_righthand": {
      "rotation": [
        0,
        180,
        5
      ],
      "translation": [
        -10,
        2,
        -10
      ],
      "scale": [
        1.25,
        1.25,
        1.25
      ]
    },
    "firstperson_lefthand": {
      "rotation": [
        0,
        180,
        5
      ],
      "translation": [
        10,
        0,
        -10
      ],
      "scale": [
        1.25,
        1.25,
        1.25
      ]
    },
    "gui": {
      "rotation": [
        15,
        -25,
        -5
      ],
      "translation": [
        2,
        3,
        0
      ],
      "scale": [
        0.65,
        0.65,
        0.65
      ]
    },
    "fixed": {
      "rotation": [
        0,
        180,
        0
      ],
      "translation": [
        -2,
        4,
        -5
      ],
      "scale": [
        0.5,
        0.5,
        0.5
      ]
    },
    "ground": {
      "rotation": [
        0,
        0,
        0
      ],
      "translation": [
        4,
        4,
        2
      ],
      "scale": [
        0.25,
        0.25,
        0.25
      ]
    }
  },
  "overrides": [
    {
      "predicate": {
        "blocking": 1
      },
      "model": "item/shield_blocking"
    },
    {
      "predicate": {
        "custom_model_data": 10015
      },
      "model": "halloween:skull_shield"
    },
    {
      "predicate": {
        "blocking": 1,
        "custom_model_data": 10015
      },
      "model": "halloween:skull_shield_blocking"
    },
    {
      "predicate": {
        "custom_model_data": 10019
      },
      "model": "corn_items:corn_shield"
    },
    {
      "predicate": {
        "blocking": 1,
        "custom_model_data": 10019
      },
      "model": "corn_items:corn_shield_blocking"
    },
    {
      "predicate": {
        "custom_model_data": 10020
      },
      "model": "winterset:shield"
    },
    {
      "predicate": {
        "blocking": 1,
        "custom_model_data": 10020
      },
      "model": "winterset:shield_blocking"
    },
    {
      "predicate": {
        "custom_model_data": 10021
      },
      "model": "merry_christmasset:shield"
    },
    {
      "predicate": {
        "blocking": 1,
        "custom_model_data": 10021
      },
      "model": "merry_christmasset:shield_blocking"
    },
    {
      "predicate": {
        "custom_model_data": 10023
      },
      "model": "elitecreatures:christmas_holiday_2023/shield"
    },
    {
      "predicate": {
        "blocking": 1,
        "custom_model_data": 10023
      },
      "model": "elitecreatures:christmas_holiday_2023/shield_blocking"
    },
    {
      "predicate": {
        "custom_model_data": 10024
      },
      "model": "halloween:headstone_shield"
    },
    {
      "predicate": {
        "blocking": 1,
        "custom_model_data": 10024
      },
      "model": "halloween:headstone_shield_blocking"
    },
    {
      "predicate": {
        "custom_model_data": 10025
      },
      "model": "elitecreatures:newyear_2024_animated/shield"
    },
    {
      "predicate": {
        "blocking": 1,
        "custom_model_data": 10025
      },
      "model": "elitecreatures:newyear_2024_animated/shield_blocking"
    },
    {
      "predicate": {
        "custom_model_data": 10026
      },
      "model": "item/shield"
    }
  ]
}