{
  "credit": "Made by Wulfy",
  "texture_size": [
    32,
    32
  ],
  "textures": {
    "0": "thanksgiving2023:turkey_hat",
    "particle": "thanksgiving2023:turkey_hat"
  },
  "elements": [
    {
      "from": [
        4,
        -2,
        4
      ],
      "to": [
        12,
        8,
        12
      ],
      "faces": {
        "north": {
          "uv": [
            0,
            0,
            4,
            5
          ],
          "texture": "#0"
        },
        "east": {
          "uv": [
            4,
            0,
            8,
            5
          ],
          "texture": "#0"
        },
        "south": {
          "uv": [
            0,
            5,
            4,
            10
          ],
          "texture": "#0"
        },
        "west": {
          "uv": [
            4,
            5,
            8,
            10
          ],
          "texture": "#0"
        },
        "up": {
          "uv": [
            12,
            4,
            8,
            0
          ],
          "texture": "#0"
        },
        "down": {
          "uv": [
            12,
            4,
            8,
            8
          ],
          "texture": "#0"
        }
      }
    },
    {
      "from": [
        11.975,
        -1.975,
        4
      ],
      "to": [
        4.025,
        7.975,
        11.95
      ],
      "rotation": {
        "angle": 0,
        "axis": "y",
        "origin": [
          16,
          0,
          0
        ]
      },
      "faces": {
        "north": {
          "uv": [
            4,
            0,
            0,
            5
          ],
          "texture": "#0"
        },
        "east": {
          "uv": [
            8,
            5,
            4,
            10
          ],
          "texture": "#0"
        },
        "south": {
          "uv": [
            4,
            5,
            0,
            10
          ],
          "texture": "#0"
        },
        "west": {
          "uv": [
            8,
            0,
            4,
            5
          ],
          "texture": "#0"
        },
        "up": {
          "uv": [
            8,
            4,
            12,
            0
          ],
          "texture": "#0"
        },
        "down": {
          "uv": [
            8,
            4,
            12,
            8
          ],
          "texture": "#0"
        }
      }
    },
    {
      "from": [
        5,
        2,
        1
      ],
      "to": [
        11,
        4,
        4
      ],
      "faces": {
        "north": {
          "uv": [
            0,
            10,
            3,
            11
          ],
          "texture": "#0"
        },
        "east": {
          "uv": [
            12,
            7,
            13.5,
            8
          ],
          "texture": "#0"
        },
        "south": {
          "uv": [
            3,
            10,
            6,
            11
          ],
          "texture": "#0"
        },
        "west": {
          "uv": [
            7.5,
            12.5,
            9,
            13.5
          ],
          "texture": "#0"
        },
        "up": {
          "uv": [
            11,
            9.5,
            8,
            8
          ],
          "texture": "#0"
        },
        "down": {
          "uv": [
            11,
            9.5,
            8,
            11
          ],
          "texture": "#0"
        }
      }
    },
    {
      "from": [
        4,
        4,
        2
      ],
      "to": [
        9,
        5,
        4
      ],
      "faces": {
        "north": {
          "uv": [
            12.5,
            8,
            15,
            8.5
          ],
          "texture": "#0"
        },
        "east": {
          "uv": [
            5,
            11,
            6,
            11.5
          ],
          "texture": "#0"
        },
        "south": {
          "uv": [
            12.5,
            8.5,
            15,
            9
          ],
          "texture": "#0"
        },
        "west": {
          "uv": [
            10,
            12.5,
            11,
            13
          ],
          "texture": "#0"
        },
        "up": {
          "uv": [
            2.5,
            12,
            0,
            11
          ],
          "texture": "#0"
        },
        "down": {
          "uv": [
            5,
            11,
            2.5,
            12
          ],
          "texture": "#0"
        }
      }
    },
    {
      "from": [
        4,
        0,
        2
      ],
      "to": [
        6,
        4,
        4
      ],
      "faces": {
        "north": {
          "uv": [
            6.5,
            11.5,
            7.5,
            13.5
          ],
          "texture": "#0"
        },
        "east": {
          "uv": [
            12,
            3,
            13,
            5
          ],
          "texture": "#0"
        },
        "south": {
          "uv": [
            12,
            5,
            13,
            7
          ],
          "texture": "#0"
        },
        "west": {
          "uv": [
            12,
            11,
            13,
            13
          ],
          "texture": "#0"
        },
        "up": {
          "uv": [
            10,
            13.5,
            9,
            12.5
          ],
          "texture": "#0"
        },
        "down": {
          "uv": [
            13.5,
            9,
            12.5,
            10
          ],
          "texture": "#0"
        }
      }
    },
    {
      "from": [
        10,
        4,
        3
      ],
      "to": [
        13,
        7,
        6
      ],
      "faces": {
        "north": {
          "uv": [
            6,
            10,
            7.5,
            11.5
          ],
          "texture": "#0"
        },
        "east": {
          "uv": [
            7.5,
            11,
            9,
            12.5
          ],
          "texture": "#0"
        },
        "south": {
          "uv": [
            11,
            8,
            12.5,
            9.5
          ],
          "texture": "#0"
        },
        "west": {
          "uv": [
            9,
            11,
            10.5,
            12.5
          ],
          "texture": "#0"
        },
        "up": {
          "uv": [
            12.5,
            11,
            11,
            9.5
          ],
          "texture": "#0"
        },
        "down": {
          "uv": [
            12,
            11,
            10.5,
            12.5
          ],
          "texture": "#0"
        }
      }
    },
    {
      "from": [
        3,
        4,
        3
      ],
      "to": [
        6,
        7,
        6
      ],
      "faces": {
        "north": {
          "uv": [
            5,
            11.5,
            6.5,
            13
          ],
          "texture": "#0"
        },
        "east": {
          "uv": [
            0,
            12,
            1.5,
            13.5
          ],
          "texture": "#0"
        },
        "south": {
          "uv": [
            12,
            0,
            13.5,
            1.5
          ],
          "texture": "#0"
        },
        "west": {
          "uv": [
            1.5,
            12,
            3,
            13.5
          ],
          "texture": "#0"
        },
        "up": {
          "uv": [
            13.5,
            3,
            12,
            1.5
          ],
          "texture": "#0"
        },
        "down": {
          "uv": [
            4.5,
            12,
            3,
            13.5
          ],
          "texture": "#0"
        }
      }
    }
  ],
  "gui_light": "front",
  "display": {
    "thirdperson_righthand": {
      "rotation": [
        75,
        0,
        0
      ],
      "translation": [
        0,
        2.5,
        2.5
      ],
      "scale": [
        0.5,
        0.5,
        0.5
      ]
    },
    "thirdperson_lefthand": {
      "rotation": [
        75,
        0,
        0
      ],
      "translation": [
        0,
        2.5,
        2.5
      ],
      "scale": [
        0.5,
        0.5,
        0.5
      ]
    },
    "firstperson_righthand": {
      "rotation": [
        0,
        115,
        0
      ],
      "translation": [
        0,
        4,
        0
      ],
      "scale": [
        0.5,
        0.5,
        0.5
      ]
    },
    "firstperson_lefthand": {
      "rotation": [
        0,
        115,
        0
      ],
      "translation": [
        0,
        4,
        0
      ],
      "scale": [
        0.5,
        0.5,
        0.5
      ]
    },
    "ground": {
      "translation": [
        0,
        1,
        0
      ],
      "scale": [
        0.5,
        0.5,
        0.5
      ]
    },
    "gui": {
      "rotation": [
        15,
        -145,
        0
      ],
      "translation": [
        -0.5,
        5.5,
        0
      ],
      "scale": [
        1.1,
        1.1,
        1.1
      ]
    },
    "head": {
      "translation": [
        0,
        14,
        -0.75
      ],
      "scale": [
        2.15,
        2.15,
        2.15
      ]
    },
    "fixed": {
      "translation": [
        0,
        9,
        -2
      ],
      "scale": [
        1.8,
        1.8,
        1.8
      ]
    }
  }
}