{"parent":"item/generated","textures":{"layer0":"item/crossbow_standby"},"display":{"thirdperson_righthand":{"rotation":[-90,0,-60],"translation":[2,0.1,-3],"scale":[0.9,0.9,0.9]},"thirdperson_lefthand":{"rotation":[-90,0,30],"translation":[2,0.1,-3],"scale":[0.9,0.9,0.9]},"firstperson_righthand":{"rotation":[-90,0,-55],"translation":[1.13,3.2,1.13],"scale":[0.68,0.68,0.68]},"firstperson_lefthand":{"rotation":[-90,0,35],"translation":[1.13,3.2,1.13],"scale":[0.68,0.68,0.68]}},"overrides":[{"predicate":{"pulling":1},"model":"item/crossbow_pulling_0"},{"predicate":{"pulling":1,"pull":0.58},"model":"item/crossbow_pulling_1"},{"predicate":{"pulling":1,"pull":1.0},"model":"item/crossbow_pulling_2"},{"predicate":{"charged":1},"model":"item/crossbow_arrow"},{"predicate":{"charged":1,"firework":1},"model":"item/crossbow_firework"},{"predicate":{"custom_model_data":10000},"model":"saintpatricksset:crossbow"},{"predicate":{"pulling":1,"custom_model_data":10000},"model":"saintpatricksset:crossbow_0"},{"predicate":{"pulling":1,"pull":0.58,"custom_model_data":10000},"model":"saintpatricksset:crossbow_1"},{"predicate":{"pulling":1,"pull":1.0,"custom_model_data":10000},"model":"saintpatricksset:crossbow_2"},{"predicate":{"charged":1,"custom_model_data":10000},"model":"saintpatricksset:crossbow_charged"},{"predicate":{"charged":1,"firework":1,"custom_model_data":10000},"model":"saintpatricksset:crossbow_firework"},{"predicate":{"custom_model_data":10001},"model":"easterset:crossbow"},{"predicate":{"pulling":1,"custom_model_data":10001},"model":"easterset:crossbow_0"},{"predicate":{"pulling":1,"pull":0.58,"custom_model_data":10001},"model":"easterset:crossbow_1"},{"predicate":{"pulling":1,"pull":1.0,"custom_model_data":10001},"model":"easterset:crossbow_2"},{"predicate":{"charged":1,"custom_model_data":10001},"model":"easterset:crossbow_charged"},{"predicate":{"charged":1,"firework":1,"custom_model_data":10001},"model":"easterset:crossbow_firework"},{"predicate":{"custom_model_data":10002},"model":"dragonsoulset:crossbow"},{"predicate":{"pulling":1,"custom_model_data":10002},"model":"dragonsoulset:crossbow_0"},{"predicate":{"pulling":1,"pull":0.58,"custom_model_data":10002},"model":"dragonsoulset:crossbow_1"},{"predicate":{"pulling":1,"pull":1.0,"custom_model_data":10002},"model":"dragonsoulset:crossbow_2"},{"predicate":{"charged":1,"custom_model_data":10002},"model":"dragonsoulset:crossbow_charged"},{"predicate":{"charged":1,"firework":1,"custom_model_data":10002},"model":"dragonsoulset:crossbow_firework"},{"predicate":{"custom_model_data":10003},"model":"littledragonset:crossbow"},{"predicate":{"pulling":1,"custom_model_data":10003},"model":"littledragonset:crossbow_0"},{"predicate":{"pulling":1,"pull":0.58,"custom_model_data":10003},"model":"littledragonset:crossbow_1"},{"predicate":{"pulling":1,"pull":1.0,"custom_model_data":10003},"model":"littledragonset:crossbow_2"},{"predicate":{"charged":1,"custom_model_data":10003},"model":"littledragonset:crossbow_charged"},{"predicate":{"charged":1,"firework":1,"custom_model_data":10003},"model":"littledragonset:crossbow_firework"},{"predicate":{"custom_model_data":10004},"model":"nexusset:crossbow"},{"predicate":{"pulling":1,"custom_model_data":10004},"model":"nexusset:crossbow_0"},{"predicate":{"pulling":1,"pull":0.58,"custom_model_data":10004},"model":"nexusset:crossbow_1"},{"predicate":{"pulling":1,"pull":1.0,"custom_model_data":10004},"model":"nexusset:crossbow_2"},{"predicate":{"charged":1,"custom_model_data":10004},"model":"nexusset:crossbow_charged"},{"predicate":{"charged":1,"firework":1,"custom_model_data":10004},"model":"nexusset:crossbow_firework"},{"predicate":{"custom_model_data":10005},"model":"littlepandaset:crossbow"},{"predicate":{"pulling":1,"custom_model_data":10005},"model":"littlepandaset:crossbow_0"},{"predicate":{"pulling":1,"pull":0.58,"custom_model_data":10005},"model":"littlepandaset:crossbow_1"},{"predicate":{"pulling":1,"pull":1.0,"custom_model_data":10005},"model":"littlepandaset:crossbow_2"},{"predicate":{"charged":1,"custom_model_data":10005},"model":"littlepandaset:crossbow_charged"},{"predicate":{"charged":1,"firework":1,"custom_model_data":10005},"model":"littlepandaset:crossbow_firework"},{"predicate":{"custom_model_data":10006},"model":"fiendskullset:crossbow"},{"predicate":{"pulling":1,"custom_model_data":10006},"model":"fiendskullset:crossbow_0"},{"predicate":{"pulling":1,"pull":0.58,"custom_model_data":10006},"model":"fiendskullset:crossbow_1"},{"predicate":{"pulling":1,"pull":1.0,"custom_model_data":10006},"model":"fiendskullset:crossbow_2"},{"predicate":{"charged":1,"custom_model_data":10006},"model":"fiendskullset:crossbow_charged"},{"predicate":{"charged":1,"firework":1,"custom_model_data":10006},"model":"fiendskullset:crossbow_firework"},{"predicate":{"custom_model_data":10007},"model":"ufoset:crossbow"},{"predicate":{"pulling":1,"custom_model_data":10007},"model":"ufoset:crossbow_0"},{"predicate":{"pulling":1,"pull":0.58,"custom_model_data":10007},"model":"ufoset:crossbow_1"},{"predicate":{"pulling":1,"pull":1.0,"custom_model_data":10007},"model":"ufoset:crossbow_2"},{"predicate":{"charged":1,"custom_model_data":10007},"model":"ufoset:crossbow_charged"},{"predicate":{"charged":1,"firework":1,"custom_model_data":10007},"model":"ufoset:crossbow_firework"},{"predicate":{"custom_model_data":10008},"model":"winterset:crossbow"},{"predicate":{"pulling":1,"custom_model_data":10008},"model":"winterset:crossbow_0"},{"predicate":{"pulling":1,"pull":0.58,"custom_model_data":10008},"model":"winterset:crossbow_1"},{"predicate":{"pulling":1,"pull":1.0,"custom_model_data":10008},"model":"winterset:crossbow_2"},{"predicate":{"charged":1,"custom_model_data":10008},"model":"winterset:crossbow_charged"},{"predicate":{"charged":1,"firework":1,"custom_model_data":10008},"model":"winterset:crossbow_firework"},{"predicate":{"custom_model_data":10009},"model":"merry_christmasset:crossbow"},{"predicate":{"pulling":1,"custom_model_data":10009},"model":"merry_christmasset:crossbow_0"},{"predicate":{"pulling":1,"pull":0.58,"custom_model_data":10009},"model":"merry_christmasset:crossbow_1"},{"predicate":{"pulling":1,"pull":1.0,"custom_model_data":10009},"model":"merry_christmasset:crossbow_2"},{"predicate":{"charged":1,"custom_model_data":10009},"model":"merry_christmasset:crossbow_charged"},{"predicate":{"charged":1,"firework":1,"custom_model_data":10009},"model":"merry_christmasset:crossbow_firework"},{"predicate":{"custom_model_data":10010},"model":"elitecreatures:newyear_2024_animated/crossbow"},{"predicate":{"pulling":1,"custom_model_data":10010},"model":"elitecreatures:newyear_2024_animated/crossbow_0"},{"predicate":{"pulling":1,"pull":0.58,"custom_model_data":10010},"model":"elitecreatures:newyear_2024_animated/crossbow_1"},{"predicate":{"pulling":1,"pull":1.0,"custom_model_data":10010},"model":"elitecreatures:newyear_2024_animated/crossbow_2"},{"predicate":{"charged":1,"custom_model_data":10010},"model":"elitecreatures:newyear_2024_animated/crossbow_charged"},{"predicate":{"charged":1,"firework":1,"custom_model_data":10010},"model":"elitecreatures:newyear_2024_animated/crossbow_firework"},{"predicate":{"custom_model_data":10011},"model":"item/crossbow"}]}