{
  "parent": "minecraft:item/handheld",
  "textures": {
    "layer0": "minecraft:item/diamond_sword"
  },
  "overrides": [
    {
      "predicate": {
        "custom_model_data": 10000
      },
      "model": "lunar_studios:enderkariz/loki_set/loki_scepter"
    },
    {
      "predicate": {
        "custom_model_data": 10001
      },
      "model": "lunar_studios:enderkariz/angel_set/angel_set_dagger"
    },
    {
      "predicate": {
        "custom_model_data": 10004
      },
      "model": "scifisword_pack:ia_auto_gen/scifisword_azure"
    },
    {
      "predicate": {
        "custom_model_data": 10005
      },
      "model": "scifisword_pack:ia_auto_gen/scifisword_blue"
    },
    {
      "predicate": {
        "custom_model_data": 10006
      },
      "model": "scifisword_pack:ia_auto_gen/scifisword_fire"
    },
    {
      "predicate": {
        "custom_model_data": 10007
      },
      "model": "scifisword_pack:ia_auto_gen/scifisword_ice"
    },
    {
      "predicate": {
        "custom_model_data": 10008
      },
      "model": "scifisword_pack:ia_auto_gen/scifisword_orange"
    },
    {
      "predicate": {
        "custom_model_data": 10009
      },
      "model": "scifisword_pack:ia_auto_gen/scifisword_pink"
    },
    {
      "predicate": {
        "custom_model_data": 10010
      },
      "model": "scifisword_pack:ia_auto_gen/scifisword_red"
    },
    {
      "predicate": {
        "custom_model_data": 10011
      },
      "model": "scifisword_pack:ia_auto_gen/scifisword_ruby"
    },
    {
      "predicate": {
        "custom_model_data": 10012
      },
      "model": "scifisword_pack:ia_auto_gen/scifisword_yellow"
    },
    {
      "predicate": {
        "custom_model_data": 10013
      },
      "model": "item/diamond_sword"
    }
  ]
}