{
  "parent": "item/handheld_rod",
  "textures": {
    "layer0": "item/fishing_rod"
  },
  "overrides": [
    {
      "predicate": {
        "cast": 1
      },
      "model": "item/fishing_rod_cast"
    },
    {
      "predicate": {
        "custom_model_data": 10000
      },
      "model": "saintpatricksset:fishing_rod"
    },
    {
      "predicate": {
        "cast": 1,
        "custom_model_data": 10000
      },
      "model": "saintpatricksset:fishing_rod_cast"
    },
    {
      "predicate": {
        "custom_model_data": 10002
      },
      "model": "easterset:fishing_rod"
    },
    {
      "predicate": {
        "cast": 1,
        "custom_model_data": 10002
      },
      "model": "easterset:fishing_rod_cast"
    },
    {
      "predicate": {
        "custom_model_data": 10004
      },
      "model": "dragonsoulset:fishing_rod"
    },
    {
      "predicate": {
        "cast": 1,
        "custom_model_data": 10004
      },
      "model": "dragonsoulset:fishing_rod_cast"
    },
    {
      "predicate": {
        "custom_model_data": 10006
      },
      "model": "littledragonset:fishing_rod"
    },
    {
      "predicate": {
        "cast": 1,
        "custom_model_data": 10006
      },
      "model": "littledragonset:fishing_rod_cast"
    },
    {
      "predicate": {
        "custom_model_data": 10009
      },
      "model": "nexusset:fishing_rod"
    },
    {
      "predicate": {
        "cast": 1,
        "custom_model_data": 10009
      },
      "model": "nexusset:fishing_rod_cast"
    },
    {
      "predicate": {
        "custom_model_data": 10010
      },
      "model": "bone_set:ia_auto_gen/bone_fishing_rod"
    },
    {
      "predicate": {
        "cast": 1,
        "custom_model_data": 10010
      },
      "model": "bone_set:ia_auto_gen/bone_fishing_rod_cast"
    },
    {
      "predicate": {
        "custom_model_data": 10011
      },
      "model": "littlepandaset:fishing_rod"
    },
    {
      "predicate": {
        "cast": 1,
        "custom_model_data": 10011
      },
      "model": "littlepandaset:fishing_rod_cast"
    },
    {
      "predicate": {
        "custom_model_data": 10012
      },
      "model": "fiendskullset:fishing_rod"
    },
    {
      "predicate": {
        "cast": 1,
        "custom_model_data": 10012
      },
      "model": "fiendskullset:fishing_rod_cast"
    },
    {
      "predicate": {
        "custom_model_data": 10015
      },
      "model": "ufoset:fishing_rod"
    },
    {
      "predicate": {
        "cast": 1,
        "custom_model_data": 10015
      },
      "model": "ufoset:fishing_rod_cast"
    },
    {
      "predicate": {
        "custom_model_data": 10017
      },
      "model": "corn_items:corn_fishing_rod"
    },
    {
      "predicate": {
        "cast": 1,
        "custom_model_data": 10017
      },
      "model": "corn_items:corn_fishing_rod_cast"
    },
    {
      "predicate": {
        "custom_model_data": 10018
      },
      "model": "winterset:fishing_rod"
    },
    {
      "predicate": {
        "cast": 1,
        "custom_model_data": 10018
      },
      "model": "winterset:fishing_rod_cast"
    },
    {
      "predicate": {
        "custom_model_data": 10019
      },
      "model": "merry_christmasset:fishing_rod"
    },
    {
      "predicate": {
        "cast": 1,
        "custom_model_data": 10019
      },
      "model": "merry_christmasset:fishing_rod_cast"
    },
    {
      "predicate": {
        "custom_model_data": 10020
      },
      "model": "elitecreatures:christmas_holiday_2023/fishing_rod"
    },
    {
      "predicate": {
        "cast": 1,
        "custom_model_data": 10020
      },
      "model": "elitecreatures:christmas_holiday_2023/fishing_rod_cast"
    },
    {
      "predicate": {
        "custom_model_data": 10021
      },
      "model": "halloween:spider_web_fishing_rod"
    },
    {
      "predicate": {
        "cast": 1,
        "custom_model_data": 10021
      },
      "model": "halloween:spider_web_fishing_rod_cast"
    },
    {
      "predicate": {
        "custom_model_data": 10022
      },
      "model": "item/fishing_rod"
    }
  ]
}