{
  "parent": "minecraft:item/handheld",
  "textures": {
    "layer0": "minecraft:item/iron_pickaxe"
  },
  "overrides": [
    {
      "predicate": {
        "custom_model_data": 10000
      },
      "model": "saintpatricksset:pickaxe"
    },
    {
      "predicate": {
        "custom_model_data": 10001
      },
      "model": "elitecreatures:easterbunny_animated_weapon_set/pickaxe"
    },
    {
      "predicate": {
        "custom_model_data": 10002
      },
      "model": "easterset:pickaxe"
    },
    {
      "predicate": {
        "custom_model_data": 10003
      },
      "model": "dragonsoulset:pickaxe"
    },
    {
      "predicate": {
        "custom_model_data": 10004
      },
      "model": "elitecreatures:darkflame_animated_weapon_set/pickaxe"
    },
    {
      "predicate": {
        "custom_model_data": 10005
      },
      "model": "littledragonset:pickaxe"
    },
    {
      "predicate": {
        "custom_model_data": 10006
      },
      "model": "elitecreatures:skeleton_overlord_animated_weapon_set/pickaxe"
    },
    {
      "predicate": {
        "custom_model_data": 10007
      },
      "model": "elitecreatures:bahamut_animated_weapon_set/pickaxe"
    },
    {
      "predicate": {
        "custom_model_data": 10008
      },
      "model": "nexusset:pickaxe"
    },
    {
      "predicate": {
        "custom_model_data": 10009
      },
      "model": "littlepandaset:pickaxe"
    },
    {
      "predicate": {
        "custom_model_data": 10010
      },
      "model": "fiendskullset:pickaxe"
    },
    {
      "predicate": {
        "custom_model_data": 10011
      },
      "model": "elitecreatures:scarecrow_animated_weapon_set/pickaxe"
    },
    {
      "predicate": {
        "custom_model_data": 10012
      },
      "model": "elitecreatures:headlesshorseman_animated_weapon_set/pickaxe"
    },
    {
      "predicate": {
        "custom_model_data": 10013
      },
      "model": "ufoset:pickaxe"
    },
    {
      "predicate": {
        "custom_model_data": 10014
      },
      "model": "item/iron_pickaxe"
    }
  ]
}