{"parent":"minecraft:item/handheld","textures":{"layer0":"minecraft:item/iron_pickaxe"},"overrides":[{"predicate":{"custom_model_data":10000},"model":"saintpatricksset:pickaxe"},{"predicate":{"custom_model_data":10002},"model":"easterset:pickaxe"},{"predicate":{"custom_model_data":10003},"model":"dragonsoulset:pickaxe"},{"predicate":{"custom_model_data":10005},"model":"littledragonset:pickaxe"},{"predicate":{"custom_model_data":10008},"model":"nexusset:pickaxe"},{"predicate":{"custom_model_data":10009},"model":"littlepandaset:pickaxe"},{"predicate":{"custom_model_data":10010},"model":"fiendskullset:pickaxe"},{"predicate":{"custom_model_data":10013},"model":"ufoset:pickaxe"},{"predicate":{"custom_model_data":10014},"model":"winterset:pickaxe"},{"predicate":{"custom_model_data":10015},"model":"merry_christmasset:pickaxe"},{"predicate":{"custom_model_data":10016},"model":"item/iron_pickaxe"}]}