{"parent":"minecraft:item/handheld","textures":{"layer0":"minecraft:item/iron_sword"},"overrides":[{"predicate":{"custom_model_data":10000},"model":"saintpatricksset:greatsword"},{"predicate":{"custom_model_data":10001},"model":"saintpatricksset:hammer"},{"predicate":{"custom_model_data":10002},"model":"saintpatricksset:scythe"},{"predicate":{"custom_model_data":10003},"model":"saintpatricksset:spear"},{"predicate":{"custom_model_data":10004},"model":"saintpatricksset:staff"},{"predicate":{"custom_model_data":10005},"model":"saintpatricksset:sword"},{"predicate":{"custom_model_data":10006},"model":"saintpatricksset:trident"},{"predicate":{"custom_model_data":10013},"model":"easterset:greatsword"},{"predicate":{"custom_model_data":10014},"model":"easterset:hammer"},{"predicate":{"custom_model_data":10015},"model":"easterset:scythe"},{"predicate":{"custom_model_data":10016},"model":"easterset:spear"},{"predicate":{"custom_model_data":10017},"model":"easterset:staff"},{"predicate":{"custom_model_data":10018},"model":"easterset:sword"},{"predicate":{"custom_model_data":10019},"model":"easterset:trident"},{"predicate":{"custom_model_data":10020},"model":"dragonsoulset:greatsword"},{"predicate":{"custom_model_data":10021},"model":"dragonsoulset:hammer"},{"predicate":{"custom_model_data":10022},"model":"dragonsoulset:scythe"},{"predicate":{"custom_model_data":10023},"model":"dragonsoulset:spear"},{"predicate":{"custom_model_data":10024},"model":"dragonsoulset:staff"},{"predicate":{"custom_model_data":10025},"model":"dragonsoulset:sword"},{"predicate":{"custom_model_data":10026},"model":"dragonsoulset:trident"},{"predicate":{"custom_model_data":10030},"model":"littledragonset:greatsword"},{"predicate":{"custom_model_data":10031},"model":"littledragonset:hammer"},{"predicate":{"custom_model_data":10032},"model":"littledragonset:scythe"},{"predicate":{"custom_model_data":10033},"model":"littledragonset:spear"},{"predicate":{"custom_model_data":10034},"model":"littledragonset:staff"},{"predicate":{"custom_model_data":10035},"model":"littledragonset:sword"},{"predicate":{"custom_model_data":10036},"model":"littledragonset:trident"},{"predicate":{"custom_model_data":10049},"model":"nexusset:greatsword"},{"predicate":{"custom_model_data":10050},"model":"nexusset:hammer"},{"predicate":{"custom_model_data":10051},"model":"nexusset:scythe"},{"predicate":{"custom_model_data":10052},"model":"nexusset:spear"},{"predicate":{"custom_model_data":10053},"model":"nexusset:staff"},{"predicate":{"custom_model_data":10054},"model":"nexusset:sword"},{"predicate":{"custom_model_data":10055},"model":"nexusset:trident"},{"predicate":{"custom_model_data":10056},"model":"littlepandaset:greatsword"},{"predicate":{"custom_model_data":10057},"model":"littlepandaset:hammer"},{"predicate":{"custom_model_data":10058},"model":"littlepandaset:scythe"},{"predicate":{"custom_model_data":10059},"model":"littlepandaset:spear"},{"predicate":{"custom_model_data":10060},"model":"littlepandaset:staff"},{"predicate":{"custom_model_data":10061},"model":"littlepandaset:sword"},{"predicate":{"custom_model_data":10062},"model":"littlepandaset:trident"},{"predicate":{"custom_model_data":10063},"model":"fiendskullset:knife"},{"predicate":{"custom_model_data":10064},"model":"fiendskullset:hammer"},{"predicate":{"custom_model_data":10065},"model":"fiendskullset:scythe"},{"predicate":{"custom_model_data":10066},"model":"fiendskullset:spear"},{"predicate":{"custom_model_data":10067},"model":"fiendskullset:staff"},{"predicate":{"custom_model_data":10068},"model":"fiendskullset:sword"},{"predicate":{"custom_model_data":10069},"model":"fiendskullset:trident"},{"predicate":{"custom_model_data":10083},"model":"ufoset:greatsword"},{"predicate":{"custom_model_data":10084},"model":"ufoset:hammer"},{"predicate":{"custom_model_data":10085},"model":"ufoset:scythe"},{"predicate":{"custom_model_data":10086},"model":"ufoset:spear"},{"predicate":{"custom_model_data":10087},"model":"ufoset:staff"},{"predicate":{"custom_model_data":10088},"model":"ufoset:sword"},{"predicate":{"custom_model_data":10089},"model":"ufoset:trident"},{"predicate":{"custom_model_data":10090},"model":"winterset:hammer"},{"predicate":{"custom_model_data":10091},"model":"winterset:scythe"},{"predicate":{"custom_model_data":10092},"model":"winterset:spear"},{"predicate":{"custom_model_data":10093},"model":"winterset:staff"},{"predicate":{"custom_model_data":10094},"model":"winterset:sword"},{"predicate":{"custom_model_data":10095},"model":"winterset:trident"},{"predicate":{"custom_model_data":10096},"model":"winterset:greatsword"},{"predicate":{"custom_model_data":10097},"model":"merry_christmasset:hammer"},{"predicate":{"custom_model_data":10098},"model":"merry_christmasset:scythe"},{"predicate":{"custom_model_data":10099},"model":"merry_christmasset:spear"},{"predicate":{"custom_model_data":10100},"model":"merry_christmasset:staff"},{"predicate":{"custom_model_data":10101},"model":"merry_christmasset:sword"},{"predicate":{"custom_model_data":10102},"model":"merry_christmasset:trident"},{"predicate":{"custom_model_data":10103},"model":"merry_christmasset:greatsword"},{"predicate":{"custom_model_data":10104},"model":"item/iron_sword"}]}