{
  "parent": "item/generated",
  "textures": {
    "layer0": "item/leather_helmet",
    "layer1": "item/leather_helmet_overlay"
  },
  "overrides": [
    {
      "predicate": {
        "custom_model_data": 1443
      },
      "model": "custom/armor/santa_helmet"
    },
    {
      "predicate": {
        "custom_model_data": 10000
      },
      "model": "lunar_studios:enderkariz/cupid_set/cupid_helmet"
    },
    {
      "predicate": {
        "custom_model_data": 10001
      },
      "model": "saintpatricksset:ia_auto_gen/saintpatrickhelmet"
    },
    {
      "predicate": {
        "custom_model_data": 10003
      },
      "model": "easterset:ia_auto_gen/easterhelmet"
    },
    {
      "predicate": {
        "custom_model_data": 10005
      },
      "model": "littledragonset:ia_auto_gen/littledragonhelmet"
    },
    {
      "predicate": {
        "custom_model_data": 10008
      },
      "model": "nexusset:ia_auto_gen/nexushelmet"
    },
    {
      "predicate": {
        "custom_model_data": 10009
      },
      "model": "bone_set:ia_auto_gen/bone_helmet"
    },
    {
      "predicate": {
        "custom_model_data": 10010
      },
      "model": "littlepandaset:ia_auto_gen/littlepandahelmet"
    },
    {
      "predicate": {
        "custom_model_data": 10011
      },
      "model": "fiendskullset:ia_auto_gen/fiendskullhelmet"
    },
    {
      "predicate": {
        "custom_model_data": 10014
      },
      "model": "ufoset:ia_auto_gen/ufohelmet"
    },
    {
      "predicate": {
        "custom_model_data": 10015
      },
      "model": "winterset:ia_auto_gen/winterhelmet"
    },
    {
      "predicate": {
        "custom_model_data": 10016
      },
      "model": "merry_christmasset:ia_auto_gen/merry_christmashelmet"
    },
    {
      "predicate": {
        "custom_model_data": 10017
      },
      "model": "item/leather_helmet"
    }
  ]
}