{"parent":"minecraft:item/generated","textures":{"layer0":"minecraft:item/leather_horse_armor"},"overrides":[{"predicate":{"custom_model_data":1},"model":"modelengine:bs_cupid_pet/head"},{"predicate":{"custom_model_data":2},"model":"modelengine:bs_cupid_pet/bs_cupid_pet"},{"predicate":{"custom_model_data":3},"model":"modelengine:bs_cupid_pet/left_leg"},{"predicate":{"custom_model_data":4},"model":"modelengine:bs_cupid_pet/right_leg"},{"predicate":{"custom_model_data":5},"model":"modelengine:bs_cupid_pet/left_arm"},{"predicate":{"custom_model_data":6},"model":"modelengine:bs_cupid_pet/right_arm"},{"predicate":{"custom_model_data":7},"model":"modelengine:bs_cupid_pet/left_wing"},{"predicate":{"custom_model_data":8},"model":"modelengine:bs_cupid_pet/right_wing"},{"predicate":{"custom_model_data":9},"model":"modelengine:bs_heart_pet_pink/bs_heart_pet_pink"},{"predicate":{"custom_model_data":10},"model":"modelengine:bs_heart_pet_pink/left_wing"},{"predicate":{"custom_model_data":11},"model":"modelengine:bs_heart_pet_pink/right_wing"},{"predicate":{"custom_model_data":12},"model":"modelengine:bs_heart_pet_purple/bs_heart_pet_purple"},{"predicate":{"custom_model_data":13},"model":"modelengine:bs_heart_pet_purple/left_wing"},{"predicate":{"custom_model_data":14},"model":"modelengine:bs_heart_pet_purple/right_wing"},{"predicate":{"custom_model_data":15},"model":"modelengine:bs_heart_pet_red/bs_heart_pet_red"},{"predicate":{"custom_model_data":16},"model":"modelengine:bs_heart_pet_red/left_wing"},{"predicate":{"custom_model_data":17},"model":"modelengine:bs_heart_pet_red/right_wing"},{"predicate":{"custom_model_data":10000},"model":"must_have_props:bottle"},{"predicate":{"custom_model_data":10001},"model":"must_have_props:bottles"},{"predicate":{"custom_model_data":10002},"model":"must_have_props:closed_book"},{"predicate":{"custom_model_data":10003},"model":"must_have_props:open_book"},{"predicate":{"custom_model_data":10004},"model":"must_have_props:spilled_bottle"},{"predicate":{"custom_model_data":10005},"model":"must_have_props:vase_1"},{"predicate":{"custom_model_data":10006},"model":"must_have_props:vase_2"},{"predicate":{"custom_model_data":10007},"model":"item/leather_horse_armor"}]}