{
  "parent": "item/generated",
  "textures": {
    "layer0": "item/leather_boots",
    "layer1": "item/leather_boots_overlay"
  },
  "overrides": [
    {
      "predicate": {
        "custom_model_data": 1443
      },
      "model": "custom/armor/santa_boots"
    },
    {
      "predicate": {
        "custom_model_data": 4211
      },
      "model": "lunar_studios:ia_auto_gen/ares_boots"
    },
    {
      "predicate": {
        "custom_model_data": 5000
      },
      "model": "lunar_studios:ia_auto_gen/darth_boots"
    },
    {
      "predicate": {
        "custom_model_data": 5001
      },
      "model": "lunar_studios:ia_auto_gen/obi_boots"
    },
    {
      "predicate": {
        "custom_model_data": 10000
      },
      "model": "lunar_studios:enderkariz/cupid_set/cupid_boots"
    },
    {
      "predicate": {
        "custom_model_data": 10001
      },
      "model": "lunar_studios:ia_auto_gen/loki_boots"
    },
    {
      "predicate": {
        "custom_model_data": 10002
      },
      "model": "lunar_studios:enderkariz/angel_set/angel_armor_boots"
    },
    {
      "predicate": {
        "custom_model_data": 10003
      },
      "model": "saintpatricksset:ia_auto_gen/saintpatrickboots"
    },
    {
      "predicate": {
        "custom_model_data": 10004
      },
      "model": "elitecreatures:ia_auto_gen/easterbunny_animated_weapon_set_boots"
    },
    {
      "predicate": {
        "custom_model_data": 10005
      },
      "model": "easterset:ia_auto_gen/easterboots"
    },
    {
      "predicate": {
        "custom_model_data": 10006
      },
      "model": "dragonsoulset:ia_auto_gen/dragonsoulboots"
    },
    {
      "predicate": {
        "custom_model_data": 10007
      },
      "model": "elitecreatures:ia_auto_gen/darkflame_animated_weapon_set_boots"
    },
    {
      "predicate": {
        "custom_model_data": 10008
      },
      "model": "littledragonset:ia_auto_gen/littledragonboots"
    },
    {
      "predicate": {
        "custom_model_data": 10009
      },
      "model": "elitecreatures:ia_auto_gen/skeleton_overlord_animated_weapon_set_boots"
    },
    {
      "predicate": {
        "custom_model_data": 10010
      },
      "model": "elitecreatures:ia_auto_gen/bahamut_animated_weapon_set_boots"
    },
    {
      "predicate": {
        "custom_model_data": 10011
      },
      "model": "nexusset:ia_auto_gen/nexusboots"
    },
    {
      "predicate": {
        "custom_model_data": 10012
      },
      "model": "bone_set:ia_auto_gen/bone_boots"
    },
    {
      "predicate": {
        "custom_model_data": 10013
      },
      "model": "littlepandaset:ia_auto_gen/littlepandaboots"
    },
    {
      "predicate": {
        "custom_model_data": 10014
      },
      "model": "fiendskullset:ia_auto_gen/fiendskullboots"
    },
    {
      "predicate": {
        "custom_model_data": 10015
      },
      "model": "elitecreatures:ia_auto_gen/scarecrow_animated_weapon_set_boots"
    },
    {
      "predicate": {
        "custom_model_data": 10016
      },
      "model": "elitecreatures:ia_auto_gen/headlesshorseman_animated_weapon_set_boots"
    },
    {
      "predicate": {
        "custom_model_data": 10017
      },
      "model": "ufoset:ia_auto_gen/ufoboots"
    },
    {
      "predicate": {
        "custom_model_data": 10018
      },
      "model": "winterset:ia_auto_gen/winterboots"
    },
    {
      "predicate": {
        "custom_model_data": 10019
      },
      "model": "item/leather_boots"
    }
  ]
}