{
  "parent": "item/generated",
  "textures": {
    "layer0": "item/leather_helmet",
    "layer1": "item/leather_helmet_overlay"
  },
  "overrides": [
    {
      "predicate": {
        "custom_model_data": 1443
      },
      "model": "custom/armor/santa_helmet"
    },
    {
      "predicate": {
        "custom_model_data": 10000
      },
      "model": "lunar_studios:enderkariz/cupid_set/cupid_helmet"
    },
    {
      "predicate": {
        "custom_model_data": 10001
      },
      "model": "saintpatricksset:ia_auto_gen/saintpatrickhelmet"
    },
    {
      "predicate": {
        "custom_model_data": 10002
      },
      "model": "elitecreatures:ia_auto_gen/easterbunny_animated_weapon_set_helmet"
    },
    {
      "predicate": {
        "custom_model_data": 10003
      },
      "model": "easterset:ia_auto_gen/easterhelmet"
    },
    {
      "predicate": {
        "custom_model_data": 10004
      },
      "model": "elitecreatures:ia_auto_gen/darkflame_animated_weapon_set_helmet"
    },
    {
      "predicate": {
        "custom_model_data": 10005
      },
      "model": "littledragonset:ia_auto_gen/littledragonhelmet"
    },
    {
      "predicate": {
        "custom_model_data": 10006
      },
      "model": "elitecreatures:ia_auto_gen/skeleton_overlord_animated_weapon_set_helmet"
    },
    {
      "predicate": {
        "custom_model_data": 10007
      },
      "model": "elitecreatures:ia_auto_gen/bahamut_animated_weapon_set_helmet_2"
    },
    {
      "predicate": {
        "custom_model_data": 10008
      },
      "model": "nexusset:ia_auto_gen/nexushelmet"
    },
    {
      "predicate": {
        "custom_model_data": 10009
      },
      "model": "bone_set:ia_auto_gen/bone_helmet"
    },
    {
      "predicate": {
        "custom_model_data": 10010
      },
      "model": "littlepandaset:ia_auto_gen/littlepandahelmet"
    },
    {
      "predicate": {
        "custom_model_data": 10011
      },
      "model": "fiendskullset:ia_auto_gen/fiendskullhelmet"
    },
    {
      "predicate": {
        "custom_model_data": 10012
      },
      "model": "elitecreatures:ia_auto_gen/scarecrow_animated_weapon_set_helmet"
    },
    {
      "predicate": {
        "custom_model_data": 10013
      },
      "model": "elitecreatures:ia_auto_gen/headlesshorseman_animated_weapon_set_helmet"
    },
    {
      "predicate": {
        "custom_model_data": 10014
      },
      "model": "ufoset:ia_auto_gen/ufohelmet"
    },
    {
      "predicate": {
        "custom_model_data": 10015
      },
      "model": "item/leather_helmet"
    }
  ]
}