{"parent":"item/generated","textures":{"layer0":"item/leather_boots","layer1":"item/leather_boots_overlay"},"overrides":[{"predicate":{"custom_model_data":1443},"model":"custom/armor/santa_boots"},{"predicate":{"custom_model_data":4211},"model":"lunar_studios:ia_auto_gen/ares_boots"},{"predicate":{"custom_model_data":5000},"model":"lunar_studios:ia_auto_gen/darth_boots"},{"predicate":{"custom_model_data":5001},"model":"lunar_studios:ia_auto_gen/obi_boots"},{"predicate":{"custom_model_data":10000},"model":"lunar_studios:enderkariz/cupid_set/cupid_boots"},{"predicate":{"custom_model_data":10001},"model":"lunar_studios:ia_auto_gen/loki_boots"},{"predicate":{"custom_model_data":10002},"model":"lunar_studios:enderkariz/angel_set/angel_armor_boots"},{"predicate":{"custom_model_data":10003},"model":"saintpatricksset:ia_auto_gen/saintpatrickboots"},{"predicate":{"custom_model_data":10005},"model":"easterset:ia_auto_gen/easterboots"},{"predicate":{"custom_model_data":10006},"model":"dragonsoulset:ia_auto_gen/dragonsoulboots"},{"predicate":{"custom_model_data":10008},"model":"littledragonset:ia_auto_gen/littledragonboots"},{"predicate":{"custom_model_data":10011},"model":"nexusset:ia_auto_gen/nexusboots"},{"predicate":{"custom_model_data":10013},"model":"littlepandaset:ia_auto_gen/littlepandaboots"},{"predicate":{"custom_model_data":10014},"model":"fiendskullset:ia_auto_gen/fiendskullboots"},{"predicate":{"custom_model_data":10017},"model":"ufoset:ia_auto_gen/ufoboots"},{"predicate":{"custom_model_data":10018},"model":"winterset:ia_auto_gen/winterboots"},{"predicate":{"custom_model_data":10019},"model":"merry_christmasset:ia_auto_gen/merry_christmasboots"},{"predicate":{"custom_model_data":10020},"model":"elitecreatures:christmas_holiday_2023/boots"},{"predicate":{"custom_model_data":10021},"model":"item/leather_boots"}]}