{
  "parent": "minecraft:item/handheld",
  "textures": {
    "layer0": "minecraft:item/netherite_sword"
  },
  "overrides": [
    {
      "predicate": {
        "custom_model_data": 4211
      },
      "model": "lunar_studios:enderkariz/ares_set/ares_greatsword"
    },
    {
      "predicate": {
        "custom_model_data": 5000
      },
      "model": "lunar_studios:enderkariz/block_wars/sabers/base_saber"
    },
    {
      "predicate": {
        "custom_model_data": 5001
      },
      "model": "lunar_studios:enderkariz/block_wars/sabers/blue_saber"
    },
    {
      "predicate": {
        "custom_model_data": 5002
      },
      "model": "lunar_studios:enderkariz/block_wars/sabers/red_saber"
    },
    {
      "predicate": {
        "custom_model_data": 5003
      },
      "model": "lunar_studios:enderkariz/block_wars/sabers/green_saber"
    },
    {
      "predicate": {
        "custom_model_data": 5004
      },
      "model": "lunar_studios:enderkariz/block_wars/sabers/white_saber"
    },
    {
      "predicate": {
        "custom_model_data": 5005
      },
      "model": "lunar_studios:enderkariz/block_wars/sabers/yellow_saber"
    },
    {
      "predicate": {
        "custom_model_data": 10000
      },
      "model": "voxelspawns_pirate:item/vs_pirate_sword"
    },
    {
      "predicate": {
        "custom_model_data": 10008
      },
      "model": "halloween:reapers_scythe"
    },
    {
      "predicate": {
        "custom_model_data": 10009
      },
      "model": "halloween:bloody_scythe"
    },
    {
      "predicate": {
        "custom_model_data": 10010
      },
      "model": "elitecreatures:newyear_2024_animated/claymore"
    },
    {
      "predicate": {
        "custom_model_data": 10011
      },
      "model": "elitecreatures:christmas_holiday_2023/staff"
    },
    {
      "predicate": {
        "custom_model_data": 10012
      },
      "model": "elitecreatures:christmas_holiday_2023/sword"
    },
    {
      "predicate": {
        "custom_model_data": 10013
      },
      "model": "thanksgiving:turkey_leg_sword"
    },
    {
      "predicate": {
        "custom_model_data": 10014
      },
      "model": "elitecreatures:newyear_2024_animated/hammer"
    },
    {
      "predicate": {
        "custom_model_data": 10015
      },
      "model": "elitecreatures:newyear_2024_animated/scythe"
    },
    {
      "predicate": {
        "custom_model_data": 10016
      },
      "model": "elitecreatures:newyear_2024_animated/spear"
    },
    {
      "predicate": {
        "custom_model_data": 10017
      },
      "model": "elitecreatures:newyear_2024_animated/staff"
    },
    {
      "predicate": {
        "custom_model_data": 10018
      },
      "model": "elitecreatures:newyear_2024_animated/sword"
    },
    {
      "predicate": {
        "custom_model_data": 10019
      },
      "model": "elitecreatures:newyear_2024_animated/trident"
    },
    {
      "predicate": {
        "custom_model_data": 10020
      },
      "model": "item/netherite_sword"
    }
  ]
}