{
  "parent": "minecraft:block/sea_lantern",
  "overrides": [
    {
      "predicate": {
        "custom_model_data": 10000
      },
      "model": "saintpatricksset:chest"
    },
    {
      "predicate": {
        "custom_model_data": 10001
      },
      "model": "saintpatricksset:chest_opening"
    },
    {
      "predicate": {
        "custom_model_data": 10002
      },
      "model": "easterset:chest"
    },
    {
      "predicate": {
        "custom_model_data": 10003
      },
      "model": "easterset:chest_opening"
    },
    {
      "predicate": {
        "custom_model_data": 10004
      },
      "model": "dragonsoulset:chest"
    },
    {
      "predicate": {
        "custom_model_data": 10005
      },
      "model": "dragonsoulset:chest_opening"
    },
    {
      "predicate": {
        "custom_model_data": 10006
      },
      "model": "littledragonset:chest"
    },
    {
      "predicate": {
        "custom_model_data": 10007
      },
      "model": "littledragonset:chest_opening"
    },
    {
      "predicate": {
        "custom_model_data": 10008
      },
      "model": "littledragonset:flag"
    },
    {
      "predicate": {
        "custom_model_data": 10009
      },
      "model": "nexusset:chest"
    },
    {
      "predicate": {
        "custom_model_data": 10010
      },
      "model": "nexusset:chest_opening"
    },
    {
      "predicate": {
        "custom_model_data": 10011
      },
      "model": "littlepandaset:chest"
    },
    {
      "predicate": {
        "custom_model_data": 10012
      },
      "model": "littlepandaset:chest_opening"
    },
    {
      "predicate": {
        "custom_model_data": 10013
      },
      "model": "fiendskullset:chest"
    },
    {
      "predicate": {
        "custom_model_data": 10014
      },
      "model": "ufoset:chest"
    },
    {
      "predicate": {
        "custom_model_data": 10015
      },
      "model": "winterset:chest"
    },
    {
      "predicate": {
        "custom_model_data": 10016
      },
      "model": "item/sea_lantern"
    }
  ]
}