{
  "credit": "Made with Blockbench",
  "texture_size": [
    128,
    128
  ],
  "textures": {
    "0": "elitecreatures:newyear_2024_animated/newyear_texture_01",
    "2": "elitecreatures:newyear_2024_animated/newyear_animation_02",
    "3": "elitecreatures:newyear_2024_animated/newyear_animation_03",
    "4": "elitecreatures:newyear_2024_animated/newyear_animation_04",
    "particle": "elitecreatures:newyear_2024_animated/newyear_texture_01"
  },
  "elements": [
    {
      "from": [
        6.15,
        14.45,
        6
      ],
      "to": [
        9.85,
        17.05,
        10
      ],
      "rotation": {
        "angle": 0,
        "axis": "y",
        "origin": [
          0,
          8.5,
          -9.5
        ]
      },
      "faces": {
        "north": {
          "uv": [
            1.0625,
            0,
            1.525,
            0.325
          ],
          "texture": "#0"
        },
        "east": {
          "uv": [
            1.0625,
            0,
            0.5625,
            0.3125
          ],
          "texture": "#0"
        },
        "south": {
          "uv": [
            1.0625,
            0,
            1.525,
            0.325
          ],
          "texture": "#0"
        },
        "west": {
          "uv": [
            0.5625,
            0,
            1.0625,
            0.3125
          ],
          "texture": "#0"
        },
        "up": {
          "uv": [
            0.5625,
            0.3125,
            1,
            0.8125
          ],
          "texture": "#0"
        },
        "down": {
          "uv": [
            1.5625,
            0.625,
            2.025,
            1.125
          ],
          "texture": "#0"
        }
      }
    },
    {
      "from": [
        6.75,
        14.5,
        4.7
      ],
      "to": [
        9.35,
        17,
        7.3
      ],
      "rotation": {
        "angle": 45,
        "axis": "y",
        "origin": [
          8,
          19,
          6.05
        ]
      },
      "faces": {
        "north": {
          "uv": [
            1.3125,
            0.625,
            1,
            0.9375
          ],
          "texture": "#0"
        },
        "east": {
          "uv": [
            1,
            0.625,
            1.3125,
            0.9375
          ],
          "texture": "#0"
        },
        "south": {
          "uv": [
            1.3125,
            0.625,
            1,
            0.9375
          ],
          "texture": "#0"
        },
        "west": {
          "uv": [
            1.25,
            0.3125,
            0.9375,
            0.625
          ],
          "texture": "#0"
        },
        "up": {
          "uv": [
            1.5,
            0.3125,
            1.8125,
            0
          ],
          "texture": "#0"
        },
        "down": {
          "uv": [
            1.5625,
            0.625,
            1.875,
            0.3125
          ],
          "texture": "#0"
        }
      }
    },
    {
      "from": [
        6.75,
        14.5,
        8.7
      ],
      "to": [
        9.35,
        17,
        11.3
      ],
      "rotation": {
        "angle": -45,
        "axis": "y",
        "origin": [
          8,
          19,
          9.95
        ]
      },
      "faces": {
        "north": {
          "uv": [
            1,
            0.625,
            1.3125,
            0.9375
          ],
          "texture": "#0"
        },
        "east": {
          "uv": [
            1.3125,
            0.625,
            1,
            0.9375
          ],
          "texture": "#0"
        },
        "south": {
          "uv": [
            1,
            0.625,
            1.3125,
            0.9375
          ],
          "texture": "#0"
        },
        "west": {
          "uv": [
            1,
            0.3125,
            1.3125,
            0.625
          ],
          "texture": "#0"
        },
        "up": {
          "uv": [
            1.5,
            0,
            1.8125,
            0.3125
          ],
          "texture": "#0"
        },
        "down": {
          "uv": [
            1.5625,
            0.3125,
            1.875,
            0.625
          ],
          "texture": "#0"
        }
      }
    },
    {
      "from": [
        6.5,
        -12.55,
        7.25
      ],
      "to": [
        9.5,
        -10.45,
        8.75
      ],
      "rotation": {
        "angle": 0,
        "axis": "y",
        "origin": [
          0,
          -18.5,
          -9
        ]
      },
      "faces": {
        "north": {
          "uv": [
            0.9375,
            1.125,
            1.3125,
            1.375
          ],
          "texture": "#0"
        },
        "east": {
          "uv": [
            0.9375,
            1.125,
            0.75,
            1.375
          ],
          "texture": "#0"
        },
        "south": {
          "uv": [
            0.9375,
            1.125,
            1.3125,
            1.375
          ],
          "texture": "#0"
        },
        "west": {
          "uv": [
            0.75,
            1.125,
            0.9375,
            1.375
          ],
          "texture": "#0"
        },
        "up": {
          "uv": [
            0.875,
            0.9375,
            1.25,
            1.125
          ],
          "texture": "#0"
        },
        "down": {
          "uv": [
            0.875,
            0.9375,
            1.25,
            1.125
          ],
          "texture": "#0"
        }
      }
    },
    {
      "from": [
        7,
        -12.5,
        6.2
      ],
      "to": [
        9.1,
        -10.5,
        8.3
      ],
      "rotation": {
        "angle": 45,
        "axis": "y",
        "origin": [
          8,
          -12.5,
          7.3
        ]
      },
      "faces": {
        "north": {
          "uv": [
            1.5625,
            0.3125,
            1.3125,
            0.5625
          ],
          "texture": "#0"
        },
        "east": {
          "uv": [
            1.3125,
            0.3125,
            1.5625,
            0.5625
          ],
          "texture": "#0"
        },
        "south": {
          "uv": [
            1.5625,
            0.3125,
            1.3125,
            0.5625
          ],
          "texture": "#0"
        },
        "west": {
          "uv": [
            2.0625,
            0,
            1.8125,
            0.25
          ],
          "texture": "#0"
        },
        "up": {
          "uv": [
            1.3125,
            0.8125,
            1.5625,
            0.5625
          ],
          "texture": "#0"
        },
        "down": {
          "uv": [
            1.3125,
            0.8125,
            1.5625,
            0.5625
          ],
          "texture": "#0"
        }
      }
    },
    {
      "from": [
        7,
        -12.5,
        7.7
      ],
      "to": [
        9.1,
        -10.5,
        9.8
      ],
      "rotation": {
        "angle": -45,
        "axis": "y",
        "origin": [
          8,
          -12.5,
          8.7
        ]
      },
      "faces": {
        "north": {
          "uv": [
            1.3125,
            0.3125,
            1.5625,
            0.5625
          ],
          "texture": "#0"
        },
        "east": {
          "uv": [
            1.5625,
            0.3125,
            1.3125,
            0.5625
          ],
          "texture": "#0"
        },
        "south": {
          "uv": [
            1.3125,
            0.3125,
            1.5625,
            0.5625
          ],
          "texture": "#0"
        },
        "west": {
          "uv": [
            1.8125,
            0,
            2.0625,
            0.25
          ],
          "texture": "#0"
        },
        "up": {
          "uv": [
            1.3125,
            0.5625,
            1.5625,
            0.8125
          ],
          "texture": "#0"
        },
        "down": {
          "uv": [
            1.3125,
            0.5625,
            1.5625,
            0.8125
          ],
          "texture": "#0"
        }
      }
    },
    {
      "from": [
        7,
        -11,
        7
      ],
      "to": [
        9,
        13,
        9
      ],
      "rotation": {
        "angle": -45,
        "axis": "y",
        "origin": [
          8,
          -7,
          8
        ]
      },
      "faces": {
        "north": {
          "uv": [
            0,
            3,
            0.25,
            6
          ],
          "texture": "#0"
        },
        "east": {
          "uv": [
            0,
            3,
            0.25,
            6
          ],
          "texture": "#0"
        },
        "south": {
          "uv": [
            0,
            3,
            0.25,
            6
          ],
          "texture": "#0"
        },
        "west": {
          "uv": [
            0,
            3,
            0.25,
            6
          ],
          "texture": "#0"
        },
        "up": {
          "uv": [
            0,
            3,
            0.25,
            3.25
          ],
          "texture": "#0"
        },
        "down": {
          "uv": [
            0,
            3,
            0.25,
            3.25
          ],
          "texture": "#0"
        }
      }
    },
    {
      "from": [
        6.9,
        -10.5,
        6.9
      ],
      "to": [
        9.1,
        13,
        6.9
      ],
      "rotation": {
        "angle": 45,
        "axis": "y",
        "origin": [
          8,
          -5.5,
          8
        ]
      },
      "faces": {
        "north": {
          "uv": [
            0.5,
            3,
            0.25,
            5.9375
          ],
          "texture": "#0"
        },
        "east": {
          "uv": [
            0.8125,
            1.4375,
            0.5625,
            2.6875
          ],
          "texture": "#0"
        },
        "south": {
          "uv": [
            0.25,
            3,
            0.5,
            5.9375
          ],
          "texture": "#0"
        },
        "west": {
          "uv": [
            0.8125,
            1.4375,
            0.5625,
            2.6875
          ],
          "texture": "#0"
        },
        "up": {
          "uv": [
            0.5625,
            1.6875,
            0.8125,
            1.4375
          ],
          "texture": "#0"
        },
        "down": {
          "uv": [
            0.5625,
            1.6875,
            0.8125,
            1.4375
          ],
          "texture": "#0"
        }
      }
    },
    {
      "from": [
        6.9,
        -10.5,
        6.9
      ],
      "to": [
        9.1,
        13,
        6.9
      ],
      "rotation": {
        "angle": -45,
        "axis": "y",
        "origin": [
          8,
          -5.5,
          8
        ]
      },
      "faces": {
        "north": {
          "uv": [
            0.25,
            3,
            0.5,
            5.9375
          ],
          "texture": "#0"
        },
        "east": {
          "uv": [
            0.5625,
            1.4375,
            0.8125,
            2.6875
          ],
          "texture": "#0"
        },
        "south": {
          "uv": [
            0.5,
            3,
            0.25,
            5.9375
          ],
          "texture": "#0"
        },
        "west": {
          "uv": [
            0.5625,
            1.4375,
            0.8125,
            2.6875
          ],
          "texture": "#0"
        },
        "up": {
          "uv": [
            0.8125,
            1.6875,
            0.5625,
            1.4375
          ],
          "texture": "#0"
        },
        "down": {
          "uv": [
            0.8125,
            1.6875,
            0.5625,
            1.4375
          ],
          "texture": "#0"
        }
      }
    },
    {
      "from": [
        6.9,
        -10.5,
        9.1
      ],
      "to": [
        9.1,
        13,
        9.1
      ],
      "rotation": {
        "angle": 45,
        "axis": "y",
        "origin": [
          8,
          -5.5,
          8
        ]
      },
      "faces": {
        "north": {
          "uv": [
            0.25,
            3,
            0.5,
            5.9375
          ],
          "texture": "#0"
        },
        "east": {
          "uv": [
            0.8125,
            1.4375,
            0.5625,
            2.6875
          ],
          "texture": "#0"
        },
        "south": {
          "uv": [
            0.5,
            3,
            0.25,
            5.9375
          ],
          "texture": "#0"
        },
        "west": {
          "uv": [
            0.8125,
            1.4375,
            0.5625,
            2.6875
          ],
          "texture": "#0"
        },
        "up": {
          "uv": [
            0.8125,
            1.4375,
            0.5625,
            1.6875
          ],
          "texture": "#0"
        },
        "down": {
          "uv": [
            0.8125,
            1.4375,
            0.5625,
            1.6875
          ],
          "texture": "#0"
        }
      }
    },
    {
      "from": [
        6.9,
        -10.5,
        9.1
      ],
      "to": [
        9.1,
        13,
        9.1
      ],
      "rotation": {
        "angle": -45,
        "axis": "y",
        "origin": [
          8,
          -5.5,
          8
        ]
      },
      "faces": {
        "north": {
          "uv": [
            0.5,
            3,
            0.25,
            5.9375
          ],
          "texture": "#0"
        },
        "east": {
          "uv": [
            0.5625,
            1.4375,
            0.8125,
            2.6875
          ],
          "texture": "#0"
        },
        "south": {
          "uv": [
            0.25,
            3,
            0.5,
            5.9375
          ],
          "texture": "#0"
        },
        "west": {
          "uv": [
            0.5625,
            1.4375,
            0.8125,
            2.6875
          ],
          "texture": "#0"
        },
        "up": {
          "uv": [
            0.5625,
            1.4375,
            0.8125,
            1.6875
          ],
          "texture": "#0"
        },
        "down": {
          "uv": [
            0.5625,
            1.4375,
            0.8125,
            1.6875
          ],
          "texture": "#0"
        }
      }
    },
    {
      "from": [
        6.75,
        13,
        6.75
      ],
      "to": [
        9.25,
        15.5,
        9.25
      ],
      "rotation": {
        "angle": -45,
        "axis": "y",
        "origin": [
          8,
          13.75,
          8
        ]
      },
      "faces": {
        "north": {
          "uv": [
            0.8125,
            1.375,
            1.125,
            1.6875
          ],
          "texture": "#0"
        },
        "east": {
          "uv": [
            0.8125,
            1.375,
            1.125,
            1.6875
          ],
          "texture": "#0"
        },
        "south": {
          "uv": [
            0.8125,
            1.375,
            1.125,
            1.6875
          ],
          "texture": "#0"
        },
        "west": {
          "uv": [
            0.8125,
            1.375,
            1.125,
            1.6875
          ],
          "texture": "#0"
        },
        "up": {
          "uv": [
            0.8125,
            1.6875,
            1.125,
            2
          ],
          "texture": "#0"
        },
        "down": {
          "uv": [
            0.8125,
            1.6875,
            1.125,
            2
          ],
          "texture": "#0"
        }
      }
    },
    {
      "from": [
        6.75,
        8.5,
        6.75
      ],
      "to": [
        9.25,
        11,
        9.25
      ],
      "rotation": {
        "angle": -45,
        "axis": "y",
        "origin": [
          8,
          13.75,
          8
        ]
      },
      "faces": {
        "north": {
          "uv": [
            0.8125,
            1.375,
            1.125,
            1.6875
          ],
          "texture": "#0"
        },
        "east": {
          "uv": [
            0.8125,
            1.375,
            1.125,
            1.6875
          ],
          "texture": "#0"
        },
        "south": {
          "uv": [
            0.8125,
            1.375,
            1.125,
            1.6875
          ],
          "texture": "#0"
        },
        "west": {
          "uv": [
            0.8125,
            1.375,
            1.125,
            1.6875
          ],
          "texture": "#0"
        },
        "up": {
          "uv": [
            0.8125,
            1.6875,
            1.125,
            2
          ],
          "texture": "#0"
        },
        "down": {
          "uv": [
            0.8125,
            1.6875,
            1.125,
            2
          ],
          "texture": "#0"
        }
      }
    },
    {
      "from": [
        6.75,
        2.5,
        6.75
      ],
      "to": [
        9.25,
        5,
        9.25
      ],
      "rotation": {
        "angle": -45,
        "axis": "y",
        "origin": [
          8,
          13.75,
          8
        ]
      },
      "faces": {
        "north": {
          "uv": [
            0.8125,
            1.375,
            1.125,
            1.6875
          ],
          "texture": "#0"
        },
        "east": {
          "uv": [
            0.8125,
            1.375,
            1.125,
            1.6875
          ],
          "texture": "#0"
        },
        "south": {
          "uv": [
            0.8125,
            1.375,
            1.125,
            1.6875
          ],
          "texture": "#0"
        },
        "west": {
          "uv": [
            0.8125,
            1.375,
            1.125,
            1.6875
          ],
          "texture": "#0"
        },
        "up": {
          "uv": [
            0.8125,
            1.6875,
            1.125,
            2
          ],
          "texture": "#0"
        },
        "down": {
          "uv": [
            0.8125,
            1.6875,
            1.125,
            2
          ],
          "texture": "#0"
        }
      }
    },
    {
      "from": [
        7,
        -14.4,
        7
      ],
      "to": [
        9,
        -12.4,
        9
      ],
      "rotation": {
        "angle": -45,
        "axis": "y",
        "origin": [
          8,
          -13.4,
          8
        ]
      },
      "faces": {
        "north": {
          "uv": [
            1.3125,
            0.8125,
            1.5625,
            1.0625
          ],
          "texture": "#0"
        },
        "east": {
          "uv": [
            1.3125,
            0.8125,
            1.5625,
            1.0625
          ],
          "texture": "#0"
        },
        "south": {
          "uv": [
            1.3125,
            0.8125,
            1.5625,
            1.0625
          ],
          "texture": "#0"
        },
        "west": {
          "uv": [
            1.3125,
            0.8125,
            1.5625,
            1.0625
          ],
          "texture": "#0"
        },
        "up": {
          "uv": [
            1.3125,
            1.0625,
            1.5625,
            1.3125
          ],
          "texture": "#0"
        },
        "down": {
          "uv": [
            1.3125,
            1.0625,
            1.5625,
            1.3125
          ],
          "texture": "#0"
        }
      }
    },
    {
      "from": [
        7.25,
        -13.5,
        8
      ],
      "to": [
        8.75,
        -11,
        10
      ],
      "rotation": {
        "angle": -22.5,
        "axis": "x",
        "origin": [
          8,
          -10,
          9.5
        ]
      },
      "faces": {
        "north": {
          "uv": [
            2.125,
            0.5625,
            2.3125,
            0.25
          ],
          "texture": "#0"
        },
        "east": {
          "uv": [
            1.875,
            0.5625,
            2.125,
            0.25
          ],
          "texture": "#0"
        },
        "south": {
          "uv": [
            2.125,
            0.5625,
            2.3125,
            0.25
          ],
          "texture": "#0"
        },
        "west": {
          "uv": [
            1.875,
            0.5625,
            2.125,
            0.25
          ],
          "texture": "#0"
        },
        "up": {
          "uv": [
            2.0625,
            0.25,
            2.25,
            0
          ],
          "texture": "#0"
        },
        "down": {
          "uv": [
            2.0625,
            0.25,
            2.25,
            0
          ],
          "texture": "#0"
        }
      }
    },
    {
      "from": [
        7.25,
        -13.5,
        6
      ],
      "to": [
        8.75,
        -11,
        8
      ],
      "rotation": {
        "angle": 22.5,
        "axis": "x",
        "origin": [
          8,
          -10,
          6.5
        ]
      },
      "faces": {
        "north": {
          "uv": [
            2.3125,
            0.5625,
            2.125,
            0.25
          ],
          "texture": "#0"
        },
        "east": {
          "uv": [
            2.125,
            0.5625,
            1.875,
            0.25
          ],
          "texture": "#0"
        },
        "south": {
          "uv": [
            2.3125,
            0.5625,
            2.125,
            0.25
          ],
          "texture": "#0"
        },
        "west": {
          "uv": [
            2.125,
            0.5625,
            1.875,
            0.25
          ],
          "texture": "#0"
        },
        "up": {
          "uv": [
            2.0625,
            0,
            2.25,
            0.25
          ],
          "texture": "#0"
        },
        "down": {
          "uv": [
            2.0625,
            0,
            2.25,
            0.25
          ],
          "texture": "#0"
        }
      }
    },
    {
      "from": [
        7.25,
        18.1,
        6
      ],
      "to": [
        8.75,
        20.6,
        8
      ],
      "rotation": {
        "angle": -22.5,
        "axis": "x",
        "origin": [
          8,
          17.1,
          6.5
        ]
      },
      "faces": {
        "north": {
          "uv": [
            2.3125,
            0.25,
            2.125,
            0.5625
          ],
          "texture": "#0"
        },
        "east": {
          "uv": [
            2.125,
            0.25,
            1.875,
            0.5625
          ],
          "texture": "#0"
        },
        "south": {
          "uv": [
            2.3125,
            0.25,
            2.125,
            0.5625
          ],
          "texture": "#0"
        },
        "west": {
          "uv": [
            2.125,
            0.25,
            1.875,
            0.5625
          ],
          "texture": "#0"
        },
        "up": {
          "uv": [
            2.0625,
            0.25,
            2.25,
            0
          ],
          "texture": "#0"
        },
        "down": {
          "uv": [
            2.0625,
            0.25,
            2.25,
            0
          ],
          "texture": "#0"
        }
      }
    },
    {
      "from": [
        6.5,
        17.55,
        7.25
      ],
      "to": [
        9.5,
        19.65,
        8.75
      ],
      "rotation": {
        "angle": 0,
        "axis": "y",
        "origin": [
          0,
          25.6,
          -9
        ]
      },
      "faces": {
        "north": {
          "uv": [
            0.9375,
            1.375,
            1.3125,
            1.125
          ],
          "texture": "#0"
        },
        "east": {
          "uv": [
            0.9375,
            1.375,
            0.75,
            1.125
          ],
          "texture": "#0"
        },
        "south": {
          "uv": [
            0.9375,
            1.375,
            1.3125,
            1.125
          ],
          "texture": "#0"
        },
        "west": {
          "uv": [
            0.75,
            1.375,
            0.9375,
            1.125
          ],
          "texture": "#0"
        },
        "up": {
          "uv": [
            0.875,
            1.125,
            1.25,
            0.9375
          ],
          "texture": "#0"
        },
        "down": {
          "uv": [
            0.875,
            1.125,
            1.25,
            0.9375
          ],
          "texture": "#0"
        }
      }
    },
    {
      "from": [
        7.25,
        18.1,
        8
      ],
      "to": [
        8.75,
        20.6,
        10
      ],
      "rotation": {
        "angle": 22.5,
        "axis": "x",
        "origin": [
          8,
          17.1,
          9.5
        ]
      },
      "faces": {
        "north": {
          "uv": [
            2.125,
            0.25,
            2.3125,
            0.5625
          ],
          "texture": "#0"
        },
        "east": {
          "uv": [
            1.875,
            0.25,
            2.125,
            0.5625
          ],
          "texture": "#0"
        },
        "south": {
          "uv": [
            2.125,
            0.25,
            2.3125,
            0.5625
          ],
          "texture": "#0"
        },
        "west": {
          "uv": [
            1.875,
            0.25,
            2.125,
            0.5625
          ],
          "texture": "#0"
        },
        "up": {
          "uv": [
            2.0625,
            0,
            2.25,
            0.25
          ],
          "texture": "#0"
        },
        "down": {
          "uv": [
            2.0625,
            0,
            2.25,
            0.25
          ],
          "texture": "#0"
        }
      }
    },
    {
      "from": [
        7,
        17.6,
        7.7
      ],
      "to": [
        9.1,
        19.6,
        9.8
      ],
      "rotation": {
        "angle": -45,
        "axis": "y",
        "origin": [
          8,
          19.6,
          8.7
        ]
      },
      "faces": {
        "north": {
          "uv": [
            1.3125,
            0.5625,
            1.5625,
            0.3125
          ],
          "texture": "#0"
        },
        "east": {
          "uv": [
            1.5625,
            0.5625,
            1.3125,
            0.3125
          ],
          "texture": "#0"
        },
        "south": {
          "uv": [
            1.3125,
            0.5625,
            1.5625,
            0.3125
          ],
          "texture": "#0"
        },
        "west": {
          "uv": [
            1.8125,
            0.25,
            2.0625,
            0
          ],
          "texture": "#0"
        },
        "up": {
          "uv": [
            1.3125,
            0.8125,
            1.5625,
            0.5625
          ],
          "texture": "#0"
        },
        "down": {
          "uv": [
            1.3125,
            0.8125,
            1.5625,
            0.5625
          ],
          "texture": "#0"
        }
      }
    },
    {
      "from": [
        7,
        17.6,
        6.2
      ],
      "to": [
        9.1,
        19.6,
        8.3
      ],
      "rotation": {
        "angle": 45,
        "axis": "y",
        "origin": [
          8,
          19.6,
          7.3
        ]
      },
      "faces": {
        "north": {
          "uv": [
            1.5625,
            0.5625,
            1.3125,
            0.3125
          ],
          "texture": "#0"
        },
        "east": {
          "uv": [
            1.3125,
            0.5625,
            1.5625,
            0.3125
          ],
          "texture": "#0"
        },
        "south": {
          "uv": [
            1.5625,
            0.5625,
            1.3125,
            0.3125
          ],
          "texture": "#0"
        },
        "west": {
          "uv": [
            2.0625,
            0.25,
            1.8125,
            0
          ],
          "texture": "#0"
        },
        "up": {
          "uv": [
            1.3125,
            0.5625,
            1.5625,
            0.8125
          ],
          "texture": "#0"
        },
        "down": {
          "uv": [
            1.3125,
            0.5625,
            1.5625,
            0.8125
          ],
          "texture": "#0"
        }
      }
    },
    {
      "from": [
        7,
        15.6,
        6.2
      ],
      "to": [
        9.1,
        17.6,
        8.3
      ],
      "rotation": {
        "angle": 45,
        "axis": "y",
        "origin": [
          8,
          17.6,
          7.3
        ]
      },
      "faces": {
        "north": {
          "uv": [
            1.5625,
            0.5625,
            1.3125,
            0.3125
          ],
          "texture": "#0"
        },
        "east": {
          "uv": [
            1.3125,
            0.5625,
            1.5625,
            0.3125
          ],
          "texture": "#0"
        },
        "south": {
          "uv": [
            1.5625,
            0.5625,
            1.3125,
            0.3125
          ],
          "texture": "#0"
        },
        "west": {
          "uv": [
            2.0625,
            0.25,
            1.8125,
            0
          ],
          "texture": "#0"
        },
        "up": {
          "uv": [
            1.3125,
            0.5625,
            1.5625,
            0.8125
          ],
          "texture": "#0"
        },
        "down": {
          "uv": [
            1.3125,
            0.5625,
            1.5625,
            0.8125
          ],
          "texture": "#0"
        }
      }
    },
    {
      "from": [
        7,
        15.6,
        7.7
      ],
      "to": [
        9.1,
        17.6,
        9.8
      ],
      "rotation": {
        "angle": -45,
        "axis": "y",
        "origin": [
          8,
          17.6,
          8.7
        ]
      },
      "faces": {
        "north": {
          "uv": [
            1.3125,
            0.5625,
            1.5625,
            0.3125
          ],
          "texture": "#0"
        },
        "east": {
          "uv": [
            1.5625,
            0.5625,
            1.3125,
            0.3125
          ],
          "texture": "#0"
        },
        "south": {
          "uv": [
            1.3125,
            0.5625,
            1.5625,
            0.3125
          ],
          "texture": "#0"
        },
        "west": {
          "uv": [
            1.8125,
            0.25,
            2.0625,
            0
          ],
          "texture": "#0"
        },
        "up": {
          "uv": [
            1.3125,
            0.8125,
            1.5625,
            0.5625
          ],
          "texture": "#0"
        },
        "down": {
          "uv": [
            1.3125,
            0.8125,
            1.5625,
            0.5625
          ],
          "texture": "#0"
        }
      }
    },
    {
      "from": [
        7,
        19.5,
        7
      ],
      "to": [
        9,
        21.5,
        9
      ],
      "rotation": {
        "angle": -45,
        "axis": "y",
        "origin": [
          8,
          20.5,
          8
        ]
      },
      "faces": {
        "north": {
          "uv": [
            1.3125,
            1.0625,
            1.5625,
            0.8125
          ],
          "texture": "#0"
        },
        "east": {
          "uv": [
            1.3125,
            1.0625,
            1.5625,
            0.8125
          ],
          "texture": "#0"
        },
        "south": {
          "uv": [
            1.3125,
            1.0625,
            1.5625,
            0.8125
          ],
          "texture": "#0"
        },
        "west": {
          "uv": [
            1.3125,
            1.0625,
            1.5625,
            0.8125
          ],
          "texture": "#0"
        },
        "up": {
          "uv": [
            1.3125,
            1.3125,
            1.5625,
            1.0625
          ],
          "texture": "#0"
        },
        "down": {
          "uv": [
            1.3125,
            1.3125,
            1.5625,
            1.0625
          ],
          "texture": "#0"
        }
      }
    },
    {
      "from": [
        5,
        15.6,
        8.5
      ],
      "to": [
        11,
        17.6,
        10.5
      ],
      "rotation": {
        "angle": -45,
        "axis": "x",
        "origin": [
          8,
          15.1,
          8
        ]
      },
      "faces": {
        "north": {
          "uv": [
            2.3125,
            1.125,
            1.5625,
            1.375
          ],
          "texture": "#0"
        },
        "east": {
          "uv": [
            1.3125,
            1.3125,
            1.5625,
            1.5625
          ],
          "texture": "#0"
        },
        "south": {
          "uv": [
            2.3125,
            1.125,
            1.5625,
            1.375
          ],
          "texture": "#0"
        },
        "west": {
          "uv": [
            1.5625,
            1.3125,
            1.3125,
            1.5625
          ],
          "texture": "#0"
        },
        "up": {
          "uv": [
            2.3125,
            1.125,
            1.5625,
            1.375
          ],
          "texture": "#0"
        },
        "down": {
          "uv": [
            2.3125,
            1.125,
            1.5625,
            1.375
          ],
          "texture": "#0"
        }
      }
    },
    {
      "from": [
        5.75,
        15,
        9
      ],
      "to": [
        10.25,
        18,
        12
      ],
      "rotation": {
        "angle": -45,
        "axis": "x",
        "origin": [
          8,
          14,
          8
        ]
      },
      "faces": {
        "north": {
          "uv": [
            1.1875,
            2.375,
            0.8125,
            2.9375
          ],
          "rotation": 90,
          "texture": "#0"
        },
        "east": {
          "uv": [
            0.8125,
            2,
            1.1875,
            2.375
          ],
          "rotation": 90,
          "texture": "#0"
        },
        "south": {
          "uv": [
            1.1875,
            2.375,
            0.8125,
            2.9375
          ],
          "rotation": 90,
          "texture": "#0"
        },
        "west": {
          "uv": [
            0.8125,
            2.375,
            1.1875,
            2
          ],
          "rotation": 90,
          "texture": "#0"
        },
        "up": {
          "uv": [
            0.8125,
            2.375,
            1.1875,
            2.9375
          ],
          "rotation": 90,
          "texture": "#0"
        },
        "down": {
          "uv": [
            0.8125,
            2.375,
            1.1875,
            2.9375
          ],
          "rotation": 90,
          "texture": "#0"
        }
      }
    },
    {
      "from": [
        7.9,
        16,
        8.8
      ],
      "to": [
        7.9,
        20,
        12.8
      ],
      "rotation": {
        "angle": 0,
        "axis": "y",
        "origin": [
          0,
          0,
          16
        ]
      },
      "faces": {
        "north": {
          "uv": [
            0,
            0,
            0,
            0.5
          ],
          "texture": "#0"
        },
        "east": {
          "uv": [
            1.625,
            1.4375,
            2.125,
            1.9375
          ],
          "texture": "#0"
        },
        "south": {
          "uv": [
            0,
            0,
            0,
            0.5
          ],
          "texture": "#missing"
        },
        "west": {
          "uv": [
            2.125,
            1.4375,
            1.625,
            1.9375
          ],
          "texture": "#0"
        },
        "up": {
          "uv": [
            0,
            0.5,
            0,
            0
          ],
          "texture": "#missing"
        },
        "down": {
          "uv": [
            0,
            0.5,
            0,
            0
          ],
          "texture": "#missing"
        }
      }
    },
    {
      "from": [
        8.1,
        16,
        8.8
      ],
      "to": [
        8.1,
        20,
        12.8
      ],
      "rotation": {
        "angle": 0,
        "axis": "y",
        "origin": [
          16,
          0,
          16
        ]
      },
      "faces": {
        "north": {
          "uv": [
            0,
            0,
            0,
            0.5
          ],
          "texture": "#0"
        },
        "east": {
          "uv": [
            1.625,
            1.4375,
            2.125,
            1.9375
          ],
          "texture": "#0"
        },
        "south": {
          "uv": [
            0,
            0,
            0,
            0.5
          ],
          "texture": "#missing"
        },
        "west": {
          "uv": [
            2.125,
            1.4375,
            1.625,
            1.9375
          ],
          "texture": "#0"
        },
        "up": {
          "uv": [
            0,
            0.5,
            0,
            0
          ],
          "texture": "#missing"
        },
        "down": {
          "uv": [
            0,
            0.5,
            0,
            0
          ],
          "texture": "#missing"
        }
      }
    },
    {
      "from": [
        7.9,
        16,
        3.2
      ],
      "to": [
        7.9,
        20,
        7.2
      ],
      "faces": {
        "north": {
          "uv": [
            0,
            0,
            0,
            0.5
          ],
          "texture": "#missing"
        },
        "east": {
          "uv": [
            2.125,
            1.4375,
            1.625,
            1.9375
          ],
          "texture": "#0"
        },
        "south": {
          "uv": [
            0,
            0,
            0,
            0.5
          ],
          "texture": "#0"
        },
        "west": {
          "uv": [
            1.625,
            1.4375,
            2.125,
            1.9375
          ],
          "texture": "#0"
        },
        "up": {
          "uv": [
            0,
            0,
            0,
            0.5
          ],
          "texture": "#missing"
        },
        "down": {
          "uv": [
            0,
            0,
            0,
            0.5
          ],
          "texture": "#missing"
        }
      }
    },
    {
      "from": [
        8.1,
        16,
        3.2
      ],
      "to": [
        8.1,
        20,
        7.2
      ],
      "rotation": {
        "angle": 0,
        "axis": "y",
        "origin": [
          16,
          0,
          0
        ]
      },
      "faces": {
        "north": {
          "uv": [
            0,
            0,
            0,
            0.5
          ],
          "texture": "#missing"
        },
        "east": {
          "uv": [
            2.125,
            1.4375,
            1.625,
            1.9375
          ],
          "texture": "#0"
        },
        "south": {
          "uv": [
            0,
            0,
            0,
            0.5
          ],
          "texture": "#0"
        },
        "west": {
          "uv": [
            1.625,
            1.4375,
            2.125,
            1.9375
          ],
          "texture": "#0"
        },
        "up": {
          "uv": [
            0,
            0,
            0,
            0.5
          ],
          "texture": "#missing"
        },
        "down": {
          "uv": [
            0,
            0,
            0,
            0.5
          ],
          "texture": "#missing"
        }
      }
    },
    {
      "from": [
        12.1,
        13,
        8.9
      ],
      "to": [
        12.1,
        15.7,
        12.1
      ],
      "rotation": {
        "angle": -22.5,
        "axis": "y",
        "origin": [
          12,
          14.5,
          8
        ]
      },
      "faces": {
        "north": {
          "uv": [
            0,
            0,
            0,
            6
          ],
          "texture": "#4"
        },
        "east": {
          "uv": [
            6,
            0,
            0,
            6
          ],
          "texture": "#4"
        },
        "south": {
          "uv": [
            0,
            0,
            0,
            6
          ],
          "texture": "#4"
        },
        "west": {
          "uv": [
            6,
            0,
            0,
            6
          ],
          "texture": "#4"
        },
        "up": {
          "uv": [
            0,
            0,
            0,
            6
          ],
          "texture": "#4"
        },
        "down": {
          "uv": [
            0,
            6,
            0,
            0
          ],
          "texture": "#4"
        }
      }
    },
    {
      "from": [
        12.1,
        13,
        3.9
      ],
      "to": [
        12.1,
        15.7,
        7.1
      ],
      "rotation": {
        "angle": 22.5,
        "axis": "y",
        "origin": [
          12,
          14.5,
          8
        ]
      },
      "faces": {
        "north": {
          "uv": [
            0,
            0,
            0,
            6
          ],
          "texture": "#4"
        },
        "east": {
          "uv": [
            0,
            0,
            6,
            6
          ],
          "texture": "#4"
        },
        "south": {
          "uv": [
            0,
            0,
            0,
            6
          ],
          "texture": "#4"
        },
        "west": {
          "uv": [
            6,
            0,
            0,
            6
          ],
          "texture": "#4"
        },
        "up": {
          "uv": [
            0,
            6,
            0,
            0
          ],
          "texture": "#4"
        },
        "down": {
          "uv": [
            0,
            0,
            0,
            6
          ],
          "texture": "#4"
        }
      }
    },
    {
      "from": [
        12,
        8,
        2
      ],
      "to": [
        12,
        20,
        8
      ],
      "rotation": {
        "angle": 22.5,
        "axis": "y",
        "origin": [
          12,
          14.5,
          8
        ]
      },
      "faces": {
        "north": {
          "uv": [
            0,
            0,
            0,
            120
          ],
          "texture": "#missing"
        },
        "east": {
          "uv": [
            14.5,
            0,
            15.25,
            1.875
          ],
          "texture": "#0"
        },
        "south": {
          "uv": [
            0,
            0,
            0,
            120
          ],
          "texture": "#missing"
        },
        "west": {
          "uv": [
            15.25,
            0,
            14.5,
            1.875
          ],
          "texture": "#0"
        },
        "up": {
          "uv": [
            0,
            0,
            0,
            48
          ],
          "texture": "#missing"
        },
        "down": {
          "uv": [
            0,
            0,
            0,
            48
          ],
          "texture": "#missing"
        }
      }
    },
    {
      "from": [
        12,
        8,
        8
      ],
      "to": [
        12,
        20,
        14
      ],
      "rotation": {
        "angle": -22.5,
        "axis": "y",
        "origin": [
          12,
          14.5,
          8
        ]
      },
      "faces": {
        "north": {
          "uv": [
            0,
            0,
            0,
            120
          ],
          "texture": "#missing"
        },
        "east": {
          "uv": [
            13.75,
            0,
            14.5,
            1.875
          ],
          "texture": "#0"
        },
        "south": {
          "uv": [
            0,
            0,
            0,
            120
          ],
          "texture": "#missing"
        },
        "west": {
          "uv": [
            14.5,
            0,
            13.75,
            1.875
          ],
          "texture": "#0"
        },
        "up": {
          "uv": [
            0,
            0,
            0,
            48
          ],
          "texture": "#missing"
        },
        "down": {
          "uv": [
            0,
            0,
            0,
            48
          ],
          "texture": "#missing"
        }
      }
    },
    {
      "from": [
        3.9,
        13,
        8.9
      ],
      "to": [
        3.9,
        15.7,
        12.1
      ],
      "rotation": {
        "angle": 22.5,
        "axis": "y",
        "origin": [
          4,
          14.5,
          8
        ]
      },
      "faces": {
        "north": {
          "uv": [
            0,
            0,
            0,
            6
          ],
          "texture": "#4"
        },
        "east": {
          "uv": [
            0,
            0,
            6,
            6
          ],
          "texture": "#4"
        },
        "south": {
          "uv": [
            0,
            0,
            0,
            6
          ],
          "texture": "#4"
        },
        "west": {
          "uv": [
            0,
            0,
            6,
            6
          ],
          "texture": "#4"
        },
        "up": {
          "uv": [
            0,
            0,
            0,
            6
          ],
          "texture": "#4"
        },
        "down": {
          "uv": [
            0,
            6,
            0,
            0
          ],
          "texture": "#4"
        }
      }
    },
    {
      "from": [
        3.9,
        13,
        3.9
      ],
      "to": [
        3.9,
        15.7,
        7.1
      ],
      "rotation": {
        "angle": -22.5,
        "axis": "y",
        "origin": [
          4,
          14.5,
          8
        ]
      },
      "faces": {
        "north": {
          "uv": [
            0,
            0,
            0,
            6
          ],
          "texture": "#4"
        },
        "east": {
          "uv": [
            0,
            0,
            6,
            6
          ],
          "texture": "#4"
        },
        "south": {
          "uv": [
            0,
            0,
            0,
            6
          ],
          "texture": "#4"
        },
        "west": {
          "uv": [
            6,
            0,
            0,
            6
          ],
          "texture": "#4"
        },
        "up": {
          "uv": [
            0,
            6,
            0,
            0
          ],
          "texture": "#4"
        },
        "down": {
          "uv": [
            0,
            0,
            0,
            6
          ],
          "texture": "#4"
        }
      }
    },
    {
      "from": [
        4,
        8,
        2
      ],
      "to": [
        4,
        20,
        8
      ],
      "rotation": {
        "angle": -22.5,
        "axis": "y",
        "origin": [
          4,
          14.5,
          8
        ]
      },
      "faces": {
        "north": {
          "uv": [
            0,
            0,
            0,
            120
          ],
          "texture": "#missing"
        },
        "east": {
          "uv": [
            14.5,
            0,
            15.25,
            1.875
          ],
          "texture": "#0"
        },
        "south": {
          "uv": [
            0,
            0,
            0,
            120
          ],
          "texture": "#missing"
        },
        "west": {
          "uv": [
            15.25,
            0,
            14.5,
            1.875
          ],
          "texture": "#0"
        },
        "up": {
          "uv": [
            0,
            0,
            0,
            48
          ],
          "texture": "#missing"
        },
        "down": {
          "uv": [
            0,
            0,
            0,
            48
          ],
          "texture": "#missing"
        }
      }
    },
    {
      "from": [
        4,
        8,
        8
      ],
      "to": [
        4,
        20,
        14
      ],
      "rotation": {
        "angle": 22.5,
        "axis": "y",
        "origin": [
          4,
          14.5,
          8
        ]
      },
      "faces": {
        "north": {
          "uv": [
            0,
            0,
            0,
            120
          ],
          "texture": "#missing"
        },
        "east": {
          "uv": [
            13.75,
            0,
            14.5,
            1.875
          ],
          "texture": "#0"
        },
        "south": {
          "uv": [
            0,
            0,
            0,
            120
          ],
          "texture": "#missing"
        },
        "west": {
          "uv": [
            14.5,
            0,
            13.75,
            1.875
          ],
          "texture": "#0"
        },
        "up": {
          "uv": [
            0,
            0,
            0,
            48
          ],
          "texture": "#missing"
        },
        "down": {
          "uv": [
            0,
            0,
            0,
            48
          ],
          "texture": "#missing"
        }
      }
    },
    {
      "from": [
        7.25,
        12.5,
        8
      ],
      "to": [
        8.75,
        15,
        10
      ],
      "rotation": {
        "angle": -22.5,
        "axis": "x",
        "origin": [
          8,
          16,
          9.5
        ]
      },
      "faces": {
        "north": {
          "uv": [
            2.125,
            0.5625,
            2.3125,
            0.25
          ],
          "texture": "#0"
        },
        "east": {
          "uv": [
            1.875,
            0.5625,
            2.125,
            0.25
          ],
          "texture": "#0"
        },
        "south": {
          "uv": [
            2.125,
            0.5625,
            2.3125,
            0.25
          ],
          "texture": "#0"
        },
        "west": {
          "uv": [
            1.875,
            0.5625,
            2.125,
            0.25
          ],
          "texture": "#0"
        },
        "up": {
          "uv": [
            2.0625,
            0.25,
            2.25,
            0
          ],
          "texture": "#0"
        },
        "down": {
          "uv": [
            2.0625,
            0.25,
            2.25,
            0
          ],
          "texture": "#0"
        }
      }
    },
    {
      "from": [
        7.25,
        12.5,
        6
      ],
      "to": [
        8.75,
        15,
        8
      ],
      "rotation": {
        "angle": 22.5,
        "axis": "x",
        "origin": [
          8,
          16,
          6.5
        ]
      },
      "faces": {
        "north": {
          "uv": [
            2.3125,
            0.5625,
            2.125,
            0.25
          ],
          "texture": "#0"
        },
        "east": {
          "uv": [
            2.125,
            0.5625,
            1.875,
            0.25
          ],
          "texture": "#0"
        },
        "south": {
          "uv": [
            2.3125,
            0.5625,
            2.125,
            0.25
          ],
          "texture": "#0"
        },
        "west": {
          "uv": [
            2.125,
            0.5625,
            1.875,
            0.25
          ],
          "texture": "#0"
        },
        "up": {
          "uv": [
            2.0625,
            0,
            2.25,
            0.25
          ],
          "texture": "#0"
        },
        "down": {
          "uv": [
            2.0625,
            0,
            2.25,
            0.25
          ],
          "texture": "#0"
        }
      }
    },
    {
      "from": [
        8,
        2.5,
        9.7
      ],
      "to": [
        8,
        6.5,
        13.7
      ],
      "rotation": {
        "angle": 0,
        "axis": "y",
        "origin": [
          8,
          19,
          8
        ]
      },
      "faces": {
        "north": {
          "uv": [
            0,
            0.5,
            0,
            0
          ],
          "rotation": 180,
          "texture": "#missing"
        },
        "east": {
          "uv": [
            1.625,
            1.4375,
            2.125,
            1.9375
          ],
          "rotation": 270,
          "texture": "#0"
        },
        "south": {
          "uv": [
            0,
            0.5,
            0,
            0
          ],
          "texture": "#missing"
        },
        "west": {
          "uv": [
            2.125,
            1.4375,
            1.625,
            1.9375
          ],
          "rotation": 90,
          "texture": "#0"
        },
        "up": {
          "uv": [
            0,
            0,
            0,
            0.5
          ],
          "rotation": 180,
          "texture": "#0"
        },
        "down": {
          "uv": [
            0,
            0,
            0,
            0.5
          ],
          "texture": "#missing"
        }
      }
    },
    {
      "from": [
        8,
        6.5,
        9.7
      ],
      "to": [
        8,
        10.5,
        13.7
      ],
      "rotation": {
        "angle": 0,
        "axis": "y",
        "origin": [
          8,
          19,
          8
        ]
      },
      "faces": {
        "north": {
          "uv": [
            0,
            0,
            0,
            0.5
          ],
          "rotation": 180,
          "texture": "#missing"
        },
        "east": {
          "uv": [
            2.125,
            1.4375,
            1.625,
            1.9375
          ],
          "rotation": 270,
          "texture": "#0"
        },
        "south": {
          "uv": [
            0,
            0,
            0,
            0.5
          ],
          "texture": "#missing"
        },
        "west": {
          "uv": [
            1.625,
            1.4375,
            2.125,
            1.9375
          ],
          "rotation": 90,
          "texture": "#0"
        },
        "up": {
          "uv": [
            0,
            0,
            0,
            0.5
          ],
          "rotation": 180,
          "texture": "#missing"
        },
        "down": {
          "uv": [
            0,
            0,
            0,
            0.5
          ],
          "texture": "#0"
        }
      }
    },
    {
      "from": [
        8,
        26,
        3
      ],
      "to": [
        8,
        30,
        7
      ],
      "rotation": {
        "angle": 0,
        "axis": "y",
        "origin": [
          8,
          19,
          8
        ]
      },
      "faces": {
        "north": {
          "uv": [
            0,
            0,
            0,
            0.5
          ],
          "texture": "#missing"
        },
        "east": {
          "uv": [
            2.125,
            1.4375,
            1.625,
            1.9375
          ],
          "texture": "#0"
        },
        "south": {
          "uv": [
            0,
            0,
            0,
            0.5
          ],
          "texture": "#0"
        },
        "west": {
          "uv": [
            1.625,
            1.4375,
            2.125,
            1.9375
          ],
          "texture": "#0"
        },
        "up": {
          "uv": [
            0,
            0,
            0,
            0.5
          ],
          "texture": "#missing"
        },
        "down": {
          "uv": [
            0,
            0,
            0,
            0.5
          ],
          "texture": "#missing"
        }
      }
    },
    {
      "from": [
        8,
        26,
        9
      ],
      "to": [
        8,
        30,
        13
      ],
      "rotation": {
        "angle": 0,
        "axis": "y",
        "origin": [
          8,
          19,
          8
        ]
      },
      "faces": {
        "north": {
          "uv": [
            0,
            0,
            0,
            0.5
          ],
          "texture": "#0"
        },
        "east": {
          "uv": [
            1.625,
            1.4375,
            2.125,
            1.9375
          ],
          "texture": "#0"
        },
        "south": {
          "uv": [
            0,
            0,
            0,
            0.5
          ],
          "texture": "#missing"
        },
        "west": {
          "uv": [
            2.125,
            1.4375,
            1.625,
            1.9375
          ],
          "texture": "#0"
        },
        "up": {
          "uv": [
            0,
            0.5,
            0,
            0
          ],
          "texture": "#missing"
        },
        "down": {
          "uv": [
            0,
            0.5,
            0,
            0
          ],
          "texture": "#missing"
        }
      }
    },
    {
      "from": [
        8,
        20,
        9
      ],
      "to": [
        8,
        24,
        13
      ],
      "rotation": {
        "angle": 0,
        "axis": "y",
        "origin": [
          8,
          -3,
          8
        ]
      },
      "faces": {
        "north": {
          "uv": [
            0,
            0.5,
            0,
            0
          ],
          "texture": "#0"
        },
        "east": {
          "uv": [
            1.625,
            1.9375,
            2.125,
            1.4375
          ],
          "texture": "#0"
        },
        "south": {
          "uv": [
            0,
            0.5,
            0,
            0
          ],
          "texture": "#missing"
        },
        "west": {
          "uv": [
            2.125,
            1.9375,
            1.625,
            1.4375
          ],
          "texture": "#0"
        },
        "up": {
          "uv": [
            0,
            0,
            0,
            0.5
          ],
          "texture": "#missing"
        },
        "down": {
          "uv": [
            0,
            0,
            0,
            0.5
          ],
          "texture": "#missing"
        }
      }
    },
    {
      "from": [
        8,
        20,
        3
      ],
      "to": [
        8,
        24,
        7
      ],
      "rotation": {
        "angle": 0,
        "axis": "y",
        "origin": [
          8,
          -3,
          8
        ]
      },
      "faces": {
        "north": {
          "uv": [
            0,
            0.5,
            0,
            0
          ],
          "texture": "#missing"
        },
        "east": {
          "uv": [
            2.125,
            1.9375,
            1.625,
            1.4375
          ],
          "texture": "#0"
        },
        "south": {
          "uv": [
            0,
            0.5,
            0,
            0
          ],
          "texture": "#0"
        },
        "west": {
          "uv": [
            1.625,
            1.9375,
            2.125,
            1.4375
          ],
          "texture": "#0"
        },
        "up": {
          "uv": [
            0,
            0.5,
            0,
            0
          ],
          "texture": "#missing"
        },
        "down": {
          "uv": [
            0,
            0.5,
            0,
            0
          ],
          "texture": "#missing"
        }
      }
    },
    {
      "from": [
        9,
        18,
        10
      ],
      "to": [
        9,
        28,
        20
      ],
      "rotation": {
        "angle": 0,
        "axis": "y",
        "origin": [
          16,
          1,
          0
        ]
      },
      "faces": {
        "north": {
          "uv": [
            0.5,
            1,
            0.5,
            11
          ],
          "texture": "#2"
        },
        "east": {
          "uv": [
            10.5,
            1,
            0.5,
            11
          ],
          "texture": "#2"
        },
        "south": {
          "uv": [
            0.5,
            1,
            0.5,
            11
          ],
          "texture": "#2"
        },
        "west": {
          "uv": [
            10.5,
            1,
            0.5,
            11
          ],
          "texture": "#2"
        },
        "up": {
          "uv": [
            0.5,
            11,
            0.5,
            1
          ],
          "texture": "#2"
        },
        "down": {
          "uv": [
            0.5,
            1,
            0.5,
            11
          ],
          "texture": "#2"
        }
      }
    },
    {
      "from": [
        7,
        7,
        -5
      ],
      "to": [
        7,
        17,
        5
      ],
      "rotation": {
        "angle": 0,
        "axis": "y",
        "origin": [
          0,
          1,
          0
        ]
      },
      "faces": {
        "north": {
          "uv": [
            0,
            0,
            0,
            12
          ],
          "texture": "#2"
        },
        "east": {
          "uv": [
            0.5,
            1,
            10.5,
            11
          ],
          "texture": "#2"
        },
        "south": {
          "uv": [
            0,
            0,
            0,
            12
          ],
          "texture": "#2"
        },
        "west": {
          "uv": [
            0.5,
            1,
            10.5,
            11
          ],
          "texture": "#2"
        },
        "up": {
          "uv": [
            0,
            12,
            0,
            0
          ],
          "texture": "#2"
        },
        "down": {
          "uv": [
            0,
            0,
            0,
            12
          ],
          "texture": "#2"
        }
      }
    },
    {
      "from": [
        7,
        6,
        9
      ],
      "to": [
        7,
        14,
        17
      ],
      "rotation": {
        "angle": 0,
        "axis": "y",
        "origin": [
          0,
          1,
          0
        ]
      },
      "faces": {
        "north": {
          "uv": [
            0,
            0,
            0,
            16
          ],
          "texture": "#3"
        },
        "east": {
          "uv": [
            0,
            0,
            16,
            16
          ],
          "texture": "#3"
        },
        "south": {
          "uv": [
            0,
            0,
            0,
            16
          ],
          "texture": "#3"
        },
        "west": {
          "uv": [
            0,
            0,
            16,
            16
          ],
          "texture": "#3"
        },
        "up": {
          "uv": [
            0,
            16,
            0,
            0
          ],
          "texture": "#3"
        },
        "down": {
          "uv": [
            0,
            0,
            0,
            16
          ],
          "texture": "#3"
        }
      }
    },
    {
      "from": [
        7.4,
        10.5,
        4.5
      ],
      "to": [
        8.4,
        11.5,
        5.5
      ],
      "rotation": {
        "angle": 0,
        "axis": "y",
        "origin": [
          0,
          -2,
          0
        ]
      },
      "faces": {
        "north": {
          "uv": [
            2.1875,
            1,
            2.0625,
            1.125
          ],
          "texture": "#0"
        },
        "east": {
          "uv": [
            2.0625,
            1,
            2.1875,
            1.125
          ],
          "texture": "#0"
        },
        "south": {
          "uv": [
            2.1875,
            1,
            2.0625,
            1.125
          ],
          "texture": "#0"
        },
        "west": {
          "uv": [
            2.0625,
            1,
            2.1875,
            1.125
          ],
          "texture": "#0"
        },
        "up": {
          "uv": [
            2.0625,
            0.875,
            2.1875,
            1
          ],
          "texture": "#0"
        },
        "down": {
          "uv": [
            2.0625,
            0.875,
            2.1875,
            1
          ],
          "texture": "#0"
        }
      }
    },
    {
      "from": [
        7.9,
        7,
        3.75
      ],
      "to": [
        7.9,
        13,
        5.75
      ],
      "rotation": {
        "angle": 0,
        "axis": "y",
        "origin": [
          8,
          -9.75,
          8
        ]
      },
      "faces": {
        "north": {
          "uv": [
            1.0625,
            1.1875,
            1.0625,
            1.9375
          ],
          "texture": "#0"
        },
        "east": {
          "uv": [
            1.5625,
            1.5625,
            1.3125,
            2.3125
          ],
          "texture": "#0"
        },
        "south": {
          "uv": [
            1.0625,
            1.1875,
            1.0625,
            1.9375
          ],
          "texture": "#0"
        },
        "west": {
          "uv": [
            1.3125,
            1.5625,
            1.5625,
            2.3125
          ],
          "texture": "#0"
        },
        "up": {
          "uv": [
            1.0625,
            1.1875,
            1.0625,
            1.4375
          ],
          "texture": "#0"
        },
        "down": {
          "uv": [
            1.0625,
            1.1875,
            1.0625,
            1.4375
          ],
          "texture": "#0"
        }
      }
    },
    {
      "from": [
        7.4,
        9.1,
        4.5
      ],
      "to": [
        8.4,
        9.6,
        5.5
      ],
      "rotation": {
        "angle": 0,
        "axis": "y",
        "origin": [
          0,
          -2,
          0
        ]
      },
      "faces": {
        "north": {
          "uv": [
            2.1875,
            0.6875,
            2.0625,
            0.75
          ],
          "texture": "#0"
        },
        "east": {
          "uv": [
            2.0625,
            0.6875,
            2.1875,
            0.75
          ],
          "texture": "#0"
        },
        "south": {
          "uv": [
            2.1875,
            0.6875,
            2.0625,
            0.75
          ],
          "texture": "#0"
        },
        "west": {
          "uv": [
            2.0625,
            0.6875,
            2.1875,
            0.75
          ],
          "texture": "#0"
        },
        "up": {
          "uv": [
            2.0625,
            0.75,
            2.1875,
            0.875
          ],
          "texture": "#0"
        },
        "down": {
          "uv": [
            2.0625,
            0.75,
            2.1875,
            0.875
          ],
          "texture": "#0"
        }
      }
    },
    {
      "from": [
        8,
        22,
        5.5
      ],
      "to": [
        8,
        27,
        10.5
      ],
      "rotation": {
        "angle": 22.5,
        "axis": "y",
        "origin": [
          8,
          24.5,
          8
        ]
      },
      "faces": {
        "north": {
          "uv": [
            0,
            0,
            0,
            0.625
          ],
          "texture": "#missing"
        },
        "east": {
          "uv": [
            7.3125,
            4.875,
            6.6875,
            5.5
          ],
          "texture": "#0"
        },
        "south": {
          "uv": [
            0,
            0,
            0,
            0.625
          ],
          "texture": "#missing"
        },
        "west": {
          "uv": [
            6.6875,
            4.875,
            7.3125,
            5.5
          ],
          "texture": "#0"
        },
        "up": {
          "uv": [
            0,
            0,
            0,
            0.625
          ],
          "texture": "#missing"
        },
        "down": {
          "uv": [
            0,
            0,
            0,
            0.625
          ],
          "texture": "#missing"
        }
      }
    },
    {
      "from": [
        8,
        22,
        5.5
      ],
      "to": [
        8,
        27,
        10.5
      ],
      "rotation": {
        "angle": -22.5,
        "axis": "y",
        "origin": [
          8,
          24.5,
          8
        ]
      },
      "faces": {
        "north": {
          "uv": [
            0,
            0,
            0,
            0.625
          ],
          "texture": "#missing"
        },
        "east": {
          "uv": [
            7.3125,
            4.875,
            6.6875,
            5.5
          ],
          "texture": "#0"
        },
        "south": {
          "uv": [
            0,
            0,
            0,
            0.625
          ],
          "texture": "#missing"
        },
        "west": {
          "uv": [
            6.6875,
            4.875,
            7.3125,
            5.5
          ],
          "texture": "#0"
        },
        "up": {
          "uv": [
            0,
            0,
            0,
            0.625
          ],
          "texture": "#missing"
        },
        "down": {
          "uv": [
            0,
            0,
            0,
            0.625
          ],
          "texture": "#missing"
        }
      }
    }
  ],
  "gui_light": "front",
  "display": {
    "thirdperson_righthand": {
      "translation": [
        0,
        6.5,
        1.75
      ],
      "scale": [
        0.7,
        0.7,
        0.7
      ]
    },
    "thirdperson_lefthand": {
      "translation": [
        0,
        6.5,
        1.75
      ],
      "scale": [
        0.7,
        0.7,
        0.7
      ]
    },
    "firstperson_righthand": {
      "rotation": [
        -10,
        0,
        0
      ],
      "translation": [
        1.25,
        6,
        0
      ],
      "scale": [
        0.6,
        0.6,
        0.6
      ]
    },
    "firstperson_lefthand": {
      "rotation": [
        -10,
        0,
        0
      ],
      "translation": [
        1.25,
        6,
        0
      ],
      "scale": [
        0.6,
        0.6,
        0.6
      ]
    },
    "ground": {
      "rotation": [
        0,
        0,
        88
      ],
      "translation": [
        -2,
        2.5,
        0.25
      ],
      "scale": [
        0.45,
        0.45,
        0.45
      ]
    },
    "gui": {
      "rotation": [
        -90,
        -135,
        -90
      ],
      "translation": [
        -0.5,
        0.25,
        -1.5
      ],
      "scale": [
        0.5,
        0.5,
        0.5
      ]
    },
    "head": {
      "rotation": [
        90,
        -156,
        90
      ],
      "translation": [
        1,
        10.5,
        1.75
      ],
      "scale": [
        0.6,
        0.6,
        0.6
      ]
    },
    "fixed": {
      "rotation": [
        -90,
        -90,
        -90
      ],
      "translation": [
        0,
        5.5,
        0.25
      ],
      "scale": [
        1.2,
        1.2,
        1.2
      ]
    }
  },
  "groups": [
    0,
    1,
    2,
    3,
    4,
    5,
    6,
    7,
    8,
    9,
    10,
    11,
    12,
    13,
    14,
    15,
    16,
    17,
    18,
    19,
    20,
    21,
    22,
    23,
    24,
    25,
    26,
    {
      "name": "group",
      "origin": [
        4,
        16.5,
        8
      ],
      "color": 0,
      "boneType": "",
      "children": []
    },
    27,
    28,
    29,
    30,
    31,
    32,
    33,
    34,
    35,
    36,
    37,
    38,
    39,
    40,
    41,
    42,
    43,
    44,
    45,
    46,
    47,
    48,
    49,
    50,
    51,
    52,
    53,
    54
  ]
}