{
  "credit": "Made with Blockbench",
  "texture_size": [
    32,
    32
  ],
  "textures": {
    "1": "must_have_props:flower_1"
  },
  "elements": [
    {
      "from": [
        -1,
        0,
        8
      ],
      "to": [
        17,
        16,
        8
      ],
      "rotation": {
        "angle": -45,
        "axis": "y",
        "origin": [
          8,
          8,
          8
        ]
      },
      "faces": {
        "north": {
          "uv": [
            0,
            0,
            8,
            8
          ],
          "texture": "#1"
        },
        "east": {
          "uv": [
            0,
            0,
            0,
            8
          ],
          "texture": "#1"
        },
        "south": {
          "uv": [
            0,
            8,
            8,
            16
          ],
          "texture": "#1"
        },
        "west": {
          "uv": [
            0,
            0,
            0,
            8
          ],
          "texture": "#1"
        },
        "up": {
          "uv": [
            8,
            0,
            0,
            0
          ],
          "texture": "#1"
        },
        "down": {
          "uv": [
            8,
            0,
            0,
            0
          ],
          "texture": "#1"
        }
      }
    },
    {
      "from": [
        8,
        0,
        -1
      ],
      "to": [
        8,
        16,
        17
      ],
      "rotation": {
        "angle": -45,
        "axis": "y",
        "origin": [
          8,
          8,
          8
        ]
      },
      "faces": {
        "north": {
          "uv": [
            0,
            0,
            0,
            8
          ],
          "texture": "#1"
        },
        "east": {
          "uv": [
            0,
            8,
            8,
            16
          ],
          "texture": "#1"
        },
        "south": {
          "uv": [
            0,
            0,
            0,
            8
          ],
          "texture": "#1"
        },
        "west": {
          "uv": [
            0,
            0,
            8,
            8
          ],
          "texture": "#1"
        },
        "up": {
          "uv": [
            8,
            0,
            0,
            0
          ],
          "rotation": 270,
          "texture": "#1"
        },
        "down": {
          "uv": [
            8,
            0,
            0,
            0
          ],
          "rotation": 90,
          "texture": "#1"
        }
      }
    }
  ],
  "display": {
    "thirdperson_righthand": {
      "rotation": [
        -180,
        83.25,
        -180
      ],
      "translation": [
        0,
        3.75,
        0
      ],
      "scale": [
        0.5,
        0.5,
        0.5
      ]
    },
    "thirdperson_lefthand": {
      "rotation": [
        -180,
        83.25,
        -180
      ],
      "translation": [
        0,
        3.75,
        0
      ],
      "scale": [
        0.5,
        0.5,
        0.5
      ]
    },
    "firstperson_righthand": {
      "rotation": [
        -180,
        83.25,
        -180
      ],
      "translation": [
        0,
        3.75,
        0
      ],
      "scale": [
        0.5,
        0.5,
        0.5
      ]
    },
    "firstperson_lefthand": {
      "rotation": [
        -180,
        83.25,
        -180
      ],
      "translation": [
        0,
        3.75,
        0
      ],
      "scale": [
        0.5,
        0.5,
        0.5
      ]
    },
    "ground": {
      "translation": [
        0,
        3,
        0
      ],
      "scale": [
        0.25,
        0.25,
        0.25
      ]
    },
    "gui": {
      "rotation": [
        -180,
        -45,
        180
      ]
    },
    "fixed": {
      "rotation": [
        -90,
        0,
        0
      ],
      "translation": [
        0,
        0,
        -16
      ],
      "scale": [
        2,
        2,
        2
      ]
    }
  }
}