{"credit":"Made with Blockbench","texture_size":[32,32],"textures":{"3":"must_have_props:glass_jar"},"elements":[{"from":[5.5,-0.001,5.5],"to":[10.5,4.999,5.5],"rotation":{"angle":0,"axis":"y","origin":[5.3,4.499,7.7005]},"faces":{"north":{"uv":[0,0,2.5,2.5],"texture":"#3"},"east":{"uv":[0,0,0,2.5],"texture":"#3"},"south":{"uv":[0,2.5,2.5,5],"texture":"#3"},"west":{"uv":[0,0,0,2.5],"texture":"#3"},"up":{"uv":[2.5,0,0,0],"texture":"#3"},"down":{"uv":[2.5,0,0,0],"texture":"#3"}}},{"from":[5.5,-0.001,5.5],"to":[10.5,-0.001,10.5],"rotation":{"angle":0,"axis":"y","origin":[5.3,4.499,7.7005]},"faces":{"north":{"uv":[0,0,2.5,0],"texture":"#3"},"east":{"uv":[0,0,2.5,0],"texture":"#3"},"south":{"uv":[0,0,2.5,0],"texture":"#3"},"west":{"uv":[0,0,2.5,0],"texture":"#3"},"up":{"uv":[5,2.5,2.5,0],"texture":"#3"},"down":{"uv":[5,2.5,2.5,5],"texture":"#3"}}},{"from":[5.5,4.999,5.5],"to":[10.5,4.999,10.5],"rotation":{"angle":0,"axis":"y","origin":[5.3,4.499,7.7005]},"faces":{"north":{"uv":[0,0,2.5,0],"texture":"#3"},"east":{"uv":[0,0,2.5,0],"texture":"#3"},"south":{"uv":[0,0,2.5,0],"texture":"#3"},"west":{"uv":[0,0,2.5,0],"texture":"#3"},"up":{"uv":[2.5,7.5,0,5],"texture":"#3"},"down":{"uv":[7.5,0,5,2.5],"texture":"#3"}}},{"from":[6,4.999,6],"to":[10,5.999,6],"rotation":{"angle":0,"axis":"y","origin":[5.3,4.499,7.7005]},"faces":{"north":{"uv":[9.5,6.5,11.5,7],"texture":"#3"},"east":{"uv":[0,0,0,0.5],"texture":"#3"},"south":{"uv":[9.5,7,11.5,7.5],"texture":"#3"},"west":{"uv":[0,0,0,0.5],"texture":"#3"},"up":{"uv":[2,0,0,0],"texture":"#3"},"down":{"uv":[2,0,0,0],"texture":"#3"}}},{"from":[10.5,-0.001,5.501],"to":[10.5,4.999,10.501],"rotation":{"angle":0,"axis":"y","origin":[5.3,4.499,7.7005]},"faces":{"north":{"uv":[0,0,0,2.5],"texture":"#3"},"east":{"uv":[2.5,5,5,7.5],"texture":"#3"},"south":{"uv":[0,0,0,2.5],"texture":"#3"},"west":{"uv":[5,2.5,7.5,5],"texture":"#3"},"up":{"uv":[0,2.5,0,0],"texture":"#3"},"down":{"uv":[0,0,0,2.5],"texture":"#3"}}},{"from":[5.5,-0.001,10.5],"to":[10.5,4.999,10.5],"rotation":{"angle":0,"axis":"y","origin":[5.3,4.499,7.7005]},"faces":{"north":{"uv":[5,5,7.5,7.5],"texture":"#3"},"east":{"uv":[0,0,0,2.5],"texture":"#3"},"south":{"uv":[0,7.5,2.5,10],"texture":"#3"},"west":{"uv":[0,0,0,2.5],"texture":"#3"},"up":{"uv":[2.5,0,0,0],"texture":"#3"},"down":{"uv":[2.5,0,0,0],"texture":"#3"}}},{"from":[5.5,-0.001,5.501],"to":[5.5,4.999,10.501],"rotation":{"angle":0,"axis":"y","origin":[5.3,4.499,7.7005]},"faces":{"north":{"uv":[0,0,0,2.5],"texture":"#3"},"east":{"uv":[7.5,0,10,2.5],"texture":"#3"},"south":{"uv":[0,0,0,2.5],"texture":"#3"},"west":{"uv":[2.5,7.5,5,10],"texture":"#3"},"up":{"uv":[0,2.5,0,0],"texture":"#3"},"down":{"uv":[0,0,0,2.5],"texture":"#3"}}},{"from":[6,4.999,10],"to":[10,5.999,10],"rotation":{"angle":0,"axis":"y","origin":[5.3,4.499,7.7005]},"faces":{"north":{"uv":[7.5,9.5,9.5,10],"texture":"#3"},"east":{"uv":[0,0,0,0.5],"texture":"#3"},"south":{"uv":[9.5,7.5,11.5,8],"texture":"#3"},"west":{"uv":[0,0,0,0.5],"texture":"#3"},"up":{"uv":[2,0,0,0],"texture":"#3"},"down":{"uv":[2,0,0,0],"texture":"#3"}}},{"from":[10,4.999,6],"to":[10,5.999,10],"rotation":{"angle":0,"axis":"y","origin":[5.3,4.499,7.7005]},"faces":{"north":{"uv":[0,0,0,0.5],"texture":"#3"},"east":{"uv":[9.5,8,11.5,8.5],"texture":"#3"},"south":{"uv":[0,0,0,0.5],"texture":"#3"},"west":{"uv":[9.5,8.5,11.5,9],"texture":"#3"},"up":{"uv":[0,2,0,0],"texture":"#3"},"down":{"uv":[0,0,0,2],"texture":"#3"}}},{"from":[6,4.999,6],"to":[6,5.999,10],"rotation":{"angle":0,"axis":"y","origin":[5.3,4.499,7.7005]},"faces":{"north":{"uv":[0,0,0,0.5],"texture":"#3"},"east":{"uv":[9.5,9.5,11.5,10],"texture":"#3"},"south":{"uv":[0,0,0,0.5],"texture":"#3"},"west":{"uv":[0,10,2,10.5],"texture":"#3"},"up":{"uv":[0,2,0,0],"texture":"#3"},"down":{"uv":[0,0,0,2],"texture":"#3"}}},{"from":[6,5.999,6],"to":[10,5.999,10],"rotation":{"angle":0,"axis":"y","origin":[5.3,4.499,7.7005]},"faces":{"north":{"uv":[0,0,2,0],"texture":"#3"},"east":{"uv":[0,0,2,0],"texture":"#3"},"south":{"uv":[0,0,2,0],"texture":"#3"},"west":{"uv":[0,0,2,0],"texture":"#3"},"up":{"uv":[9.5,7,7.5,5],"texture":"#3"},"down":{"uv":[9.5,7,7.5,9],"texture":"#3"}}},{"from":[5.5,5.499,5.5],"to":[10.5,6.499,10.5],"rotation":{"angle":0,"axis":"y","origin":[5.3,4.499,7.7005]},"faces":{"north":{"uv":[7.5,9,10,9.5],"texture":"#3"},"east":{"uv":[9.5,5,12,5.5],"texture":"#3"},"south":{"uv":[9.5,5.5,12,6],"texture":"#3"},"west":{"uv":[9.5,6,12,6.5],"texture":"#3"},"up":{"uv":[10,5,7.5,2.5],"texture":"#3"},"down":{"uv":[7.5,7.5,5,10],"texture":"#3"}}}],"display":{"thirdperson_righthand":{"rotation":[75,45,0],"translation":[0,2.5,0],"scale":[0.375,0.375,0.375]},"thirdperson_lefthand":{"rotation":[75,45,0],"translation":[0,2.5,0],"scale":[0.375,0.375,0.375]},"firstperson_righthand":{"rotation":[0,45,0],"scale":[0.4,0.4,0.4]},"firstperson_lefthand":{"rotation":[0,225,0],"scale":[0.4,0.4,0.4]},"ground":{"translation":[0,3,0],"scale":[0.25,0.25,0.25]},"gui":{"rotation":[30,225,0],"scale":[0.625,0.625,0.625]},"fixed":{"rotation":[-90,0,0],"translation":[0,0,-16],"scale":[2,2,2]}},"groups":[{"name":"group","origin":[0,0,0],"color":0,"nbt":"{}","armAnimationEnabled":false,"children":[0,1,2,3,4,5,6,7,8,9,10,11]}]}