{"credit":"Made with Blockbench","texture_size":[32,32],"textures":{"2":"must_have_props:plate","particle":"must_have_props:plate"},"elements":[{"from":[4.5,0,4.5],"to":[11.5,1,11.5],"rotation":{"angle":0,"axis":"y","origin":[0,0,2]},"faces":{"north":{"uv":[5.5,2,9,2.5],"texture":"#2"},"east":{"uv":[5.5,2.5,9,3],"texture":"#2"},"south":{"uv":[5.5,3,9,3.5],"texture":"#2"},"west":{"uv":[5.5,3.5,9,4],"texture":"#2"},"up":{"uv":[3.5,3.5,0,0],"texture":"#2"},"down":{"uv":[3.5,3.5,0,7],"texture":"#2"}}},{"from":[11,0.5,4],"to":[12,1.5,12],"rotation":{"angle":0,"axis":"y","origin":[0,0,2]},"faces":{"north":{"uv":[3.5,5,4,5.5],"texture":"#2"},"east":{"uv":[3.5,0,7.5,0.5],"texture":"#2"},"south":{"uv":[4,5,4.5,5.5],"texture":"#2"},"west":{"uv":[3.5,0.5,7.5,1],"texture":"#2"},"up":{"uv":[4,5,3.5,1],"texture":"#2"},"down":{"uv":[4.5,1,4,5],"texture":"#2"}}},{"from":[4,0.5,4],"to":[5,1.5,12],"rotation":{"angle":0,"axis":"y","origin":[0,0,2]},"faces":{"north":{"uv":[3.5,5.5,4,6],"texture":"#2"},"east":{"uv":[4.5,1,8.5,1.5],"texture":"#2"},"south":{"uv":[4,5.5,4.5,6],"texture":"#2"},"west":{"uv":[4.5,1.5,8.5,2],"texture":"#2"},"up":{"uv":[5,6,4.5,2],"texture":"#2"},"down":{"uv":[5.5,2,5,6],"texture":"#2"}}},{"from":[5,0.5,4],"to":[11,1.5,5],"rotation":{"angle":0,"axis":"y","origin":[0,0,2]},"faces":{"north":{"uv":[5.5,4,8.5,4.5],"texture":"#2"},"east":{"uv":[0,7,0.5,7.5],"texture":"#2"},"south":{"uv":[5.5,4.5,8.5,5],"texture":"#2"},"west":{"uv":[0.5,7,1,7.5],"texture":"#2"},"up":{"uv":[8.5,5.5,5.5,5],"texture":"#2"},"down":{"uv":[8.5,5.5,5.5,6],"texture":"#2"}}},{"from":[5,0.5,11],"to":[11,1.5,12],"rotation":{"angle":0,"axis":"y","origin":[0,0,2]},"faces":{"north":{"uv":[3.5,6,6.5,6.5],"texture":"#2"},"east":{"uv":[1,7,1.5,7.5],"texture":"#2"},"south":{"uv":[3.5,6.5,6.5,7],"texture":"#2"},"west":{"uv":[1.5,7,2,7.5],"texture":"#2"},"up":{"uv":[9.5,6.5,6.5,6],"texture":"#2"},"down":{"uv":[9.5,6.5,6.5,7],"texture":"#2"}}},{"from":[4.5,1,4.5],"to":[11.5,2,11.5],"rotation":{"angle":22.5,"axis":"y","origin":[8,1.75,8]},"faces":{"north":{"uv":[5.5,2,9,2.5],"texture":"#2"},"east":{"uv":[5.5,2.5,9,3],"texture":"#2"},"south":{"uv":[5.5,3,9,3.5],"texture":"#2"},"west":{"uv":[5.5,3.5,9,4],"texture":"#2"},"up":{"uv":[3.5,3.5,0,0],"texture":"#2"},"down":{"uv":[3.5,3.5,0,7],"texture":"#2"}}},{"from":[11,1.5,4],"to":[12,2.5,12],"rotation":{"angle":22.5,"axis":"y","origin":[8,1.75,8]},"faces":{"north":{"uv":[3.5,5,4,5.5],"texture":"#2"},"east":{"uv":[3.5,0,7.5,0.5],"texture":"#2"},"south":{"uv":[4,5,4.5,5.5],"texture":"#2"},"west":{"uv":[3.5,0.5,7.5,1],"texture":"#2"},"up":{"uv":[4,5,3.5,1],"texture":"#2"},"down":{"uv":[4.5,1,4,5],"texture":"#2"}}},{"from":[4,1.5,4],"to":[5,2.5,12],"rotation":{"angle":22.5,"axis":"y","origin":[8,1.75,8]},"faces":{"north":{"uv":[3.5,5.5,4,6],"texture":"#2"},"east":{"uv":[4.5,1,8.5,1.5],"texture":"#2"},"south":{"uv":[4,5.5,4.5,6],"texture":"#2"},"west":{"uv":[4.5,1.5,8.5,2],"texture":"#2"},"up":{"uv":[5,6,4.5,2],"texture":"#2"},"down":{"uv":[5.5,2,5,6],"texture":"#2"}}},{"from":[5,1.5,4],"to":[11,2.5,5],"rotation":{"angle":22.5,"axis":"y","origin":[8,1.75,8]},"faces":{"north":{"uv":[5.5,4,8.5,4.5],"texture":"#2"},"east":{"uv":[0,7,0.5,7.5],"texture":"#2"},"south":{"uv":[5.5,4.5,8.5,5],"texture":"#2"},"west":{"uv":[0.5,7,1,7.5],"texture":"#2"},"up":{"uv":[8.5,5.5,5.5,5],"texture":"#2"},"down":{"uv":[8.5,5.5,5.5,6],"texture":"#2"}}},{"from":[5,1.5,11],"to":[11,2.5,12],"rotation":{"angle":22.5,"axis":"y","origin":[8,1.75,8]},"faces":{"north":{"uv":[3.5,6,6.5,6.5],"texture":"#2"},"east":{"uv":[1,7,1.5,7.5],"texture":"#2"},"south":{"uv":[3.5,6.5,6.5,7],"texture":"#2"},"west":{"uv":[1.5,7,2,7.5],"texture":"#2"},"up":{"uv":[9.5,6.5,6.5,6],"texture":"#2"},"down":{"uv":[9.5,6.5,6.5,7],"texture":"#2"}}},{"from":[4.5,2,4.5],"to":[11.5,3,11.5],"rotation":{"angle":0,"axis":"y","origin":[0,0,2]},"faces":{"north":{"uv":[5.5,2,9,2.5],"texture":"#2"},"east":{"uv":[5.5,2.5,9,3],"texture":"#2"},"south":{"uv":[5.5,3,9,3.5],"texture":"#2"},"west":{"uv":[5.5,3.5,9,4],"texture":"#2"},"up":{"uv":[3.5,3.5,0,0],"texture":"#2"},"down":{"uv":[3.5,3.5,0,7],"texture":"#2"}}},{"from":[11,2.5,4],"to":[12,3.5,12],"rotation":{"angle":0,"axis":"y","origin":[0,0,2]},"faces":{"north":{"uv":[3.5,5,4,5.5],"texture":"#2"},"east":{"uv":[3.5,0,7.5,0.5],"texture":"#2"},"south":{"uv":[4,5,4.5,5.5],"texture":"#2"},"west":{"uv":[3.5,0.5,7.5,1],"texture":"#2"},"up":{"uv":[4,5,3.5,1],"texture":"#2"},"down":{"uv":[4.5,1,4,5],"texture":"#2"}}},{"from":[4,2.5,4],"to":[5,3.5,12],"rotation":{"angle":0,"axis":"y","origin":[0,0,2]},"faces":{"north":{"uv":[3.5,5.5,4,6],"texture":"#2"},"east":{"uv":[4.5,1,8.5,1.5],"texture":"#2"},"south":{"uv":[4,5.5,4.5,6],"texture":"#2"},"west":{"uv":[4.5,1.5,8.5,2],"texture":"#2"},"up":{"uv":[5,6,4.5,2],"texture":"#2"},"down":{"uv":[5.5,2,5,6],"texture":"#2"}}},{"from":[5,2.5,4],"to":[11,3.5,5],"rotation":{"angle":0,"axis":"y","origin":[0,0,2]},"faces":{"north":{"uv":[5.5,4,8.5,4.5],"texture":"#2"},"east":{"uv":[0,7,0.5,7.5],"texture":"#2"},"south":{"uv":[5.5,4.5,8.5,5],"texture":"#2"},"west":{"uv":[0.5,7,1,7.5],"texture":"#2"},"up":{"uv":[8.5,5.5,5.5,5],"texture":"#2"},"down":{"uv":[8.5,5.5,5.5,6],"texture":"#2"}}},{"from":[5,2.5,11],"to":[11,3.5,12],"rotation":{"angle":0,"axis":"y","origin":[0,0,2]},"faces":{"north":{"uv":[3.5,6,6.5,6.5],"texture":"#2"},"east":{"uv":[1,7,1.5,7.5],"texture":"#2"},"south":{"uv":[3.5,6.5,6.5,7],"texture":"#2"},"west":{"uv":[1.5,7,2,7.5],"texture":"#2"},"up":{"uv":[9.5,6.5,6.5,6],"texture":"#2"},"down":{"uv":[9.5,6.5,6.5,7],"texture":"#2"}}},{"from":[4.5,3,4.5],"to":[11.5,4,11.5],"rotation":{"angle":-22.5,"axis":"y","origin":[8,3.75,8]},"faces":{"north":{"uv":[5.5,2,9,2.5],"texture":"#2"},"east":{"uv":[5.5,2.5,9,3],"texture":"#2"},"south":{"uv":[5.5,3,9,3.5],"texture":"#2"},"west":{"uv":[5.5,3.5,9,4],"texture":"#2"},"up":{"uv":[3.5,3.5,0,0],"texture":"#2"},"down":{"uv":[3.5,3.5,0,7],"texture":"#2"}}},{"from":[11,3.5,4],"to":[12,4.5,12],"rotation":{"angle":-22.5,"axis":"y","origin":[8,3.75,8]},"faces":{"north":{"uv":[3.5,5,4,5.5],"texture":"#2"},"east":{"uv":[3.5,0,7.5,0.5],"texture":"#2"},"south":{"uv":[4,5,4.5,5.5],"texture":"#2"},"west":{"uv":[3.5,0.5,7.5,1],"texture":"#2"},"up":{"uv":[4,5,3.5,1],"texture":"#2"},"down":{"uv":[4.5,1,4,5],"texture":"#2"}}},{"from":[4,3.5,4],"to":[5,4.5,12],"rotation":{"angle":-22.5,"axis":"y","origin":[8,3.75,8]},"faces":{"north":{"uv":[3.5,5.5,4,6],"texture":"#2"},"east":{"uv":[4.5,1,8.5,1.5],"texture":"#2"},"south":{"uv":[4,5.5,4.5,6],"texture":"#2"},"west":{"uv":[4.5,1.5,8.5,2],"texture":"#2"},"up":{"uv":[5,6,4.5,2],"texture":"#2"},"down":{"uv":[5.5,2,5,6],"texture":"#2"}}},{"from":[5,3.5,4],"to":[11,4.5,5],"rotation":{"angle":-22.5,"axis":"y","origin":[8,3.75,8]},"faces":{"north":{"uv":[5.5,4,8.5,4.5],"texture":"#2"},"east":{"uv":[0,7,0.5,7.5],"texture":"#2"},"south":{"uv":[5.5,4.5,8.5,5],"texture":"#2"},"west":{"uv":[0.5,7,1,7.5],"texture":"#2"},"up":{"uv":[8.5,5.5,5.5,5],"texture":"#2"},"down":{"uv":[8.5,5.5,5.5,6],"texture":"#2"}}},{"from":[5,3.5,11],"to":[11,4.5,12],"rotation":{"angle":-22.5,"axis":"y","origin":[8,3.75,8]},"faces":{"north":{"uv":[3.5,6,6.5,6.5],"texture":"#2"},"east":{"uv":[1,7,1.5,7.5],"texture":"#2"},"south":{"uv":[3.5,6.5,6.5,7],"texture":"#2"},"west":{"uv":[1.5,7,2,7.5],"texture":"#2"},"up":{"uv":[9.5,6.5,6.5,6],"texture":"#2"},"down":{"uv":[9.5,6.5,6.5,7],"texture":"#2"}}}],"display":{"thirdperson_righthand":{"rotation":[75,45,0],"translation":[0,2.5,0],"scale":[0.375,0.375,0.375]},"thirdperson_lefthand":{"rotation":[75,45,0],"translation":[0,2.5,0],"scale":[0.375,0.375,0.375]},"firstperson_righthand":{"rotation":[0,45,0],"scale":[0.4,0.4,0.4]},"firstperson_lefthand":{"rotation":[0,225,0],"scale":[0.4,0.4,0.4]},"ground":{"translation":[0,3,0],"scale":[0.25,0.25,0.25]},"gui":{"rotation":[30,225,0],"scale":[0.625,0.625,0.625]},"fixed":{"rotation":[-90,0,0],"translation":[0,0,-16],"scale":[2,2,2]}}}