{"credit":"Made with Blockbench","texture_size":[64,64],"textures":{"4":"must_have_props:study_mess"},"elements":[{"from":[-0.3009,0.2,11.68777],"to":[7.6991,0.2,17.68777],"rotation":{"angle":-22.5,"axis":"y","origin":[3.6991,0.2,14.68777]},"faces":{"north":{"uv":[0,0,2,0],"texture":"#4"},"east":{"uv":[0,0,1.5,0],"texture":"#4"},"south":{"uv":[0,0,2,0],"texture":"#4"},"west":{"uv":[0,0,1.5,0],"texture":"#4"},"up":{"uv":[8.25,3.5,6.25,2],"texture":"#4"},"down":{"uv":[3.75,7,1.75,8.5],"texture":"#4"}}},{"from":[7.61313,0.2,7.91761],"to":[15.61313,0.2,13.91761],"rotation":{"angle":45,"axis":"y","origin":[11.61313,0.2,10.91761]},"faces":{"north":{"uv":[0,0,2,0],"texture":"#4"},"east":{"uv":[0,0,1.5,0],"texture":"#4"},"south":{"uv":[0,0,2,0],"texture":"#4"},"west":{"uv":[0,0,1.5,0],"texture":"#4"},"up":{"uv":[9.25,5,7.25,3.5],"texture":"#4"},"down":{"uv":[5.75,7.25,3.75,8.75],"texture":"#4"}}},{"from":[1.22836,0.1,6.85195],"to":[9.22836,0.1,12.85195],"rotation":{"angle":22.5,"axis":"y","origin":[6.22836,0.1,10.85195]},"faces":{"north":{"uv":[0,0,2,0],"texture":"#4"},"east":{"uv":[0,0,1.5,0],"texture":"#4"},"south":{"uv":[0,0,2,0],"texture":"#4"},"west":{"uv":[0,0,1.5,0],"texture":"#4"},"up":{"uv":[7.75,8.75,5.75,7.25],"texture":"#4"},"down":{"uv":[9.5,5,7.5,6.5],"texture":"#4"}}},{"from":[6.37222,0.3,10.62986],"to":[14.37222,0.3,16.62986],"rotation":{"angle":-22.5,"axis":"y","origin":[10.37222,0.1,15.62986]},"faces":{"north":{"uv":[0,0,2,0],"texture":"#4"},"east":{"uv":[0,0,1.5,0],"texture":"#4"},"south":{"uv":[0,0,2,0],"texture":"#4"},"west":{"uv":[0,0,1.5,0],"texture":"#4"},"up":{"uv":[9.75,8,7.75,6.5],"texture":"#4"},"down":{"uv":[10,0,8,1.5],"texture":"#4"}}},{"from":[3.9,0.4,9],"to":[10.9,0.4,17],"rotation":{"angle":0,"axis":"y","origin":[9.15,0.7,13]},"faces":{"north":{"uv":[0,0,1.75,0],"texture":"#4"},"east":{"uv":[0,0,2,0],"texture":"#4"},"south":{"uv":[0,0,1.75,0],"texture":"#4"},"west":{"uv":[0,0,2,0],"texture":"#4"},"up":{"uv":[5.75,7.25,4,5.25],"texture":"#4"},"down":{"uv":[1.75,5.75,0,7.75],"texture":"#4"}}},{"from":[4.4,0.501,9.5],"to":[10.8,1.501,16.5],"rotation":{"angle":0,"axis":"y","origin":[9.15,0.7,13]},"faces":{"north":{"uv":[9.5,8,11,8.25],"texture":"#4"},"east":{"uv":[9.5,5.25,11.25,5.5],"texture":"#4"},"south":{"uv":[9.5,8.25,11,8.5],"texture":"#4"},"west":{"uv":[9.5,5.5,11.25,5.75],"texture":"#4"},"up":{"uv":[9.75,3.25,8.25,1.5],"texture":"#4"},"down":{"uv":[3.25,8.5,1.75,10.25],"texture":"#4"}}},{"from":[10.9,0.401,9],"to":[10.9,1.601,17],"rotation":{"angle":0,"axis":"y","origin":[9.15,0.7,13]},"faces":{"north":{"uv":[0,0,0,0.25],"texture":"#4"},"east":{"uv":[9.25,4.25,11.25,4.5],"texture":"#4"},"south":{"uv":[0,0,0,0.25],"texture":"#4"},"west":{"uv":[9.25,4.5,11.25,4.75],"texture":"#4"},"up":{"uv":[0,2,0,0],"texture":"#4"},"down":{"uv":[0,0,0,2],"texture":"#4"}}},{"from":[3.9,1.6,9],"to":[10.9,1.6,17],"rotation":{"angle":0,"axis":"y","origin":[9.15,0.7,13]},"faces":{"north":{"uv":[0,0,1.75,0],"texture":"#4"},"east":{"uv":[0,0,2,0],"texture":"#4"},"south":{"uv":[0,0,1.75,0],"texture":"#4"},"west":{"uv":[0,0,2,0],"texture":"#4"},"up":{"uv":[7.5,7.25,5.75,5.25],"texture":"#4"},"down":{"uv":[8,0,6.25,2],"texture":"#4"}}},{"from":[5.15,1.6,11.25],"to":[13.15,1.6,18.25],"rotation":{"angle":-22.5,"axis":"z","origin":[9.15,0.7,13]},"faces":{"north":{"uv":[0,0,2,0],"texture":"#4"},"east":{"uv":[0,0,1.75,0],"texture":"#4"},"south":{"uv":[0,0,2,0],"texture":"#4"},"west":{"uv":[0,0,1.75,0],"texture":"#4"},"up":{"uv":[5.25,5.25,3.25,3.5],"texture":"#4"},"down":{"uv":[2,4,0,5.75],"texture":"#4"}}},{"from":[5.65,1.701,11.35],"to":[12.65,2.701,17.75],"rotation":{"angle":-22.5,"axis":"z","origin":[9.15,0.7,13]},"faces":{"north":{"uv":[9.25,4.75,11,5],"texture":"#4"},"east":{"uv":[9.5,6.25,11,6.5],"texture":"#4"},"south":{"uv":[9.5,5,11.25,5.25],"texture":"#4"},"west":{"uv":[7.75,9.5,9.25,9.75],"texture":"#4"},"up":{"uv":[1.75,9.25,0,7.75],"texture":"#4"},"down":{"uv":[9.5,8,7.75,9.5],"texture":"#4"}}},{"from":[5.15,1.601,11.25],"to":[13.15,2.801,11.25],"rotation":{"angle":-22.5,"axis":"z","origin":[9.15,0.7,13]},"faces":{"north":{"uv":[9.25,3.75,11.25,4],"texture":"#4"},"east":{"uv":[0,0,0,0.25],"texture":"#4"},"south":{"uv":[9.25,4,11.25,4.25],"texture":"#4"},"west":{"uv":[0,0,0,0.25],"texture":"#4"},"up":{"uv":[2,0,0,0],"texture":"#4"},"down":{"uv":[2,0,0,0],"texture":"#4"}}},{"from":[5.15,2.8,11.25],"to":[13.15,2.8,18.25],"rotation":{"angle":-22.5,"axis":"z","origin":[9.15,0.7,13]},"faces":{"north":{"uv":[0,0,2,0],"texture":"#4"},"east":{"uv":[0,0,1.75,0],"texture":"#4"},"south":{"uv":[0,0,2,0],"texture":"#4"},"west":{"uv":[0,0,1.75,0],"texture":"#4"},"up":{"uv":[4,7,2,5.25],"texture":"#4"},"down":{"uv":[7.25,3.5,5.25,5.25],"texture":"#4"}}},{"from":[1.5,0.3,0],"to":[14.5,0.3,8],"rotation":{"angle":0,"axis":"y","origin":[0,0.3,-2]},"faces":{"north":{"uv":[0,0,3.25,0],"texture":"#4"},"east":{"uv":[0,0,2,0],"texture":"#4"},"south":{"uv":[0,0,3.25,0],"texture":"#4"},"west":{"uv":[0,0,2,0],"texture":"#4"},"up":{"uv":[3.25,2,0,0],"texture":"#4"},"down":{"uv":[3.25,2,0,4],"texture":"#4"}}},{"from":[2,0.4,0.5],"to":[14,1.4,7.5],"rotation":{"angle":0,"axis":"y","origin":[0,0.3,-2]},"faces":{"north":{"uv":[8.25,3.25,11.25,3.5],"texture":"#4"},"east":{"uv":[9.5,5.75,11.25,6],"texture":"#4"},"south":{"uv":[9.25,3.5,12.25,3.75],"texture":"#4"},"west":{"uv":[9.5,6,11.25,6.25],"texture":"#4"},"up":{"uv":[6.25,1.75,3.25,0],"texture":"#4"},"down":{"uv":[6.25,1.75,3.25,3.5],"texture":"#4"}}},{"from":[2,1.4,0.5],"to":[8,1.4,7.5],"rotation":{"angle":-22.5,"axis":"z","origin":[8,1.4,4]},"faces":{"north":{"uv":[0,0,1.5,0],"texture":"#4"},"east":{"uv":[0,0,1.75,0],"texture":"#4"},"south":{"uv":[0,0,1.5,0],"texture":"#4"},"west":{"uv":[0,0,1.75,0],"texture":"#4"},"up":{"uv":[4.75,10.5,3.25,8.75],"texture":"#4"},"down":{"uv":[6.25,8.75,4.75,10.5],"texture":"#4"}}},{"from":[8,1.4,0.5],"to":[14,1.4,7.5],"rotation":{"angle":22.5,"axis":"z","origin":[8,1.4,4]},"faces":{"north":{"uv":[0,0,1.5,0],"texture":"#4"},"east":{"uv":[0,0,1.75,0],"texture":"#4"},"south":{"uv":[0,0,1.5,0],"texture":"#4"},"west":{"uv":[0,0,1.75,0],"texture":"#4"},"up":{"uv":[7.75,10.5,6.25,8.75],"texture":"#4"},"down":{"uv":[1.5,9.25,0,11],"texture":"#4"}}}],"display":{"thirdperson_righthand":{"rotation":[75,45,0],"translation":[0,2.5,0],"scale":[0.375,0.375,0.375]},"thirdperson_lefthand":{"rotation":[75,45,0],"translation":[0,2.5,0],"scale":[0.375,0.375,0.375]},"firstperson_righthand":{"rotation":[0,45,0],"scale":[0.4,0.4,0.4]},"firstperson_lefthand":{"rotation":[0,225,0],"scale":[0.4,0.4,0.4]},"ground":{"translation":[0,3,0],"scale":[0.25,0.25,0.25]},"gui":{"rotation":[30,225,0],"scale":[0.625,0.625,0.625]},"fixed":{"rotation":[-90,0,0],"translation":[0,0,-16.25],"scale":[2,2,2]}},"groups":[0,1,2,3,{"name":"group","origin":[0,1.1,0],"color":0,"nbt":"{}","armAnimationEnabled":false,"children":[4,5,6,7]},{"name":"group","origin":[0,1.1,0],"color":0,"nbt":"{}","armAnimationEnabled":false,"children":[8,9,10,11]},12,13,14,15]}