{
  "credit": "MadebyPolygonMC",
  "texture_size": [
    32,
    32
  ],
  "textures": {
    "0": "dragonsoulset:chest",
    "particle": "dragonsoulset:chest"
  },
  "elements": [
    {
      "from": [
        4,
        7.45,
        4
      ],
      "to": [
        5.25,
        9.2,
        5.25
      ],
      "rotation": {
        "angle": 0,
        "axis": "y",
        "origin": [
          8,
          7,
          11.75
        ]
      },
      "faces": {
        "north": {
          "uv": [
            9,
            12,
            9.625,
            12.875
          ],
          "texture": "#0"
        },
        "east": {
          "uv": [
            12,
            11,
            12.625,
            11.875
          ],
          "texture": "#0"
        },
        "south": {
          "uv": [
            12,
            12,
            12.625,
            12.875
          ],
          "texture": "#0"
        },
        "west": {
          "uv": [
            8,
            12.5,
            8.625,
            13.375
          ],
          "texture": "#0"
        },
        "up": {
          "uv": [
            0.625,
            13.625,
            0,
            13
          ],
          "texture": "#0"
        },
        "down": {
          "uv": [
            1.625,
            13,
            1,
            13.625
          ],
          "texture": "#0"
        }
      }
    },
    {
      "from": [
        4.02,
        10.49067,
        5.0535
      ],
      "to": [
        5.23,
        11.74067,
        10.9465
      ],
      "rotation": {
        "angle": 0,
        "axis": "x",
        "origin": [
          8,
          7,
          11.75
        ]
      },
      "faces": {
        "north": {
          "uv": [
            2,
            13,
            2.625,
            13.625
          ],
          "texture": "#0"
        },
        "east": {
          "uv": [
            1,
            9.5,
            4,
            10.125
          ],
          "texture": "#0"
        },
        "south": {
          "uv": [
            3,
            13,
            3.625,
            13.625
          ],
          "texture": "#0"
        },
        "west": {
          "uv": [
            1,
            10.5,
            4,
            11.125
          ],
          "texture": "#0"
        },
        "up": {
          "uv": [
            4.625,
            13.5,
            4,
            10.5
          ],
          "texture": "#0"
        },
        "down": {
          "uv": [
            5.625,
            10.5,
            5,
            13.5
          ],
          "texture": "#0"
        }
      }
    },
    {
      "from": [
        4.01,
        6.06674,
        3.74802
      ],
      "to": [
        5.24,
        8.81674,
        4.99802
      ],
      "rotation": {
        "angle": 22.5,
        "axis": "x",
        "origin": [
          8,
          7,
          11.75
        ]
      },
      "faces": {
        "north": {
          "uv": [
            10,
            11,
            10.625,
            12.375
          ],
          "texture": "#0"
        },
        "east": {
          "uv": [
            11,
            11,
            11.625,
            12.375
          ],
          "texture": "#0"
        },
        "south": {
          "uv": [
            0,
            11.5,
            0.625,
            12.875
          ],
          "texture": "#0"
        },
        "west": {
          "uv": [
            1,
            11.5,
            1.625,
            12.875
          ],
          "texture": "#0"
        },
        "up": {
          "uv": [
            6.625,
            13.625,
            6,
            13
          ],
          "texture": "#0"
        },
        "down": {
          "uv": [
            13.625,
            6,
            13,
            6.625
          ],
          "texture": "#0"
        }
      }
    },
    {
      "from": [
        4.25,
        6.95,
        4.25
      ],
      "to": [
        11.75,
        7.95,
        11.75
      ],
      "rotation": {
        "angle": 0,
        "axis": "y",
        "origin": [
          8,
          7,
          11.75
        ]
      },
      "faces": {
        "north": {
          "uv": [
            10.5,
            3.5,
            14.25,
            4
          ],
          "texture": "#0"
        },
        "east": {
          "uv": [
            10.5,
            3.5,
            14.25,
            4
          ],
          "texture": "#0"
        },
        "south": {
          "uv": [
            10.5,
            3.5,
            14.25,
            4
          ],
          "texture": "#0"
        },
        "west": {
          "uv": [
            10.5,
            3.5,
            14.25,
            4
          ],
          "texture": "#0"
        },
        "up": {
          "uv": [
            3.75,
            3.75,
            0,
            0
          ],
          "texture": "#0"
        },
        "down": {
          "uv": [
            3.75,
            4,
            0,
            7.75
          ],
          "texture": "#0"
        }
      }
    },
    {
      "from": [
        4.5,
        7.95,
        5.225
      ],
      "to": [
        4.5,
        10.525,
        10.775
      ],
      "rotation": {
        "angle": 0,
        "axis": "y",
        "origin": [
          8,
          7,
          11.75
        ]
      },
      "faces": {
        "north": {
          "uv": [
            0,
            0,
            0,
            1.25
          ],
          "texture": "#0"
        },
        "south": {
          "uv": [
            0,
            0,
            0,
            1.25
          ],
          "texture": "#0"
        },
        "west": {
          "uv": [
            7.5,
            7.5,
            10.25,
            8.75
          ],
          "texture": "#0"
        },
        "up": {
          "uv": [
            0,
            2.75,
            0,
            0
          ],
          "texture": "#0"
        },
        "down": {
          "uv": [
            0,
            0,
            0,
            2.75
          ],
          "texture": "#0"
        }
      }
    },
    {
      "from": [
        5.175,
        7.95,
        4.75192
      ],
      "to": [
        10.825,
        9.2,
        4.75192
      ],
      "rotation": {
        "angle": 0,
        "axis": "y",
        "origin": [
          8,
          7,
          11.75
        ]
      },
      "faces": {
        "north": {
          "uv": [
            6,
            10.5,
            8.875,
            11.125
          ],
          "texture": "#0"
        },
        "east": {
          "uv": [
            0,
            0,
            0,
            0.625
          ],
          "texture": "#0"
        },
        "west": {
          "uv": [
            0,
            0,
            0,
            0.625
          ],
          "texture": "#0"
        },
        "up": {
          "uv": [
            2.875,
            0,
            0,
            0
          ],
          "texture": "#0"
        },
        "down": {
          "uv": [
            2.875,
            0,
            0,
            0
          ],
          "texture": "#0"
        }
      }
    },
    {
      "from": [
        5.175,
        6.35448,
        4.44272
      ],
      "to": [
        10.825,
        8.60448,
        4.44272
      ],
      "rotation": {
        "angle": 22.5,
        "axis": "x",
        "origin": [
          8,
          7,
          11.75
        ]
      },
      "faces": {
        "north": {
          "uv": [
            1,
            8,
            3.875,
            9.125
          ],
          "texture": "#0"
        },
        "east": {
          "uv": [
            0,
            0,
            0,
            1.125
          ],
          "texture": "#0"
        },
        "west": {
          "uv": [
            0,
            0,
            0,
            1.125
          ],
          "texture": "#0"
        },
        "up": {
          "uv": [
            2.875,
            0,
            0,
            0
          ],
          "texture": "#0"
        },
        "down": {
          "uv": [
            2.875,
            0,
            0,
            0
          ],
          "texture": "#0"
        }
      }
    },
    {
      "from": [
        5.175,
        11.27773,
        5.61296
      ],
      "to": [
        10.825,
        11.27773,
        10.38796
      ],
      "rotation": {
        "angle": 0,
        "axis": "x",
        "origin": [
          8,
          7,
          11.75
        ]
      },
      "faces": {
        "north": {
          "uv": [
            0,
            0,
            2.875,
            0
          ],
          "texture": "#0"
        },
        "east": {
          "uv": [
            0,
            0,
            2.375,
            0
          ],
          "texture": "#0"
        },
        "south": {
          "uv": [
            0,
            0,
            2.875,
            0
          ],
          "texture": "#0"
        },
        "west": {
          "uv": [
            0,
            0,
            2.375,
            0
          ],
          "texture": "#0"
        },
        "up": {
          "uv": [
            10.375,
            5.875,
            7.5,
            3.5
          ],
          "texture": "#0"
        }
      }
    },
    {
      "from": [
        5.175,
        7.94962,
        11.24808
      ],
      "to": [
        10.825,
        9.19962,
        11.24808
      ],
      "rotation": {
        "angle": 0,
        "axis": "y",
        "origin": [
          8,
          7,
          11.75
        ]
      },
      "faces": {
        "east": {
          "uv": [
            0,
            0,
            0,
            0.625
          ],
          "texture": "#0"
        },
        "south": {
          "uv": [
            10.5,
            7.5,
            13.375,
            8.125
          ],
          "texture": "#0"
        },
        "west": {
          "uv": [
            0,
            0,
            0,
            0.625
          ],
          "texture": "#0"
        },
        "up": {
          "uv": [
            2.875,
            0,
            0,
            0
          ],
          "texture": "#0"
        },
        "down": {
          "uv": [
            2.875,
            0,
            0,
            0
          ],
          "texture": "#0"
        }
      }
    },
    {
      "from": [
        5.175,
        9.22426,
        12.12804
      ],
      "to": [
        10.825,
        11.47426,
        12.12804
      ],
      "rotation": {
        "angle": -22.5,
        "axis": "x",
        "origin": [
          8,
          7,
          11.75
        ]
      },
      "faces": {
        "east": {
          "uv": [
            0,
            0,
            0,
            1.125
          ],
          "texture": "#0"
        },
        "south": {
          "uv": [
            7.5,
            9,
            10.375,
            10.125
          ],
          "texture": "#0"
        },
        "west": {
          "uv": [
            0,
            0,
            0,
            1.125
          ],
          "texture": "#0"
        },
        "up": {
          "uv": [
            2.875,
            0,
            0,
            0
          ],
          "texture": "#0"
        },
        "down": {
          "uv": [
            2.875,
            0,
            0,
            0
          ],
          "texture": "#0"
        }
      }
    },
    {
      "from": [
        4.5,
        10.55,
        4.75
      ],
      "to": [
        4.55,
        13.55,
        11.25
      ],
      "rotation": {
        "angle": 0,
        "axis": "y",
        "origin": [
          8,
          7,
          11.75
        ]
      },
      "faces": {
        "east": {
          "uv": [
            10.75,
            6,
            7.5,
            7.5
          ],
          "texture": "#0"
        },
        "west": {
          "uv": [
            7.5,
            6,
            10.75,
            7.5
          ],
          "texture": "#0"
        }
      }
    },
    {
      "from": [
        4,
        7.45,
        10.75
      ],
      "to": [
        5.25,
        9.2,
        12
      ],
      "rotation": {
        "angle": 0,
        "axis": "y",
        "origin": [
          8,
          7,
          11.75
        ]
      },
      "faces": {
        "north": {
          "uv": [
            12.625,
            12,
            12,
            12.875
          ],
          "texture": "#0"
        },
        "east": {
          "uv": [
            12.625,
            11,
            12,
            11.875
          ],
          "texture": "#0"
        },
        "south": {
          "uv": [
            9.625,
            12,
            9,
            12.875
          ],
          "texture": "#0"
        },
        "west": {
          "uv": [
            8.625,
            12.5,
            8,
            13.375
          ],
          "texture": "#0"
        },
        "up": {
          "uv": [
            0.625,
            13,
            0,
            13.625
          ],
          "texture": "#0"
        },
        "down": {
          "uv": [
            1.625,
            13.625,
            1,
            13
          ],
          "texture": "#0"
        }
      }
    },
    {
      "from": [
        4.01,
        8.93686,
        11.57288
      ],
      "to": [
        5.24,
        11.68686,
        12.82288
      ],
      "rotation": {
        "angle": -22.5,
        "axis": "x",
        "origin": [
          8,
          7,
          11.75
        ]
      },
      "faces": {
        "north": {
          "uv": [
            0.625,
            11.5,
            0,
            12.875
          ],
          "texture": "#0"
        },
        "east": {
          "uv": [
            11.625,
            11,
            11,
            12.375
          ],
          "texture": "#0"
        },
        "south": {
          "uv": [
            10.625,
            11,
            10,
            12.375
          ],
          "texture": "#0"
        },
        "west": {
          "uv": [
            1.625,
            11.5,
            1,
            12.875
          ],
          "texture": "#0"
        },
        "up": {
          "uv": [
            6.625,
            13,
            6,
            13.625
          ],
          "texture": "#0"
        },
        "down": {
          "uv": [
            13.625,
            6.625,
            13,
            6
          ],
          "texture": "#0"
        }
      }
    },
    {
      "from": [
        10.75,
        7.45,
        4
      ],
      "to": [
        12,
        9.2,
        5.25
      ],
      "rotation": {
        "angle": 0,
        "axis": "y",
        "origin": [
          8,
          7,
          11.75
        ]
      },
      "faces": {
        "north": {
          "uv": [
            9.625,
            12,
            9,
            12.875
          ],
          "texture": "#0"
        },
        "east": {
          "uv": [
            8.625,
            12.5,
            8,
            13.375
          ],
          "texture": "#0"
        },
        "south": {
          "uv": [
            12.625,
            12,
            12,
            12.875
          ],
          "texture": "#0"
        },
        "west": {
          "uv": [
            12.625,
            11,
            12,
            11.875
          ],
          "texture": "#0"
        },
        "up": {
          "uv": [
            0,
            13.625,
            0.625,
            13
          ],
          "texture": "#0"
        },
        "down": {
          "uv": [
            1,
            13,
            1.625,
            13.625
          ],
          "texture": "#0"
        }
      }
    },
    {
      "from": [
        10.76,
        6.06674,
        3.74802
      ],
      "to": [
        11.99,
        8.81674,
        4.99802
      ],
      "rotation": {
        "angle": 22.5,
        "axis": "x",
        "origin": [
          8,
          7,
          11.75
        ]
      },
      "faces": {
        "north": {
          "uv": [
            10.625,
            11,
            10,
            12.375
          ],
          "texture": "#0"
        },
        "east": {
          "uv": [
            1.625,
            11.5,
            1,
            12.875
          ],
          "texture": "#0"
        },
        "south": {
          "uv": [
            0.625,
            11.5,
            0,
            12.875
          ],
          "texture": "#0"
        },
        "west": {
          "uv": [
            11.625,
            11,
            11,
            12.375
          ],
          "texture": "#0"
        },
        "up": {
          "uv": [
            6,
            13.625,
            6.625,
            13
          ],
          "texture": "#0"
        },
        "down": {
          "uv": [
            13,
            6,
            13.625,
            6.625
          ],
          "texture": "#0"
        }
      }
    },
    {
      "from": [
        10.75,
        7.45,
        10.75
      ],
      "to": [
        12,
        9.2,
        12
      ],
      "rotation": {
        "angle": 0,
        "axis": "y",
        "origin": [
          8,
          7,
          11.75
        ]
      },
      "faces": {
        "north": {
          "uv": [
            12,
            12,
            12.625,
            12.875
          ],
          "texture": "#0"
        },
        "east": {
          "uv": [
            8,
            12.5,
            8.625,
            13.375
          ],
          "texture": "#0"
        },
        "south": {
          "uv": [
            9,
            12,
            9.625,
            12.875
          ],
          "texture": "#0"
        },
        "west": {
          "uv": [
            12,
            11,
            12.625,
            11.875
          ],
          "texture": "#0"
        },
        "up": {
          "uv": [
            0,
            13,
            0.625,
            13.625
          ],
          "texture": "#0"
        },
        "down": {
          "uv": [
            1,
            13.625,
            1.625,
            13
          ],
          "texture": "#0"
        }
      }
    },
    {
      "from": [
        10.76,
        8.93686,
        11.57288
      ],
      "to": [
        11.99,
        11.68686,
        12.82288
      ],
      "rotation": {
        "angle": -22.5,
        "axis": "x",
        "origin": [
          8,
          7,
          11.75
        ]
      },
      "faces": {
        "north": {
          "uv": [
            0,
            11.5,
            0.625,
            12.875
          ],
          "texture": "#0"
        },
        "east": {
          "uv": [
            1,
            11.5,
            1.625,
            12.875
          ],
          "texture": "#0"
        },
        "south": {
          "uv": [
            10,
            11,
            10.625,
            12.375
          ],
          "texture": "#0"
        },
        "west": {
          "uv": [
            11,
            11,
            11.625,
            12.375
          ],
          "texture": "#0"
        },
        "up": {
          "uv": [
            6,
            13,
            6.625,
            13.625
          ],
          "texture": "#0"
        },
        "down": {
          "uv": [
            13,
            6.625,
            13.625,
            6
          ],
          "texture": "#0"
        }
      }
    },
    {
      "from": [
        10.77,
        10.49067,
        5.0535
      ],
      "to": [
        11.98,
        11.74067,
        10.9465
      ],
      "rotation": {
        "angle": 0,
        "axis": "x",
        "origin": [
          8,
          7,
          11.75
        ]
      },
      "faces": {
        "north": {
          "uv": [
            2.625,
            13,
            2,
            13.625
          ],
          "texture": "#0"
        },
        "east": {
          "uv": [
            4,
            10.5,
            1,
            11.125
          ],
          "texture": "#0"
        },
        "south": {
          "uv": [
            3.625,
            13,
            3,
            13.625
          ],
          "texture": "#0"
        },
        "west": {
          "uv": [
            4,
            9.5,
            1,
            10.125
          ],
          "texture": "#0"
        },
        "up": {
          "uv": [
            4,
            13.5,
            4.625,
            10.5
          ],
          "texture": "#0"
        },
        "down": {
          "uv": [
            5,
            10.5,
            5.625,
            13.5
          ],
          "texture": "#0"
        }
      }
    },
    {
      "from": [
        11.5,
        7.95,
        5.225
      ],
      "to": [
        11.5,
        10.525,
        10.775
      ],
      "rotation": {
        "angle": 0,
        "axis": "y",
        "origin": [
          8,
          7,
          11.75
        ]
      },
      "faces": {
        "north": {
          "uv": [
            0,
            0,
            0,
            1.25
          ],
          "texture": "#0"
        },
        "east": {
          "uv": [
            10.25,
            7.5,
            7.5,
            8.75
          ],
          "texture": "#0"
        },
        "south": {
          "uv": [
            0,
            0,
            0,
            1.25
          ],
          "texture": "#0"
        },
        "up": {
          "uv": [
            0,
            2.75,
            0,
            0
          ],
          "texture": "#0"
        },
        "down": {
          "uv": [
            0,
            0,
            0,
            2.75
          ],
          "texture": "#0"
        }
      }
    },
    {
      "from": [
        11.45,
        10.55,
        4.75
      ],
      "to": [
        11.5,
        13.55,
        11.25
      ],
      "rotation": {
        "angle": 0,
        "axis": "y",
        "origin": [
          8,
          7,
          11.75
        ]
      },
      "faces": {
        "east": {
          "uv": [
            10.75,
            6,
            7.5,
            7.5
          ],
          "texture": "#0"
        },
        "west": {
          "uv": [
            7.5,
            6,
            10.75,
            7.5
          ],
          "texture": "#0"
        }
      }
    },
    {
      "from": [
        3.75,
        3.45,
        3.75
      ],
      "to": [
        5.5,
        4.45,
        5.5
      ],
      "rotation": {
        "angle": 0,
        "axis": "y",
        "origin": [
          15.5,
          3.45,
          0.5
        ]
      },
      "faces": {
        "north": {
          "uv": [
            12,
            3,
            12.875,
            3.5
          ],
          "texture": "#0"
        },
        "east": {
          "uv": [
            12,
            3,
            12.875,
            3.5
          ],
          "texture": "#0"
        },
        "south": {
          "uv": [
            12,
            3,
            12.875,
            3.5
          ],
          "texture": "#0"
        },
        "west": {
          "uv": [
            12,
            3,
            12.875,
            3.5
          ],
          "texture": "#0"
        },
        "up": {
          "uv": [
            8.875,
            12.375,
            8,
            11.5
          ],
          "texture": "#0"
        },
        "down": {
          "uv": [
            12.875,
            6,
            12,
            6.875
          ],
          "texture": "#0"
        }
      }
    },
    {
      "from": [
        4,
        4.45,
        4
      ],
      "to": [
        5.25,
        7.2,
        5.25
      ],
      "rotation": {
        "angle": 0,
        "axis": "y",
        "origin": [
          19.75,
          3.95,
          0.75
        ]
      },
      "faces": {
        "north": {
          "uv": [
            2,
            11.5,
            2.625,
            12.875
          ],
          "texture": "#0"
        },
        "east": {
          "uv": [
            3,
            11.5,
            3.625,
            12.875
          ],
          "texture": "#0"
        },
        "south": {
          "uv": [
            6,
            11.5,
            6.625,
            12.875
          ],
          "texture": "#0"
        },
        "west": {
          "uv": [
            7,
            11.5,
            7.625,
            12.875
          ],
          "texture": "#0"
        },
        "up": {
          "uv": [
            7.625,
            13.625,
            7,
            13
          ],
          "texture": "#0"
        },
        "down": {
          "uv": [
            9.625,
            13,
            9,
            13.625
          ],
          "texture": "#0"
        }
      }
    },
    {
      "from": [
        4.5,
        3.95,
        4.5
      ],
      "to": [
        11.5,
        4.95,
        11.5
      ],
      "rotation": {
        "angle": 0,
        "axis": "y",
        "origin": [
          0.5,
          3.45,
          0.5
        ]
      },
      "faces": {
        "north": {
          "uv": [
            10.5,
            5.5,
            14,
            6
          ],
          "texture": "#0"
        },
        "east": {
          "uv": [
            10.5,
            5.5,
            14,
            6
          ],
          "texture": "#0"
        },
        "south": {
          "uv": [
            10.5,
            5.5,
            14,
            6
          ],
          "texture": "#0"
        },
        "west": {
          "uv": [
            10.5,
            5.5,
            14,
            6
          ],
          "texture": "#0"
        },
        "up": {
          "uv": [
            7.5,
            3.5,
            4,
            0
          ],
          "texture": "#0"
        },
        "down": {
          "uv": [
            7.5,
            3.5,
            4,
            7
          ],
          "texture": "#0"
        }
      }
    },
    {
      "from": [
        4.5,
        5.95,
        4.5
      ],
      "to": [
        11.5,
        6.95,
        11.5
      ],
      "rotation": {
        "angle": 0,
        "axis": "y",
        "origin": [
          0.5,
          3.45,
          0.5
        ]
      },
      "faces": {
        "north": {
          "uv": [
            11,
            0,
            14.5,
            0.5
          ],
          "texture": "#0"
        },
        "east": {
          "uv": [
            11,
            0,
            14.5,
            0.5
          ],
          "texture": "#0"
        },
        "south": {
          "uv": [
            11,
            0,
            14.5,
            0.5
          ],
          "texture": "#0"
        },
        "west": {
          "uv": [
            11,
            0,
            14.5,
            0.5
          ],
          "texture": "#0"
        },
        "up": {
          "uv": [
            7.5,
            10.5,
            4,
            7
          ],
          "texture": "#0"
        },
        "down": {
          "uv": [
            11,
            0,
            7.5,
            3.5
          ],
          "texture": "#0"
        }
      }
    },
    {
      "from": [
        4.75,
        4.95,
        4.75
      ],
      "to": [
        11.25,
        5.95,
        11.25
      ],
      "rotation": {
        "angle": 0,
        "axis": "y",
        "origin": [
          0.5,
          3.45,
          0.5
        ]
      },
      "faces": {
        "north": {
          "uv": [
            11,
            1,
            14.25,
            1.5
          ],
          "texture": "#0"
        },
        "east": {
          "uv": [
            11,
            1.5,
            14.25,
            2
          ],
          "texture": "#0"
        },
        "south": {
          "uv": [
            11,
            2,
            14.25,
            2.5
          ],
          "texture": "#0"
        },
        "west": {
          "uv": [
            11,
            2.5,
            14.25,
            3
          ],
          "texture": "#0"
        }
      }
    },
    {
      "from": [
        7,
        5.7,
        4
      ],
      "to": [
        9,
        7.7,
        5
      ],
      "rotation": {
        "angle": -45,
        "axis": "z",
        "origin": [
          8,
          6.7,
          4.5
        ]
      },
      "faces": {
        "north": {
          "uv": [
            11,
            6,
            12,
            7
          ],
          "texture": "#0"
        },
        "east": {
          "uv": [
            10,
            12.5,
            10.5,
            13.5
          ],
          "texture": "#0"
        },
        "south": {
          "uv": [
            9,
            11,
            10,
            12
          ],
          "texture": "#0"
        },
        "west": {
          "uv": [
            10.5,
            12.5,
            11,
            13.5
          ],
          "texture": "#0"
        },
        "up": {
          "uv": [
            12,
            3.5,
            11,
            3
          ],
          "texture": "#0"
        },
        "down": {
          "uv": [
            12,
            7,
            11,
            7.5
          ],
          "texture": "#0"
        }
      }
    },
    {
      "from": [
        2.25,
        3.925,
        4.75
      ],
      "to": [
        4.25,
        3.975,
        11.25
      ],
      "rotation": {
        "angle": 0,
        "axis": "z",
        "origin": [
          2.75,
          3.925,
          8
        ]
      },
      "faces": {
        "up": {
          "uv": [
            1,
            11.25,
            0,
            8
          ],
          "texture": "#0"
        },
        "down": {
          "uv": [
            1,
            11.25,
            0,
            8
          ],
          "texture": "#0"
        }
      }
    },
    {
      "from": [
        10.5,
        3.45,
        3.75
      ],
      "to": [
        12.25,
        4.45,
        5.5
      ],
      "rotation": {
        "angle": 0,
        "axis": "y",
        "origin": [
          0.5,
          3.45,
          0.5
        ]
      },
      "faces": {
        "north": {
          "uv": [
            12.875,
            3,
            12,
            3.5
          ],
          "texture": "#0"
        },
        "east": {
          "uv": [
            12.875,
            3,
            12,
            3.5
          ],
          "texture": "#0"
        },
        "south": {
          "uv": [
            12.875,
            3,
            12,
            3.5
          ],
          "texture": "#0"
        },
        "west": {
          "uv": [
            12.875,
            3,
            12,
            3.5
          ],
          "texture": "#0"
        },
        "up": {
          "uv": [
            8,
            12.375,
            8.875,
            11.5
          ],
          "texture": "#0"
        },
        "down": {
          "uv": [
            12,
            6,
            12.875,
            6.875
          ],
          "texture": "#0"
        }
      }
    },
    {
      "from": [
        10.75,
        4.45,
        4
      ],
      "to": [
        12,
        7.2,
        5.25
      ],
      "rotation": {
        "angle": 0,
        "axis": "y",
        "origin": [
          -3.75,
          3.95,
          0.75
        ]
      },
      "faces": {
        "north": {
          "uv": [
            2.625,
            11.5,
            2,
            12.875
          ],
          "texture": "#0"
        },
        "east": {
          "uv": [
            7.625,
            11.5,
            7,
            12.875
          ],
          "texture": "#0"
        },
        "south": {
          "uv": [
            6.625,
            11.5,
            6,
            12.875
          ],
          "texture": "#0"
        },
        "west": {
          "uv": [
            3.625,
            11.5,
            3,
            12.875
          ],
          "texture": "#0"
        },
        "up": {
          "uv": [
            7,
            13.625,
            7.625,
            13
          ],
          "texture": "#0"
        },
        "down": {
          "uv": [
            9,
            13,
            9.625,
            13.625
          ],
          "texture": "#0"
        }
      }
    },
    {
      "from": [
        10.5,
        3.45,
        10.5
      ],
      "to": [
        12.25,
        4.45,
        12.25
      ],
      "rotation": {
        "angle": 0,
        "axis": "y",
        "origin": [
          0.5,
          3.45,
          15.5
        ]
      },
      "faces": {
        "north": {
          "uv": [
            12,
            3,
            12.875,
            3.5
          ],
          "texture": "#0"
        },
        "east": {
          "uv": [
            12,
            3,
            12.875,
            3.5
          ],
          "texture": "#0"
        },
        "south": {
          "uv": [
            12,
            3,
            12.875,
            3.5
          ],
          "texture": "#0"
        },
        "west": {
          "uv": [
            12,
            3,
            12.875,
            3.5
          ],
          "texture": "#0"
        },
        "up": {
          "uv": [
            8,
            11.5,
            8.875,
            12.375
          ],
          "texture": "#0"
        },
        "down": {
          "uv": [
            12,
            6.875,
            12.875,
            6
          ],
          "texture": "#0"
        }
      }
    },
    {
      "from": [
        10.75,
        4.45,
        10.75
      ],
      "to": [
        12,
        7.2,
        12
      ],
      "rotation": {
        "angle": 0,
        "axis": "y",
        "origin": [
          -3.75,
          3.95,
          15.25
        ]
      },
      "faces": {
        "north": {
          "uv": [
            6,
            11.5,
            6.625,
            12.875
          ],
          "texture": "#0"
        },
        "east": {
          "uv": [
            7,
            11.5,
            7.625,
            12.875
          ],
          "texture": "#0"
        },
        "south": {
          "uv": [
            2,
            11.5,
            2.625,
            12.875
          ],
          "texture": "#0"
        },
        "west": {
          "uv": [
            3,
            11.5,
            3.625,
            12.875
          ],
          "texture": "#0"
        },
        "up": {
          "uv": [
            7,
            13,
            7.625,
            13.625
          ],
          "texture": "#0"
        },
        "down": {
          "uv": [
            9,
            13.625,
            9.625,
            13
          ],
          "texture": "#0"
        }
      }
    },
    {
      "from": [
        3.75,
        3.45,
        10.5
      ],
      "to": [
        5.5,
        4.45,
        12.25
      ],
      "rotation": {
        "angle": 0,
        "axis": "y",
        "origin": [
          15.5,
          3.45,
          15.5
        ]
      },
      "faces": {
        "north": {
          "uv": [
            12.875,
            3,
            12,
            3.5
          ],
          "texture": "#0"
        },
        "east": {
          "uv": [
            12.875,
            3,
            12,
            3.5
          ],
          "texture": "#0"
        },
        "south": {
          "uv": [
            12.875,
            3,
            12,
            3.5
          ],
          "texture": "#0"
        },
        "west": {
          "uv": [
            12.875,
            3,
            12,
            3.5
          ],
          "texture": "#0"
        },
        "up": {
          "uv": [
            8.875,
            11.5,
            8,
            12.375
          ],
          "texture": "#0"
        },
        "down": {
          "uv": [
            12.875,
            6.875,
            12,
            6
          ],
          "texture": "#0"
        }
      }
    },
    {
      "from": [
        4,
        4.45,
        10.75
      ],
      "to": [
        5.25,
        7.2,
        12
      ],
      "rotation": {
        "angle": 0,
        "axis": "y",
        "origin": [
          19.75,
          3.95,
          15.25
        ]
      },
      "faces": {
        "north": {
          "uv": [
            6.625,
            11.5,
            6,
            12.875
          ],
          "texture": "#0"
        },
        "east": {
          "uv": [
            3.625,
            11.5,
            3,
            12.875
          ],
          "texture": "#0"
        },
        "south": {
          "uv": [
            2.625,
            11.5,
            2,
            12.875
          ],
          "texture": "#0"
        },
        "west": {
          "uv": [
            7.625,
            11.5,
            7,
            12.875
          ],
          "texture": "#0"
        },
        "up": {
          "uv": [
            7.625,
            13,
            7,
            13.625
          ],
          "texture": "#0"
        },
        "down": {
          "uv": [
            9.625,
            13.625,
            9,
            13
          ],
          "texture": "#0"
        }
      }
    },
    {
      "from": [
        11.75,
        3.925,
        4.75
      ],
      "to": [
        13.75,
        3.975,
        11.25
      ],
      "rotation": {
        "angle": 0,
        "axis": "z",
        "origin": [
          13.25,
          3.925,
          8
        ]
      },
      "faces": {
        "up": {
          "uv": [
            0,
            11.25,
            1,
            8
          ],
          "texture": "#0"
        },
        "down": {
          "uv": [
            0,
            11.25,
            1,
            8
          ],
          "texture": "#0"
        }
      }
    }
  ],
  "gui_light": "front",
  "display": {
    "thirdperson_righthand": {
      "rotation": [
        64.5,
        0,
        0
      ],
      "translation": [
        0,
        3.25,
        1.75
      ],
      "scale": [
        0.75977,
        0.75977,
        0.75977
      ]
    },
    "thirdperson_lefthand": {
      "rotation": [
        64.5,
        0,
        0
      ],
      "translation": [
        0,
        3.25,
        1.75
      ],
      "scale": [
        0.75977,
        0.75977,
        0.75977
      ]
    },
    "firstperson_righthand": {
      "rotation": [
        155.75,
        0,
        -180
      ],
      "translation": [
        -3.5,
        5,
        2.75
      ],
      "scale": [
        0.66797,
        0.66797,
        0.66797
      ]
    },
    "firstperson_lefthand": {
      "rotation": [
        155.75,
        0,
        -180
      ],
      "translation": [
        -3.5,
        5,
        2.75
      ],
      "scale": [
        0.66797,
        0.66797,
        0.66797
      ]
    },
    "ground": {
      "translation": [
        0,
        6.25,
        0
      ],
      "scale": [
        1.29492,
        1.29492,
        1.29492
      ]
    },
    "gui": {
      "rotation": [
        0,
        136,
        0
      ],
      "translation": [
        0,
        -0.25,
        0
      ],
      "scale": [
        1.29102,
        1.29102,
        1.29102
      ]
    },
    "head": {
      "rotation": [
        0,
        180,
        0
      ],
      "translation": [
        0,
        -32,
        0
      ],
      "scale": [
        2.49414,
        2.49414,
        2.49414
      ]
    },
    "fixed": {
      "rotation": [
        -90,
        0,
        0
      ],
      "translation": [
        0,
        0,
        -13
      ],
      "scale": [
        3.29102,
        3.29102,
        3.29102
      ]
    }
  },
  "groups": [
    {
      "name": "group",
      "origin": [
        11.5,
        15.1,
        4.5
      ],
      "color": 0,
      "children": [
        0,
        1,
        2,
        3,
        4,
        5,
        6,
        7,
        8,
        9,
        10,
        11,
        12,
        13,
        14,
        15,
        16,
        17,
        18,
        19
      ]
    },
    {
      "name": "group",
      "origin": [
        13.25,
        0.475,
        8
      ],
      "color": 0,
      "children": [
        20,
        21,
        22,
        23,
        24,
        25,
        26,
        27,
        28,
        29,
        30,
        31,
        32,
        33
      ]
    }
  ]
}