{
  "credit": "MadebyPolygonMC",
  "texture_size": [
    24,
    24
  ],
  "textures": {
    "0": "dragonsoulset:helmet",
    "1": "dragonsoulset:animations/animations_1",
    "particle": "dragonsoulset:helmet"
  },
  "elements": [
    {
      "from": [
        5.9,
        4.8901,
        10.765
      ],
      "to": [
        10.1,
        9.7901,
        11.5
      ],
      "rotation": {
        "angle": 0,
        "axis": "y",
        "origin": [
          5.9,
          4.8901,
          6.565
        ]
      },
      "faces": {
        "north": {
          "uv": [
            3.33333,
            4.66667,
            6.16667,
            8
          ],
          "texture": "#0"
        },
        "south": {
          "uv": [
            6.66667,
            3.33333,
            9.5,
            6.66667
          ],
          "texture": "#0"
        },
        "up": {
          "uv": [
            14.16667,
            9.16667,
            11.33333,
            8.66667
          ],
          "texture": "#0"
        },
        "down": {
          "uv": [
            14.16667,
            9.33333,
            11.33333,
            9.83333
          ],
          "texture": "#0"
        }
      }
    },
    {
      "from": [
        9.35754,
        4.8951,
        6.00251
      ],
      "to": [
        10.75754,
        6.2851,
        6.70251
      ],
      "rotation": {
        "angle": -45,
        "axis": "y",
        "origin": [
          10.05754,
          5.5951,
          6.35251
        ]
      },
      "faces": {
        "north": {
          "uv": [
            1.33333,
            12,
            2.33333,
            13
          ],
          "texture": "#0"
        },
        "east": {
          "uv": [
            0.66667,
            13.33333,
            1.16667,
            14.33333
          ],
          "texture": "#0"
        },
        "south": {
          "uv": [
            8.66667,
            12,
            9.66667,
            13
          ],
          "texture": "#0"
        },
        "west": {
          "uv": [
            1.33333,
            13.33333,
            1.83333,
            14.33333
          ],
          "texture": "#0"
        },
        "up": {
          "uv": [
            14.33333,
            3.16667,
            13.33333,
            2.66667
          ],
          "texture": "#0"
        },
        "down": {
          "uv": [
            14.33333,
            3.33333,
            13.33333,
            3.83333
          ],
          "texture": "#0"
        }
      }
    },
    {
      "from": [
        9.35754,
        8.3936,
        6.00251
      ],
      "to": [
        10.75754,
        9.7866,
        6.70251
      ],
      "rotation": {
        "angle": -45,
        "axis": "y",
        "origin": [
          10.05754,
          9.0936,
          6.35251
        ]
      },
      "faces": {
        "north": {
          "uv": [
            10,
            12,
            11,
            13
          ],
          "texture": "#0"
        },
        "east": {
          "uv": [
            2,
            13.33333,
            2.5,
            14.33333
          ],
          "texture": "#0"
        },
        "south": {
          "uv": [
            11.33333,
            12,
            12.33333,
            13
          ],
          "texture": "#0"
        },
        "west": {
          "uv": [
            13.33333,
            4,
            13.83333,
            5
          ],
          "texture": "#0"
        },
        "up": {
          "uv": [
            14.33333,
            5.83333,
            13.33333,
            5.33333
          ],
          "texture": "#0"
        },
        "down": {
          "uv": [
            14.33333,
            6,
            13.33333,
            6.5
          ],
          "texture": "#0"
        }
      }
    },
    {
      "from": [
        10.1,
        4.8901,
        6.6
      ],
      "to": [
        10.8,
        6.2901,
        11.5
      ],
      "rotation": {
        "angle": 0,
        "axis": "y",
        "origin": [
          10.8,
          4.8901,
          5.9
        ]
      },
      "faces": {
        "north": {
          "uv": [
            12.66667,
            6.66667,
            13.16667,
            7.66667
          ],
          "texture": "#0"
        },
        "east": {
          "uv": [
            7.33333,
            9.33333,
            10.66667,
            10.33333
          ],
          "texture": "#0"
        },
        "south": {
          "uv": [
            12.66667,
            11.33333,
            13.16667,
            12.33333
          ],
          "texture": "#0"
        },
        "west": {
          "uv": [
            10,
            2.66667,
            13.33333,
            3.66667
          ],
          "texture": "#0"
        },
        "up": {
          "uv": [
            3.16667,
            14,
            2.66667,
            10.66667
          ],
          "texture": "#0"
        },
        "down": {
          "uv": [
            7.83333,
            10.66667,
            7.33333,
            14
          ],
          "texture": "#0"
        }
      }
    },
    {
      "from": [
        6.1898,
        8.3901,
        5.61005
      ],
      "to": [
        9.8102,
        9.7901,
        6.31005
      ],
      "rotation": {
        "angle": 0,
        "axis": "y",
        "origin": [
          7.7123,
          9.0901,
          5.96005
        ]
      },
      "faces": {
        "north": {
          "uv": [
            10,
            6.66667,
            12.33333,
            7.66667
          ],
          "texture": "#0"
        },
        "east": {
          "uv": [
            13.33333,
            6.66667,
            13.83333,
            7.66667
          ],
          "texture": "#0"
        },
        "south": {
          "uv": [
            0,
            10.66667,
            2.33333,
            11.66667
          ],
          "texture": "#0"
        },
        "west": {
          "uv": [
            8.66667,
            13.33333,
            9.16667,
            14.33333
          ],
          "texture": "#0"
        },
        "up": {
          "uv": [
            13.66667,
            10.5,
            11.33333,
            10
          ],
          "texture": "#0"
        },
        "down": {
          "uv": [
            13.66667,
            10.66667,
            11.33333,
            11.16667
          ],
          "texture": "#0"
        }
      }
    },
    {
      "from": [
        6.51564,
        6.9411,
        5.7546
      ],
      "to": [
        9.48436,
        8.4391,
        5.8046
      ],
      "rotation": {
        "angle": 0,
        "axis": "y",
        "origin": [
          7.76409,
          7.8651,
          6.0416
        ]
      },
      "faces": {
        "north": {
          "uv": [
            4.66667,
            3.33333,
            6.66667,
            4.33333
          ],
          "texture": "#0"
        },
        "south": {
          "uv": [
            6.66667,
            3.33333,
            4.66667,
            4.33333
          ],
          "texture": "#0"
        }
      }
    },
    {
      "from": [
        9.1133,
        6.9411,
        6.07642
      ],
      "to": [
        10.6113,
        8.43336,
        6.12642
      ],
      "rotation": {
        "angle": -45,
        "axis": "y",
        "origin": [
          9.6873,
          7.8651,
          6.36342
        ]
      },
      "faces": {
        "north": {
          "uv": [
            4.66667,
            12.66667,
            5.66667,
            13.66667
          ],
          "texture": "#0"
        },
        "south": {
          "uv": [
            5.66667,
            12.66667,
            4.66667,
            13.66667
          ],
          "texture": "#0"
        }
      }
    },
    {
      "from": [
        5.3887,
        6.9411,
        6.07642
      ],
      "to": [
        6.8867,
        8.43336,
        6.12642
      ],
      "rotation": {
        "angle": 45,
        "axis": "y",
        "origin": [
          6.3127,
          7.8651,
          6.36342
        ]
      },
      "faces": {
        "north": {
          "uv": [
            5.66667,
            12.66667,
            4.66667,
            13.66667
          ],
          "texture": "#0"
        },
        "south": {
          "uv": [
            4.66667,
            12.66667,
            5.66667,
            13.66667
          ],
          "texture": "#0"
        }
      }
    },
    {
      "from": [
        10.1,
        8.3901,
        6.6
      ],
      "to": [
        10.8,
        9.7901,
        11.5
      ],
      "rotation": {
        "angle": 0,
        "axis": "y",
        "origin": [
          10.8,
          7.6901,
          5.9
        ]
      },
      "faces": {
        "north": {
          "uv": [
            12.66667,
            12.66667,
            13.16667,
            13.66667
          ],
          "texture": "#0"
        },
        "east": {
          "uv": [
            10,
            4,
            13.33333,
            5
          ],
          "texture": "#0"
        },
        "south": {
          "uv": [
            0,
            13.33333,
            0.5,
            14.33333
          ],
          "texture": "#0"
        },
        "west": {
          "uv": [
            10,
            5.33333,
            13.33333,
            6.33333
          ],
          "texture": "#0"
        },
        "up": {
          "uv": [
            8.5,
            14,
            8,
            10.66667
          ],
          "texture": "#0"
        },
        "down": {
          "uv": [
            11.16667,
            8,
            10.66667,
            11.33333
          ],
          "texture": "#0"
        }
      }
    },
    {
      "from": [
        10.75091,
        9.79031,
        7.35
      ],
      "to": [
        10.80091,
        10.49031,
        9.45
      ],
      "rotation": {
        "angle": 0,
        "axis": "y",
        "origin": [
          10.75091,
          9.09031,
          6.65
        ]
      },
      "faces": {
        "east": {
          "uv": [
            8.66667,
            10.66667,
            10,
            11.16667
          ],
          "texture": "#0"
        },
        "west": {
          "uv": [
            10,
            10.66667,
            8.66667,
            11.16667
          ],
          "texture": "#0"
        }
      }
    },
    {
      "from": [
        10.51807,
        10.35244,
        7.35
      ],
      "to": [
        10.56807,
        11.05244,
        10.237
      ],
      "rotation": {
        "angle": 45,
        "axis": "z",
        "origin": [
          10.51807,
          10.70244,
          8.4
        ]
      },
      "faces": {
        "east": {
          "uv": [
            8,
            2.66667,
            9.83333,
            3.16667
          ],
          "texture": "#0"
        },
        "west": {
          "uv": [
            9.83333,
            2.66667,
            8,
            3.16667
          ],
          "texture": "#0"
        }
      }
    },
    {
      "from": [
        8.91345,
        11.07303,
        7.35
      ],
      "to": [
        10.31345,
        11.12303,
        11.81
      ],
      "rotation": {
        "angle": -22.5,
        "axis": "z",
        "origin": [
          9.96345,
          11.07303,
          8.4
        ]
      },
      "faces": {
        "up": {
          "uv": [
            4.33333,
            12.16667,
            3.33333,
            9.33333
          ],
          "texture": "#0"
        },
        "down": {
          "uv": [
            4.33333,
            9.33333,
            3.33333,
            12.16667
          ],
          "texture": "#0"
        }
      }
    },
    {
      "from": [
        5.68655,
        11.07303,
        7.35
      ],
      "to": [
        7.08655,
        11.12303,
        11.81
      ],
      "rotation": {
        "angle": 22.5,
        "axis": "z",
        "origin": [
          6.03655,
          11.07303,
          8.4
        ]
      },
      "faces": {
        "up": {
          "uv": [
            3.33333,
            12.16667,
            4.33333,
            9.33333
          ],
          "texture": "#0"
        },
        "down": {
          "uv": [
            3.33333,
            9.33333,
            4.33333,
            12.16667
          ],
          "texture": "#0"
        }
      }
    },
    {
      "from": [
        5.43193,
        10.35244,
        7.35
      ],
      "to": [
        5.48193,
        11.05244,
        10.237
      ],
      "rotation": {
        "angle": -45,
        "axis": "z",
        "origin": [
          5.48193,
          10.70244,
          8.4
        ]
      },
      "faces": {
        "east": {
          "uv": [
            8,
            2.66667,
            9.83333,
            3.16667
          ],
          "texture": "#0"
        },
        "west": {
          "uv": [
            9.83333,
            2.66667,
            8,
            3.16667
          ],
          "texture": "#0"
        }
      }
    },
    {
      "from": [
        5.19909,
        9.79031,
        7.35
      ],
      "to": [
        5.24909,
        10.49031,
        9.45
      ],
      "rotation": {
        "angle": 0,
        "axis": "y",
        "origin": [
          5.24909,
          9.09031,
          6.65
        ]
      },
      "faces": {
        "east": {
          "uv": [
            8.66667,
            10.66667,
            10,
            11.16667
          ],
          "texture": "#0"
        },
        "west": {
          "uv": [
            10,
            10.66667,
            8.66667,
            11.16667
          ],
          "texture": "#0"
        }
      }
    },
    {
      "from": [
        8.57254,
        10.3599,
        6.4
      ],
      "to": [
        8.62254,
        12.4599,
        11.3
      ],
      "rotation": {
        "angle": 22.5,
        "axis": "z",
        "origin": [
          8.57254,
          11.4099,
          8.85
        ]
      },
      "faces": {
        "east": {
          "uv": [
            6.66667,
            6.66667,
            10,
            8
          ],
          "texture": "#0"
        },
        "west": {
          "uv": [
            10,
            6.66667,
            6.66667,
            8
          ],
          "texture": "#0"
        }
      }
    },
    {
      "from": [
        7.37746,
        10.3599,
        6.4
      ],
      "to": [
        7.42746,
        12.4599,
        11.3
      ],
      "rotation": {
        "angle": -22.5,
        "axis": "z",
        "origin": [
          7.42746,
          11.4099,
          8.85
        ]
      },
      "faces": {
        "east": {
          "uv": [
            6.66667,
            6.66667,
            10,
            8
          ],
          "texture": "#0"
        },
        "west": {
          "uv": [
            10,
            6.66667,
            6.66667,
            8
          ],
          "texture": "#0"
        }
      }
    },
    {
      "from": [
        5.725,
        9.7901,
        6.25
      ],
      "to": [
        10.275,
        10.4901,
        11.15
      ],
      "rotation": {
        "angle": 0,
        "axis": "y",
        "origin": [
          10.1,
          8.3901,
          6.25
        ]
      },
      "faces": {
        "north": {
          "uv": [
            11.33333,
            8,
            14.33333,
            8.5
          ],
          "texture": "#0"
        },
        "east": {
          "uv": [
            11.33333,
            1.33333,
            14.66667,
            1.83333
          ],
          "texture": "#0"
        },
        "south": {
          "uv": [
            8.66667,
            11.33333,
            11.66667,
            11.83333
          ],
          "texture": "#0"
        },
        "west": {
          "uv": [
            11.33333,
            2,
            14.66667,
            2.5
          ],
          "texture": "#0"
        },
        "up": {
          "uv": [
            3,
            8,
            0,
            4.66667
          ],
          "texture": "#0"
        },
        "down": {
          "uv": [
            7.66667,
            0,
            4.66667,
            3.33333
          ],
          "texture": "#0"
        }
      }
    },
    {
      "from": [
        10.1,
        6.2901,
        7.335
      ],
      "to": [
        10.8,
        8.3901,
        11.5
      ],
      "rotation": {
        "angle": 0,
        "axis": "y",
        "origin": [
          10.8,
          6.9901,
          5.91
        ]
      },
      "faces": {
        "north": {
          "uv": [
            6,
            12.66667,
            6.5,
            14
          ],
          "texture": "#0"
        },
        "east": {
          "uv": [
            7.33333,
            8,
            10.16667,
            9.33333
          ],
          "texture": "#0"
        },
        "south": {
          "uv": [
            6.66667,
            12.66667,
            7.16667,
            14
          ],
          "texture": "#0"
        },
        "west": {
          "uv": [
            0,
            9.33333,
            2.83333,
            10.66667
          ],
          "texture": "#0"
        }
      }
    },
    {
      "from": [
        5.24246,
        8.3936,
        6.00251
      ],
      "to": [
        6.64246,
        9.7866,
        6.70251
      ],
      "rotation": {
        "angle": 45,
        "axis": "y",
        "origin": [
          5.94246,
          9.0936,
          6.35251
        ]
      },
      "faces": {
        "north": {
          "uv": [
            11,
            12,
            10,
            13
          ],
          "texture": "#0"
        },
        "east": {
          "uv": [
            13.83333,
            4,
            13.33333,
            5
          ],
          "texture": "#0"
        },
        "south": {
          "uv": [
            12.33333,
            12,
            11.33333,
            13
          ],
          "texture": "#0"
        },
        "west": {
          "uv": [
            2.5,
            13.33333,
            2,
            14.33333
          ],
          "texture": "#0"
        },
        "up": {
          "uv": [
            13.33333,
            5.83333,
            14.33333,
            5.33333
          ],
          "texture": "#0"
        },
        "down": {
          "uv": [
            13.33333,
            6,
            14.33333,
            6.5
          ],
          "texture": "#0"
        }
      }
    },
    {
      "from": [
        5.2,
        8.3901,
        6.6
      ],
      "to": [
        5.9,
        9.7901,
        11.5
      ],
      "rotation": {
        "angle": 0,
        "axis": "y",
        "origin": [
          5.2,
          7.6901,
          5.9
        ]
      },
      "faces": {
        "north": {
          "uv": [
            13.16667,
            12.66667,
            12.66667,
            13.66667
          ],
          "texture": "#0"
        },
        "east": {
          "uv": [
            13.33333,
            5.33333,
            10,
            6.33333
          ],
          "texture": "#0"
        },
        "south": {
          "uv": [
            0.5,
            13.33333,
            0,
            14.33333
          ],
          "texture": "#0"
        },
        "west": {
          "uv": [
            13.33333,
            4,
            10,
            5
          ],
          "texture": "#0"
        },
        "up": {
          "uv": [
            8,
            14,
            8.5,
            10.66667
          ],
          "texture": "#0"
        },
        "down": {
          "uv": [
            10.66667,
            8,
            11.16667,
            11.33333
          ],
          "texture": "#0"
        }
      }
    },
    {
      "from": [
        5.2,
        6.2901,
        7.335
      ],
      "to": [
        5.9,
        8.3901,
        11.5
      ],
      "rotation": {
        "angle": 0,
        "axis": "y",
        "origin": [
          5.2,
          6.9901,
          5.91
        ]
      },
      "faces": {
        "north": {
          "uv": [
            6.5,
            12.66667,
            6,
            14
          ],
          "texture": "#0"
        },
        "east": {
          "uv": [
            2.83333,
            9.33333,
            0,
            10.66667
          ],
          "texture": "#0"
        },
        "south": {
          "uv": [
            7.16667,
            12.66667,
            6.66667,
            14
          ],
          "texture": "#0"
        },
        "west": {
          "uv": [
            10.16667,
            8,
            7.33333,
            9.33333
          ],
          "texture": "#0"
        }
      }
    },
    {
      "from": [
        5.2,
        4.8901,
        6.6
      ],
      "to": [
        5.9,
        6.2901,
        11.5
      ],
      "rotation": {
        "angle": 0,
        "axis": "y",
        "origin": [
          5.2,
          4.8901,
          5.9
        ]
      },
      "faces": {
        "north": {
          "uv": [
            13.16667,
            6.66667,
            12.66667,
            7.66667
          ],
          "texture": "#0"
        },
        "east": {
          "uv": [
            13.33333,
            2.66667,
            10,
            3.66667
          ],
          "texture": "#0"
        },
        "south": {
          "uv": [
            13.16667,
            11.33333,
            12.66667,
            12.33333
          ],
          "texture": "#0"
        },
        "west": {
          "uv": [
            10.66667,
            9.33333,
            7.33333,
            10.33333
          ],
          "texture": "#0"
        },
        "up": {
          "uv": [
            2.66667,
            14,
            3.16667,
            10.66667
          ],
          "texture": "#0"
        },
        "down": {
          "uv": [
            7.33333,
            10.66667,
            7.83333,
            14
          ],
          "texture": "#0"
        }
      }
    },
    {
      "from": [
        5.24246,
        4.8951,
        6.00251
      ],
      "to": [
        6.64246,
        6.2851,
        6.70251
      ],
      "rotation": {
        "angle": 45,
        "axis": "y",
        "origin": [
          5.94246,
          5.5951,
          6.35251
        ]
      },
      "faces": {
        "north": {
          "uv": [
            2.33333,
            12,
            1.33333,
            13
          ],
          "texture": "#0"
        },
        "east": {
          "uv": [
            1.83333,
            13.33333,
            1.33333,
            14.33333
          ],
          "texture": "#0"
        },
        "south": {
          "uv": [
            9.66667,
            12,
            8.66667,
            13
          ],
          "texture": "#0"
        },
        "west": {
          "uv": [
            1.16667,
            13.33333,
            0.66667,
            14.33333
          ],
          "texture": "#0"
        },
        "up": {
          "uv": [
            13.33333,
            3.16667,
            14.33333,
            2.66667
          ],
          "texture": "#0"
        },
        "down": {
          "uv": [
            13.33333,
            3.33333,
            14.33333,
            3.83333
          ],
          "texture": "#0"
        }
      }
    },
    {
      "from": [
        7.3,
        9.0901,
        5.375
      ],
      "to": [
        8.7,
        10.4901,
        11.675
      ],
      "rotation": {
        "angle": -45,
        "axis": "z",
        "origin": [
          8,
          9.7901,
          6.075
        ]
      },
      "faces": {
        "north": {
          "uv": [
            12.66667,
            0,
            13.66667,
            1
          ],
          "texture": "#0"
        },
        "east": {
          "uv": [
            0,
            8,
            4.16667,
            9
          ],
          "texture": "#0"
        },
        "south": {
          "uv": [
            3.33333,
            12.66667,
            4.33333,
            13.66667
          ],
          "texture": "#0"
        },
        "west": {
          "uv": [
            8,
            0,
            12.16667,
            1
          ],
          "texture": "#0"
        },
        "up": {
          "uv": [
            5.66667,
            12.16667,
            4.66667,
            8
          ],
          "texture": "#0"
        },
        "down": {
          "uv": [
            7,
            8,
            6,
            12.16667
          ],
          "texture": "#0"
        }
      }
    },
    {
      "from": [
        10.9378,
        3.9901,
        6.18765
      ],
      "to": [
        10.9878,
        10.5651,
        12.60805
      ],
      "rotation": {
        "angle": 0,
        "axis": "y",
        "origin": [
          10.5878,
          4.6901,
          8.06015
        ]
      },
      "faces": {
        "east": {
          "uv": [
            0,
            0,
            4.33333,
            4.16667
          ],
          "texture": "#0"
        },
        "west": {
          "uv": [
            4.33333,
            0,
            0,
            4.16667
          ],
          "texture": "#0"
        }
      }
    },
    {
      "from": [
        9.36427,
        3.9901,
        6.5816
      ],
      "to": [
        10.53467,
        6.0901,
        6.6316
      ],
      "rotation": {
        "angle": -45,
        "axis": "y",
        "origin": [
          11.23677,
          4.6901,
          6.9316
        ]
      },
      "faces": {
        "north": {
          "uv": [
            0,
            12,
            0.83333,
            13.33333
          ],
          "texture": "#0"
        },
        "south": {
          "uv": [
            0.83333,
            12,
            0,
            13.33333
          ],
          "texture": "#0"
        }
      }
    },
    {
      "from": [
        5.0122,
        3.9901,
        6.18765
      ],
      "to": [
        5.0622,
        10.5651,
        12.60805
      ],
      "rotation": {
        "angle": 0,
        "axis": "y",
        "origin": [
          5.4122,
          4.6901,
          8.06015
        ]
      },
      "faces": {
        "east": {
          "uv": [
            0,
            0,
            4.33333,
            4.16667
          ],
          "texture": "#0"
        },
        "west": {
          "uv": [
            4.33333,
            0,
            0,
            4.16667
          ],
          "texture": "#0"
        }
      }
    },
    {
      "from": [
        5.46533,
        3.9901,
        6.5816
      ],
      "to": [
        6.63573,
        6.0901,
        6.6316
      ],
      "rotation": {
        "angle": 45,
        "axis": "y",
        "origin": [
          4.76323,
          4.6901,
          6.9316
        ]
      },
      "faces": {
        "north": {
          "uv": [
            0.83333,
            12,
            0,
            13.33333
          ],
          "texture": "#0"
        },
        "south": {
          "uv": [
            0,
            12,
            0.83333,
            13.33333
          ],
          "texture": "#0"
        }
      }
    },
    {
      "from": [
        5.8398,
        3.9901,
        5.36005
      ],
      "to": [
        10.1602,
        6.0901,
        5.41005
      ],
      "rotation": {
        "angle": 0,
        "axis": "y",
        "origin": [
          7.7123,
          4.6901,
          5.71005
        ]
      },
      "faces": {
        "north": {
          "uv": [
            8,
            1.33333,
            10.83333,
            2.66667
          ],
          "texture": "#0"
        },
        "south": {
          "uv": [
            8,
            1.33333,
            10.83333,
            2.66667
          ],
          "texture": "#0"
        }
      }
    },
    {
      "from": [
        8.825,
        9.26021,
        5.50051
      ],
      "to": [
        10.325,
        11.26021,
        5.50051
      ],
      "rotation": {
        "angle": -22.5,
        "axis": "z",
        "origin": [
          9.575,
          10.26021,
          5.50051
        ]
      },
      "faces": {
        "north": {
          "uv": [
            0,
            0,
            8,
            6
          ],
          "rotation": 270,
          "texture": "#1"
        },
        "south": {
          "uv": [
            8,
            0,
            0,
            6
          ],
          "rotation": 90,
          "texture": "#1"
        }
      }
    },
    {
      "from": [
        5.675,
        9.26021,
        5.50051
      ],
      "to": [
        7.175,
        11.26021,
        5.50051
      ],
      "rotation": {
        "angle": 22.5,
        "axis": "z",
        "origin": [
          6.425,
          10.26021,
          5.50051
        ]
      },
      "faces": {
        "north": {
          "uv": [
            0,
            6,
            8,
            0
          ],
          "rotation": 270,
          "texture": "#1"
        },
        "south": {
          "uv": [
            8,
            6,
            0,
            0
          ],
          "rotation": 90,
          "texture": "#1"
        }
      }
    }
  ],
  "gui_light": "front",
  "display": {
    "thirdperson_righthand": {
      "rotation": [
        50.25,
        0,
        0
      ],
      "translation": [
        0,
        2.25,
        0.75
      ]
    },
    "thirdperson_lefthand": {
      "rotation": [
        50.25,
        0,
        0
      ],
      "translation": [
        0,
        2.25,
        0.75
      ]
    },
    "firstperson_righthand": {
      "rotation": [
        -10,
        180,
        0
      ],
      "translation": [
        -2.25,
        4.75,
        2.5
      ]
    },
    "firstperson_lefthand": {
      "rotation": [
        -10,
        180,
        0
      ],
      "translation": [
        -2.25,
        4.75,
        2.5
      ]
    },
    "ground": {
      "translation": [
        0,
        6.25,
        0
      ],
      "scale": [
        1.33398,
        1.33398,
        1.33398
      ]
    },
    "gui": {
      "rotation": [
        0,
        180,
        0
      ],
      "translation": [
        0,
        1.25,
        0
      ],
      "scale": [
        2.21484,
        2.21484,
        2.21484
      ]
    },
    "head": {
      "translation": [
        0,
        2.25,
        -1.75
      ],
      "scale": [
        2.78125,
        2.78125,
        2.78125
      ]
    },
    "fixed": {
      "rotation": [
        -90,
        0,
        0
      ],
      "translation": [
        0,
        -1.5,
        -12.75
      ],
      "scale": [
        3.32227,
        3.32227,
        3.32227
      ]
    }
  },
  "groups": [
    0,
    1,
    2,
    3,
    4,
    5,
    6,
    7,
    8,
    9,
    10,
    11,
    12,
    13,
    14,
    15,
    16,
    17,
    18,
    19,
    20,
    21,
    22,
    23,
    24,
    25,
    26,
    27,
    28,
    29,
    {
      "name": "group",
      "origin": [
        8,
        15.15,
        5.50165
      ],
      "color": 0,
      "children": [
        30,
        31
      ]
    }
  ]
}