{
  "credit": "MadebyPolygonMC",
  "texture_size": [
    24,
    24
  ],
  "textures": {
    "1": "dragonsoulset:animations/animations_2",
    "2": "dragonsoulset:wings",
    "particle": "dragonsoulset:animations/animations_2"
  },
  "elements": [
    {
      "from": [
        6.5,
        5.27791,
        7.5
      ],
      "to": [
        9.5,
        8.27791,
        8.5
      ],
      "rotation": {
        "angle": -45,
        "axis": "z",
        "origin": [
          8,
          6.77791,
          8
        ]
      },
      "faces": {
        "north": {
          "uv": [
            0,
            6.66667,
            2,
            8.66667
          ],
          "texture": "#2"
        },
        "east": {
          "uv": [
            5.33333,
            8.66667,
            6,
            10.66667
          ],
          "texture": "#2"
        },
        "south": {
          "uv": [
            2,
            6.66667,
            4,
            8.66667
          ],
          "texture": "#2"
        },
        "west": {
          "uv": [
            6,
            8.66667,
            6.66667,
            10.66667
          ],
          "texture": "#2"
        },
        "up": {
          "uv": [
            8.66667,
            9.33333,
            6.66667,
            8.66667
          ],
          "texture": "#2"
        },
        "down": {
          "uv": [
            10.66667,
            8.66667,
            8.66667,
            9.33333
          ],
          "texture": "#2"
        }
      }
    },
    {
      "from": [
        6.75,
        5.52791,
        7.25
      ],
      "to": [
        9.25,
        8.02791,
        8.75
      ],
      "rotation": {
        "angle": -45,
        "axis": "z",
        "origin": [
          8,
          6.77791,
          8
        ]
      },
      "faces": {
        "north": {
          "uv": [
            4,
            6.66667,
            5.66667,
            8.33333
          ],
          "texture": "#2"
        },
        "east": {
          "uv": [
            8,
            6.66667,
            9,
            8.33333
          ],
          "texture": "#2"
        },
        "south": {
          "uv": [
            6,
            6.66667,
            7.66667,
            8.33333
          ],
          "texture": "#2"
        },
        "west": {
          "uv": [
            0,
            8.66667,
            1,
            10.33333
          ],
          "texture": "#2"
        },
        "up": {
          "uv": [
            3,
            9.66667,
            1.33333,
            8.66667
          ],
          "texture": "#2"
        },
        "down": {
          "uv": [
            5,
            8.66667,
            3.33333,
            9.66667
          ],
          "texture": "#2"
        }
      }
    },
    {
      "from": [
        3.58053,
        8.6614,
        7.6
      ],
      "to": [
        6.58053,
        8.9614,
        8.4
      ],
      "rotation": {
        "angle": -22.5,
        "axis": "z",
        "origin": [
          1.06602,
          7.6,
          8
        ]
      },
      "faces": {
        "north": {
          "uv": [
            14,
            8,
            12,
            8.16667
          ],
          "texture": "#2"
        },
        "east": {
          "uv": [
            14.5,
            0,
            14,
            0.16667
          ],
          "texture": "#2"
        },
        "south": {
          "uv": [
            14,
            9.33333,
            12,
            9.5
          ],
          "texture": "#2"
        },
        "west": {
          "uv": [
            13.83333,
            13.33333,
            13.33333,
            13.5
          ],
          "texture": "#2"
        },
        "up": {
          "uv": [
            6.66667,
            9.83333,
            8.66667,
            9.33333
          ],
          "texture": "#2"
        },
        "down": {
          "uv": [
            9.33333,
            6.66667,
            11.33333,
            7.16667
          ],
          "texture": "#2"
        }
      }
    },
    {
      "from": [
        2.0183,
        9.50752,
        7.575
      ],
      "to": [
        3.0183,
        10.50752,
        8.425
      ],
      "rotation": {
        "angle": -45,
        "axis": "z",
        "origin": [
          1.06602,
          7.6,
          8
        ]
      },
      "faces": {
        "north": {
          "uv": [
            4.66667,
            12,
            5.33333,
            11.33333
          ],
          "rotation": 270,
          "texture": "#2"
        },
        "east": {
          "uv": [
            12,
            12.5,
            11.33333,
            12
          ],
          "rotation": 90,
          "texture": "#2"
        },
        "south": {
          "uv": [
            5.33333,
            12,
            6,
            11.33333
          ],
          "rotation": 90,
          "texture": "#2"
        },
        "west": {
          "uv": [
            12.66667,
            10.66667,
            12,
            11.16667
          ],
          "rotation": 90,
          "texture": "#2"
        },
        "up": {
          "uv": [
            12,
            10.66667,
            12.5,
            10
          ],
          "rotation": 90,
          "texture": "#2"
        },
        "down": {
          "uv": [
            8,
            12.66667,
            8.5,
            12
          ],
          "rotation": 90,
          "texture": "#2"
        }
      }
    },
    {
      "from": [
        3.58053,
        8.9614,
        7.8
      ],
      "to": [
        6.58053,
        9.4114,
        8.2
      ],
      "rotation": {
        "angle": -22.5,
        "axis": "z",
        "origin": [
          1.06602,
          7.6,
          8
        ]
      },
      "faces": {
        "north": {
          "uv": [
            8.66667,
            10,
            6.66667,
            10.33333
          ],
          "texture": "#2"
        },
        "east": {
          "uv": [
            5.66667,
            13.33333,
            5.33333,
            13.66667
          ],
          "texture": "#2"
        },
        "south": {
          "uv": [
            12,
            9.33333,
            10,
            9.66667
          ],
          "texture": "#2"
        },
        "west": {
          "uv": [
            5,
            13.33333,
            4.66667,
            13.66667
          ],
          "texture": "#2"
        },
        "up": {
          "uv": [
            10,
            10.33333,
            12,
            10
          ],
          "texture": "#2"
        },
        "down": {
          "uv": [
            5.33333,
            10.66667,
            7.33333,
            11
          ],
          "texture": "#2"
        }
      }
    },
    {
      "from": [
        -0.54175,
        10.00396,
        7.575
      ],
      "to": [
        0.70825,
        11.25396,
        8.425
      ],
      "rotation": {
        "angle": -45,
        "axis": "z",
        "origin": [
          1.06602,
          7.6,
          8
        ]
      },
      "faces": {
        "north": {
          "uv": [
            8.66667,
            10.16667,
            9.5,
            9.33333
          ],
          "rotation": 270,
          "texture": "#2"
        },
        "east": {
          "uv": [
            2.83333,
            12.5,
            2,
            12
          ],
          "rotation": 90,
          "texture": "#2"
        },
        "south": {
          "uv": [
            1.33333,
            10.83333,
            2.16667,
            10
          ],
          "rotation": 90,
          "texture": "#2"
        },
        "west": {
          "uv": [
            1.5,
            12,
            0.66667,
            12.5
          ],
          "rotation": 90,
          "texture": "#2"
        },
        "up": {
          "uv": [
            0,
            12.83333,
            0.5,
            12
          ],
          "rotation": 90,
          "texture": "#2"
        },
        "down": {
          "uv": [
            11.33333,
            11.5,
            11.83333,
            10.66667
          ],
          "rotation": 90,
          "texture": "#2"
        }
      }
    },
    {
      "from": [
        3.97378,
        9.61909,
        7.6
      ],
      "to": [
        4.97378,
        10.11909,
        8.4
      ],
      "rotation": {
        "angle": 22.5,
        "axis": "z",
        "origin": [
          1.06602,
          7.6,
          8
        ]
      },
      "faces": {
        "north": {
          "uv": [
            13.33333,
            10.66667,
            12.66667,
            11
          ],
          "texture": "#2"
        },
        "east": {
          "uv": [
            1.83333,
            13.33333,
            1.33333,
            13.66667
          ],
          "texture": "#2"
        },
        "south": {
          "uv": [
            12,
            12.66667,
            11.33333,
            13
          ],
          "texture": "#2"
        },
        "west": {
          "uv": [
            1.16667,
            13.33333,
            0.66667,
            13.66667
          ],
          "texture": "#2"
        },
        "up": {
          "uv": [
            12,
            11.83333,
            12.66667,
            11.33333
          ],
          "texture": "#2"
        },
        "down": {
          "uv": [
            12,
            12,
            12.66667,
            12.5
          ],
          "texture": "#2"
        }
      }
    },
    {
      "from": [
        3.77378,
        9.71909,
        7.7
      ],
      "to": [
        5.17378,
        10.31909,
        8.3
      ],
      "rotation": {
        "angle": 22.5,
        "axis": "z",
        "origin": [
          1.06602,
          7.6,
          8
        ]
      },
      "faces": {
        "north": {
          "uv": [
            1.66667,
            12.66667,
            0.66667,
            13
          ],
          "texture": "#2"
        },
        "east": {
          "uv": [
            7,
            13.33333,
            6.66667,
            13.66667
          ],
          "texture": "#2"
        },
        "south": {
          "uv": [
            3,
            12.66667,
            2,
            13
          ],
          "texture": "#2"
        },
        "west": {
          "uv": [
            6.33333,
            13.33333,
            6,
            13.66667
          ],
          "texture": "#2"
        },
        "up": {
          "uv": [
            3.33333,
            13,
            4.33333,
            12.66667
          ],
          "texture": "#2"
        },
        "down": {
          "uv": [
            6,
            12.66667,
            7,
            13
          ],
          "texture": "#2"
        }
      }
    },
    {
      "from": [
        3.79352,
        11.17572,
        7.754
      ],
      "to": [
        4.53152,
        11.66772,
        8.246
      ],
      "rotation": {
        "angle": 0,
        "axis": "z",
        "origin": [
          1.06602,
          7.6,
          8
        ]
      },
      "faces": {
        "north": {
          "uv": [
            2.5,
            13.33333,
            2,
            13.66667
          ],
          "texture": "#2"
        },
        "east": {
          "uv": [
            7.66667,
            13.33333,
            7.33333,
            13.66667
          ],
          "texture": "#2"
        },
        "south": {
          "uv": [
            3.16667,
            13.33333,
            2.66667,
            13.66667
          ],
          "texture": "#2"
        },
        "west": {
          "uv": [
            13.66667,
            6.66667,
            13.33333,
            7
          ],
          "texture": "#2"
        },
        "up": {
          "uv": [
            3.33333,
            13.66667,
            3.83333,
            13.33333
          ],
          "texture": "#2"
        },
        "down": {
          "uv": [
            4,
            13.33333,
            4.5,
            13.66667
          ],
          "texture": "#2"
        }
      }
    },
    {
      "from": [
        2.66725,
        12.27139,
        7.80812
      ],
      "to": [
        3.14289,
        12.65515,
        8.19188
      ],
      "rotation": {
        "angle": -22.5,
        "axis": "z",
        "origin": [
          1.06602,
          7.6,
          8
        ]
      },
      "faces": {
        "north": {
          "uv": [
            13.66667,
            7.33333,
            13.33333,
            7.66667
          ],
          "texture": "#2"
        },
        "east": {
          "uv": [
            13.66667,
            8.66667,
            13.33333,
            9
          ],
          "texture": "#2"
        },
        "south": {
          "uv": [
            9,
            13.33333,
            8.66667,
            13.66667
          ],
          "texture": "#2"
        },
        "west": {
          "uv": [
            8.33333,
            13.33333,
            8,
            13.66667
          ],
          "texture": "#2"
        },
        "up": {
          "uv": [
            9.33333,
            13.66667,
            9.66667,
            13.33333
          ],
          "texture": "#2"
        },
        "down": {
          "uv": [
            10,
            13.33333,
            10.33333,
            13.66667
          ],
          "texture": "#2"
        }
      }
    },
    {
      "from": [
        -13.5,
        3.87791,
        7.975
      ],
      "to": [
        7,
        13.12791,
        8.025
      ],
      "rotation": {
        "angle": 0,
        "axis": "z",
        "origin": [
          1.06602,
          7.6,
          8
        ]
      },
      "faces": {
        "north": {
          "uv": [
            13.66667,
            0,
            0,
            6.16667
          ],
          "texture": "#2"
        },
        "south": {
          "uv": [
            0,
            0,
            13.66667,
            6.16667
          ],
          "texture": "#2"
        }
      }
    },
    {
      "from": [
        1.79967,
        3.60067,
        7.575
      ],
      "to": [
        3.04967,
        4.85067,
        8.425
      ],
      "rotation": {
        "angle": -45,
        "axis": "z",
        "origin": [
          1.06602,
          7.6,
          8
        ]
      },
      "faces": {
        "north": {
          "uv": [
            3.5,
            10,
            2.66667,
            10.83333
          ],
          "texture": "#2"
        },
        "east": {
          "uv": [
            5.83333,
            12,
            5.33333,
            12.83333
          ],
          "texture": "#2"
        },
        "south": {
          "uv": [
            4.83333,
            10,
            4,
            10.83333
          ],
          "texture": "#2"
        },
        "west": {
          "uv": [
            5.16667,
            12,
            4.66667,
            12.83333
          ],
          "texture": "#2"
        },
        "up": {
          "uv": [
            12,
            7.16667,
            12.83333,
            6.66667
          ],
          "texture": "#2"
        },
        "down": {
          "uv": [
            12,
            7.33333,
            12.83333,
            7.83333
          ],
          "texture": "#2"
        }
      }
    },
    {
      "from": [
        0.90093,
        4.29267,
        7.6
      ],
      "to": [
        1.20093,
        6.29267,
        8.4
      ],
      "rotation": {
        "angle": -22.5,
        "axis": "z",
        "origin": [
          1.06602,
          7.6,
          8
        ]
      },
      "faces": {
        "north": {
          "uv": [
            12.83333,
            11.33333,
            12.66667,
            12.66667
          ],
          "texture": "#2"
        },
        "east": {
          "uv": [
            1.16667,
            10.66667,
            0.66667,
            12
          ],
          "texture": "#2"
        },
        "south": {
          "uv": [
            12.16667,
            12.66667,
            12,
            14
          ],
          "texture": "#2"
        },
        "west": {
          "uv": [
            0.5,
            10.66667,
            0,
            12
          ],
          "texture": "#2"
        },
        "up": {
          "uv": [
            0.66667,
            14.5,
            0.83333,
            14
          ],
          "texture": "#2"
        },
        "down": {
          "uv": [
            14,
            0.66667,
            14.16667,
            1.16667
          ],
          "texture": "#2"
        }
      }
    },
    {
      "from": [
        1.20093,
        4.29267,
        7.8
      ],
      "to": [
        1.65093,
        6.29267,
        8.2
      ],
      "rotation": {
        "angle": -22.5,
        "axis": "z",
        "origin": [
          1.06602,
          7.6,
          8
        ]
      },
      "faces": {
        "north": {
          "uv": [
            6.33333,
            11.33333,
            6,
            12.66667
          ],
          "texture": "#2"
        },
        "east": {
          "uv": [
            7.66667,
            11.33333,
            7.33333,
            12.66667
          ],
          "texture": "#2"
        },
        "south": {
          "uv": [
            11.66667,
            6.66667,
            11.33333,
            8
          ],
          "texture": "#2"
        },
        "west": {
          "uv": [
            7,
            11.33333,
            6.66667,
            12.66667
          ],
          "texture": "#2"
        },
        "up": {
          "uv": [
            10.66667,
            13.66667,
            11,
            13.33333
          ],
          "texture": "#2"
        },
        "down": {
          "uv": [
            13.33333,
            10.66667,
            13.66667,
            11
          ],
          "texture": "#2"
        }
      }
    },
    {
      "from": [
        1.36076,
        6.27597,
        7.575
      ],
      "to": [
        2.36076,
        7.27597,
        8.425
      ],
      "rotation": {
        "angle": -45,
        "axis": "z",
        "origin": [
          1.06602,
          7.6,
          8
        ]
      },
      "faces": {
        "north": {
          "uv": [
            8.66667,
            11.33333,
            8,
            12
          ],
          "texture": "#2"
        },
        "east": {
          "uv": [
            8.5,
            12.66667,
            8,
            13.33333
          ],
          "texture": "#2"
        },
        "south": {
          "uv": [
            12,
            8,
            11.33333,
            8.66667
          ],
          "texture": "#2"
        },
        "west": {
          "uv": [
            7.83333,
            12.66667,
            7.33333,
            13.33333
          ],
          "texture": "#2"
        },
        "up": {
          "uv": [
            8.66667,
            13.16667,
            9.33333,
            12.66667
          ],
          "texture": "#2"
        },
        "down": {
          "uv": [
            12.66667,
            8.66667,
            13.33333,
            9.16667
          ],
          "texture": "#2"
        }
      }
    },
    {
      "from": [
        0.86032,
        6.8575,
        7.6
      ],
      "to": [
        3.86032,
        7.1575,
        8.4
      ],
      "rotation": {
        "angle": 22.5,
        "axis": "z",
        "origin": [
          1.06602,
          7.6,
          8
        ]
      },
      "faces": {
        "north": {
          "uv": [
            11.33333,
            12.66667,
            9.33333,
            12.83333
          ],
          "texture": "#2"
        },
        "east": {
          "uv": [
            14.5,
            1.33333,
            14,
            1.5
          ],
          "texture": "#2"
        },
        "south": {
          "uv": [
            14.66667,
            10,
            12.66667,
            10.16667
          ],
          "texture": "#2"
        },
        "west": {
          "uv": [
            1.83333,
            14,
            1.33333,
            14.16667
          ],
          "texture": "#2"
        },
        "up": {
          "uv": [
            9.33333,
            7.83333,
            11.33333,
            7.33333
          ],
          "texture": "#2"
        },
        "down": {
          "uv": [
            9.33333,
            8,
            11.33333,
            8.5
          ],
          "texture": "#2"
        }
      }
    },
    {
      "from": [
        0.86032,
        6.4075,
        7.8
      ],
      "to": [
        3.86032,
        6.8575,
        8.2
      ],
      "rotation": {
        "angle": 22.5,
        "axis": "z",
        "origin": [
          1.06602,
          7.6,
          8
        ]
      },
      "faces": {
        "north": {
          "uv": [
            9.33333,
            10.66667,
            7.33333,
            11
          ],
          "texture": "#2"
        },
        "east": {
          "uv": [
            13.66667,
            11.33333,
            13.33333,
            11.66667
          ],
          "texture": "#2"
        },
        "south": {
          "uv": [
            12.66667,
            8.66667,
            10.66667,
            9
          ],
          "texture": "#2"
        },
        "west": {
          "uv": [
            11.66667,
            13.33333,
            11.33333,
            13.66667
          ],
          "texture": "#2"
        },
        "up": {
          "uv": [
            9.33333,
            11,
            11.33333,
            10.66667
          ],
          "texture": "#2"
        },
        "down": {
          "uv": [
            1.33333,
            11.33333,
            3.33333,
            11.66667
          ],
          "texture": "#2"
        }
      }
    },
    {
      "from": [
        3.26205,
        7.42148,
        7.6
      ],
      "to": [
        3.56205,
        9.42148,
        8.4
      ],
      "rotation": {
        "angle": 22.5,
        "axis": "z",
        "origin": [
          1.06602,
          7.6,
          8
        ]
      },
      "faces": {
        "north": {
          "uv": [
            12.83333,
            12.66667,
            12.66667,
            14
          ],
          "texture": "#2"
        },
        "east": {
          "uv": [
            4.5,
            11.33333,
            4,
            12.66667
          ],
          "texture": "#2"
        },
        "south": {
          "uv": [
            0.16667,
            13.33333,
            0,
            14.66667
          ],
          "texture": "#2"
        },
        "west": {
          "uv": [
            3.83333,
            11.33333,
            3.33333,
            12.66667
          ],
          "texture": "#2"
        },
        "up": {
          "uv": [
            2,
            14.5,
            2.16667,
            14
          ],
          "texture": "#2"
        },
        "down": {
          "uv": [
            14,
            2,
            14.16667,
            2.5
          ],
          "texture": "#2"
        }
      }
    },
    {
      "from": [
        3.56205,
        7.42148,
        7.8
      ],
      "to": [
        4.01205,
        9.42148,
        8.2
      ],
      "rotation": {
        "angle": 22.5,
        "axis": "z",
        "origin": [
          1.06602,
          7.6,
          8
        ]
      },
      "faces": {
        "north": {
          "uv": [
            9,
            11.33333,
            8.66667,
            12.66667
          ],
          "texture": "#2"
        },
        "east": {
          "uv": [
            11,
            11.33333,
            10.66667,
            12.66667
          ],
          "texture": "#2"
        },
        "south": {
          "uv": [
            10.33333,
            11.33333,
            10,
            12.66667
          ],
          "texture": "#2"
        },
        "west": {
          "uv": [
            9.66667,
            11.33333,
            9.33333,
            12.66667
          ],
          "texture": "#2"
        },
        "up": {
          "uv": [
            13.33333,
            12.33333,
            13.66667,
            12
          ],
          "texture": "#2"
        },
        "down": {
          "uv": [
            13.33333,
            12.66667,
            13.66667,
            13
          ],
          "texture": "#2"
        }
      }
    },
    {
      "from": [
        0.03419,
        3.6355,
        7.80812
      ],
      "to": [
        0.50983,
        4.01926,
        8.19188
      ],
      "rotation": {
        "angle": 22.5,
        "axis": "z",
        "origin": [
          1.06602,
          7.6,
          8
        ]
      },
      "faces": {
        "north": {
          "uv": [
            13.66667,
            7.66667,
            13.33333,
            7.33333
          ],
          "texture": "#2"
        },
        "east": {
          "uv": [
            13.66667,
            9,
            13.33333,
            8.66667
          ],
          "texture": "#2"
        },
        "south": {
          "uv": [
            9,
            13.66667,
            8.66667,
            13.33333
          ],
          "texture": "#2"
        },
        "west": {
          "uv": [
            8.33333,
            13.66667,
            8,
            13.33333
          ],
          "texture": "#2"
        },
        "up": {
          "uv": [
            10,
            13.66667,
            10.33333,
            13.33333
          ],
          "texture": "#2"
        },
        "down": {
          "uv": [
            9.33333,
            13.33333,
            9.66667,
            13.66667
          ],
          "texture": "#2"
        }
      }
    },
    {
      "from": [
        0.94352,
        3.53228,
        7.754
      ],
      "to": [
        1.68152,
        4.02428,
        8.246
      ],
      "rotation": {
        "angle": 0,
        "axis": "z",
        "origin": [
          1.06602,
          7.6,
          8
        ]
      },
      "faces": {
        "north": {
          "uv": [
            2.5,
            13.66667,
            2,
            13.33333
          ],
          "texture": "#2"
        },
        "east": {
          "uv": [
            7.66667,
            13.66667,
            7.33333,
            13.33333
          ],
          "texture": "#2"
        },
        "south": {
          "uv": [
            3.16667,
            13.66667,
            2.66667,
            13.33333
          ],
          "texture": "#2"
        },
        "west": {
          "uv": [
            13.66667,
            7,
            13.33333,
            6.66667
          ],
          "texture": "#2"
        },
        "up": {
          "uv": [
            4,
            13.66667,
            4.5,
            13.33333
          ],
          "texture": "#2"
        },
        "down": {
          "uv": [
            3.33333,
            13.33333,
            3.83333,
            13.66667
          ],
          "texture": "#2"
        }
      }
    },
    {
      "from": [
        1.14072,
        3.79027,
        7.7
      ],
      "to": [
        2.54072,
        4.39027,
        8.3
      ],
      "rotation": {
        "angle": -22.5,
        "axis": "z",
        "origin": [
          1.06602,
          7.6,
          8
        ]
      },
      "faces": {
        "north": {
          "uv": [
            1.66667,
            13,
            0.66667,
            12.66667
          ],
          "texture": "#2"
        },
        "east": {
          "uv": [
            7,
            13.66667,
            6.66667,
            13.33333
          ],
          "texture": "#2"
        },
        "south": {
          "uv": [
            3,
            13,
            2,
            12.66667
          ],
          "texture": "#2"
        },
        "west": {
          "uv": [
            6.33333,
            13.66667,
            6,
            13.33333
          ],
          "texture": "#2"
        },
        "up": {
          "uv": [
            6,
            13,
            7,
            12.66667
          ],
          "texture": "#2"
        },
        "down": {
          "uv": [
            3.33333,
            12.66667,
            4.33333,
            13
          ],
          "texture": "#2"
        }
      }
    },
    {
      "from": [
        1.34072,
        3.99027,
        7.6
      ],
      "to": [
        2.34072,
        4.49027,
        8.4
      ],
      "rotation": {
        "angle": -22.5,
        "axis": "z",
        "origin": [
          1.06602,
          7.6,
          8
        ]
      },
      "faces": {
        "north": {
          "uv": [
            13.33333,
            11,
            12.66667,
            10.66667
          ],
          "texture": "#2"
        },
        "east": {
          "uv": [
            1.83333,
            13.66667,
            1.33333,
            13.33333
          ],
          "texture": "#2"
        },
        "south": {
          "uv": [
            12,
            13,
            11.33333,
            12.66667
          ],
          "texture": "#2"
        },
        "west": {
          "uv": [
            1.16667,
            13.66667,
            0.66667,
            13.33333
          ],
          "texture": "#2"
        },
        "up": {
          "uv": [
            12,
            12.5,
            12.66667,
            12
          ],
          "texture": "#2"
        },
        "down": {
          "uv": [
            12,
            11.33333,
            12.66667,
            11.83333
          ],
          "texture": "#2"
        }
      }
    },
    {
      "from": [
        13.65928,
        3.99027,
        7.6
      ],
      "to": [
        14.65928,
        4.49027,
        8.4
      ],
      "rotation": {
        "angle": 22.5,
        "axis": "z",
        "origin": [
          14.93398,
          7.6,
          8
        ]
      },
      "faces": {
        "north": {
          "uv": [
            12.66667,
            11,
            13.33333,
            10.66667
          ],
          "texture": "#2"
        },
        "east": {
          "uv": [
            0.66667,
            13.66667,
            1.16667,
            13.33333
          ],
          "texture": "#2"
        },
        "south": {
          "uv": [
            11.33333,
            13,
            12,
            12.66667
          ],
          "texture": "#2"
        },
        "west": {
          "uv": [
            1.33333,
            13.66667,
            1.83333,
            13.33333
          ],
          "texture": "#2"
        },
        "up": {
          "uv": [
            12.66667,
            12.5,
            12,
            12
          ],
          "texture": "#2"
        },
        "down": {
          "uv": [
            12.66667,
            11.33333,
            12,
            11.83333
          ],
          "texture": "#2"
        }
      }
    },
    {
      "from": [
        13.45928,
        3.79027,
        7.7
      ],
      "to": [
        14.85928,
        4.39027,
        8.3
      ],
      "rotation": {
        "angle": 22.5,
        "axis": "z",
        "origin": [
          14.93398,
          7.6,
          8
        ]
      },
      "faces": {
        "north": {
          "uv": [
            0.66667,
            13,
            1.66667,
            12.66667
          ],
          "texture": "#2"
        },
        "east": {
          "uv": [
            6,
            13.66667,
            6.33333,
            13.33333
          ],
          "texture": "#2"
        },
        "south": {
          "uv": [
            2,
            13,
            3,
            12.66667
          ],
          "texture": "#2"
        },
        "west": {
          "uv": [
            6.66667,
            13.66667,
            7,
            13.33333
          ],
          "texture": "#2"
        },
        "up": {
          "uv": [
            7,
            13,
            6,
            12.66667
          ],
          "texture": "#2"
        },
        "down": {
          "uv": [
            4.33333,
            12.66667,
            3.33333,
            13
          ],
          "texture": "#2"
        }
      }
    },
    {
      "from": [
        14.31848,
        3.53228,
        7.754
      ],
      "to": [
        15.05648,
        4.02428,
        8.246
      ],
      "rotation": {
        "angle": 0,
        "axis": "z",
        "origin": [
          14.93398,
          7.6,
          8
        ]
      },
      "faces": {
        "north": {
          "uv": [
            2,
            13.66667,
            2.5,
            13.33333
          ],
          "texture": "#2"
        },
        "east": {
          "uv": [
            13.33333,
            7,
            13.66667,
            6.66667
          ],
          "texture": "#2"
        },
        "south": {
          "uv": [
            2.66667,
            13.66667,
            3.16667,
            13.33333
          ],
          "texture": "#2"
        },
        "west": {
          "uv": [
            7.33333,
            13.66667,
            7.66667,
            13.33333
          ],
          "texture": "#2"
        },
        "up": {
          "uv": [
            4.5,
            13.66667,
            4,
            13.33333
          ],
          "texture": "#2"
        },
        "down": {
          "uv": [
            3.83333,
            13.33333,
            3.33333,
            13.66667
          ],
          "texture": "#2"
        }
      }
    },
    {
      "from": [
        15.49017,
        3.6355,
        7.80812
      ],
      "to": [
        15.96581,
        4.01926,
        8.19188
      ],
      "rotation": {
        "angle": -22.5,
        "axis": "z",
        "origin": [
          14.93398,
          7.6,
          8
        ]
      },
      "faces": {
        "north": {
          "uv": [
            13.33333,
            7.66667,
            13.66667,
            7.33333
          ],
          "texture": "#2"
        },
        "east": {
          "uv": [
            8,
            13.66667,
            8.33333,
            13.33333
          ],
          "texture": "#2"
        },
        "south": {
          "uv": [
            8.66667,
            13.66667,
            9,
            13.33333
          ],
          "texture": "#2"
        },
        "west": {
          "uv": [
            13.33333,
            9,
            13.66667,
            8.66667
          ],
          "texture": "#2"
        },
        "up": {
          "uv": [
            10.33333,
            13.66667,
            10,
            13.33333
          ],
          "texture": "#2"
        },
        "down": {
          "uv": [
            9.66667,
            13.33333,
            9.33333,
            13.66667
          ],
          "texture": "#2"
        }
      }
    },
    {
      "from": [
        11.98795,
        7.42148,
        7.8
      ],
      "to": [
        12.43795,
        9.42148,
        8.2
      ],
      "rotation": {
        "angle": -22.5,
        "axis": "z",
        "origin": [
          14.93398,
          7.6,
          8
        ]
      },
      "faces": {
        "north": {
          "uv": [
            8.66667,
            11.33333,
            9,
            12.66667
          ],
          "texture": "#2"
        },
        "east": {
          "uv": [
            9.33333,
            11.33333,
            9.66667,
            12.66667
          ],
          "texture": "#2"
        },
        "south": {
          "uv": [
            10,
            11.33333,
            10.33333,
            12.66667
          ],
          "texture": "#2"
        },
        "west": {
          "uv": [
            10.66667,
            11.33333,
            11,
            12.66667
          ],
          "texture": "#2"
        },
        "up": {
          "uv": [
            13.66667,
            12.33333,
            13.33333,
            12
          ],
          "texture": "#2"
        },
        "down": {
          "uv": [
            13.66667,
            12.66667,
            13.33333,
            13
          ],
          "texture": "#2"
        }
      }
    },
    {
      "from": [
        12.43795,
        7.42148,
        7.6
      ],
      "to": [
        12.73795,
        9.42148,
        8.4
      ],
      "rotation": {
        "angle": -22.5,
        "axis": "z",
        "origin": [
          14.93398,
          7.6,
          8
        ]
      },
      "faces": {
        "north": {
          "uv": [
            12.66667,
            12.66667,
            12.83333,
            14
          ],
          "texture": "#2"
        },
        "east": {
          "uv": [
            3.33333,
            11.33333,
            3.83333,
            12.66667
          ],
          "texture": "#2"
        },
        "south": {
          "uv": [
            0,
            13.33333,
            0.16667,
            14.66667
          ],
          "texture": "#2"
        },
        "west": {
          "uv": [
            4,
            11.33333,
            4.5,
            12.66667
          ],
          "texture": "#2"
        },
        "up": {
          "uv": [
            2.16667,
            14.5,
            2,
            14
          ],
          "texture": "#2"
        },
        "down": {
          "uv": [
            14.16667,
            2,
            14,
            2.5
          ],
          "texture": "#2"
        }
      }
    },
    {
      "from": [
        12.13968,
        6.4075,
        7.8
      ],
      "to": [
        15.13968,
        6.8575,
        8.2
      ],
      "rotation": {
        "angle": -22.5,
        "axis": "z",
        "origin": [
          14.93398,
          7.6,
          8
        ]
      },
      "faces": {
        "north": {
          "uv": [
            7.33333,
            10.66667,
            9.33333,
            11
          ],
          "texture": "#2"
        },
        "east": {
          "uv": [
            11.33333,
            13.33333,
            11.66667,
            13.66667
          ],
          "texture": "#2"
        },
        "south": {
          "uv": [
            10.66667,
            8.66667,
            12.66667,
            9
          ],
          "texture": "#2"
        },
        "west": {
          "uv": [
            13.33333,
            11.33333,
            13.66667,
            11.66667
          ],
          "texture": "#2"
        },
        "up": {
          "uv": [
            11.33333,
            11,
            9.33333,
            10.66667
          ],
          "texture": "#2"
        },
        "down": {
          "uv": [
            3.33333,
            11.33333,
            1.33333,
            11.66667
          ],
          "texture": "#2"
        }
      }
    },
    {
      "from": [
        12.13968,
        6.8575,
        7.6
      ],
      "to": [
        15.13968,
        7.1575,
        8.4
      ],
      "rotation": {
        "angle": -22.5,
        "axis": "z",
        "origin": [
          14.93398,
          7.6,
          8
        ]
      },
      "faces": {
        "north": {
          "uv": [
            9.33333,
            12.66667,
            11.33333,
            12.83333
          ],
          "texture": "#2"
        },
        "east": {
          "uv": [
            1.33333,
            14,
            1.83333,
            14.16667
          ],
          "texture": "#2"
        },
        "south": {
          "uv": [
            12.66667,
            10,
            14.66667,
            10.16667
          ],
          "texture": "#2"
        },
        "west": {
          "uv": [
            14,
            1.33333,
            14.5,
            1.5
          ],
          "texture": "#2"
        },
        "up": {
          "uv": [
            11.33333,
            7.83333,
            9.33333,
            7.33333
          ],
          "texture": "#2"
        },
        "down": {
          "uv": [
            11.33333,
            8,
            9.33333,
            8.5
          ],
          "texture": "#2"
        }
      }
    },
    {
      "from": [
        13.63924,
        6.27597,
        7.575
      ],
      "to": [
        14.63924,
        7.27597,
        8.425
      ],
      "rotation": {
        "angle": 45,
        "axis": "z",
        "origin": [
          14.93398,
          7.6,
          8
        ]
      },
      "faces": {
        "north": {
          "uv": [
            8,
            11.33333,
            8.66667,
            12
          ],
          "texture": "#2"
        },
        "east": {
          "uv": [
            7.33333,
            12.66667,
            7.83333,
            13.33333
          ],
          "texture": "#2"
        },
        "south": {
          "uv": [
            11.33333,
            8,
            12,
            8.66667
          ],
          "texture": "#2"
        },
        "west": {
          "uv": [
            8,
            12.66667,
            8.5,
            13.33333
          ],
          "texture": "#2"
        },
        "up": {
          "uv": [
            9.33333,
            13.16667,
            8.66667,
            12.66667
          ],
          "texture": "#2"
        },
        "down": {
          "uv": [
            13.33333,
            8.66667,
            12.66667,
            9.16667
          ],
          "texture": "#2"
        }
      }
    },
    {
      "from": [
        14.34907,
        4.29267,
        7.8
      ],
      "to": [
        14.79907,
        6.29267,
        8.2
      ],
      "rotation": {
        "angle": 22.5,
        "axis": "z",
        "origin": [
          14.93398,
          7.6,
          8
        ]
      },
      "faces": {
        "north": {
          "uv": [
            6,
            11.33333,
            6.33333,
            12.66667
          ],
          "texture": "#2"
        },
        "east": {
          "uv": [
            6.66667,
            11.33333,
            7,
            12.66667
          ],
          "texture": "#2"
        },
        "south": {
          "uv": [
            11.33333,
            6.66667,
            11.66667,
            8
          ],
          "texture": "#2"
        },
        "west": {
          "uv": [
            7.33333,
            11.33333,
            7.66667,
            12.66667
          ],
          "texture": "#2"
        },
        "up": {
          "uv": [
            11,
            13.66667,
            10.66667,
            13.33333
          ],
          "texture": "#2"
        },
        "down": {
          "uv": [
            13.66667,
            10.66667,
            13.33333,
            11
          ],
          "texture": "#2"
        }
      }
    },
    {
      "from": [
        14.79907,
        4.29267,
        7.6
      ],
      "to": [
        15.09907,
        6.29267,
        8.4
      ],
      "rotation": {
        "angle": 22.5,
        "axis": "z",
        "origin": [
          14.93398,
          7.6,
          8
        ]
      },
      "faces": {
        "north": {
          "uv": [
            12.66667,
            11.33333,
            12.83333,
            12.66667
          ],
          "texture": "#2"
        },
        "east": {
          "uv": [
            0,
            10.66667,
            0.5,
            12
          ],
          "texture": "#2"
        },
        "south": {
          "uv": [
            12,
            12.66667,
            12.16667,
            14
          ],
          "texture": "#2"
        },
        "west": {
          "uv": [
            0.66667,
            10.66667,
            1.16667,
            12
          ],
          "texture": "#2"
        },
        "up": {
          "uv": [
            0.83333,
            14.5,
            0.66667,
            14
          ],
          "texture": "#2"
        },
        "down": {
          "uv": [
            14.16667,
            0.66667,
            14,
            1.16667
          ],
          "texture": "#2"
        }
      }
    },
    {
      "from": [
        12.95033,
        3.60067,
        7.575
      ],
      "to": [
        14.20033,
        4.85067,
        8.425
      ],
      "rotation": {
        "angle": 45,
        "axis": "z",
        "origin": [
          14.93398,
          7.6,
          8
        ]
      },
      "faces": {
        "north": {
          "uv": [
            2.66667,
            10,
            3.5,
            10.83333
          ],
          "texture": "#2"
        },
        "east": {
          "uv": [
            4.66667,
            12,
            5.16667,
            12.83333
          ],
          "texture": "#2"
        },
        "south": {
          "uv": [
            4,
            10,
            4.83333,
            10.83333
          ],
          "texture": "#2"
        },
        "west": {
          "uv": [
            5.33333,
            12,
            5.83333,
            12.83333
          ],
          "texture": "#2"
        },
        "up": {
          "uv": [
            12.83333,
            7.16667,
            12,
            6.66667
          ],
          "texture": "#2"
        },
        "down": {
          "uv": [
            12.83333,
            7.33333,
            12,
            7.83333
          ],
          "texture": "#2"
        }
      }
    },
    {
      "from": [
        9,
        3.87791,
        7.975
      ],
      "to": [
        29.5,
        13.12791,
        8.025
      ],
      "rotation": {
        "angle": 0,
        "axis": "z",
        "origin": [
          14.93398,
          7.6,
          8
        ]
      },
      "faces": {
        "north": {
          "uv": [
            0,
            0,
            13.66667,
            6.16667
          ],
          "texture": "#2"
        },
        "south": {
          "uv": [
            13.66667,
            0,
            0,
            6.16667
          ],
          "texture": "#2"
        }
      }
    },
    {
      "from": [
        12.85711,
        12.27139,
        7.80812
      ],
      "to": [
        13.33275,
        12.65515,
        8.19188
      ],
      "rotation": {
        "angle": 22.5,
        "axis": "z",
        "origin": [
          14.93398,
          7.6,
          8
        ]
      },
      "faces": {
        "north": {
          "uv": [
            13.33333,
            7.33333,
            13.66667,
            7.66667
          ],
          "texture": "#2"
        },
        "east": {
          "uv": [
            8,
            13.33333,
            8.33333,
            13.66667
          ],
          "texture": "#2"
        },
        "south": {
          "uv": [
            8.66667,
            13.33333,
            9,
            13.66667
          ],
          "texture": "#2"
        },
        "west": {
          "uv": [
            13.33333,
            8.66667,
            13.66667,
            9
          ],
          "texture": "#2"
        },
        "up": {
          "uv": [
            9.66667,
            13.66667,
            9.33333,
            13.33333
          ],
          "texture": "#2"
        },
        "down": {
          "uv": [
            10.33333,
            13.33333,
            10,
            13.66667
          ],
          "texture": "#2"
        }
      }
    },
    {
      "from": [
        11.46848,
        11.17572,
        7.754
      ],
      "to": [
        12.20648,
        11.66772,
        8.246
      ],
      "rotation": {
        "angle": 0,
        "axis": "z",
        "origin": [
          14.93398,
          7.6,
          8
        ]
      },
      "faces": {
        "north": {
          "uv": [
            2,
            13.33333,
            2.5,
            13.66667
          ],
          "texture": "#2"
        },
        "east": {
          "uv": [
            13.33333,
            6.66667,
            13.66667,
            7
          ],
          "texture": "#2"
        },
        "south": {
          "uv": [
            2.66667,
            13.33333,
            3.16667,
            13.66667
          ],
          "texture": "#2"
        },
        "west": {
          "uv": [
            7.33333,
            13.33333,
            7.66667,
            13.66667
          ],
          "texture": "#2"
        },
        "up": {
          "uv": [
            3.83333,
            13.66667,
            3.33333,
            13.33333
          ],
          "texture": "#2"
        },
        "down": {
          "uv": [
            4.5,
            13.33333,
            4,
            13.66667
          ],
          "texture": "#2"
        }
      }
    },
    {
      "from": [
        10.82622,
        9.71909,
        7.7
      ],
      "to": [
        12.22622,
        10.31909,
        8.3
      ],
      "rotation": {
        "angle": -22.5,
        "axis": "z",
        "origin": [
          14.93398,
          7.6,
          8
        ]
      },
      "faces": {
        "north": {
          "uv": [
            0.66667,
            12.66667,
            1.66667,
            13
          ],
          "texture": "#2"
        },
        "east": {
          "uv": [
            6,
            13.33333,
            6.33333,
            13.66667
          ],
          "texture": "#2"
        },
        "south": {
          "uv": [
            2,
            12.66667,
            3,
            13
          ],
          "texture": "#2"
        },
        "west": {
          "uv": [
            6.66667,
            13.33333,
            7,
            13.66667
          ],
          "texture": "#2"
        },
        "up": {
          "uv": [
            4.33333,
            13,
            3.33333,
            12.66667
          ],
          "texture": "#2"
        },
        "down": {
          "uv": [
            7,
            12.66667,
            6,
            13
          ],
          "texture": "#2"
        }
      }
    },
    {
      "from": [
        11.02622,
        9.61909,
        7.6
      ],
      "to": [
        12.02622,
        10.11909,
        8.4
      ],
      "rotation": {
        "angle": -22.5,
        "axis": "z",
        "origin": [
          14.93398,
          7.6,
          8
        ]
      },
      "faces": {
        "north": {
          "uv": [
            12.66667,
            10.66667,
            13.33333,
            11
          ],
          "texture": "#2"
        },
        "east": {
          "uv": [
            0.66667,
            13.33333,
            1.16667,
            13.66667
          ],
          "texture": "#2"
        },
        "south": {
          "uv": [
            11.33333,
            12.66667,
            12,
            13
          ],
          "texture": "#2"
        },
        "west": {
          "uv": [
            1.33333,
            13.33333,
            1.83333,
            13.66667
          ],
          "texture": "#2"
        },
        "up": {
          "uv": [
            12.66667,
            11.83333,
            12,
            11.33333
          ],
          "texture": "#2"
        },
        "down": {
          "uv": [
            12.66667,
            12,
            12,
            12.5
          ],
          "texture": "#2"
        }
      }
    },
    {
      "from": [
        15.29175,
        10.00396,
        7.575
      ],
      "to": [
        16.54175,
        11.25396,
        8.425
      ],
      "rotation": {
        "angle": 45,
        "axis": "z",
        "origin": [
          14.93398,
          7.6,
          8
        ]
      },
      "faces": {
        "north": {
          "uv": [
            8.66667,
            9.33333,
            9.5,
            10.16667
          ],
          "rotation": 270,
          "texture": "#2"
        },
        "east": {
          "uv": [
            1.5,
            12.5,
            0.66667,
            12
          ],
          "rotation": 90,
          "texture": "#2"
        },
        "south": {
          "uv": [
            1.33333,
            10,
            2.16667,
            10.83333
          ],
          "rotation": 90,
          "texture": "#2"
        },
        "west": {
          "uv": [
            2.83333,
            12,
            2,
            12.5
          ],
          "rotation": 90,
          "texture": "#2"
        },
        "up": {
          "uv": [
            0,
            12,
            0.5,
            12.83333
          ],
          "rotation": 90,
          "texture": "#2"
        },
        "down": {
          "uv": [
            11.33333,
            10.66667,
            11.83333,
            11.5
          ],
          "rotation": 90,
          "texture": "#2"
        }
      }
    },
    {
      "from": [
        9.41947,
        8.9614,
        7.8
      ],
      "to": [
        12.41947,
        9.4114,
        8.2
      ],
      "rotation": {
        "angle": 22.5,
        "axis": "z",
        "origin": [
          14.93398,
          7.6,
          8
        ]
      },
      "faces": {
        "north": {
          "uv": [
            6.66667,
            10,
            8.66667,
            10.33333
          ],
          "texture": "#2"
        },
        "east": {
          "uv": [
            4.66667,
            13.33333,
            5,
            13.66667
          ],
          "texture": "#2"
        },
        "south": {
          "uv": [
            10,
            9.33333,
            12,
            9.66667
          ],
          "texture": "#2"
        },
        "west": {
          "uv": [
            5.33333,
            13.33333,
            5.66667,
            13.66667
          ],
          "texture": "#2"
        },
        "up": {
          "uv": [
            12,
            10.33333,
            10,
            10
          ],
          "texture": "#2"
        },
        "down": {
          "uv": [
            7.33333,
            10.66667,
            5.33333,
            11
          ],
          "texture": "#2"
        }
      }
    },
    {
      "from": [
        12.9817,
        9.50752,
        7.575
      ],
      "to": [
        13.9817,
        10.50752,
        8.425
      ],
      "rotation": {
        "angle": 45,
        "axis": "z",
        "origin": [
          14.93398,
          7.6,
          8
        ]
      },
      "faces": {
        "north": {
          "uv": [
            4.66667,
            11.33333,
            5.33333,
            12
          ],
          "rotation": 270,
          "texture": "#2"
        },
        "east": {
          "uv": [
            12.66667,
            11.16667,
            12,
            10.66667
          ],
          "rotation": 90,
          "texture": "#2"
        },
        "south": {
          "uv": [
            5.33333,
            11.33333,
            6,
            12
          ],
          "rotation": 90,
          "texture": "#2"
        },
        "west": {
          "uv": [
            12,
            12,
            11.33333,
            12.5
          ],
          "rotation": 90,
          "texture": "#2"
        },
        "up": {
          "uv": [
            12,
            10,
            12.5,
            10.66667
          ],
          "rotation": 90,
          "texture": "#2"
        },
        "down": {
          "uv": [
            8,
            12,
            8.5,
            12.66667
          ],
          "rotation": 90,
          "texture": "#2"
        }
      }
    },
    {
      "from": [
        9.41947,
        8.6614,
        7.6
      ],
      "to": [
        12.41947,
        8.9614,
        8.4
      ],
      "rotation": {
        "angle": 22.5,
        "axis": "z",
        "origin": [
          14.93398,
          7.6,
          8
        ]
      },
      "faces": {
        "north": {
          "uv": [
            12,
            8,
            14,
            8.16667
          ],
          "texture": "#2"
        },
        "east": {
          "uv": [
            13.33333,
            13.33333,
            13.83333,
            13.5
          ],
          "texture": "#2"
        },
        "south": {
          "uv": [
            12,
            9.33333,
            14,
            9.5
          ],
          "texture": "#2"
        },
        "west": {
          "uv": [
            14,
            0,
            14.5,
            0.16667
          ],
          "texture": "#2"
        },
        "up": {
          "uv": [
            8.66667,
            9.83333,
            6.66667,
            9.33333
          ],
          "texture": "#2"
        },
        "down": {
          "uv": [
            11.33333,
            6.66667,
            9.33333,
            7.16667
          ],
          "texture": "#2"
        }
      }
    },
    {
      "from": [
        5,
        4,
        8.825
      ],
      "to": [
        11,
        10,
        8.875
      ],
      "rotation": {
        "angle": 45,
        "axis": "z",
        "origin": [
          8,
          7,
          8.85
        ]
      },
      "faces": {
        "north": {
          "uv": [
            0,
            0,
            16,
            16
          ],
          "texture": "#1"
        },
        "south": {
          "uv": [
            16,
            0,
            0,
            16
          ],
          "texture": "#1"
        }
      }
    },
    {
      "from": [
        5,
        4,
        7.125
      ],
      "to": [
        11,
        10,
        7.175
      ],
      "rotation": {
        "angle": 45,
        "axis": "z",
        "origin": [
          8,
          7,
          7.15
        ]
      },
      "faces": {
        "north": {
          "uv": [
            16,
            0,
            0,
            16
          ],
          "rotation": 270,
          "texture": "#1"
        },
        "south": {
          "uv": [
            0,
            0,
            16,
            16
          ],
          "rotation": 90,
          "texture": "#1"
        }
      }
    }
  ],
  "gui_light": "front",
  "display": {
    "thirdperson_righthand": {
      "rotation": [
        37.75,
        0,
        0
      ],
      "translation": [
        0,
        0.75,
        0
      ],
      "scale": [
        0.50391,
        0.50391,
        0.50391
      ]
    },
    "thirdperson_lefthand": {
      "rotation": [
        67.25,
        0,
        0
      ],
      "translation": [
        -5.5,
        -7.5,
        10.5
      ],
      "scale": [
        1.57227,
        1.57227,
        1.57227
      ]
    },
    "firstperson_righthand": {
      "rotation": [
        -14.5,
        0,
        0
      ],
      "translation": [
        -0.75,
        3,
        2.5
      ],
      "scale": [
        0.57422,
        0.57422,
        0.57422
      ]
    },
    "firstperson_lefthand": {
      "scale": [
        0,
        0,
        0
      ]
    },
    "ground": {
      "rotation": [
        35,
        0,
        0
      ],
      "translation": [
        0,
        5.75,
        0
      ]
    },
    "gui": {
      "scale": [
        0.43359,
        0.43359,
        0.43359
      ]
    },
    "head": {
      "translation": [
        0,
        -46,
        7.5
      ],
      "scale": [
        2.29883,
        2.29883,
        2.29883
      ]
    },
    "fixed": {
      "translation": [
        0,
        -2.25,
        -0.75
      ],
      "scale": [
        2.47266,
        2.47266,
        2.47266
      ]
    }
  }
}