{
  "credit": "Made with Blockbench",
  "texture_size": [
    64,
    64
  ],
  "textures": {
    "0": "elitecreatures:christmas_holiday_2023/christmas_fishing_rod",
    "particle": "elitecreatures:christmas_holiday_2023/christmas_fishing_rod"
  },
  "elements": [
    {
      "from": [
        2.58661,
        -7,
        10.75541
      ],
      "to": [
        4.58661,
        29,
        12.75541
      ],
      "rotation": {
        "angle": 45,
        "axis": "y",
        "origin": [
          7.32649,
          6.61928,
          7.9625
        ]
      },
      "faces": {
        "north": {
          "uv": [
            4.5,
            0,
            5,
            9
          ],
          "texture": "#0"
        },
        "east": {
          "uv": [
            5,
            0,
            4.5,
            9
          ],
          "texture": "#0"
        },
        "south": {
          "uv": [
            4.5,
            0,
            4,
            9
          ],
          "texture": "#0"
        },
        "west": {
          "uv": [
            4,
            0,
            4.5,
            9
          ],
          "texture": "#0"
        },
        "up": {
          "uv": [
            3.75,
            7.5,
            3.25,
            7
          ],
          "rotation": 270,
          "texture": "#0"
        }
      }
    },
    {
      "from": [
        9.1194,
        25,
        9.70238
      ],
      "to": [
        13.1194,
        27,
        13.70238
      ],
      "rotation": {
        "angle": -45,
        "axis": "y",
        "origin": [
          7.32649,
          6.61928,
          7.9625
        ]
      },
      "faces": {
        "north": {
          "uv": [
            0.75,
            7,
            1.75,
            7.5
          ],
          "texture": "#0"
        },
        "east": {
          "uv": [
            0.75,
            7,
            1.75,
            7.5
          ],
          "texture": "#0"
        },
        "south": {
          "uv": [
            0.75,
            7,
            1.75,
            7.5
          ],
          "texture": "#0"
        },
        "west": {
          "uv": [
            0.75,
            7,
            1.75,
            7.5
          ],
          "texture": "#0"
        },
        "up": {
          "uv": [
            6,
            6.25,
            5,
            5.25
          ],
          "rotation": 270,
          "texture": "#0"
        },
        "down": {
          "uv": [
            1,
            6,
            0,
            7
          ],
          "rotation": 90,
          "texture": "#0"
        }
      }
    },
    {
      "from": [
        9.1194,
        17,
        9.70238
      ],
      "to": [
        13.1194,
        19,
        13.70238
      ],
      "rotation": {
        "angle": -45,
        "axis": "y",
        "origin": [
          7.32649,
          6.61928,
          7.9625
        ]
      },
      "faces": {
        "north": {
          "uv": [
            0.75,
            7,
            1.75,
            7.5
          ],
          "texture": "#0"
        },
        "east": {
          "uv": [
            0.75,
            7,
            1.75,
            7.5
          ],
          "texture": "#0"
        },
        "south": {
          "uv": [
            0.75,
            7,
            1.75,
            7.5
          ],
          "texture": "#0"
        },
        "west": {
          "uv": [
            0.75,
            7,
            1.75,
            7.5
          ],
          "texture": "#0"
        },
        "up": {
          "uv": [
            6,
            6.25,
            5,
            5.25
          ],
          "rotation": 270,
          "texture": "#0"
        },
        "down": {
          "uv": [
            1,
            6,
            0,
            7
          ],
          "rotation": 90,
          "texture": "#0"
        }
      }
    },
    {
      "from": [
        9.1194,
        9,
        9.70238
      ],
      "to": [
        13.1194,
        11,
        13.70238
      ],
      "rotation": {
        "angle": -45,
        "axis": "y",
        "origin": [
          7.32649,
          6.61928,
          7.9625
        ]
      },
      "faces": {
        "north": {
          "uv": [
            0.75,
            7,
            1.75,
            7.5
          ],
          "texture": "#0"
        },
        "east": {
          "uv": [
            0.75,
            7,
            1.75,
            7.5
          ],
          "texture": "#0"
        },
        "south": {
          "uv": [
            0.75,
            7,
            1.75,
            7.5
          ],
          "texture": "#0"
        },
        "west": {
          "uv": [
            0.75,
            7,
            1.75,
            7.5
          ],
          "texture": "#0"
        },
        "up": {
          "uv": [
            6,
            6.25,
            5,
            5.25
          ],
          "rotation": 270,
          "texture": "#0"
        },
        "down": {
          "uv": [
            1,
            6,
            0,
            7
          ],
          "rotation": 90,
          "texture": "#0"
        }
      }
    },
    {
      "from": [
        9.1194,
        -9,
        9.70238
      ],
      "to": [
        13.1194,
        -7,
        13.70238
      ],
      "rotation": {
        "angle": -45,
        "axis": "y",
        "origin": [
          7.32649,
          6.61928,
          7.9625
        ]
      },
      "faces": {
        "north": {
          "uv": [
            7,
            0.75,
            8,
            1.25
          ],
          "texture": "#0"
        },
        "east": {
          "uv": [
            7,
            0.75,
            8,
            1.25
          ],
          "texture": "#0"
        },
        "south": {
          "uv": [
            7,
            0.75,
            8,
            1.25
          ],
          "texture": "#0"
        },
        "west": {
          "uv": [
            7,
            0.75,
            8,
            1.25
          ],
          "texture": "#0"
        },
        "up": {
          "uv": [
            2,
            7,
            1,
            6
          ],
          "rotation": 270,
          "texture": "#0"
        },
        "down": {
          "uv": [
            3,
            6,
            2,
            7
          ],
          "rotation": 90,
          "texture": "#0"
        }
      }
    },
    {
      "from": [
        6.36399,
        -3.71948,
        21.83406
      ],
      "to": [
        8.36399,
        0.28052,
        25.83406
      ],
      "rotation": {
        "angle": 45,
        "axis": "x",
        "origin": [
          7.32649,
          6.61928,
          7.9625
        ]
      },
      "faces": {
        "north": {
          "uv": [
            7,
            1.25,
            7.5,
            2.25
          ],
          "texture": "#0"
        },
        "east": {
          "uv": [
            4,
            6,
            3,
            7
          ],
          "texture": "#0"
        },
        "south": {
          "uv": [
            1.75,
            7,
            2.25,
            8
          ],
          "texture": "#0"
        },
        "west": {
          "uv": [
            3,
            6,
            4,
            7
          ],
          "texture": "#0"
        },
        "up": {
          "uv": [
            3.25,
            7.5,
            2.25,
            7
          ],
          "rotation": 270,
          "texture": "#0"
        },
        "down": {
          "uv": [
            8,
            2.25,
            7,
            2.75
          ],
          "rotation": 90,
          "texture": "#0"
        }
      }
    },
    {
      "from": [
        8.36399,
        -0.71948,
        24.83406
      ],
      "to": [
        6.36399,
        -2.71948,
        22.83406
      ],
      "rotation": {
        "angle": 45,
        "axis": "x",
        "origin": [
          7.32649,
          6.61928,
          7.9625
        ]
      },
      "faces": {
        "north": {
          "uv": [
            1.75,
            7.75,
            2.25,
            7.25
          ],
          "texture": "#0"
        },
        "south": {
          "uv": [
            7,
            2,
            7.5,
            1.5
          ],
          "texture": "#0"
        },
        "up": {
          "uv": [
            7.25,
            2.25,
            7.75,
            2.75
          ],
          "rotation": 270,
          "texture": "#0"
        },
        "down": {
          "uv": [
            2.5,
            7.5,
            3,
            7
          ],
          "rotation": 90,
          "texture": "#0"
        }
      }
    },
    {
      "from": [
        5.86399,
        1.63052,
        10.18406
      ],
      "to": [
        8.86399,
        5.63052,
        14.18406
      ],
      "rotation": {
        "angle": 45,
        "axis": "x",
        "origin": [
          7.32649,
          6.61928,
          7.9625
        ]
      },
      "faces": {
        "north": {
          "uv": [
            6.25,
            0.75,
            7,
            1.75
          ],
          "texture": "#0"
        },
        "east": {
          "uv": [
            7,
            5.25,
            6,
            6.25
          ],
          "texture": "#0"
        },
        "south": {
          "uv": [
            6.25,
            1.75,
            7,
            2.75
          ],
          "texture": "#0"
        },
        "west": {
          "uv": [
            6,
            5.25,
            7,
            6.25
          ],
          "texture": "#0"
        },
        "up": {
          "uv": [
            7.25,
            3.5,
            6.25,
            2.75
          ],
          "rotation": 270,
          "texture": "#0"
        },
        "down": {
          "uv": [
            7.25,
            3.5,
            6.25,
            4.25
          ],
          "rotation": 90,
          "texture": "#0"
        }
      }
    },
    {
      "from": [
        7.36399,
        -13.14988,
        -2.07609
      ],
      "to": [
        7.41399,
        -10.14988,
        4.92391
      ],
      "rotation": {
        "angle": -22.5,
        "axis": "x",
        "origin": [
          7.32649,
          6.61928,
          7.9625
        ]
      },
      "faces": {
        "east": {
          "uv": [
            6.75,
            4.5,
            5,
            5.25
          ],
          "texture": "#0"
        },
        "west": {
          "uv": [
            5,
            4.5,
            6.75,
            5.25
          ],
          "texture": "#0"
        }
      }
    },
    {
      "from": [
        7.36399,
        -8.26032,
        11.06716
      ],
      "to": [
        7.41399,
        -5.26032,
        18.06716
      ],
      "rotation": {
        "angle": 22.5,
        "axis": "x",
        "origin": [
          7.32649,
          6.61928,
          7.9625
        ]
      },
      "faces": {
        "east": {
          "uv": [
            6.75,
            5.25,
            5,
            4.5
          ],
          "texture": "#0"
        },
        "west": {
          "uv": [
            5,
            5.25,
            6.75,
            4.5
          ],
          "texture": "#0"
        }
      }
    },
    {
      "from": [
        8.47288,
        0.52592,
        10.78899
      ],
      "to": [
        13.47288,
        5.52592,
        15.78899
      ],
      "rotation": {
        "angle": -45,
        "axis": "z",
        "origin": [
          7.32649,
          6.61928,
          7.9625
        ]
      },
      "faces": {
        "north": {
          "uv": [
            5,
            2,
            6.25,
            3.25
          ],
          "texture": "#0"
        },
        "east": {
          "uv": [
            6.25,
            2,
            5,
            0.75
          ],
          "texture": "#0"
        },
        "south": {
          "uv": [
            5,
            3.25,
            6.25,
            4.5
          ],
          "texture": "#0"
        },
        "west": {
          "uv": [
            5,
            0.75,
            6.25,
            2
          ],
          "texture": "#0"
        },
        "up": {
          "uv": [
            6.25,
            0.75,
            5,
            2
          ],
          "rotation": 270,
          "texture": "#0"
        },
        "down": {
          "uv": [
            6.25,
            0.75,
            5,
            2
          ],
          "rotation": 90,
          "texture": "#0"
        }
      }
    },
    {
      "from": [
        7.36399,
        2,
        4.48899
      ],
      "to": [
        7.41399,
        26,
        10.48899
      ],
      "rotation": {
        "angle": 0,
        "axis": "y",
        "origin": [
          7.32649,
          6.61928,
          7.9625
        ]
      },
      "faces": {
        "east": {
          "uv": [
            1.5,
            0,
            0,
            6
          ],
          "texture": "#0"
        },
        "west": {
          "uv": [
            0,
            0,
            1.5,
            6
          ],
          "texture": "#0"
        }
      }
    },
    {
      "from": [
        9.3202,
        -4.09597,
        8.28899
      ],
      "to": [
        9.3702,
        7.90403,
        18.28899
      ],
      "rotation": {
        "angle": -22.5,
        "axis": "z",
        "origin": [
          7.32649,
          6.61928,
          7.9625
        ]
      },
      "faces": {
        "east": {
          "uv": [
            4,
            0,
            1.5,
            3
          ],
          "texture": "#0"
        },
        "west": {
          "uv": [
            1.5,
            0,
            4,
            3
          ],
          "texture": "#0"
        }
      }
    },
    {
      "from": [
        5.40207,
        -4.12467,
        8.28899
      ],
      "to": [
        5.45207,
        7.87533,
        18.28899
      ],
      "rotation": {
        "angle": 22.5,
        "axis": "z",
        "origin": [
          7.32649,
          6.61928,
          7.9625
        ]
      },
      "faces": {
        "east": {
          "uv": [
            4,
            0,
            1.5,
            3
          ],
          "texture": "#0"
        },
        "west": {
          "uv": [
            1.5,
            0,
            4,
            3
          ],
          "texture": "#0"
        }
      }
    },
    {
      "from": [
        7.26399,
        22.51983,
        1.90469
      ],
      "to": [
        7.31399,
        25.51983,
        17.90469
      ],
      "rotation": {
        "angle": -22.5,
        "axis": "x",
        "origin": [
          7.32649,
          6.61928,
          7.9625
        ]
      },
      "faces": {
        "east": {
          "uv": [
            9,
            0,
            5,
            0.75
          ],
          "texture": "#0"
        },
        "west": {
          "uv": [
            5,
            0,
            9,
            0.75
          ],
          "texture": "#0"
        }
      }
    },
    {
      "from": [
        5.76399,
        22.51983,
        7.90469
      ],
      "to": [
        8.76399,
        25.51983,
        10.90469
      ],
      "rotation": {
        "angle": -22.5,
        "axis": "x",
        "origin": [
          7.32649,
          6.61928,
          7.9625
        ]
      },
      "faces": {
        "north": {
          "uv": [
            5.75,
            6.25,
            6.5,
            7
          ],
          "texture": "#0"
        },
        "east": {
          "uv": [
            5.75,
            6.25,
            5,
            7
          ],
          "texture": "#0"
        },
        "south": {
          "uv": [
            6.5,
            6.25,
            7.25,
            7
          ],
          "texture": "#0"
        },
        "west": {
          "uv": [
            5,
            6.25,
            5.75,
            7
          ],
          "texture": "#0"
        },
        "up": {
          "uv": [
            7.5,
            5,
            6.75,
            4.25
          ],
          "rotation": 270,
          "texture": "#0"
        },
        "down": {
          "uv": [
            0.75,
            7,
            0,
            7.75
          ],
          "rotation": 90,
          "texture": "#0"
        }
      }
    }
  ],
  "gui_light": "front",
  "display": {
    "thirdperson_righthand": {
      "translation": [
        0,
        3.25,
        -1
      ],
      "scale": [
        0.5,
        0.5,
        0.5
      ]
    },
    "thirdperson_lefthand": {
      "translation": [
        0,
        3.25,
        -1
      ],
      "scale": [
        0.5,
        0.5,
        0.5
      ]
    },
    "firstperson_righthand": {
      "rotation": [
        -10,
        0,
        0
      ],
      "translation": [
        1.75,
        4.5,
        -0.75
      ],
      "scale": [
        0.41055,
        0.41055,
        0.41055
      ]
    },
    "firstperson_lefthand": {
      "rotation": [
        -10,
        0,
        0
      ],
      "translation": [
        1.75,
        4.5,
        -0.75
      ],
      "scale": [
        0.41055,
        0.41055,
        0.41055
      ]
    },
    "ground": {
      "rotation": [
        0,
        0,
        80
      ],
      "translation": [
        -0.25,
        -1.5,
        0
      ],
      "scale": [
        0.45352,
        0.45352,
        0.45352
      ]
    },
    "gui": {
      "rotation": [
        88,
        126,
        -92
      ],
      "translation": [
        -0.25,
        -0.75,
        -1.5
      ],
      "scale": [
        0.37,
        0.37,
        0.37
      ]
    },
    "head": {
      "rotation": [
        -77.97,
        -13.17,
        -87.22
      ],
      "translation": [
        -3.75,
        8.5,
        1.75
      ],
      "scale": [
        0.6,
        0.6,
        0.6
      ]
    },
    "fixed": {
      "rotation": [
        0,
        90,
        0
      ],
      "translation": [
        -4,
        -1.5,
        -1.5
      ],
      "scale": [
        1.11563,
        1.11563,
        1.11563
      ]
    }
  },
  "groups": [
    0,
    1,
    2,
    3,
    4,
    5,
    6,
    7,
    8,
    9,
    10,
    11,
    12,
    13,
    {
      "name": "hook",
      "origin": [
        4.02849,
        23,
        -0.12
      ],
      "color": 0,
      "boneType": "",
      "children": [
        14,
        15
      ]
    }
  ]
}