{
  "credit": "Made with Blockbench",
  "texture_size": [
    32,
    32
  ],
  "textures": {
    "1": "elitecreatures:christmas_holiday_2023/pickaxe"
  },
  "elements": [
    {
      "from": [
        7.9625,
        -8.97243,
        10.44391
      ],
      "to": [
        8.0125,
        -1.97243,
        13.44391
      ],
      "rotation": {
        "angle": 22.5,
        "axis": "x",
        "origin": [
          8,
          8,
          8
        ]
      },
      "faces": {
        "east": {
          "uv": [
            3.5,
            8,
            5,
            11.5
          ],
          "texture": "#1"
        },
        "west": {
          "uv": [
            3.5,
            8,
            5,
            11.5
          ],
          "texture": "#1"
        }
      }
    },
    {
      "from": [
        7.9625,
        -8.97243,
        2.55609
      ],
      "to": [
        8.0125,
        -1.97243,
        5.55609
      ],
      "rotation": {
        "angle": -22.5,
        "axis": "x",
        "origin": [
          8,
          8,
          8
        ]
      },
      "faces": {
        "east": {
          "uv": [
            5,
            8,
            3.5,
            11.5
          ],
          "texture": "#1"
        },
        "west": {
          "uv": [
            5,
            8,
            3.5,
            11.5
          ],
          "texture": "#1"
        }
      }
    },
    {
      "from": [
        7.0125,
        -2.16272,
        -2.16272
      ],
      "to": [
        9.0125,
        1.83728,
        1.83728
      ],
      "rotation": {
        "angle": -45,
        "axis": "x",
        "origin": [
          8,
          8,
          8
        ]
      },
      "faces": {
        "north": {
          "uv": [
            10,
            4,
            11,
            6
          ],
          "texture": "#1"
        },
        "east": {
          "uv": [
            0,
            8.5,
            2,
            10.5
          ],
          "texture": "#1"
        },
        "south": {
          "uv": [
            2,
            10,
            3,
            12
          ],
          "texture": "#1"
        },
        "west": {
          "uv": [
            2,
            8.5,
            0,
            10.5
          ],
          "texture": "#1"
        },
        "up": {
          "uv": [
            7,
            11,
            5,
            10
          ],
          "rotation": 90,
          "texture": "#1"
        },
        "down": {
          "uv": [
            12,
            6,
            10,
            7
          ],
          "rotation": 270,
          "texture": "#1"
        }
      }
    },
    {
      "from": [
        6.00884,
        -2.04382,
        5.99116
      ],
      "to": [
        10.00884,
        -0.04382,
        9.99116
      ],
      "rotation": {
        "angle": -45,
        "axis": "y",
        "origin": [
          8,
          8,
          8
        ]
      },
      "faces": {
        "north": {
          "uv": [
            0,
            10.5,
            2,
            11.5
          ],
          "texture": "#1"
        },
        "east": {
          "uv": [
            0,
            10.5,
            2,
            11.5
          ],
          "texture": "#1"
        },
        "south": {
          "uv": [
            0,
            10.5,
            2,
            11.5
          ],
          "texture": "#1"
        },
        "west": {
          "uv": [
            0,
            10.5,
            2,
            11.5
          ],
          "texture": "#1"
        },
        "up": {
          "uv": [
            10.5,
            2,
            8.5,
            0
          ],
          "rotation": 90,
          "texture": "#1"
        },
        "down": {
          "uv": [
            10.5,
            2,
            8.5,
            4
          ],
          "rotation": 270,
          "texture": "#1"
        }
      }
    },
    {
      "from": [
        7.00884,
        -0.04382,
        6.99116
      ],
      "to": [
        9.00884,
        11.95618,
        8.99116
      ],
      "rotation": {
        "angle": -45,
        "axis": "y",
        "origin": [
          8,
          8,
          8
        ]
      },
      "faces": {
        "north": {
          "uv": [
            7.5,
            7.5,
            8.5,
            13.5
          ],
          "texture": "#1"
        },
        "east": {
          "uv": [
            8.5,
            7.5,
            7.5,
            13.5
          ],
          "texture": "#1"
        },
        "south": {
          "uv": [
            7.5,
            7.5,
            8.5,
            13.5
          ],
          "texture": "#1"
        },
        "west": {
          "uv": [
            8.5,
            7.5,
            7.5,
            13.5
          ],
          "texture": "#1"
        }
      }
    },
    {
      "from": [
        6.00884,
        7.95618,
        5.99116
      ],
      "to": [
        10.00884,
        9.95618,
        9.99116
      ],
      "rotation": {
        "angle": -45,
        "axis": "y",
        "origin": [
          8,
          8,
          8
        ]
      },
      "faces": {
        "north": {
          "uv": [
            10.5,
            0,
            12.5,
            1
          ],
          "texture": "#1"
        },
        "east": {
          "uv": [
            10.5,
            0,
            12.5,
            1
          ],
          "texture": "#1"
        },
        "south": {
          "uv": [
            10.5,
            0,
            12.5,
            1
          ],
          "texture": "#1"
        },
        "west": {
          "uv": [
            10.5,
            0,
            12.5,
            1
          ],
          "texture": "#1"
        },
        "up": {
          "uv": [
            10.5,
            9.5,
            8.5,
            7.5
          ],
          "rotation": 90,
          "texture": "#1"
        },
        "down": {
          "uv": [
            10.5,
            9.5,
            8.5,
            11.5
          ],
          "rotation": 270,
          "texture": "#1"
        }
      }
    },
    {
      "from": [
        5.50884,
        11.95618,
        5.49116
      ],
      "to": [
        10.50884,
        16.95618,
        10.49116
      ],
      "rotation": {
        "angle": -45,
        "axis": "y",
        "origin": [
          8,
          8,
          8
        ]
      },
      "faces": {
        "north": {
          "uv": [
            6,
            0,
            8.5,
            2.5
          ],
          "texture": "#1"
        },
        "east": {
          "uv": [
            8.5,
            0,
            6,
            2.5
          ],
          "texture": "#1"
        },
        "south": {
          "uv": [
            6,
            0,
            8.5,
            2.5
          ],
          "texture": "#1"
        },
        "west": {
          "uv": [
            8.5,
            0,
            6,
            2.5
          ],
          "texture": "#1"
        },
        "up": {
          "uv": [
            8.5,
            5,
            6,
            2.5
          ],
          "rotation": 90,
          "texture": "#1"
        },
        "down": {
          "uv": [
            10,
            5,
            7.5,
            7.5
          ],
          "rotation": 270,
          "texture": "#1"
        }
      }
    },
    {
      "from": [
        7.96155,
        8.95618,
        1.99522
      ],
      "to": [
        8.01155,
        19.95618,
        13.99522
      ],
      "rotation": {
        "angle": -22.5,
        "axis": "y",
        "origin": [
          8,
          8,
          8
        ]
      },
      "faces": {
        "east": {
          "uv": [
            0,
            0,
            6,
            5.5
          ],
          "texture": "#1"
        },
        "west": {
          "uv": [
            0,
            0,
            6,
            5.5
          ],
          "texture": "#1"
        }
      }
    },
    {
      "from": [
        7.96155,
        8.95618,
        2.00478
      ],
      "to": [
        8.01155,
        19.95618,
        14.00478
      ],
      "rotation": {
        "angle": 22.5,
        "axis": "y",
        "origin": [
          8,
          8,
          8
        ]
      },
      "faces": {
        "east": {
          "uv": [
            0,
            0,
            6,
            5.5
          ],
          "texture": "#1"
        },
        "west": {
          "uv": [
            0,
            0,
            6,
            5.5
          ],
          "texture": "#1"
        }
      }
    },
    {
      "from": [
        6.50884,
        16.95618,
        6.49116
      ],
      "to": [
        9.50884,
        18.95618,
        9.49116
      ],
      "rotation": {
        "angle": -45,
        "axis": "y",
        "origin": [
          8,
          8,
          8
        ]
      },
      "faces": {
        "north": {
          "uv": [
            8.5,
            4,
            10,
            5
          ],
          "texture": "#1"
        },
        "east": {
          "uv": [
            10,
            4,
            8.5,
            5
          ],
          "texture": "#1"
        },
        "south": {
          "uv": [
            8.5,
            4,
            10,
            5
          ],
          "texture": "#1"
        },
        "west": {
          "uv": [
            10,
            4,
            8.5,
            5
          ],
          "texture": "#1"
        },
        "up": {
          "uv": [
            3.5,
            10,
            2,
            8.5
          ],
          "rotation": 90,
          "texture": "#1"
        }
      }
    },
    {
      "from": [
        7.9625,
        18.95618,
        4.5
      ],
      "to": [
        8.0125,
        24.95618,
        11.5
      ],
      "rotation": {
        "angle": 0,
        "axis": "y",
        "origin": [
          8,
          8,
          8
        ]
      },
      "faces": {
        "east": {
          "uv": [
            0,
            5.5,
            3.5,
            8.5
          ],
          "texture": "#1"
        },
        "west": {
          "uv": [
            0,
            5.5,
            3.5,
            8.5
          ],
          "texture": "#1"
        }
      }
    },
    {
      "from": [
        7.5125,
        11.41086,
        -1.66828
      ],
      "to": [
        8.5125,
        15.41086,
        3.33172
      ],
      "rotation": {
        "angle": 22.5,
        "axis": "x",
        "origin": [
          8,
          8,
          8
        ]
      },
      "faces": {
        "north": {
          "uv": [
            7,
            8,
            7.5,
            10
          ],
          "texture": "#1"
        },
        "east": {
          "uv": [
            5,
            8,
            7.5,
            10
          ],
          "texture": "#1"
        },
        "west": {
          "uv": [
            7.5,
            8,
            5,
            10
          ],
          "texture": "#1"
        },
        "up": {
          "uv": [
            7.5,
            8,
            5,
            8.5
          ],
          "rotation": 90,
          "texture": "#1"
        },
        "down": {
          "uv": [
            7.5,
            9.5,
            5,
            10
          ],
          "rotation": 270,
          "texture": "#1"
        }
      }
    },
    {
      "from": [
        7.9625,
        15.07678,
        -1.59624
      ],
      "to": [
        8.0125,
        20.07678,
        6.40376
      ],
      "rotation": {
        "angle": -22.5,
        "axis": "x",
        "origin": [
          8,
          8,
          8
        ]
      },
      "faces": {
        "north": {
          "uv": [
            0,
            0,
            0,
            2.5
          ],
          "texture": "#1"
        },
        "east": {
          "uv": [
            3.5,
            5.5,
            7.5,
            8
          ],
          "texture": "#1"
        },
        "west": {
          "uv": [
            7.5,
            5.5,
            3.5,
            8
          ],
          "texture": "#1"
        },
        "up": {
          "uv": [
            4,
            0,
            0,
            0
          ],
          "rotation": 90,
          "texture": "#1"
        },
        "down": {
          "uv": [
            4,
            0,
            0,
            0
          ],
          "rotation": 270,
          "texture": "#1"
        }
      }
    },
    {
      "from": [
        7.5125,
        11.41086,
        12.66828
      ],
      "to": [
        8.5125,
        15.41086,
        17.66828
      ],
      "rotation": {
        "angle": -22.5,
        "axis": "x",
        "origin": [
          8,
          8,
          8
        ]
      },
      "faces": {
        "east": {
          "uv": [
            7.5,
            8,
            5,
            10
          ],
          "texture": "#1"
        },
        "south": {
          "uv": [
            7.5,
            8,
            7,
            10
          ],
          "texture": "#1"
        },
        "west": {
          "uv": [
            5,
            8,
            7.5,
            10
          ],
          "texture": "#1"
        },
        "up": {
          "uv": [
            5,
            8,
            7.5,
            8.5
          ],
          "rotation": 90,
          "texture": "#1"
        },
        "down": {
          "uv": [
            5,
            9.5,
            7.5,
            10
          ],
          "rotation": 270,
          "texture": "#1"
        }
      }
    },
    {
      "from": [
        7.9625,
        15.07678,
        9.59624
      ],
      "to": [
        8.0125,
        20.07678,
        17.59624
      ],
      "rotation": {
        "angle": 22.5,
        "axis": "x",
        "origin": [
          8,
          8,
          8
        ]
      },
      "faces": {
        "east": {
          "uv": [
            7.5,
            5.5,
            3.5,
            8
          ],
          "texture": "#1"
        },
        "south": {
          "uv": [
            0,
            0,
            0,
            2.5
          ],
          "texture": "#1"
        },
        "west": {
          "uv": [
            3.5,
            5.5,
            7.5,
            8
          ],
          "texture": "#1"
        },
        "up": {
          "uv": [
            0,
            0,
            4,
            0
          ],
          "rotation": 90,
          "texture": "#1"
        },
        "down": {
          "uv": [
            0,
            0,
            4,
            0
          ],
          "rotation": 270,
          "texture": "#1"
        }
      }
    },
    {
      "from": [
        9.0125,
        0.83728,
        0.83728
      ],
      "to": [
        7.0125,
        -1.16272,
        -1.16272
      ],
      "rotation": {
        "angle": -45,
        "axis": "x",
        "origin": [
          8,
          8,
          8
        ]
      },
      "faces": {
        "north": {
          "uv": [
            2,
            11.5,
            3,
            10.5
          ],
          "texture": "#1"
        },
        "south": {
          "uv": [
            10,
            5.5,
            11,
            4.5
          ],
          "texture": "#1"
        },
        "up": {
          "uv": [
            10.5,
            6,
            11.5,
            7
          ],
          "rotation": 90,
          "texture": "#1"
        },
        "down": {
          "uv": [
            5.5,
            11,
            6.5,
            10
          ],
          "rotation": 270,
          "texture": "#1"
        }
      }
    }
  ],
  "gui_light": "front",
  "display": {
    "thirdperson_righthand": {
      "translation": [
        0,
        1,
        1.75
      ],
      "scale": [
        0.75,
        0.75,
        0.75
      ]
    },
    "thirdperson_lefthand": {
      "translation": [
        0,
        1,
        1.75
      ],
      "scale": [
        0.75,
        0.75,
        0.75
      ]
    },
    "firstperson_righthand": {
      "rotation": [
        -3,
        20,
        10
      ],
      "translation": [
        1.75,
        1,
        -4
      ],
      "scale": [
        0.65625,
        0.65625,
        0.65625
      ]
    },
    "firstperson_lefthand": {
      "rotation": [
        -3,
        20,
        10
      ],
      "translation": [
        1.75,
        1,
        -4
      ],
      "scale": [
        0.65625,
        0.65625,
        0.65625
      ]
    },
    "ground": {
      "rotation": [
        94,
        85,
        0
      ],
      "translation": [
        0,
        0,
        -1.75
      ],
      "scale": [
        0.5,
        0.5,
        0.5
      ]
    },
    "gui": {
      "rotation": [
        -90,
        50,
        90
      ],
      "scale": [
        0.46617,
        0.46617,
        0.46617
      ]
    },
    "head": {
      "rotation": [
        90,
        -171,
        90
      ],
      "translation": [
        -2.25,
        9.25,
        0.25
      ],
      "scale": [
        0.7,
        0.7,
        0.7
      ]
    },
    "fixed": {
      "rotation": [
        0,
        90,
        0
      ],
      "translation": [
        -0.5,
        -0.25,
        -1.25
      ],
      "scale": [
        1.42109,
        1.42109,
        1.42109
      ]
    }
  }
}