{
	"credit": "by w11shes",
	"texture_size": [64, 64],
	"textures": {
		"0": "elitecreatures:valentine_assortment/valentines_bow",
		"1": "elitecreatures:valentine_assortment/valentines_particle",
		"particle": "elitecreatures:valentine_assortment/valentines_bow"
	},
	"elements": [
		{
			"from": [8, 8, 20.3],
			"to": [8.05, 22, 21.3],
			"rotation": {"angle": -22.5, "axis": "x", "origin": [8, 8, 21.3]},
			"faces": {
				"east": {"uv": [2, 3.5, 2.25, 7], "texture": "#0"},
				"west": {"uv": [2, 3.5, 2.25, 7], "texture": "#0"}
			}
		},
		{
			"from": [8, -6, 20.3],
			"to": [8.05, 8, 21.3],
			"rotation": {"angle": 22.5, "axis": "x", "origin": [8, 8, 21.3]},
			"faces": {
				"east": {"uv": [2, 7, 2.25, 3.5], "texture": "#0"},
				"west": {"uv": [2, 7, 2.25, 3.5], "texture": "#0"}
			}
		},
		{
			"from": [7, 13.07612, 5.78268],
			"to": [9, 15.07612, 7.78268],
			"rotation": {"angle": -22.5, "axis": "x", "origin": [8, 11.07612, 7.78268]},
			"faces": {
				"north": {"uv": [7.25, 7.25, 7.75, 7.75], "texture": "#0"},
				"east": {"uv": [0, 7.5, 0.5, 8], "texture": "#0"},
				"south": {"uv": [7.5, 0, 8, 0.5], "texture": "#0"},
				"west": {"uv": [0.5, 7.5, 0, 8], "texture": "#0"}
			}
		},
		{
			"from": [7, 15.07612, 5.78268],
			"to": [9, 17.07612, 13.78268],
			"rotation": {"angle": -22.5, "axis": "x", "origin": [0, 11.07612, 7.78268]},
			"faces": {
				"east": {"uv": [4, 2.75, 6, 3.25], "texture": "#0"},
				"west": {"uv": [6, 2.75, 4, 3.25], "texture": "#0"},
				"up": {"uv": [5.25, 5.25, 4.75, 3.25], "texture": "#0"},
				"down": {"uv": [5.5, 0, 5, 2], "texture": "#0"}
			}
		},
		{
			"from": [5.98, 15.07612, 6.78268],
			"to": [10.02, 18.07612, 12.78268],
			"rotation": {"angle": -45, "axis": "x", "origin": [0, 11.07612, 7.78268]},
			"faces": {
				"north": {"uv": [4.5, 6.25, 5.5, 7], "texture": "#0"},
				"east": {"uv": [2.5, 1.25, 4, 2], "texture": "#0"},
				"west": {"uv": [4, 1.25, 2.5, 2], "texture": "#0"},
				"up": {"uv": [5, 2.75, 4, 1.25], "texture": "#0"},
				"down": {"uv": [1, 4.75, 0, 6.25], "texture": "#0"}
			}
		},
		{
			"from": [6, 17.44008, 5.48979],
			"to": [10, 20.44008, 8.48979],
			"rotation": {"angle": 0, "axis": "y", "origin": [10, 17.44008, 8.48979]},
			"faces": {
				"north": {"uv": [6.5, 0, 7.5, 0.75], "texture": "#0"},
				"east": {"uv": [6.75, 3.25, 7.5, 4], "texture": "#0"},
				"south": {"uv": [6.5, 0.75, 7.5, 1.5], "texture": "#0"},
				"west": {"uv": [7.5, 3.25, 6.75, 4], "texture": "#0"},
				"up": {"uv": [7.5, 6.75, 6.5, 6], "texture": "#0"}
			}
		},
		{
			"from": [8, 12.87612, -4.21732],
			"to": [8.05, 22.87612, 3.78268],
			"rotation": {"angle": 22.5, "axis": "x", "origin": [0, 11.07612, 7.78268]},
			"faces": {
				"east": {"uv": [0, 2.25, 2, 4.75], "texture": "#0"},
				"west": {"uv": [2, 2.25, 0, 4.75], "texture": "#0"}
			}
		},
		{
			"from": [7, 5, 5],
			"to": [9, 11, 7],
			"rotation": {"angle": 45, "axis": "y", "origin": [8, 8, 6]},
			"faces": {
				"north": {"uv": [6.25, 3.25, 6.75, 4.75], "texture": "#0"},
				"east": {"uv": [6.75, 3.25, 6.25, 4.75], "texture": "#0"},
				"south": {"uv": [6.25, 3.25, 6.75, 4.75], "texture": "#0"},
				"west": {"uv": [6.75, 3.25, 6.25, 4.75], "texture": "#0"}
			}
		},
		{
			"from": [6, 11, 4],
			"to": [10, 13, 8],
			"rotation": {"angle": 45, "axis": "y", "origin": [8, 12, 6]},
			"faces": {
				"north": {"uv": [6.25, 4.75, 7.25, 5.25], "texture": "#0"},
				"east": {"uv": [7.25, 4.75, 6.25, 5.25], "texture": "#0"},
				"south": {"uv": [6.25, 4.75, 7.25, 5.25], "texture": "#0"},
				"west": {"uv": [7.25, 4.75, 6.25, 5.25], "texture": "#0"},
				"up": {"uv": [4.75, 6, 3.75, 5], "texture": "#0"},
				"down": {"uv": [6.25, 3.25, 5.25, 4.25], "texture": "#0"}
			}
		},
		{
			"from": [6, 3, 4],
			"to": [10, 5, 8],
			"rotation": {"angle": 45, "axis": "y", "origin": [8, 4, 6]},
			"faces": {
				"north": {"uv": [7.5, 1.5, 6.5, 2], "texture": "#0"},
				"east": {"uv": [6.5, 1.5, 7.5, 2], "texture": "#0"},
				"south": {"uv": [7.5, 1.5, 6.5, 2], "texture": "#0"},
				"west": {"uv": [6.5, 1.5, 7.5, 2], "texture": "#0"},
				"up": {"uv": [6.25, 5.25, 5.25, 4.25], "texture": "#0"},
				"down": {"uv": [5.75, 5.25, 4.75, 6.25], "texture": "#0"}
			}
		},
		{
			"from": [10.75, 4.25, 6],
			"to": [13.75, 9.25, 14],
			"rotation": {"angle": -45, "axis": "x", "origin": [12.5, 4.25, 6]},
			"faces": {
				"north": {"uv": [2.25, 5.5, 3, 6.75], "texture": "#0"},
				"east": {"uv": [2, 2.25, 4, 3.5], "texture": "#0"},
				"south": {"uv": [3, 5.5, 3.75, 6.75], "texture": "#0"},
				"west": {"uv": [2.5, 0, 4.5, 1.25], "texture": "#0"},
				"up": {"uv": [3, 5.5, 2.25, 3.5], "texture": "#0"},
				"down": {"uv": [3.75, 3.5, 3, 5.5], "texture": "#0"}
			}
		},
		{
			"from": [13.75, 8.66421, 12.58579],
			"to": [12.75, 3.66421, 4.58579],
			"rotation": {"angle": -45, "axis": "x", "origin": [3, 5.66421, 4.58579]},
			"faces": {
				"north": {"uv": [3, 6.75, 3.25, 5.5], "texture": "#0"},
				"east": {"uv": [9.5, 1.75, 7.5, 0.5], "texture": "#0"},
				"south": {"uv": [2.25, 6.75, 2.5, 5.5], "texture": "#0"},
				"up": {"uv": [3, 3.5, 3.25, 5.5], "texture": "#0"},
				"down": {"uv": [2.25, 5.5, 2.5, 3.5], "texture": "#0"}
			}
		},
		{
			"from": [10.75, 9.25, 6],
			"to": [13.75, 12.25, 11],
			"rotation": {"angle": -45, "axis": "x", "origin": [12.5, 4.25, 6]},
			"faces": {
				"north": {"uv": [0.75, 6.75, 1.5, 7.5], "texture": "#0"},
				"east": {"uv": [5, 2, 6.25, 2.75], "texture": "#0"},
				"south": {"uv": [2.25, 6.75, 3, 7.5], "texture": "#0"},
				"west": {"uv": [5.75, 5.25, 7, 6], "texture": "#0"},
				"up": {"uv": [4.5, 7.25, 3.75, 6], "texture": "#0"}
			}
		},
		{
			"from": [13.75, 9.32107, 3.92893],
			"to": [12.75, 6.32107, -1.07107],
			"rotation": {"angle": -45, "axis": "x", "origin": [-1, 11.32107, -1.07107]},
			"faces": {
				"north": {"uv": [2.25, 7.5, 2.5, 6.75], "texture": "#0"},
				"east": {"uv": [7.5, 2.5, 8.75, 1.75], "texture": "#0"},
				"south": {"uv": [0.75, 7.5, 1, 6.75], "texture": "#0"},
				"down": {"uv": [3.75, 7.25, 4, 6], "texture": "#0"}
			}
		},
		{
			"from": [6.98, 17.06774, 9.79523],
			"to": [9.02, 21.06774, 11.79523],
			"rotation": {"angle": 45, "axis": "x", "origin": [6.98, 17.06774, 11.79523]},
			"faces": {
				"north": {"uv": [4.5, 0, 5, 1], "texture": "#0"},
				"east": {"uv": [1.5, 6.75, 2, 7.75], "texture": "#0"},
				"south": {"uv": [7, 2, 7.5, 3], "texture": "#0"},
				"west": {"uv": [2, 6.75, 1.5, 7.75], "texture": "#0"}
			}
		},
		{
			"from": [6, 21.06774, 8.79523],
			"to": [10, 23.06774, 12.79523],
			"rotation": {"angle": 45, "axis": "x", "origin": [6.98, 17.06774, 11.79523]},
			"faces": {
				"north": {"uv": [4.5, 7, 5.5, 7.5], "texture": "#0"},
				"east": {"uv": [7, 5.25, 8, 5.75], "texture": "#0"},
				"south": {"uv": [7.25, 4.75, 8.25, 5.25], "texture": "#0"},
				"west": {"uv": [8, 5.25, 7, 5.75], "texture": "#0"},
				"up": {"uv": [6.5, 1, 5.5, 0], "texture": "#0"},
				"down": {"uv": [6.5, 1, 5.5, 2], "texture": "#0"}
			}
		},
		{
			"from": [6.5, 21.01749, 17.33076],
			"to": [9.5, 24.01749, 19.33076],
			"rotation": {"angle": 0, "axis": "y", "origin": [6.98, 17.06774, 11.79523]},
			"faces": {
				"east": {"uv": [3.75, 7.25, 4.25, 8], "texture": "#0"},
				"south": {"uv": [3, 6.75, 3.75, 7.5], "texture": "#0"},
				"west": {"uv": [4.25, 7.25, 3.75, 8], "texture": "#0"},
				"up": {"uv": [6.25, 7.75, 5.5, 7.25], "texture": "#0"},
				"down": {"uv": [8, 6.75, 7.25, 7.25], "texture": "#0"}
			}
		},
		{
			"from": [8, 20.9937, 14.56745],
			"to": [8.05, 24.9937, 20.56745],
			"rotation": {"angle": 22.5, "axis": "x", "origin": [6.98, 17.06774, 11.79523]},
			"faces": {
				"east": {"uv": [3.75, 5, 4.75, 3.5], "rotation": 90, "texture": "#0"},
				"west": {"uv": [3.75, 3.5, 4.75, 5], "rotation": 90, "texture": "#0"}
			}
		},
		{
			"from": [8, 21.48772, 14.45582],
			"to": [8.05, 27.48772, 18.45582],
			"rotation": {"angle": -22.5, "axis": "x", "origin": [6.98, 17.06774, 11.79523]},
			"faces": {
				"east": {"uv": [3.75, 3.5, 4.75, 5], "texture": "#0"},
				"west": {"uv": [3.75, 3.5, 4.75, 5], "texture": "#0"}
			}
		},
		{
			"from": [6.5, 21.01749, 14.33076],
			"to": [9.5, 26.01749, 17.33076],
			"rotation": {"angle": 0, "axis": "y", "origin": [6.98, 17.06774, 11.79523]},
			"faces": {
				"north": {"uv": [5.75, 6, 6.5, 7.25], "texture": "#0"},
				"east": {"uv": [0, 6.25, 0.75, 7.5], "texture": "#0"},
				"south": {"uv": [6.25, 2, 7, 3.25], "texture": "#0"},
				"west": {"uv": [0.75, 6.25, 0, 7.5], "texture": "#0"},
				"up": {"uv": [7.5, 4.75, 6.75, 4], "texture": "#0"},
				"down": {"uv": [7.25, 6.75, 6.5, 7.5], "texture": "#0"}
			}
		},
		{
			"from": [7, 0.92388, 5.78268],
			"to": [9, 2.92388, 7.78268],
			"rotation": {"angle": 22.5, "axis": "x", "origin": [8, 4.92388, 7.78268]},
			"faces": {
				"north": {"uv": [7.25, 7.75, 7.75, 7.25], "texture": "#0"},
				"east": {"uv": [0, 8, 0.5, 7.5], "texture": "#0"},
				"south": {"uv": [7.5, 0.5, 8, 0], "texture": "#0"},
				"west": {"uv": [0.5, 8, 0, 7.5], "texture": "#0"}
			}
		},
		{
			"from": [5.98, -2.07612, 6.78268],
			"to": [10.02, 0.92388, 12.78268],
			"rotation": {"angle": 45, "axis": "x", "origin": [0, 4.92388, 7.78268]},
			"faces": {
				"north": {"uv": [4.5, 7, 5.5, 6.25], "texture": "#0"},
				"east": {"uv": [2.5, 2, 4, 1.25], "texture": "#0"},
				"west": {"uv": [4, 2, 2.5, 1.25], "texture": "#0"},
				"up": {"uv": [1, 6.25, 0, 4.75], "texture": "#0"},
				"down": {"uv": [5, 1.25, 4, 2.75], "texture": "#0"}
			}
		},
		{
			"from": [6, -4.44008, 5.48979],
			"to": [10, -1.44008, 8.48979],
			"rotation": {"angle": 0, "axis": "y", "origin": [10, -1.44008, 8.48979]},
			"faces": {
				"north": {"uv": [6.5, 0.75, 7.5, 0], "texture": "#0"},
				"east": {"uv": [6.75, 4, 7.5, 3.25], "texture": "#0"},
				"south": {"uv": [6.5, 1.5, 7.5, 0.75], "texture": "#0"},
				"west": {"uv": [7.5, 4, 6.75, 3.25], "texture": "#0"},
				"down": {"uv": [7.5, 6, 6.5, 6.75], "texture": "#0"}
			}
		},
		{
			"from": [6.98, -5.06774, 9.79523],
			"to": [9.02, -1.06774, 11.79523],
			"rotation": {"angle": -45, "axis": "x", "origin": [6.98, -1.06774, 11.79523]},
			"faces": {
				"north": {"uv": [4.5, 1, 5, 0], "texture": "#0"},
				"east": {"uv": [1.5, 7.75, 2, 6.75], "texture": "#0"},
				"south": {"uv": [7, 3, 7.5, 2], "texture": "#0"},
				"west": {"uv": [2, 7.75, 1.5, 6.75], "texture": "#0"}
			}
		},
		{
			"from": [7, -1.07612, 5.78268],
			"to": [9, 0.92388, 13.78268],
			"rotation": {"angle": 22.5, "axis": "x", "origin": [0, 4.92388, 7.78268]},
			"faces": {
				"east": {"uv": [4, 3.25, 6, 2.75], "texture": "#0"},
				"west": {"uv": [6, 3.25, 4, 2.75], "texture": "#0"},
				"up": {"uv": [5.5, 2, 5, 0], "texture": "#0"},
				"down": {"uv": [5.25, 3.25, 4.75, 5.25], "texture": "#0"}
			}
		},
		{
			"from": [8, -6.87612, -4.21732],
			"to": [8.05, 3.12388, 3.78268],
			"rotation": {"angle": -22.5, "axis": "x", "origin": [0, 4.92388, 7.78268]},
			"faces": {
				"east": {"uv": [0, 4.75, 2, 2.25], "texture": "#0"},
				"west": {"uv": [2, 4.75, 0, 2.25], "texture": "#0"}
			}
		},
		{
			"from": [8, -11.48772, 14.45582],
			"to": [8.05, -5.48772, 18.45582],
			"rotation": {"angle": 22.5, "axis": "x", "origin": [6.98, -1.06774, 11.79523]},
			"faces": {
				"east": {"uv": [3.75, 5, 4.75, 3.5], "texture": "#0"},
				"west": {"uv": [3.75, 5, 4.75, 3.5], "texture": "#0"}
			}
		},
		{
			"from": [6.5, -10.01749, 14.33076],
			"to": [9.5, -5.01749, 17.33076],
			"rotation": {"angle": 0, "axis": "y", "origin": [6.98, -1.06774, 11.79523]},
			"faces": {
				"north": {"uv": [5.75, 7.25, 6.5, 6], "texture": "#0"},
				"east": {"uv": [0, 7.5, 0.75, 6.25], "texture": "#0"},
				"south": {"uv": [6.25, 3.25, 7, 2], "texture": "#0"},
				"west": {"uv": [0.75, 7.5, 0, 6.25], "texture": "#0"},
				"up": {"uv": [7.25, 7.5, 6.5, 6.75], "texture": "#0"},
				"down": {"uv": [7.5, 4, 6.75, 4.75], "texture": "#0"}
			}
		},
		{
			"from": [6.5, -8.01749, 17.33076],
			"to": [9.5, -5.01749, 19.33076],
			"rotation": {"angle": 0, "axis": "y", "origin": [6.98, -1.06774, 11.79523]},
			"faces": {
				"east": {"uv": [3.75, 8, 4.25, 7.25], "texture": "#0"},
				"south": {"uv": [3, 7.5, 3.75, 6.75], "texture": "#0"},
				"west": {"uv": [4.25, 8, 3.75, 7.25], "texture": "#0"},
				"up": {"uv": [8, 7.25, 7.25, 6.75], "texture": "#0"},
				"down": {"uv": [6.25, 7.25, 5.5, 7.75], "texture": "#0"}
			}
		},
		{
			"from": [6, -7.06774, 8.79523],
			"to": [10, -5.06774, 12.79523],
			"rotation": {"angle": -45, "axis": "x", "origin": [6.98, -1.06774, 11.79523]},
			"faces": {
				"north": {"uv": [4.5, 7, 5.5, 7.5], "texture": "#0"},
				"east": {"uv": [7, 5.25, 8, 5.75], "texture": "#0"},
				"south": {"uv": [7.25, 4.75, 8.25, 5.25], "texture": "#0"},
				"west": {"uv": [8, 5.25, 7, 5.75], "texture": "#0"},
				"up": {"uv": [6.5, 1, 5.5, 0], "texture": "#0"},
				"down": {"uv": [6.5, 1, 5.5, 2], "texture": "#0"}
			}
		},
		{
			"from": [8, -8.9937, 14.56745],
			"to": [8.05, -4.9937, 20.56745],
			"rotation": {"angle": -22.5, "axis": "x", "origin": [6.98, -1.06774, 11.79523]},
			"faces": {
				"east": {"uv": [4.75, 5, 3.75, 3.5], "rotation": 90, "texture": "#0"},
				"west": {"uv": [4.75, 3.5, 3.75, 5], "rotation": 90, "texture": "#0"}
			}
		},
		{
			"from": [12, 5, -11],
			"to": [12.05, 14, -1],
			"rotation": {"angle": -22.5, "axis": "y", "origin": [0.5, 1, 0]},
			"faces": {
				"east": {"uv": [0, 0, 2.5, 2.25], "texture": "#0"},
				"west": {"uv": [2.5, 0, 0, 2.25], "texture": "#0"}
			}
		},
		{
			"from": [12, 5, 13],
			"to": [12.05, 14, 23],
			"rotation": {"angle": 22.5, "axis": "y", "origin": [0.5, 1, 12]},
			"faces": {
				"east": {"uv": [2.5, 0, 0, 2.25], "texture": "#0"},
				"west": {"uv": [0, 0, 2.5, 2.25], "texture": "#0"}
			}
		},
		{
			"from": [9, 12.6, 12.5],
			"to": [9.05, 20.6, 15.5],
			"rotation": {"angle": 22.5, "axis": "z", "origin": [9, 20.6, 14]},
			"faces": {
				"east": {"uv": [1, 4.75, 1.75, 6.75], "texture": "#0"},
				"west": {"uv": [1, 4.75, 1.75, 6.75], "texture": "#0"}
			}
		},
		{
			"from": [6.95, 12.6, 12.5],
			"to": [7, 20.6, 15.5],
			"rotation": {"angle": -22.5, "axis": "z", "origin": [7, 20.6, 14]},
			"faces": {
				"east": {"uv": [1.75, 4.75, 1, 6.75], "texture": "#0"},
				"west": {"uv": [1.75, 4.75, 1, 6.75], "texture": "#0"}
			}
		},
		{
			"from": [9.5, -13.2, 14.35],
			"to": [9.55, -5.2, 17.35],
			"rotation": {"angle": 22.5, "axis": "z", "origin": [9, -5.2, 15.85]},
			"faces": {
				"east": {"uv": [1, 4.75, 1.75, 6.75], "texture": "#0"},
				"west": {"uv": [1, 4.75, 1.75, 6.75], "texture": "#0"}
			}
		},
		{
			"from": [6.45, -13.2, 14.35],
			"to": [6.5, -5.2, 17.35],
			"rotation": {"angle": -22.5, "axis": "z", "origin": [7, -5.2, 15.85]},
			"faces": {
				"east": {"uv": [1.75, 4.75, 1, 6.75], "texture": "#0"},
				"west": {"uv": [1.75, 4.75, 1, 6.75], "texture": "#0"}
			}
		},
		{
			"from": [15.8, 5.3, 12.3],
			"to": [14.2, 3.7, 9.7],
			"rotation": {"angle": -45, "axis": "x", "origin": [15.5, 4, 10]},
			"faces": {
				"north": {"uv": [5, 15, 6, 16], "texture": "#1"},
				"east": {"uv": [5, 15, 6, 16], "texture": "#1"},
				"south": {"uv": [5, 15, 6, 16], "texture": "#1"},
				"west": {"uv": [5, 15, 6, 16], "texture": "#1"},
				"up": {"uv": [5, 15, 6, 16], "rotation": 90, "texture": "#1"},
				"down": {"uv": [5, 15, 7.6, 16], "rotation": 270, "texture": "#1"}
			}
		},
		{
			"from": [14.6, 4.9, 10.1],
			"to": [15.4, 5.7, 10.9],
			"rotation": {"angle": -45, "axis": "x", "origin": [15.5, 4, 10]},
			"faces": {
				"north": {"uv": [4, 15, 5, 16], "texture": "#1"},
				"east": {"uv": [4, 15, 5, 16], "texture": "#1"},
				"south": {"uv": [4, 15, 5, 16], "texture": "#1"},
				"west": {"uv": [4, 15, 5, 16], "texture": "#1"},
				"up": {"uv": [4, 15, 5, 16], "rotation": 90, "texture": "#1"},
				"down": {"uv": [4, 15, 5, 16], "rotation": 270, "texture": "#1"}
			}
		},
		{
			"from": [15.8, 6.3, 11.3],
			"to": [14.2, 5.3, 9.7],
			"rotation": {"angle": -45, "axis": "x", "origin": [15.5, 4, 10]},
			"faces": {
				"north": {"uv": [5, 15, 6, 16], "texture": "#1"},
				"east": {"uv": [5, 15, 6, 16], "texture": "#1"},
				"south": {"uv": [5, 15, 6, 16], "texture": "#1"},
				"west": {"uv": [5, 15, 6, 16], "texture": "#1"},
				"down": {"uv": [5, 15, 6, 16], "rotation": 270, "texture": "#1"}
			}
		},
		{
			"from": [14.6, 4.1, 10.1],
			"to": [15.4, 4.9, 11.7],
			"rotation": {"angle": -45, "axis": "x", "origin": [15.5, 4, 10]},
			"faces": {
				"north": {"uv": [4, 15, 5, 16], "texture": "#1"},
				"east": {"uv": [4, 15, 5, 16], "texture": "#1"},
				"south": {"uv": [4, 15, 5, 16], "texture": "#1"},
				"west": {"uv": [4, 15, 5, 16], "texture": "#1"},
				"up": {"uv": [4, 15, 5, 16], "rotation": 90, "texture": "#1"},
				"down": {"uv": [4, 15, 5, 16], "rotation": 270, "texture": "#1"}
			}
		},
		{
			"from": [15.8, 5.8, 12.3],
			"to": [14.2, 4.2, 9.7],
			"rotation": {"angle": -45, "axis": "x", "origin": [15.5, 4.5, 10]},
			"faces": {
				"north": {"uv": [5, 14, 6, 15], "texture": "#1"},
				"east": {"uv": [5, 14, 6, 15], "texture": "#1"},
				"south": {"uv": [5, 14, 6, 15], "texture": "#1"},
				"west": {"uv": [5, 14, 6, 15], "texture": "#1"},
				"up": {"uv": [5, 14, 6, 15], "rotation": 90, "texture": "#1"},
				"down": {"uv": [5, 14, 7.6, 15], "rotation": 270, "texture": "#1"}
			}
		},
		{
			"from": [14.54, 5.45, 10.1],
			"to": [15.44, 6.45, 11],
			"rotation": {"angle": -45, "axis": "x", "origin": [15.5, 4.45, 10]},
			"faces": {
				"north": {"uv": [4, 14, 5, 15], "texture": "#1"},
				"east": {"uv": [4, 14, 5, 15], "texture": "#1"},
				"south": {"uv": [4, 14, 5, 15], "texture": "#1"},
				"west": {"uv": [4, 14, 5, 15], "texture": "#1"},
				"up": {"uv": [4, 14, 5, 15], "rotation": 90, "texture": "#1"},
				"down": {"uv": [4, 14, 5, 15], "rotation": 270, "texture": "#1"}
			}
		},
		{
			"from": [15.8, 6.8, 11.3],
			"to": [14.2, 5.8, 9.7],
			"rotation": {"angle": -45, "axis": "x", "origin": [15.5, 4.5, 10]},
			"faces": {
				"north": {"uv": [5, 14, 6, 15], "texture": "#1"},
				"east": {"uv": [5, 14, 6, 15], "texture": "#1"},
				"south": {"uv": [5, 14, 6, 15], "texture": "#1"},
				"west": {"uv": [5, 14, 6, 15], "texture": "#1"},
				"down": {"uv": [5, 14, 6, 15], "rotation": 270, "texture": "#1"}
			}
		},
		{
			"from": [14.54, 4.55, 10.1],
			"to": [15.44, 5.45, 11.9],
			"rotation": {"angle": -45, "axis": "x", "origin": [15.5, 4.45, 10]},
			"faces": {
				"north": {"uv": [4, 14, 5, 15], "texture": "#1"},
				"east": {"uv": [4, 14, 5, 15], "texture": "#1"},
				"south": {"uv": [4, 14, 5, 15], "texture": "#1"},
				"west": {"uv": [4, 14, 5, 15], "texture": "#1"},
				"up": {"uv": [4, 14, 5, 15], "rotation": 90, "texture": "#1"},
				"down": {"uv": [4, 14, 5, 15], "rotation": 270, "texture": "#1"}
			}
		},
		{
			"from": [15.8, 6.3, 12.3],
			"to": [14.2, 4.7, 9.7],
			"rotation": {"angle": -45, "axis": "x", "origin": [15.5, 5, 10]},
			"faces": {
				"north": {"uv": [5, 13, 6, 14], "texture": "#1"},
				"east": {"uv": [5, 13, 6, 14], "texture": "#1"},
				"south": {"uv": [5, 13, 6, 14], "texture": "#1"},
				"west": {"uv": [5, 13, 6, 14], "texture": "#1"},
				"up": {"uv": [5, 13, 6, 14], "rotation": 90, "texture": "#1"},
				"down": {"uv": [5, 13, 7.6, 14], "rotation": 270, "texture": "#1"}
			}
		},
		{
			"from": [14.5, 6, 10],
			"to": [15.5, 7, 11],
			"rotation": {"angle": -45, "axis": "x", "origin": [15.5, 5, 10]},
			"faces": {
				"north": {"uv": [4, 13, 5, 14], "texture": "#1"},
				"east": {"uv": [4, 13, 5, 14], "texture": "#1"},
				"south": {"uv": [4, 13, 5, 14], "texture": "#1"},
				"west": {"uv": [4, 13, 5, 14], "texture": "#1"},
				"up": {"uv": [4, 13, 5, 14], "rotation": 90, "texture": "#1"},
				"down": {"uv": [4, 13, 5, 14], "rotation": 270, "texture": "#1"}
			}
		},
		{
			"from": [15.8, 7.3, 11.3],
			"to": [14.2, 6.3, 9.7],
			"rotation": {"angle": -45, "axis": "x", "origin": [15.5, 5, 10]},
			"faces": {
				"north": {"uv": [5, 13, 6, 14], "texture": "#1"},
				"east": {"uv": [5, 13, 6, 14], "texture": "#1"},
				"south": {"uv": [5, 13, 6, 14], "texture": "#1"},
				"west": {"uv": [5, 13, 6, 14], "texture": "#1"},
				"down": {"uv": [5, 13, 6, 14], "rotation": 270, "texture": "#1"}
			}
		},
		{
			"from": [14.5, 5, 10],
			"to": [15.5, 6, 12],
			"rotation": {"angle": -45, "axis": "x", "origin": [15.5, 5, 10]},
			"faces": {
				"north": {"uv": [4, 13, 5, 14], "texture": "#1"},
				"east": {"uv": [4, 13, 5, 14], "texture": "#1"},
				"south": {"uv": [4, 13, 5, 14], "texture": "#1"},
				"west": {"uv": [4, 13, 5, 14], "texture": "#1"},
				"up": {"uv": [4, 13, 5, 14], "rotation": 90, "texture": "#1"},
				"down": {"uv": [4, 13, 5, 14], "rotation": 270, "texture": "#1"}
			}
		},
		{
			"from": [15.8, 6.8, 12.3],
			"to": [14.2, 5.2, 9.7],
			"rotation": {"angle": -45, "axis": "x", "origin": [15.5, 5.5, 10]},
			"faces": {
				"north": {"uv": [5, 12, 6, 13], "texture": "#1"},
				"east": {"uv": [5, 12, 6, 13], "texture": "#1"},
				"south": {"uv": [5, 12, 6, 13], "texture": "#1"},
				"west": {"uv": [5, 12, 6, 13], "texture": "#1"},
				"up": {"uv": [5, 12, 6, 13], "rotation": 90, "texture": "#1"},
				"down": {"uv": [5, 12, 7.6, 13], "rotation": 270, "texture": "#1"}
			}
		},
		{
			"from": [14.5, 6.5, 10],
			"to": [15.5, 7.5, 11],
			"rotation": {"angle": -45, "axis": "x", "origin": [15.5, 5.5, 10]},
			"faces": {
				"north": {"uv": [4, 12, 5, 13], "texture": "#1"},
				"east": {"uv": [4, 12, 5, 13], "texture": "#1"},
				"south": {"uv": [4, 12, 5, 13], "texture": "#1"},
				"west": {"uv": [4, 12, 5, 13], "texture": "#1"},
				"up": {"uv": [4, 12, 5, 13], "rotation": 90, "texture": "#1"},
				"down": {"uv": [4, 12, 5, 13], "rotation": 270, "texture": "#1"}
			}
		},
		{
			"from": [15.8, 7.8, 11.3],
			"to": [14.2, 6.8, 9.7],
			"rotation": {"angle": -45, "axis": "x", "origin": [15.5, 5.5, 10]},
			"faces": {
				"north": {"uv": [5, 12, 6, 13], "texture": "#1"},
				"east": {"uv": [5, 12, 6, 13], "texture": "#1"},
				"south": {"uv": [5, 12, 6, 13], "texture": "#1"},
				"west": {"uv": [5, 12, 6, 13], "texture": "#1"},
				"down": {"uv": [5, 12, 6, 13], "rotation": 270, "texture": "#1"}
			}
		},
		{
			"from": [14.5, 5.5, 10],
			"to": [15.5, 6.5, 12],
			"rotation": {"angle": -45, "axis": "x", "origin": [15.5, 5.5, 10]},
			"faces": {
				"north": {"uv": [4, 12, 5, 13], "texture": "#1"},
				"east": {"uv": [4, 12, 5, 13], "texture": "#1"},
				"south": {"uv": [4, 12, 5, 13], "texture": "#1"},
				"west": {"uv": [4, 12, 5, 13], "texture": "#1"},
				"up": {"uv": [4, 12, 5, 13], "rotation": 90, "texture": "#1"},
				"down": {"uv": [4, 12, 5, 13], "rotation": 270, "texture": "#1"}
			}
		},
		{
			"from": [15.8, 7.3, 12.3],
			"to": [14.2, 5.7, 9.7],
			"rotation": {"angle": -45, "axis": "x", "origin": [15.5, 6, 10]},
			"faces": {
				"north": {"uv": [5, 11, 6, 12], "texture": "#1"},
				"east": {"uv": [5, 11, 6, 12], "texture": "#1"},
				"south": {"uv": [5, 11, 6, 12], "texture": "#1"},
				"west": {"uv": [5, 11, 6, 12], "texture": "#1"},
				"up": {"uv": [5, 11, 6, 12], "rotation": 90, "texture": "#1"},
				"down": {"uv": [5, 11, 7.6, 12], "rotation": 270, "texture": "#1"}
			}
		},
		{
			"from": [14.5, 7, 10],
			"to": [15.5, 8, 11],
			"rotation": {"angle": -45, "axis": "x", "origin": [15.5, 6, 10]},
			"faces": {
				"north": {"uv": [4, 11, 5, 12], "texture": "#1"},
				"east": {"uv": [4, 11, 5, 12], "texture": "#1"},
				"south": {"uv": [4, 11, 5, 12], "texture": "#1"},
				"west": {"uv": [4, 11, 5, 12], "texture": "#1"},
				"up": {"uv": [4, 11, 5, 12], "rotation": 90, "texture": "#1"},
				"down": {"uv": [4, 11, 5, 12], "rotation": 270, "texture": "#1"}
			}
		},
		{
			"from": [15.8, 8.3, 11.3],
			"to": [14.2, 7.3, 9.7],
			"rotation": {"angle": -45, "axis": "x", "origin": [15.5, 6, 10]},
			"faces": {
				"north": {"uv": [5, 11, 6, 12], "texture": "#1"},
				"east": {"uv": [5, 11, 6, 12], "texture": "#1"},
				"south": {"uv": [5, 11, 6, 12], "texture": "#1"},
				"west": {"uv": [5, 11, 6, 12], "texture": "#1"},
				"down": {"uv": [5, 11, 6, 12], "rotation": 270, "texture": "#1"}
			}
		},
		{
			"from": [14.5, 6, 10],
			"to": [15.5, 7, 12],
			"rotation": {"angle": -45, "axis": "x", "origin": [15.5, 6, 10]},
			"faces": {
				"north": {"uv": [4, 11, 5, 12], "texture": "#1"},
				"east": {"uv": [4, 11, 5, 12], "texture": "#1"},
				"south": {"uv": [4, 11, 5, 12], "texture": "#1"},
				"west": {"uv": [4, 11, 5, 12], "texture": "#1"},
				"up": {"uv": [4, 11, 5, 12], "rotation": 90, "texture": "#1"},
				"down": {"uv": [4, 11, 5, 12], "rotation": 270, "texture": "#1"}
			}
		},
		{
			"from": [15.8, 7.8, 12.3],
			"to": [14.2, 6.2, 9.7],
			"rotation": {"angle": -45, "axis": "x", "origin": [15.5, 6.5, 10]},
			"faces": {
				"north": {"uv": [5, 10, 6, 11], "texture": "#1"},
				"east": {"uv": [5, 10, 6, 11], "texture": "#1"},
				"south": {"uv": [5, 10, 6, 11], "texture": "#1"},
				"west": {"uv": [5, 10, 6, 11], "texture": "#1"},
				"up": {"uv": [5, 10, 6, 11], "rotation": 90, "texture": "#1"},
				"down": {"uv": [5, 10, 7.6, 11], "rotation": 270, "texture": "#1"}
			}
		},
		{
			"from": [14.55, 7.5, 10.05],
			"to": [15.45, 8.4, 10.95],
			"rotation": {"angle": -45, "axis": "x", "origin": [15.45, 6.5, 10]},
			"faces": {
				"north": {"uv": [4, 10, 5, 11], "texture": "#1"},
				"east": {"uv": [4, 10, 5, 11], "texture": "#1"},
				"south": {"uv": [4, 10, 5, 11], "texture": "#1"},
				"west": {"uv": [4, 10, 5, 11], "texture": "#1"},
				"up": {"uv": [4, 10, 5, 11], "rotation": 90, "texture": "#1"},
				"down": {"uv": [4, 10, 5, 11], "rotation": 270, "texture": "#1"}
			}
		},
		{
			"from": [15.8, 8.8, 11.3],
			"to": [14.2, 7.8, 9.7],
			"rotation": {"angle": -45, "axis": "x", "origin": [15.5, 6.5, 10]},
			"faces": {
				"north": {"uv": [5, 10, 6, 11], "texture": "#1"},
				"east": {"uv": [5, 10, 6, 11], "texture": "#1"},
				"south": {"uv": [5, 10, 6, 11], "texture": "#1"},
				"west": {"uv": [5, 10, 6, 11], "texture": "#1"},
				"down": {"uv": [5, 10, 6, 11], "rotation": 270, "texture": "#1"}
			}
		},
		{
			"from": [14.55, 6.6, 10.05],
			"to": [15.45, 7.5, 11.85],
			"rotation": {"angle": -45, "axis": "x", "origin": [15.45, 6.5, 10]},
			"faces": {
				"north": {"uv": [4, 10, 5, 11], "texture": "#1"},
				"east": {"uv": [4, 10, 5, 11], "texture": "#1"},
				"south": {"uv": [4, 10, 5, 11], "texture": "#1"},
				"west": {"uv": [4, 10, 5, 11], "texture": "#1"},
				"up": {"uv": [4, 10, 5, 11], "rotation": 90, "texture": "#1"},
				"down": {"uv": [4, 10, 5, 11], "rotation": 270, "texture": "#1"}
			}
		},
		{
			"from": [15.8, 8.3, 12.3],
			"to": [14.2, 6.7, 9.7],
			"rotation": {"angle": -45, "axis": "x", "origin": [15.5, 7, 10]},
			"faces": {
				"north": {"uv": [5, 9, 6, 10], "texture": "#1"},
				"east": {"uv": [5, 9, 6, 10], "texture": "#1"},
				"south": {"uv": [5, 9, 6, 10], "texture": "#1"},
				"west": {"uv": [5, 9, 6, 10], "texture": "#1"},
				"up": {"uv": [5, 9, 6, 10], "rotation": 90, "texture": "#1"},
				"down": {"uv": [5, 9, 7.6, 10], "rotation": 270, "texture": "#1"}
			}
		},
		{
			"from": [14.6, 7.9, 10.1],
			"to": [15.4, 8.7, 10.9],
			"rotation": {"angle": -45, "axis": "x", "origin": [15.5, 7, 10]},
			"faces": {
				"north": {"uv": [4, 9, 5, 10], "texture": "#1"},
				"east": {"uv": [4, 9, 5, 10], "texture": "#1"},
				"south": {"uv": [4, 9, 5, 10], "texture": "#1"},
				"west": {"uv": [4, 9, 5, 10], "texture": "#1"},
				"up": {"uv": [4, 9, 5, 10], "rotation": 90, "texture": "#1"},
				"down": {"uv": [4, 9, 5, 10], "rotation": 270, "texture": "#1"}
			}
		},
		{
			"from": [15.8, 9.3, 11.3],
			"to": [14.2, 8.3, 9.7],
			"rotation": {"angle": -45, "axis": "x", "origin": [15.5, 7, 10]},
			"faces": {
				"north": {"uv": [5, 9, 6, 10], "texture": "#1"},
				"east": {"uv": [5, 9, 6, 10], "texture": "#1"},
				"south": {"uv": [5, 9, 6, 10], "texture": "#1"},
				"west": {"uv": [5, 9, 6, 10], "texture": "#1"},
				"down": {"uv": [5, 9, 6, 10], "rotation": 270, "texture": "#1"}
			}
		},
		{
			"from": [14.6, 7.1, 10.1],
			"to": [15.4, 7.9, 11.7],
			"rotation": {"angle": -45, "axis": "x", "origin": [15.5, 7, 10]},
			"faces": {
				"north": {"uv": [4, 9, 5, 10], "texture": "#1"},
				"east": {"uv": [4, 9, 5, 10], "texture": "#1"},
				"south": {"uv": [4, 9, 5, 10], "texture": "#1"},
				"west": {"uv": [4, 9, 5, 10], "texture": "#1"},
				"up": {"uv": [4, 9, 5, 10], "rotation": 90, "texture": "#1"},
				"down": {"uv": [4, 9, 5, 10], "rotation": 270, "texture": "#1"}
			}
		},
		{
			"from": [15.8, 5.3, 4.3],
			"to": [14.2, 3.7, 1.7],
			"rotation": {"angle": -45, "axis": "x", "origin": [15.5, 4, 2]},
			"faces": {
				"north": {"uv": [9, 15, 10, 16], "texture": "#1"},
				"east": {"uv": [9, 15, 10, 16], "texture": "#1"},
				"south": {"uv": [9, 15, 10, 16], "texture": "#1"},
				"west": {"uv": [9, 15, 10, 16], "texture": "#1"},
				"up": {"uv": [9, 15, 10, 16], "rotation": 90, "texture": "#1"},
				"down": {"uv": [9, 15, 11.6, 16], "rotation": 270, "texture": "#1"}
			}
		},
		{
			"from": [14.6, 4.9, 2.1],
			"to": [15.4, 5.7, 2.9],
			"rotation": {"angle": -45, "axis": "x", "origin": [15.5, 4, 2]},
			"faces": {
				"north": {"uv": [8, 15, 9, 16], "texture": "#1"},
				"east": {"uv": [8, 15, 9, 16], "texture": "#1"},
				"south": {"uv": [8, 15, 9, 16], "texture": "#1"},
				"west": {"uv": [8, 15, 9, 16], "texture": "#1"},
				"up": {"uv": [8, 15, 9, 16], "rotation": 90, "texture": "#1"},
				"down": {"uv": [8, 15, 9, 16], "rotation": 270, "texture": "#1"}
			}
		},
		{
			"from": [15.8, 6.3, 3.3],
			"to": [14.2, 5.3, 1.7],
			"rotation": {"angle": -45, "axis": "x", "origin": [15.5, 4, 2]},
			"faces": {
				"north": {"uv": [9, 15, 10, 16], "texture": "#1"},
				"east": {"uv": [9, 15, 10, 16], "texture": "#1"},
				"south": {"uv": [9, 15, 10, 16], "texture": "#1"},
				"west": {"uv": [9, 15, 10, 16], "texture": "#1"},
				"down": {"uv": [9, 15, 10, 16], "rotation": 270, "texture": "#1"}
			}
		},
		{
			"from": [14.6, 4.1, 2.1],
			"to": [15.4, 4.9, 3.7],
			"rotation": {"angle": -45, "axis": "x", "origin": [15.5, 4, 2]},
			"faces": {
				"north": {"uv": [8, 15, 9, 16], "texture": "#1"},
				"east": {"uv": [8, 15, 9, 16], "texture": "#1"},
				"south": {"uv": [8, 15, 9, 16], "texture": "#1"},
				"west": {"uv": [8, 15, 9, 16], "texture": "#1"},
				"up": {"uv": [8, 15, 9, 16], "rotation": 90, "texture": "#1"},
				"down": {"uv": [8, 15, 9, 16], "rotation": 270, "texture": "#1"}
			}
		},
		{
			"from": [15.8, 5.8, 4.3],
			"to": [14.2, 4.2, 1.7],
			"rotation": {"angle": -45, "axis": "x", "origin": [15.5, 4.5, 2]},
			"faces": {
				"north": {"uv": [9, 14, 10, 15], "texture": "#1"},
				"east": {"uv": [9, 14, 10, 15], "texture": "#1"},
				"south": {"uv": [9, 14, 10, 15], "texture": "#1"},
				"west": {"uv": [9, 14, 10, 15], "texture": "#1"},
				"up": {"uv": [9, 14, 10, 15], "rotation": 90, "texture": "#1"},
				"down": {"uv": [9, 14, 11.6, 15], "rotation": 270, "texture": "#1"}
			}
		},
		{
			"from": [14.54, 5.45, 2.1],
			"to": [15.44, 6.45, 3],
			"rotation": {"angle": -45, "axis": "x", "origin": [15.5, 4.45, 2]},
			"faces": {
				"north": {"uv": [8, 14, 9, 15], "texture": "#1"},
				"east": {"uv": [8, 14, 9, 15], "texture": "#1"},
				"south": {"uv": [8, 14, 9, 15], "texture": "#1"},
				"west": {"uv": [8, 14, 9, 15], "texture": "#1"},
				"up": {"uv": [8, 14, 9, 15], "rotation": 90, "texture": "#1"},
				"down": {"uv": [8, 14, 9, 15], "rotation": 270, "texture": "#1"}
			}
		},
		{
			"from": [15.8, 6.8, 3.3],
			"to": [14.2, 5.8, 1.7],
			"rotation": {"angle": -45, "axis": "x", "origin": [15.5, 4.5, 2]},
			"faces": {
				"north": {"uv": [9, 14, 10, 15], "texture": "#1"},
				"east": {"uv": [9, 14, 10, 15], "texture": "#1"},
				"south": {"uv": [9, 14, 10, 15], "texture": "#1"},
				"west": {"uv": [9, 14, 10, 15], "texture": "#1"},
				"down": {"uv": [9, 14, 10, 15], "rotation": 270, "texture": "#1"}
			}
		},
		{
			"from": [14.54, 4.55, 2.1],
			"to": [15.44, 5.45, 3.9],
			"rotation": {"angle": -45, "axis": "x", "origin": [15.5, 4.45, 2]},
			"faces": {
				"north": {"uv": [8, 14, 9, 15], "texture": "#1"},
				"east": {"uv": [8, 14, 9, 15], "texture": "#1"},
				"south": {"uv": [8, 14, 9, 15], "texture": "#1"},
				"west": {"uv": [8, 14, 9, 15], "texture": "#1"},
				"up": {"uv": [8, 14, 9, 15], "rotation": 90, "texture": "#1"},
				"down": {"uv": [8, 14, 9, 15], "rotation": 270, "texture": "#1"}
			}
		},
		{
			"from": [15.8, 6.3, 4.3],
			"to": [14.2, 4.7, 1.7],
			"rotation": {"angle": -45, "axis": "x", "origin": [15.5, 5, 2]},
			"faces": {
				"north": {"uv": [9, 13, 10, 14], "texture": "#1"},
				"east": {"uv": [9, 13, 10, 14], "texture": "#1"},
				"south": {"uv": [9, 13, 10, 14], "texture": "#1"},
				"west": {"uv": [9, 13, 10, 14], "texture": "#1"},
				"up": {"uv": [9, 13, 10, 14], "rotation": 90, "texture": "#1"},
				"down": {"uv": [9, 13, 11.6, 14], "rotation": 270, "texture": "#1"}
			}
		},
		{
			"from": [14.5, 6, 2],
			"to": [15.5, 7, 3],
			"rotation": {"angle": -45, "axis": "x", "origin": [15.5, 5, 2]},
			"faces": {
				"north": {"uv": [8, 13, 9, 14], "texture": "#1"},
				"east": {"uv": [8, 13, 9, 14], "texture": "#1"},
				"south": {"uv": [8, 13, 9, 14], "texture": "#1"},
				"west": {"uv": [8, 13, 9, 14], "texture": "#1"},
				"up": {"uv": [8, 13, 9, 14], "rotation": 90, "texture": "#1"},
				"down": {"uv": [8, 13, 9, 14], "rotation": 270, "texture": "#1"}
			}
		},
		{
			"from": [15.8, 7.3, 3.3],
			"to": [14.2, 6.3, 1.7],
			"rotation": {"angle": -45, "axis": "x", "origin": [15.5, 5, 2]},
			"faces": {
				"north": {"uv": [9, 13, 10, 14], "texture": "#1"},
				"east": {"uv": [9, 13, 10, 14], "texture": "#1"},
				"south": {"uv": [9, 13, 10, 14], "texture": "#1"},
				"west": {"uv": [9, 13, 10, 14], "texture": "#1"},
				"down": {"uv": [9, 13, 10, 14], "rotation": 270, "texture": "#1"}
			}
		},
		{
			"from": [14.5, 5, 2],
			"to": [15.5, 6, 4],
			"rotation": {"angle": -45, "axis": "x", "origin": [15.5, 5, 2]},
			"faces": {
				"north": {"uv": [8, 13, 9, 14], "texture": "#1"},
				"east": {"uv": [8, 13, 9, 14], "texture": "#1"},
				"south": {"uv": [8, 13, 9, 14], "texture": "#1"},
				"west": {"uv": [8, 13, 9, 14], "texture": "#1"},
				"up": {"uv": [8, 13, 9, 14], "rotation": 90, "texture": "#1"},
				"down": {"uv": [8, 13, 9, 14], "rotation": 270, "texture": "#1"}
			}
		},
		{
			"from": [15.8, 6.8, 4.3],
			"to": [14.2, 5.2, 1.7],
			"rotation": {"angle": -45, "axis": "x", "origin": [15.5, 5.5, 2]},
			"faces": {
				"north": {"uv": [9, 12, 10, 13], "texture": "#1"},
				"east": {"uv": [9, 12, 10, 13], "texture": "#1"},
				"south": {"uv": [9, 12, 10, 13], "texture": "#1"},
				"west": {"uv": [9, 12, 10, 13], "texture": "#1"},
				"up": {"uv": [9, 12, 10, 13], "rotation": 90, "texture": "#1"},
				"down": {"uv": [9, 12, 11.6, 13], "rotation": 270, "texture": "#1"}
			}
		},
		{
			"from": [14.5, 6.5, 2],
			"to": [15.5, 7.5, 3],
			"rotation": {"angle": -45, "axis": "x", "origin": [15.5, 5.5, 2]},
			"faces": {
				"north": {"uv": [8, 12, 9, 13], "texture": "#1"},
				"east": {"uv": [8, 12, 9, 13], "texture": "#1"},
				"south": {"uv": [8, 12, 9, 13], "texture": "#1"},
				"west": {"uv": [8, 12, 9, 13], "texture": "#1"},
				"up": {"uv": [8, 12, 9, 13], "rotation": 90, "texture": "#1"},
				"down": {"uv": [8, 12, 9, 13], "rotation": 270, "texture": "#1"}
			}
		},
		{
			"from": [15.8, 7.8, 3.3],
			"to": [14.2, 6.8, 1.7],
			"rotation": {"angle": -45, "axis": "x", "origin": [15.5, 5.5, 2]},
			"faces": {
				"north": {"uv": [9, 12, 10, 13], "texture": "#1"},
				"east": {"uv": [9, 12, 10, 13], "texture": "#1"},
				"south": {"uv": [9, 12, 10, 13], "texture": "#1"},
				"west": {"uv": [9, 12, 10, 13], "texture": "#1"},
				"down": {"uv": [9, 12, 10, 13], "rotation": 270, "texture": "#1"}
			}
		},
		{
			"from": [14.5, 5.5, 2],
			"to": [15.5, 6.5, 4],
			"rotation": {"angle": -45, "axis": "x", "origin": [15.5, 5.5, 2]},
			"faces": {
				"north": {"uv": [8, 12, 9, 13], "texture": "#1"},
				"east": {"uv": [8, 12, 9, 13], "texture": "#1"},
				"south": {"uv": [8, 12, 9, 13], "texture": "#1"},
				"west": {"uv": [8, 12, 9, 13], "texture": "#1"},
				"up": {"uv": [8, 12, 9, 13], "rotation": 90, "texture": "#1"},
				"down": {"uv": [8, 12, 9, 13], "rotation": 270, "texture": "#1"}
			}
		},
		{
			"from": [15.8, 7.3, 4.3],
			"to": [14.2, 5.7, 1.7],
			"rotation": {"angle": -45, "axis": "x", "origin": [15.5, 6, 2]},
			"faces": {
				"north": {"uv": [9, 11, 10, 12], "texture": "#1"},
				"east": {"uv": [9, 11, 10, 12], "texture": "#1"},
				"south": {"uv": [9, 11, 10, 12], "texture": "#1"},
				"west": {"uv": [9, 11, 10, 12], "texture": "#1"},
				"up": {"uv": [9, 11, 10, 12], "rotation": 90, "texture": "#1"},
				"down": {"uv": [9, 11, 11.6, 12], "rotation": 270, "texture": "#1"}
			}
		},
		{
			"from": [14.5, 7, 2],
			"to": [15.5, 8, 3],
			"rotation": {"angle": -45, "axis": "x", "origin": [15.5, 6, 2]},
			"faces": {
				"north": {"uv": [8, 11, 9, 12], "texture": "#1"},
				"east": {"uv": [8, 11, 9, 12], "texture": "#1"},
				"south": {"uv": [8, 11, 9, 12], "texture": "#1"},
				"west": {"uv": [8, 11, 9, 12], "texture": "#1"},
				"up": {"uv": [8, 11, 9, 12], "rotation": 90, "texture": "#1"},
				"down": {"uv": [8, 11, 9, 12], "rotation": 270, "texture": "#1"}
			}
		},
		{
			"from": [15.8, 8.3, 3.3],
			"to": [14.2, 7.3, 1.7],
			"rotation": {"angle": -45, "axis": "x", "origin": [15.5, 6, 2]},
			"faces": {
				"north": {"uv": [9, 11, 10, 12], "texture": "#1"},
				"east": {"uv": [9, 11, 10, 12], "texture": "#1"},
				"south": {"uv": [9, 11, 10, 12], "texture": "#1"},
				"west": {"uv": [9, 11, 10, 12], "texture": "#1"},
				"down": {"uv": [9, 11, 10, 12], "rotation": 270, "texture": "#1"}
			}
		},
		{
			"from": [14.5, 6, 2],
			"to": [15.5, 7, 4],
			"rotation": {"angle": -45, "axis": "x", "origin": [15.5, 6, 2]},
			"faces": {
				"north": {"uv": [8, 11, 9, 12], "texture": "#1"},
				"east": {"uv": [8, 11, 9, 12], "texture": "#1"},
				"south": {"uv": [8, 11, 9, 12], "texture": "#1"},
				"west": {"uv": [8, 11, 9, 12], "texture": "#1"},
				"up": {"uv": [8, 11, 9, 12], "rotation": 90, "texture": "#1"},
				"down": {"uv": [8, 11, 9, 12], "rotation": 270, "texture": "#1"}
			}
		},
		{
			"from": [15.8, 7.8, 4.3],
			"to": [14.2, 6.2, 1.7],
			"rotation": {"angle": -45, "axis": "x", "origin": [15.5, 6.5, 2]},
			"faces": {
				"north": {"uv": [9, 10, 10, 11], "texture": "#1"},
				"east": {"uv": [9, 10, 10, 11], "texture": "#1"},
				"south": {"uv": [9, 10, 10, 11], "texture": "#1"},
				"west": {"uv": [9, 10, 10, 11], "texture": "#1"},
				"up": {"uv": [9, 10, 10, 11], "rotation": 90, "texture": "#1"},
				"down": {"uv": [9, 10, 11.6, 11], "rotation": 270, "texture": "#1"}
			}
		},
		{
			"from": [14.55, 7.5, 2.05],
			"to": [15.45, 8.4, 2.95],
			"rotation": {"angle": -45, "axis": "x", "origin": [15.45, 6.5, 2]},
			"faces": {
				"north": {"uv": [8, 10, 9, 11], "texture": "#1"},
				"east": {"uv": [8, 10, 9, 11], "texture": "#1"},
				"south": {"uv": [8, 10, 9, 11], "texture": "#1"},
				"west": {"uv": [8, 10, 9, 11], "texture": "#1"},
				"up": {"uv": [8, 10, 9, 11], "rotation": 90, "texture": "#1"},
				"down": {"uv": [8, 10, 9, 11], "rotation": 270, "texture": "#1"}
			}
		},
		{
			"from": [15.8, 8.8, 3.3],
			"to": [14.2, 7.8, 1.7],
			"rotation": {"angle": -45, "axis": "x", "origin": [15.5, 6.5, 2]},
			"faces": {
				"north": {"uv": [9, 10, 10, 11], "texture": "#1"},
				"east": {"uv": [9, 10, 10, 11], "texture": "#1"},
				"south": {"uv": [9, 10, 10, 11], "texture": "#1"},
				"west": {"uv": [9, 10, 10, 11], "texture": "#1"},
				"down": {"uv": [9, 10, 10, 11], "rotation": 270, "texture": "#1"}
			}
		},
		{
			"from": [14.55, 6.6, 2.05],
			"to": [15.45, 7.5, 3.85],
			"rotation": {"angle": -45, "axis": "x", "origin": [15.45, 6.5, 2]},
			"faces": {
				"north": {"uv": [8, 10, 9, 11], "texture": "#1"},
				"east": {"uv": [8, 10, 9, 11], "texture": "#1"},
				"south": {"uv": [8, 10, 9, 11], "texture": "#1"},
				"west": {"uv": [8, 10, 9, 11], "texture": "#1"},
				"up": {"uv": [8, 10, 9, 11], "rotation": 90, "texture": "#1"},
				"down": {"uv": [8, 10, 9, 11], "rotation": 270, "texture": "#1"}
			}
		},
		{
			"from": [15.8, 8.3, 4.3],
			"to": [14.2, 6.7, 1.7],
			"rotation": {"angle": -45, "axis": "x", "origin": [15.5, 7, 2]},
			"faces": {
				"north": {"uv": [9, 9, 10, 10], "texture": "#1"},
				"east": {"uv": [9, 9, 10, 10], "texture": "#1"},
				"south": {"uv": [9, 9, 10, 10], "texture": "#1"},
				"west": {"uv": [9, 9, 10, 10], "texture": "#1"},
				"up": {"uv": [9, 9, 10, 10], "rotation": 90, "texture": "#1"},
				"down": {"uv": [9, 9, 11.6, 10], "rotation": 270, "texture": "#1"}
			}
		},
		{
			"from": [14.6, 7.9, 2.1],
			"to": [15.4, 8.7, 2.9],
			"rotation": {"angle": -45, "axis": "x", "origin": [15.5, 7, 2]},
			"faces": {
				"north": {"uv": [8, 9, 9, 10], "texture": "#1"},
				"east": {"uv": [8, 9, 9, 10], "texture": "#1"},
				"south": {"uv": [8, 9, 9, 10], "texture": "#1"},
				"west": {"uv": [8, 9, 9, 10], "texture": "#1"},
				"up": {"uv": [8, 9, 9, 10], "rotation": 90, "texture": "#1"},
				"down": {"uv": [8, 9, 9, 10], "rotation": 270, "texture": "#1"}
			}
		},
		{
			"from": [15.8, 9.3, 3.3],
			"to": [14.2, 8.3, 1.7],
			"rotation": {"angle": -45, "axis": "x", "origin": [15.5, 7, 2]},
			"faces": {
				"north": {"uv": [9, 9, 10, 10], "texture": "#1"},
				"east": {"uv": [9, 9, 10, 10], "texture": "#1"},
				"south": {"uv": [9, 9, 10, 10], "texture": "#1"},
				"west": {"uv": [9, 9, 10, 10], "texture": "#1"},
				"down": {"uv": [9, 9, 10, 10], "rotation": 270, "texture": "#1"}
			}
		},
		{
			"from": [14.6, 7.1, 2.1],
			"to": [15.4, 7.9, 3.7],
			"rotation": {"angle": -45, "axis": "x", "origin": [15.5, 7, 2]},
			"faces": {
				"north": {"uv": [8, 9, 9, 10], "texture": "#1"},
				"east": {"uv": [8, 9, 9, 10], "texture": "#1"},
				"south": {"uv": [8, 9, 9, 10], "texture": "#1"},
				"west": {"uv": [8, 9, 9, 10], "texture": "#1"},
				"up": {"uv": [8, 9, 9, 10], "rotation": 90, "texture": "#1"},
				"down": {"uv": [8, 9, 9, 10], "rotation": 270, "texture": "#1"}
			}
		},
		{
			"from": [15.8, 11.3, 7.3],
			"to": [14.2, 9.7, 4.7],
			"rotation": {"angle": -45, "axis": "x", "origin": [15.5, 10, 5]},
			"faces": {
				"north": {"uv": [13, 15, 14, 16], "texture": "#1"},
				"east": {"uv": [13, 15, 14, 16], "texture": "#1"},
				"south": {"uv": [13, 15, 14, 16], "texture": "#1"},
				"west": {"uv": [13, 15, 14, 16], "texture": "#1"},
				"up": {"uv": [13, 15, 14, 16], "rotation": 90, "texture": "#1"},
				"down": {"uv": [13, 15, 15.6, 16], "rotation": 270, "texture": "#1"}
			}
		},
		{
			"from": [14.6, 10.9, 5.1],
			"to": [15.4, 11.7, 5.9],
			"rotation": {"angle": -45, "axis": "x", "origin": [15.5, 10, 5]},
			"faces": {
				"north": {"uv": [12, 15, 13, 16], "texture": "#1"},
				"east": {"uv": [12, 15, 13, 16], "texture": "#1"},
				"south": {"uv": [12, 15, 13, 16], "texture": "#1"},
				"west": {"uv": [12, 15, 13, 16], "texture": "#1"},
				"up": {"uv": [12, 15, 13, 16], "rotation": 90, "texture": "#1"},
				"down": {"uv": [12, 15, 13, 16], "rotation": 270, "texture": "#1"}
			}
		},
		{
			"from": [15.8, 12.3, 6.3],
			"to": [14.2, 11.3, 4.7],
			"rotation": {"angle": -45, "axis": "x", "origin": [15.5, 10, 5]},
			"faces": {
				"north": {"uv": [13, 15, 14, 16], "texture": "#1"},
				"east": {"uv": [13, 15, 14, 16], "texture": "#1"},
				"south": {"uv": [13, 15, 14, 16], "texture": "#1"},
				"west": {"uv": [13, 15, 14, 16], "texture": "#1"},
				"down": {"uv": [13, 15, 14, 16], "rotation": 270, "texture": "#1"}
			}
		},
		{
			"from": [14.6, 10.1, 5.1],
			"to": [15.4, 10.9, 6.7],
			"rotation": {"angle": -45, "axis": "x", "origin": [15.5, 10, 5]},
			"faces": {
				"north": {"uv": [12, 15, 13, 16], "texture": "#1"},
				"east": {"uv": [12, 15, 13, 16], "texture": "#1"},
				"south": {"uv": [12, 15, 13, 16], "texture": "#1"},
				"west": {"uv": [12, 15, 13, 16], "texture": "#1"},
				"up": {"uv": [12, 15, 13, 16], "rotation": 90, "texture": "#1"},
				"down": {"uv": [12, 15, 13, 16], "rotation": 270, "texture": "#1"}
			}
		},
		{
			"from": [15.8, 11.8, 7.3],
			"to": [14.2, 10.2, 4.7],
			"rotation": {"angle": -45, "axis": "x", "origin": [15.5, 10.5, 5]},
			"faces": {
				"north": {"uv": [13, 14, 14, 15], "texture": "#1"},
				"east": {"uv": [13, 14, 14, 15], "texture": "#1"},
				"south": {"uv": [13, 14, 14, 15], "texture": "#1"},
				"west": {"uv": [13, 14, 14, 15], "texture": "#1"},
				"up": {"uv": [13, 14, 14, 15], "rotation": 90, "texture": "#1"},
				"down": {"uv": [13, 14, 15.6, 15], "rotation": 270, "texture": "#1"}
			}
		},
		{
			"from": [14.54, 11.45, 5.1],
			"to": [15.44, 12.45, 6],
			"rotation": {"angle": -45, "axis": "x", "origin": [15.5, 10.45, 5]},
			"faces": {
				"north": {"uv": [12, 14, 13, 15], "texture": "#1"},
				"east": {"uv": [12, 14, 13, 15], "texture": "#1"},
				"south": {"uv": [12, 14, 13, 15], "texture": "#1"},
				"west": {"uv": [12, 14, 13, 15], "texture": "#1"},
				"up": {"uv": [12, 14, 13, 15], "rotation": 90, "texture": "#1"},
				"down": {"uv": [12, 14, 13, 15], "rotation": 270, "texture": "#1"}
			}
		},
		{
			"from": [15.8, 12.8, 6.3],
			"to": [14.2, 11.8, 4.7],
			"rotation": {"angle": -45, "axis": "x", "origin": [15.5, 10.5, 5]},
			"faces": {
				"north": {"uv": [13, 14, 14, 15], "texture": "#1"},
				"east": {"uv": [13, 14, 14, 15], "texture": "#1"},
				"south": {"uv": [13, 14, 14, 15], "texture": "#1"},
				"west": {"uv": [13, 14, 14, 15], "texture": "#1"},
				"down": {"uv": [13, 14, 14, 15], "rotation": 270, "texture": "#1"}
			}
		},
		{
			"from": [14.54, 10.55, 5.1],
			"to": [15.44, 11.45, 6.9],
			"rotation": {"angle": -45, "axis": "x", "origin": [15.5, 10.45, 5]},
			"faces": {
				"north": {"uv": [12, 14, 13, 15], "texture": "#1"},
				"east": {"uv": [12, 14, 13, 15], "texture": "#1"},
				"south": {"uv": [12, 14, 13, 15], "texture": "#1"},
				"west": {"uv": [12, 14, 13, 15], "texture": "#1"},
				"up": {"uv": [12, 14, 13, 15], "rotation": 90, "texture": "#1"},
				"down": {"uv": [12, 14, 13, 15], "rotation": 270, "texture": "#1"}
			}
		},
		{
			"from": [15.8, 12.3, 7.3],
			"to": [14.2, 10.7, 4.7],
			"rotation": {"angle": -45, "axis": "x", "origin": [15.5, 11, 5]},
			"faces": {
				"north": {"uv": [13, 13, 14, 14], "texture": "#1"},
				"east": {"uv": [13, 13, 14, 14], "texture": "#1"},
				"south": {"uv": [13, 13, 14, 14], "texture": "#1"},
				"west": {"uv": [13, 13, 14, 14], "texture": "#1"},
				"up": {"uv": [13, 13, 14, 14], "rotation": 90, "texture": "#1"},
				"down": {"uv": [13, 13, 15.6, 14], "rotation": 270, "texture": "#1"}
			}
		},
		{
			"from": [14.5, 12, 5],
			"to": [15.5, 13, 6],
			"rotation": {"angle": -45, "axis": "x", "origin": [15.5, 11, 5]},
			"faces": {
				"north": {"uv": [12, 13, 13, 14], "texture": "#1"},
				"east": {"uv": [12, 13, 13, 14], "texture": "#1"},
				"south": {"uv": [12, 13, 13, 14], "texture": "#1"},
				"west": {"uv": [12, 13, 13, 14], "texture": "#1"},
				"up": {"uv": [12, 13, 13, 14], "rotation": 90, "texture": "#1"},
				"down": {"uv": [12, 13, 13, 14], "rotation": 270, "texture": "#1"}
			}
		},
		{
			"from": [15.8, 13.3, 6.3],
			"to": [14.2, 12.3, 4.7],
			"rotation": {"angle": -45, "axis": "x", "origin": [15.5, 11, 5]},
			"faces": {
				"north": {"uv": [13, 13, 14, 14], "texture": "#1"},
				"east": {"uv": [13, 13, 14, 14], "texture": "#1"},
				"south": {"uv": [13, 13, 14, 14], "texture": "#1"},
				"west": {"uv": [13, 13, 14, 14], "texture": "#1"},
				"down": {"uv": [13, 13, 14, 14], "rotation": 270, "texture": "#1"}
			}
		},
		{
			"from": [14.5, 11, 5],
			"to": [15.5, 12, 7],
			"rotation": {"angle": -45, "axis": "x", "origin": [15.5, 11, 5]},
			"faces": {
				"north": {"uv": [12, 13, 13, 14], "texture": "#1"},
				"east": {"uv": [12, 13, 13, 14], "texture": "#1"},
				"south": {"uv": [12, 13, 13, 14], "texture": "#1"},
				"west": {"uv": [12, 13, 13, 14], "texture": "#1"},
				"up": {"uv": [12, 13, 13, 14], "rotation": 90, "texture": "#1"},
				"down": {"uv": [12, 13, 13, 14], "rotation": 270, "texture": "#1"}
			}
		},
		{
			"from": [15.8, 12.8, 7.3],
			"to": [14.2, 11.2, 4.7],
			"rotation": {"angle": -45, "axis": "x", "origin": [15.5, 11.5, 5]},
			"faces": {
				"north": {"uv": [13, 12, 14, 13], "texture": "#1"},
				"east": {"uv": [13, 12, 14, 13], "texture": "#1"},
				"south": {"uv": [13, 12, 14, 13], "texture": "#1"},
				"west": {"uv": [13, 12, 14, 13], "texture": "#1"},
				"up": {"uv": [13, 12, 14, 13], "rotation": 90, "texture": "#1"},
				"down": {"uv": [13, 12, 15.6, 13], "rotation": 270, "texture": "#1"}
			}
		},
		{
			"from": [14.5, 12.5, 5],
			"to": [15.5, 13.5, 6],
			"rotation": {"angle": -45, "axis": "x", "origin": [15.5, 11.5, 5]},
			"faces": {
				"north": {"uv": [12, 12, 13, 13], "texture": "#1"},
				"east": {"uv": [12, 12, 13, 13], "texture": "#1"},
				"south": {"uv": [12, 12, 13, 13], "texture": "#1"},
				"west": {"uv": [12, 12, 13, 13], "texture": "#1"},
				"up": {"uv": [12, 12, 13, 13], "rotation": 90, "texture": "#1"},
				"down": {"uv": [12, 12, 13, 13], "rotation": 270, "texture": "#1"}
			}
		},
		{
			"from": [15.8, 13.8, 6.3],
			"to": [14.2, 12.8, 4.7],
			"rotation": {"angle": -45, "axis": "x", "origin": [15.5, 11.5, 5]},
			"faces": {
				"north": {"uv": [13, 12, 14, 13], "texture": "#1"},
				"east": {"uv": [13, 12, 14, 13], "texture": "#1"},
				"south": {"uv": [13, 12, 14, 13], "texture": "#1"},
				"west": {"uv": [13, 12, 14, 13], "texture": "#1"},
				"down": {"uv": [13, 12, 14, 13], "rotation": 270, "texture": "#1"}
			}
		},
		{
			"from": [14.5, 11.5, 5],
			"to": [15.5, 12.5, 7],
			"rotation": {"angle": -45, "axis": "x", "origin": [15.5, 11.5, 5]},
			"faces": {
				"north": {"uv": [12, 12, 13, 13], "texture": "#1"},
				"east": {"uv": [12, 12, 13, 13], "texture": "#1"},
				"south": {"uv": [12, 12, 13, 13], "texture": "#1"},
				"west": {"uv": [12, 12, 13, 13], "texture": "#1"},
				"up": {"uv": [12, 12, 13, 13], "rotation": 90, "texture": "#1"},
				"down": {"uv": [12, 12, 13, 13], "rotation": 270, "texture": "#1"}
			}
		},
		{
			"from": [15.8, 13.3, 7.3],
			"to": [14.2, 11.7, 4.7],
			"rotation": {"angle": -45, "axis": "x", "origin": [15.5, 12, 5]},
			"faces": {
				"north": {"uv": [13, 11, 14, 12], "texture": "#1"},
				"east": {"uv": [13, 11, 14, 12], "texture": "#1"},
				"south": {"uv": [13, 11, 14, 12], "texture": "#1"},
				"west": {"uv": [13, 11, 14, 12], "texture": "#1"},
				"up": {"uv": [13, 11, 14, 12], "rotation": 90, "texture": "#1"},
				"down": {"uv": [13, 11, 15.6, 12], "rotation": 270, "texture": "#1"}
			}
		},
		{
			"from": [14.5, 13, 5],
			"to": [15.5, 14, 6],
			"rotation": {"angle": -45, "axis": "x", "origin": [15.5, 12, 5]},
			"faces": {
				"north": {"uv": [12, 11, 13, 12], "texture": "#1"},
				"east": {"uv": [12, 11, 13, 12], "texture": "#1"},
				"south": {"uv": [12, 11, 13, 12], "texture": "#1"},
				"west": {"uv": [12, 11, 13, 12], "texture": "#1"},
				"up": {"uv": [12, 11, 13, 12], "rotation": 90, "texture": "#1"},
				"down": {"uv": [12, 11, 13, 12], "rotation": 270, "texture": "#1"}
			}
		},
		{
			"from": [15.8, 14.3, 6.3],
			"to": [14.2, 13.3, 4.7],
			"rotation": {"angle": -45, "axis": "x", "origin": [15.5, 12, 5]},
			"faces": {
				"north": {"uv": [13, 11, 14, 12], "texture": "#1"},
				"east": {"uv": [13, 11, 14, 12], "texture": "#1"},
				"south": {"uv": [13, 11, 14, 12], "texture": "#1"},
				"west": {"uv": [13, 11, 14, 12], "texture": "#1"},
				"down": {"uv": [13, 11, 14, 12], "rotation": 270, "texture": "#1"}
			}
		},
		{
			"from": [14.5, 12, 5],
			"to": [15.5, 13, 7],
			"rotation": {"angle": -45, "axis": "x", "origin": [15.5, 12, 5]},
			"faces": {
				"north": {"uv": [12, 11, 13, 12], "texture": "#1"},
				"east": {"uv": [12, 11, 13, 12], "texture": "#1"},
				"south": {"uv": [12, 11, 13, 12], "texture": "#1"},
				"west": {"uv": [12, 11, 13, 12], "texture": "#1"},
				"up": {"uv": [12, 11, 13, 12], "rotation": 90, "texture": "#1"},
				"down": {"uv": [12, 11, 13, 12], "rotation": 270, "texture": "#1"}
			}
		},
		{
			"from": [15.8, 13.8, 7.3],
			"to": [14.2, 12.2, 4.7],
			"rotation": {"angle": -45, "axis": "x", "origin": [15.5, 12.5, 5]},
			"faces": {
				"north": {"uv": [13, 10, 14, 11], "texture": "#1"},
				"east": {"uv": [13, 10, 14, 11], "texture": "#1"},
				"south": {"uv": [13, 10, 14, 11], "texture": "#1"},
				"west": {"uv": [13, 10, 14, 11], "texture": "#1"},
				"up": {"uv": [13, 10, 14, 11], "rotation": 90, "texture": "#1"},
				"down": {"uv": [13, 10, 15.6, 11], "rotation": 270, "texture": "#1"}
			}
		},
		{
			"from": [14.55, 13.5, 5.05],
			"to": [15.45, 14.4, 5.95],
			"rotation": {"angle": -45, "axis": "x", "origin": [15.45, 12.5, 5]},
			"faces": {
				"north": {"uv": [12, 10, 13, 11], "texture": "#1"},
				"east": {"uv": [12, 10, 13, 11], "texture": "#1"},
				"south": {"uv": [12, 10, 13, 11], "texture": "#1"},
				"west": {"uv": [12, 10, 13, 11], "texture": "#1"},
				"up": {"uv": [12, 10, 13, 11], "rotation": 90, "texture": "#1"},
				"down": {"uv": [12, 10, 13, 11], "rotation": 270, "texture": "#1"}
			}
		},
		{
			"from": [15.8, 14.8, 6.3],
			"to": [14.2, 13.8, 4.7],
			"rotation": {"angle": -45, "axis": "x", "origin": [15.5, 12.5, 5]},
			"faces": {
				"north": {"uv": [13, 10, 14, 11], "texture": "#1"},
				"east": {"uv": [13, 10, 14, 11], "texture": "#1"},
				"south": {"uv": [13, 10, 14, 11], "texture": "#1"},
				"west": {"uv": [13, 10, 14, 11], "texture": "#1"},
				"down": {"uv": [13, 10, 14, 11], "rotation": 270, "texture": "#1"}
			}
		},
		{
			"from": [14.55, 12.6, 5.05],
			"to": [15.45, 13.5, 6.85],
			"rotation": {"angle": -45, "axis": "x", "origin": [15.45, 12.5, 5]},
			"faces": {
				"north": {"uv": [12, 10, 13, 11], "texture": "#1"},
				"east": {"uv": [12, 10, 13, 11], "texture": "#1"},
				"south": {"uv": [12, 10, 13, 11], "texture": "#1"},
				"west": {"uv": [12, 10, 13, 11], "texture": "#1"},
				"up": {"uv": [12, 10, 13, 11], "rotation": 90, "texture": "#1"},
				"down": {"uv": [12, 10, 13, 11], "rotation": 270, "texture": "#1"}
			}
		},
		{
			"from": [15.8, 14.3, 7.3],
			"to": [14.2, 12.7, 4.7],
			"rotation": {"angle": -45, "axis": "x", "origin": [15.5, 13, 5]},
			"faces": {
				"north": {"uv": [13, 9, 14, 10], "texture": "#1"},
				"east": {"uv": [13, 9, 14, 10], "texture": "#1"},
				"south": {"uv": [13, 9, 14, 10], "texture": "#1"},
				"west": {"uv": [13, 9, 14, 10], "texture": "#1"},
				"up": {"uv": [13, 9, 14, 10], "rotation": 90, "texture": "#1"},
				"down": {"uv": [13, 9, 15.6, 10], "rotation": 270, "texture": "#1"}
			}
		},
		{
			"from": [14.6, 13.9, 5.1],
			"to": [15.4, 14.7, 5.9],
			"rotation": {"angle": -45, "axis": "x", "origin": [15.5, 13, 5]},
			"faces": {
				"north": {"uv": [12, 9, 13, 10], "texture": "#1"},
				"east": {"uv": [12, 9, 13, 10], "texture": "#1"},
				"south": {"uv": [12, 9, 13, 10], "texture": "#1"},
				"west": {"uv": [12, 9, 13, 10], "texture": "#1"},
				"up": {"uv": [12, 9, 13, 10], "rotation": 90, "texture": "#1"},
				"down": {"uv": [12, 9, 13, 10], "rotation": 270, "texture": "#1"}
			}
		},
		{
			"from": [15.8, 15.3, 6.3],
			"to": [14.2, 14.3, 4.7],
			"rotation": {"angle": -45, "axis": "x", "origin": [15.5, 13, 5]},
			"faces": {
				"north": {"uv": [13, 9, 14, 10], "texture": "#1"},
				"east": {"uv": [13, 9, 14, 10], "texture": "#1"},
				"south": {"uv": [13, 9, 14, 10], "texture": "#1"},
				"west": {"uv": [13, 9, 14, 10], "texture": "#1"},
				"down": {"uv": [13, 9, 14, 10], "rotation": 270, "texture": "#1"}
			}
		},
		{
			"from": [14.6, 13.1, 5.1],
			"to": [15.4, 13.9, 6.7],
			"rotation": {"angle": -45, "axis": "x", "origin": [15.5, 13, 5]},
			"faces": {
				"north": {"uv": [12, 9, 13, 10], "texture": "#1"},
				"east": {"uv": [12, 9, 13, 10], "texture": "#1"},
				"south": {"uv": [12, 9, 13, 10], "texture": "#1"},
				"west": {"uv": [12, 9, 13, 10], "texture": "#1"},
				"up": {"uv": [12, 9, 13, 10], "rotation": 90, "texture": "#1"},
				"down": {"uv": [12, 9, 13, 10], "rotation": 270, "texture": "#1"}
			}
		},
		{
			"from": [6.4, 5.5, 15],
			"to": [6.45, 10.5, 21],
			"rotation": {"angle": 0, "axis": "y", "origin": [1.15, 7.5, 2]},
			"faces": {
				"east": {"uv": [2.25, 8, 3.75, 9.25], "texture": "#0"},
				"west": {"uv": [3.75, 8, 2.25, 9.25], "texture": "#0"}
			}
		},
		{
			"from": [3.925, 7.975, 15],
			"to": [8.925, 8.025, 21],
			"rotation": {"angle": 0, "axis": "y", "origin": [1.15, 7.5, 2]},
			"faces": {
				"up": {"uv": [2.25, 8, 3.75, 9.25], "rotation": 270, "texture": "#0"},
				"down": {"uv": [3.75, 8, 2.25, 9.25], "rotation": 270, "texture": "#0"}
			}
		},
		{
			"from": [5.9, 7.5, 1],
			"to": [6.9, 8.5, 20],
			"rotation": {"angle": 0, "axis": "y", "origin": [1.15, 7.5, 2]},
			"faces": {
				"east": {"uv": [2.5, 8.5, 7.25, 8.75], "texture": "#0"},
				"south": {"uv": [2.5, 8.5, 2.75, 8.75], "texture": "#0"},
				"west": {"uv": [7.25, 8.5, 2.5, 8.75], "texture": "#0"},
				"up": {"uv": [7.25, 8.5, 2.5, 8.75], "rotation": 90, "texture": "#0"},
				"down": {"uv": [2.5, 8.5, 7.25, 8.75], "rotation": 90, "texture": "#0"}
			}
		},
		{
			"from": [5.5, 6, -1.8],
			"to": [7.5, 8, 2.2],
			"rotation": {"angle": -45, "axis": "x", "origin": [5.5, 8, -1.8]},
			"faces": {
				"north": {"uv": [8, 0, 8.5, 0.5], "texture": "#0"},
				"east": {"uv": [8, 0, 8.5, 0.5], "texture": "#0"},
				"south": {"uv": [8, 0, 8.5, 0.5], "texture": "#0"},
				"west": {"uv": [8, 0, 8.5, 0.5], "texture": "#0"},
				"up": {"uv": [8, 0, 8.5, 0.5], "texture": "#0"},
				"down": {"uv": [8, 0, 8.5, 0.5], "texture": "#0"}
			}
		},
		{
			"from": [8, 10.74264, 0.11421],
			"to": [5, 7.74264, -4.88579],
			"rotation": {"angle": -45, "axis": "x", "origin": [8.5, 12.24264, -0.38579]},
			"faces": {
				"north": {"uv": [8.5, 0, 9, 0.5], "texture": "#0"},
				"east": {"uv": [8.5, 0, 9, 0.5], "texture": "#0"},
				"south": {"uv": [8.5, 0, 9, 0.5], "texture": "#0"},
				"west": {"uv": [8.5, 0, 9, 0.5], "texture": "#0"},
				"up": {"uv": [9, 0, 10.25, 0.5], "rotation": 90, "texture": "#0"},
				"down": {"uv": [8.5, 0, 9, 0.5], "texture": "#0"}
			}
		},
		{
			"from": [8.75, 11.49264, 0.86421],
			"to": [4.25, 6.99264, -5.63579],
			"rotation": {"angle": -45, "axis": "x", "origin": [7.5, 12.24264, -0.38579]},
			"faces": {
				"north": {"uv": [7.5, 2.5, 8, 3], "texture": "#0"},
				"east": {"uv": [7.5, 2.5, 8, 3], "texture": "#0"},
				"south": {"uv": [7.5, 2.5, 8, 3], "texture": "#0"},
				"west": {"uv": [7.5, 2.5, 8, 3], "texture": "#0"},
				"up": {"uv": [8, 2.5, 9.6, 3], "rotation": 90, "texture": "#0"},
				"down": {"uv": [7.5, 2.5, 8, 3], "texture": "#0"}
			}
		},
		{
			"from": [5.5, 4, -1.8],
			"to": [7.5, 6, 0.2],
			"rotation": {"angle": -45, "axis": "x", "origin": [5.5, 8, -1.8]},
			"faces": {
				"north": {"uv": [8, 0, 8.5, 0.5], "texture": "#0"},
				"east": {"uv": [8, 0, 8.5, 0.5], "texture": "#0"},
				"south": {"uv": [8, 0, 8.5, 0.5], "texture": "#0"},
				"west": {"uv": [8, 0, 8.5, 0.5], "texture": "#0"},
				"down": {"uv": [8, 0, 8.5, 0.5], "texture": "#0"}
			}
		},
		{
			"from": [8.75, 4.75, 1.45],
			"to": [4.25, 2.75, -3.05],
			"rotation": {"angle": -45, "axis": "x", "origin": [10.5, 8, -1.8]},
			"faces": {
				"north": {"uv": [7.5, 2.5, 8, 3], "texture": "#0"},
				"east": {"uv": [7.5, 2.5, 8, 3], "texture": "#0"},
				"south": {"uv": [7.5, 2.5, 8, 3], "texture": "#0"},
				"west": {"uv": [7.5, 2.5, 8, 3], "texture": "#0"},
				"up": {"uv": [7.5, 2.5, 8, 3], "texture": "#0"}
			}
		},
		{
			"from": [8, 7.83363, -3.16612],
			"to": [5, 5.83363, -6.16612],
			"rotation": {"angle": -45, "axis": "x", "origin": [8.5, 13.83363, -0.91612]},
			"faces": {
				"north": {"uv": [8.5, 0, 9, 0.5], "texture": "#0"},
				"east": {"uv": [8.5, 0, 9, 0.5], "texture": "#0"},
				"south": {"uv": [8.5, 0, 9, 0.5], "texture": "#0"},
				"west": {"uv": [8.5, 0, 9, 0.5], "texture": "#0"},
				"up": {"uv": [9, 0, 9.5, 0.5], "rotation": 90, "texture": "#0"},
				"down": {"uv": [8.5, 3.5, 9, 4], "texture": "#0"}
			}
		}
	],
	"gui_light": "front",
	"display": {
		"thirdperson_righthand": {
			"rotation": [0, -3, 0],
			"translation": [0, -1.75, 2],
			"scale": [0.7, 0.7, 0.7]
		},
		"thirdperson_lefthand": {
			"rotation": [0, -3, 0],
			"translation": [0, -1.75, 2],
			"scale": [0.7, 0.7, 0.7]
		},
		"firstperson_righthand": {
			"rotation": [21, 33, 3],
			"translation": [0.75, 5.75, -3],
			"scale": [0.54883, 0.54883, 0.54883]
		},
		"firstperson_lefthand": {
			"rotation": [21, 33, 3],
			"translation": [0.75, 5.75, -3],
			"scale": [0.54883, 0.54883, 0.54883]
		},
		"gui": {
			"rotation": [90, 45, 90],
			"translation": [-1.5, 1.25, 0],
			"scale": [0.43477, 0.43477, 0.43477]
		}
	},
	"groups": [
		0,
		1,
		2,
		3,
		4,
		5,
		6,
		7,
		8,
		9,
		10,
		11,
		12,
		13,
		14,
		15,
		16,
		17,
		18,
		19,
		20,
		21,
		22,
		23,
		24,
		25,
		26,
		27,
		28,
		29,
		30,
		31,
		32,
		33,
		34,
		35,
		36,
		{
			"name": "particles",
			"origin": [8, 8, 8],
			"color": 0,
			"boneType": "",
			"children": [
				{
					"name": "particle1",
					"origin": [8, 8, 8],
					"color": 0,
					"boneType": "",
					"children": [
						{
							"name": "heart1",
							"origin": [0, 0, 0],
							"color": 0,
							"boneType": "",
							"children": [37, 38, 39, 40]
						},
						{
							"name": "heart2",
							"origin": [0, 0, 0],
							"color": 0,
							"boneType": "",
							"children": [41, 42, 43, 44]
						},
						{
							"name": "heart3",
							"origin": [0, 0, 0],
							"color": 0,
							"boneType": "",
							"children": [45, 46, 47, 48]
						},
						{
							"name": "heart4",
							"origin": [0, 0, 0],
							"color": 0,
							"boneType": "",
							"children": [49, 50, 51, 52]
						},
						{
							"name": "heart5",
							"origin": [0, 0, 0],
							"color": 0,
							"boneType": "",
							"children": [53, 54, 55, 56]
						},
						{
							"name": "heart6",
							"origin": [0, 0, 0],
							"color": 0,
							"boneType": "",
							"children": [57, 58, 59, 60]
						},
						{
							"name": "heart7",
							"origin": [0, 0, 0],
							"color": 0,
							"boneType": "",
							"children": [61, 62, 63, 64]
						}
					]
				},
				{
					"name": "particle2",
					"origin": [8, 8, 8],
					"color": 0,
					"boneType": "",
					"children": [
						{
							"name": "heart1",
							"origin": [0, 0, 0],
							"color": 0,
							"boneType": "",
							"children": [65, 66, 67, 68]
						},
						{
							"name": "heart2",
							"origin": [0, 0, 0],
							"color": 0,
							"boneType": "",
							"children": [69, 70, 71, 72]
						},
						{
							"name": "heart3",
							"origin": [0, 0, 0],
							"color": 0,
							"boneType": "",
							"children": [73, 74, 75, 76]
						},
						{
							"name": "heart4",
							"origin": [0, 0, 0],
							"color": 0,
							"boneType": "",
							"children": [77, 78, 79, 80]
						},
						{
							"name": "heart5",
							"origin": [0, 0, 0],
							"color": 0,
							"boneType": "",
							"children": [81, 82, 83, 84]
						},
						{
							"name": "heart6",
							"origin": [0, 0, 0],
							"color": 0,
							"boneType": "",
							"children": [85, 86, 87, 88]
						},
						{
							"name": "heart7",
							"origin": [0, 0, 0],
							"color": 0,
							"boneType": "",
							"children": [89, 90, 91, 92]
						}
					]
				},
				{
					"name": "particle3",
					"origin": [8, 8, 8],
					"color": 0,
					"boneType": "",
					"children": [
						{
							"name": "heart1",
							"origin": [0, 0, 0],
							"color": 0,
							"boneType": "",
							"children": [93, 94, 95, 96]
						},
						{
							"name": "heart2",
							"origin": [0, 0, 0],
							"color": 0,
							"boneType": "",
							"children": [97, 98, 99, 100]
						},
						{
							"name": "heart3",
							"origin": [0, 0, 0],
							"color": 0,
							"boneType": "",
							"children": [101, 102, 103, 104]
						},
						{
							"name": "heart4",
							"origin": [0, 0, 0],
							"color": 0,
							"boneType": "",
							"children": [105, 106, 107, 108]
						},
						{
							"name": "heart5",
							"origin": [0, 0, 0],
							"color": 0,
							"boneType": "",
							"children": [109, 110, 111, 112]
						},
						{
							"name": "heart6",
							"origin": [0, 0, 0],
							"color": 0,
							"boneType": "",
							"children": [113, 114, 115, 116]
						},
						{
							"name": "heart7",
							"origin": [0, 0, 0],
							"color": 0,
							"boneType": "",
							"children": [117, 118, 119, 120]
						}
					]
				}
			]
		},
		{
			"name": "arrow",
			"origin": [0, 0, 0],
			"color": 0,
			"boneType": "",
			"children": [121, 122, 123, 124, 125, 126, 127, 128]
		},
		129
	]
}