{"credit":"by w11shes","textures":{"0":"elitecreatures:valentine_assortment/valentines_fishing_rod","1":"elitecreatures:valentine_assortment/valentines_particle","particle":"elitecreatures:valentine_assortment/valentines_fishing_rod_e"},"elements":[{"from":[6.46989,30,6.52804],"to":[9.46989,30.05,9.52804],"rotation":{"angle":45,"axis":"y","origin":[8,10.90006,8.005]},"faces":{"up":{"uv":[1.25,8,0.5,7.25],"rotation":270,"texture":"#0"},"down":{"uv":[1.25,7.25,0.5,8],"rotation":90,"texture":"#0"}}},{"from":[6.495,29,8.61832],"to":[9.495,31,11.61832],"rotation":{"angle":0,"axis":"y","origin":[8,10.90006,8.005]},"faces":{"north":{"uv":[6.25,7.75,7,8.25],"texture":"#0"},"east":{"uv":[8.5,6,7.75,6.5],"texture":"#0"},"south":{"uv":[7.75,6.5,8.5,7],"texture":"#0"},"west":{"uv":[7.75,6,8.5,6.5],"texture":"#0"},"up":{"uv":[3.75,8,3,7.25],"rotation":270,"texture":"#0"},"down":{"uv":[8,3,7.25,3.75],"rotation":90,"texture":"#0"}}},{"from":[6.495,22,8.61832],"to":[9.495,24,11.61832],"rotation":{"angle":0,"axis":"y","origin":[8,10.90006,8.005]},"faces":{"north":{"uv":[6.25,7.75,7,8.25],"texture":"#0"},"east":{"uv":[8.5,6,7.75,6.5],"texture":"#0"},"south":{"uv":[7.75,6.5,8.5,7],"texture":"#0"},"west":{"uv":[7.75,6,8.5,6.5],"texture":"#0"},"up":{"uv":[3.75,8,3,7.25],"rotation":270,"texture":"#0"},"down":{"uv":[8,3,7.25,3.75],"rotation":90,"texture":"#0"}}},{"from":[6.46989,23,6.52804],"to":[9.46989,23.05,9.52804],"rotation":{"angle":45,"axis":"y","origin":[8,10.90006,8.005]},"faces":{"up":{"uv":[1.25,8,0.5,7.25],"rotation":270,"texture":"#0"},"down":{"uv":[1.25,7.25,0.5,8],"rotation":90,"texture":"#0"}}},{"from":[6.495,15,8.61832],"to":[9.495,17,11.61832],"rotation":{"angle":0,"axis":"y","origin":[8,10.90006,8.005]},"faces":{"north":{"uv":[6.25,7.75,7,8.25],"texture":"#0"},"east":{"uv":[8.5,6,7.75,6.5],"texture":"#0"},"south":{"uv":[7.75,6.5,8.5,7],"texture":"#0"},"west":{"uv":[7.75,6,8.5,6.5],"texture":"#0"},"up":{"uv":[3.75,8,3,7.25],"rotation":270,"texture":"#0"},"down":{"uv":[8,3,7.25,3.75],"rotation":90,"texture":"#0"}}},{"from":[6.46989,16,6.52804],"to":[9.46989,16.05,9.52804],"rotation":{"angle":45,"axis":"y","origin":[8,10.90006,8.005]},"faces":{"up":{"uv":[1.25,8,0.5,7.25],"rotation":270,"texture":"#0"},"down":{"uv":[1.25,7.25,0.5,8],"rotation":90,"texture":"#0"}}},{"from":[5.50212,-4,8.4958],"to":[7.50212,32,10.4958],"rotation":{"angle":45,"axis":"y","origin":[8,10.90006,8.005]},"faces":{"north":{"uv":[2.5,0,3,9],"texture":"#0"},"east":{"uv":[3,0,2.5,9],"texture":"#0"},"south":{"uv":[0.5,2.5,0,11.5],"texture":"#0"},"west":{"uv":[0,2.5,0.5,11.5],"texture":"#0"},"up":{"uv":[2.5,5.5,2,5],"rotation":270,"texture":"#0"}}},{"from":[6.495,-6.36765,-4.27403],"to":[9.495,-4.36765,-1.27403],"rotation":{"angle":-45,"axis":"x","origin":[8,10.90006,8.005]},"faces":{"north":{"uv":[7.75,7,8.5,7.5],"texture":"#0"},"east":{"uv":[7.75,7.75,7,8.25],"texture":"#0"},"south":{"uv":[7.75,7.5,8.5,8],"texture":"#0"},"west":{"uv":[7,7.75,7.75,8.25],"texture":"#0"},"down":{"uv":[8.25,3.75,7.5,4.5],"rotation":90,"texture":"#0"}}},{"from":[6.495,-4.36765,-6.27403],"to":[9.495,-1.36765,-1.27403],"rotation":{"angle":-45,"axis":"x","origin":[8,10.90006,8.005]},"faces":{"north":{"uv":[7.5,4.5,8.25,5.25],"texture":"#0"},"east":{"uv":[5.25,6.25,4,7],"texture":"#0"},"south":{"uv":[7.5,5.25,8.25,6],"texture":"#0"},"west":{"uv":[4,6.25,5.25,7],"texture":"#0"},"up":{"uv":[6.5,7,5.25,6.25],"rotation":270,"texture":"#0"},"down":{"uv":[1.75,6.5,0.5,7.25],"rotation":90,"texture":"#0"}}},{"from":[4.50212,-6,7.4958],"to":[8.50212,-4,11.4958],"rotation":{"angle":45,"axis":"y","origin":[8,10.90006,8.005]},"faces":{"north":{"uv":[5.25,7.75,6.25,8.25],"texture":"#0"},"east":{"uv":[6.25,7.75,5.25,8.25],"texture":"#0"},"south":{"uv":[5.25,7.75,6.25,8.25],"texture":"#0"},"west":{"uv":[6.25,7.75,5.25,8.25],"texture":"#0"},"up":{"uv":[4,7.25,3,6.25],"rotation":270,"texture":"#0"},"down":{"uv":[7.25,3,6.25,4],"rotation":90,"texture":"#0"}}},{"from":[5.495,4.05931,3.71358],"to":[10.495,9.05931,11.71358],"rotation":{"angle":-45,"axis":"x","origin":[8,10.90006,8.005]},"faces":{"north":{"uv":[3,5,4.25,6.25],"texture":"#0"},"east":{"uv":[5,2.5,3,3.75],"texture":"#0"},"south":{"uv":[5,3,6.25,4.25],"texture":"#0"},"west":{"uv":[3,2.5,5,3.75],"texture":"#0"},"up":{"uv":[5,5,3,3.75],"rotation":270,"texture":"#0"},"down":{"uv":[6.75,0.75,4.75,2],"rotation":90,"texture":"#0"}}},{"from":[10.495,9.05931,11.71358],"to":[5.495,4.05931,3.71358],"rotation":{"angle":-45,"axis":"x","origin":[8,10.90006,8.005]},"faces":{"north":{"uv":[5,4.25,6.25,3],"texture":"#0"},"east":{"uv":[3,3.75,5,2.5],"texture":"#0"},"south":{"uv":[3,6.25,4.25,5],"texture":"#0"},"west":{"uv":[5,3.75,3,2.5],"texture":"#0"},"up":{"uv":[4.75,0.75,6.75,2],"rotation":270,"texture":"#0"},"down":{"uv":[3,5,5,3.75],"rotation":90,"texture":"#0"}}},{"from":[6.475,4.05931,3.71358],"to":[9.515,9.05931,11.71358],"rotation":{"angle":-45,"axis":"x","origin":[8,10.90006,8.005]},"faces":{"east":{"uv":[10.75,0,8.75,1.25],"texture":"#0"},"west":{"uv":[8.75,0,10.75,1.25],"texture":"#0"}}},{"from":[6.495,4.06396,2.65081],"to":[9.495,9.06396,7.65081],"rotation":{"angle":0,"axis":"y","origin":[8,10.90006,8.005]},"faces":{"north":{"uv":[1.75,6.5,2.5,7.75],"texture":"#0"},"east":{"uv":[6.75,4.25,5.5,5.5],"texture":"#0"},"south":{"uv":[6.75,4,7.5,5.25],"texture":"#0"},"west":{"uv":[5.5,4.25,6.75,5.5],"texture":"#0"},"up":{"uv":[8,3,6.75,2.25],"rotation":270,"texture":"#0"},"down":{"uv":[5.25,7,4,7.75],"rotation":90,"texture":"#0"}}},{"from":[5.495,1.05931,3.71358],"to":[10.495,4.05931,8.71358],"rotation":{"angle":-45,"axis":"x","origin":[8,10.90006,8.005]},"faces":{"north":{"uv":[6.75,0.75,8,1.5],"texture":"#0"},"east":{"uv":[7.75,6.25,6.5,7],"texture":"#0"},"south":{"uv":[6.75,1.5,8,2.25],"texture":"#0"},"west":{"uv":[6.5,6.25,7.75,7],"texture":"#0"},"down":{"uv":[5.5,5,4.25,6.25],"rotation":90,"texture":"#0"}}},{"from":[10.495,4.0593,8.71358],"to":[5.495,1.0593,3.71358],"rotation":{"angle":-45,"axis":"x","origin":[8,10.90006,8.005]},"faces":{"north":{"uv":[6.75,2.25,8,1.5],"texture":"#0"},"east":{"uv":[6.5,7,7.75,6.25],"texture":"#0"},"south":{"uv":[6.75,1.5,8,0.75],"texture":"#0"},"west":{"uv":[7.75,7,6.5,6.25],"texture":"#0"},"up":{"uv":[4.25,5,5.5,6.25],"rotation":270,"texture":"#0"}}},{"from":[6.475,1.05931,3.71358],"to":[9.515,4.05931,8.71358],"rotation":{"angle":-45,"axis":"x","origin":[8,10.90006,8.005]},"faces":{"east":{"uv":[10,1.25,8.75,2],"texture":"#0"},"west":{"uv":[8.75,1.25,10,2],"texture":"#0"}}},{"from":[7.995,-6.84142,-5.03754],"to":[8.045,-2.84142,1.96246],"rotation":{"angle":-22.5,"axis":"x","origin":[8,10.90006,8.005]},"faces":{"east":{"uv":[6.75,2,5,3],"texture":"#0"},"west":{"uv":[5,2,6.75,3],"texture":"#0"}}},{"from":[7.995,-5.22396,17.95244],"to":[8.045,-1.22396,24.95244],"rotation":{"angle":22.5,"axis":"x","origin":[8,10.90006,8.005]},"faces":{"east":{"uv":[5,2,6.75,3],"texture":"#0"},"west":{"uv":[6.75,2,5,3],"texture":"#0"}}},{"from":[5.80083,-7.5,1.38151],"to":[5.85083,-4.5,9.38151],"rotation":{"angle":22.5,"axis":"y","origin":[8,10.90006,8.005]},"faces":{"east":{"uv":[7.5,5.5,5.5,6.25],"texture":"#0"},"west":{"uv":[5.5,5.5,7.5,6.25],"texture":"#0"}}},{"from":[10.13993,-7.5,1.38534],"to":[10.18993,-4.5,9.38534],"rotation":{"angle":-22.5,"axis":"y","origin":[8,10.90006,8.005]},"faces":{"east":{"uv":[7.5,5.5,5.5,6.25],"texture":"#0"},"west":{"uv":[5.5,5.5,7.5,6.25],"texture":"#0"}}},{"from":[7.995,4.73786,2.6706],"to":[8.045,14.73786,9.6706],"rotation":{"angle":45,"axis":"x","origin":[8,10.90006,8.005]},"faces":{"east":{"uv":[2.25,2.5,0.5,5],"texture":"#0"},"west":{"uv":[0.5,2.5,2.25,5],"texture":"#0"}}},{"from":[7.995,12.73786,-2.3294],"to":[8.045,18.73786,3.6706],"rotation":{"angle":45,"axis":"x","origin":[8,10.90006,8.005]},"faces":{"east":{"uv":[2,5,0.5,6.5],"texture":"#0"},"west":{"uv":[0.5,5,2,6.5],"texture":"#0"}}},{"from":[7.995,17.73786,-7.3294],"to":[8.045,24.73786,-0.3294],"rotation":{"angle":45,"axis":"x","origin":[8,10.90006,8.005]},"faces":{"east":{"uv":[4.75,0.75,3,2.5],"texture":"#0"},"west":{"uv":[3,0.75,4.75,2.5],"texture":"#0"}}},{"from":[9.82936,-4.93548,6.11832],"to":[9.87936,5.06452,16.11832],"rotation":{"angle":-22.5,"axis":"z","origin":[8,10.90006,8.005]},"faces":{"east":{"uv":[2.5,0,0,2.5],"texture":"#0"},"west":{"uv":[0,0,2.5,2.5],"texture":"#0"}}},{"from":[6.46169,8.60535,6.11832],"to":[6.51169,18.60535,16.11832],"rotation":{"angle":22.5,"axis":"z","origin":[8,10.90006,8.005]},"faces":{"east":{"uv":[2.5,2.5,0,0],"texture":"#0"},"west":{"uv":[0,2.5,2.5,0],"texture":"#0"}}},{"from":[9.47907,8.60152,6.11832],"to":[9.52907,18.60152,16.11832],"rotation":{"angle":-22.5,"axis":"z","origin":[8,10.90006,8.005]},"faces":{"east":{"uv":[2.5,2.5,0,0],"texture":"#0"},"west":{"uv":[0,2.5,2.5,0],"texture":"#0"}}},{"from":[6.1114,-4.93165,6.11832],"to":[6.1614,5.06835,16.11832],"rotation":{"angle":22.5,"axis":"z","origin":[8,10.90006,8.005]},"faces":{"east":{"uv":[2.5,0,0,2.5],"texture":"#0"},"west":{"uv":[0,0,2.5,2.5],"texture":"#0"}}},{"from":[7.895,27.46468,-1.38974],"to":[7.945,30.46468,15.61026],"rotation":{"angle":-22.5,"axis":"x","origin":[8,10.90006,8.005]},"faces":{"east":{"uv":[7.25,0,3,0.75],"texture":"#0"},"west":{"uv":[3,0,7.25,0.75],"texture":"#0"}}},{"from":[6.395,22.2481,-6.19418],"to":[9.395,25.2481,-1.19418],"rotation":{"angle":22.5,"axis":"x","origin":[8,10.90006,8.005]},"faces":{"north":{"uv":[1.25,7.75,2,8.5],"texture":"#0"},"east":{"uv":[6.5,7,5.25,7.75],"texture":"#0"},"south":{"uv":[3.75,7.75,4.5,8.5],"texture":"#0"},"west":{"uv":[5.25,7,6.5,7.75],"texture":"#0"},"up":{"uv":[7.75,7.75,6.5,7],"rotation":270,"texture":"#0"},"down":{"uv":[8.5,0,7.25,0.75],"rotation":90,"texture":"#0"}}},{"from":[6.395,25.2481,-6.19418],"to":[9.395,27.2481,-3.19418],"rotation":{"angle":22.5,"axis":"x","origin":[8,10.90006,8.005]},"faces":{"north":{"uv":[8,0.75,8.75,1.25],"texture":"#0"},"east":{"uv":[1.25,8,0.5,8.5],"texture":"#0"},"south":{"uv":[8,1.25,8.75,1.75],"texture":"#0"},"west":{"uv":[0.5,8,1.25,8.5],"texture":"#0"},"up":{"uv":[5.25,8.5,4.5,7.75],"rotation":270,"texture":"#0"}}},{"from":[12.295,7.694,14.97131],"to":[10.695,5.094,13.37131],"rotation":{"angle":45,"axis":"x","origin":[8,10.90006,8.005]},"faces":{"north":{"uv":[1,15,3.6,16],"rotation":270,"texture":"#1"},"east":{"uv":[1,15,2,16],"rotation":270,"texture":"#1"},"south":{"uv":[1,15,2,16],"rotation":270,"texture":"#1"},"west":{"uv":[1,15,2,16],"rotation":90,"texture":"#1"},"up":{"uv":[1,15,2,16],"rotation":180,"texture":"#1"},"down":{"uv":[1,15,2,16],"texture":"#1"}}},{"from":[11.095,5.494,14.57131],"to":[11.895,6.294,15.37131],"rotation":{"angle":45,"axis":"x","origin":[8,10.90006,8.005]},"faces":{"north":{"uv":[0,15,1,16],"rotation":270,"texture":"#1"},"east":{"uv":[0,15,1,16],"rotation":270,"texture":"#1"},"south":{"uv":[0,15,1,16],"rotation":270,"texture":"#1"},"west":{"uv":[0,15,1,16],"rotation":90,"texture":"#1"},"up":{"uv":[0,15,1,16],"rotation":180,"texture":"#1"},"down":{"uv":[0,15,1,16],"texture":"#1"}}},{"from":[12.295,6.694,15.97131],"to":[10.695,5.094,14.97131],"rotation":{"angle":45,"axis":"x","origin":[8,10.90006,8.005]},"faces":{"north":{"uv":[1,15,2,16],"rotation":270,"texture":"#1"},"east":{"uv":[1,15,2,16],"rotation":270,"texture":"#1"},"west":{"uv":[1,15,2,16],"rotation":90,"texture":"#1"},"up":{"uv":[1,15,2,16],"rotation":180,"texture":"#1"},"down":{"uv":[1,15,2,16],"texture":"#1"}}},{"from":[11.095,5.494,13.77131],"to":[11.895,7.094,14.57131],"rotation":{"angle":45,"axis":"x","origin":[8,10.90006,8.005]},"faces":{"north":{"uv":[0,15,1,16],"rotation":270,"texture":"#1"},"east":{"uv":[0,15,1,16],"rotation":270,"texture":"#1"},"south":{"uv":[0,15,1,16],"rotation":270,"texture":"#1"},"west":{"uv":[0,15,1,16],"rotation":90,"texture":"#1"},"up":{"uv":[0,15,1,16],"rotation":180,"texture":"#1"},"down":{"uv":[0,15,1,16],"texture":"#1"}}},{"from":[12.295,8.04755,15.32487],"to":[10.695,5.44755,13.72487],"rotation":{"angle":45,"axis":"x","origin":[8,10.90006,8.005]},"faces":{"north":{"uv":[1,14,3.6,15],"rotation":270,"texture":"#1"},"east":{"uv":[1,14,2,15],"rotation":270,"texture":"#1"},"south":{"uv":[1,14,2,15],"rotation":270,"texture":"#1"},"west":{"uv":[1,14,2,15],"rotation":90,"texture":"#1"},"up":{"uv":[1,14,2,15],"rotation":180,"texture":"#1"},"down":{"uv":[1,14,2,15],"texture":"#1"}}},{"from":[11.055,5.8122,14.98951],"to":[11.955,6.7122,15.98951],"rotation":{"angle":45,"axis":"x","origin":[8,10.90006,8.005]},"faces":{"north":{"uv":[0,14,1,15],"rotation":270,"texture":"#1"},"east":{"uv":[0,14,1,15],"rotation":270,"texture":"#1"},"south":{"uv":[0,14,1,15],"rotation":270,"texture":"#1"},"west":{"uv":[0,14,1,15],"rotation":90,"texture":"#1"},"up":{"uv":[0,14,1,15],"rotation":180,"texture":"#1"},"down":{"uv":[0,14,1,15],"texture":"#1"}}},{"from":[12.295,7.04755,16.32487],"to":[10.695,5.44755,15.32487],"rotation":{"angle":45,"axis":"x","origin":[8,10.90006,8.005]},"faces":{"north":{"uv":[1,14,2,15],"rotation":270,"texture":"#1"},"east":{"uv":[1,14,2,15],"rotation":270,"texture":"#1"},"west":{"uv":[1,14,2,15],"rotation":90,"texture":"#1"},"up":{"uv":[1,14,2,15],"rotation":180,"texture":"#1"},"down":{"uv":[1,14,2,15],"texture":"#1"}}},{"from":[11.055,5.8122,14.08951],"to":[11.955,7.6122,14.98951],"rotation":{"angle":45,"axis":"x","origin":[8,10.90006,8.005]},"faces":{"north":{"uv":[0,14,1,15],"rotation":270,"texture":"#1"},"east":{"uv":[0,14,1,15],"rotation":270,"texture":"#1"},"south":{"uv":[0,14,1,15],"rotation":270,"texture":"#1"},"west":{"uv":[0,14,1,15],"rotation":90,"texture":"#1"},"up":{"uv":[0,14,1,15],"rotation":180,"texture":"#1"},"down":{"uv":[0,14,1,15],"texture":"#1"}}},{"from":[12.295,8.40111,15.67842],"to":[10.695,5.80111,14.07842],"rotation":{"angle":45,"axis":"x","origin":[8,10.90006,8.005]},"faces":{"north":{"uv":[1,13,3.6,14],"rotation":270,"texture":"#1"},"east":{"uv":[1,13,2,14],"rotation":270,"texture":"#1"},"south":{"uv":[1,13,2,14],"rotation":270,"texture":"#1"},"west":{"uv":[1,13,2,14],"rotation":90,"texture":"#1"},"up":{"uv":[1,13,2,14],"rotation":180,"texture":"#1"},"down":{"uv":[1,13,2,14],"texture":"#1"}}},{"from":[10.995,6.10111,15.37842],"to":[11.995,7.10111,16.37842],"rotation":{"angle":45,"axis":"x","origin":[8,10.90006,8.005]},"faces":{"north":{"uv":[0,13,1,14],"rotation":270,"texture":"#1"},"east":{"uv":[0,13,1,14],"rotation":270,"texture":"#1"},"south":{"uv":[0,13,1,14],"rotation":270,"texture":"#1"},"west":{"uv":[0,13,1,14],"rotation":90,"texture":"#1"},"up":{"uv":[0,13,1,14],"rotation":180,"texture":"#1"},"down":{"uv":[0,13,1,14],"texture":"#1"}}},{"from":[12.295,7.40111,16.67842],"to":[10.695,5.80111,15.67842],"rotation":{"angle":45,"axis":"x","origin":[8,10.90006,8.005]},"faces":{"north":{"uv":[1,13,2,14],"rotation":270,"texture":"#1"},"east":{"uv":[1,13,2,14],"rotation":270,"texture":"#1"},"west":{"uv":[1,13,2,14],"rotation":90,"texture":"#1"},"up":{"uv":[1,13,2,14],"rotation":180,"texture":"#1"},"down":{"uv":[1,13,2,14],"texture":"#1"}}},{"from":[10.995,6.10111,14.37842],"to":[11.995,8.10111,15.37842],"rotation":{"angle":45,"axis":"x","origin":[8,10.90006,8.005]},"faces":{"north":{"uv":[0,13,1,14],"rotation":270,"texture":"#1"},"east":{"uv":[0,13,1,14],"rotation":270,"texture":"#1"},"south":{"uv":[0,13,1,14],"rotation":270,"texture":"#1"},"west":{"uv":[0,13,1,14],"rotation":90,"texture":"#1"},"up":{"uv":[0,13,1,14],"rotation":180,"texture":"#1"},"down":{"uv":[0,13,1,14],"texture":"#1"}}},{"from":[12.295,8.75466,16.03197],"to":[10.695,6.15466,14.43197],"rotation":{"angle":45,"axis":"x","origin":[8,10.90006,8.005]},"faces":{"north":{"uv":[1,12,3.6,13],"rotation":270,"texture":"#1"},"east":{"uv":[1,12,2,13],"rotation":270,"texture":"#1"},"south":{"uv":[1,12,2,13],"rotation":270,"texture":"#1"},"west":{"uv":[1,12,2,13],"rotation":90,"texture":"#1"},"up":{"uv":[1,12,2,13],"rotation":180,"texture":"#1"},"down":{"uv":[1,12,2,13],"texture":"#1"}}},{"from":[10.995,6.45466,15.73197],"to":[11.995,7.45466,16.73197],"rotation":{"angle":45,"axis":"x","origin":[8,10.90006,8.005]},"faces":{"north":{"uv":[0,12,1,13],"rotation":270,"texture":"#1"},"east":{"uv":[0,12,1,13],"rotation":270,"texture":"#1"},"south":{"uv":[0,12,1,13],"rotation":270,"texture":"#1"},"west":{"uv":[0,12,1,13],"rotation":90,"texture":"#1"},"up":{"uv":[0,12,1,13],"rotation":180,"texture":"#1"},"down":{"uv":[0,12,1,13],"texture":"#1"}}},{"from":[12.295,7.75466,17.03197],"to":[10.695,6.15466,16.03197],"rotation":{"angle":45,"axis":"x","origin":[8,10.90006,8.005]},"faces":{"north":{"uv":[1,12,2,13],"rotation":270,"texture":"#1"},"east":{"uv":[1,12,2,13],"rotation":270,"texture":"#1"},"west":{"uv":[1,12,2,13],"rotation":90,"texture":"#1"},"up":{"uv":[1,12,2,13],"rotation":180,"texture":"#1"},"down":{"uv":[1,12,2,13],"texture":"#1"}}},{"from":[10.995,6.45466,14.73197],"to":[11.995,8.45466,15.73197],"rotation":{"angle":45,"axis":"x","origin":[8,10.90006,8.005]},"faces":{"north":{"uv":[0,12,1,13],"rotation":270,"texture":"#1"},"east":{"uv":[0,12,1,13],"rotation":270,"texture":"#1"},"south":{"uv":[0,12,1,13],"rotation":270,"texture":"#1"},"west":{"uv":[0,12,1,13],"rotation":90,"texture":"#1"},"up":{"uv":[0,12,1,13],"rotation":180,"texture":"#1"},"down":{"uv":[0,12,1,13],"texture":"#1"}}},{"from":[12.295,9.10821,16.38553],"to":[10.695,6.50821,14.78553],"rotation":{"angle":45,"axis":"x","origin":[8,10.90006,8.005]},"faces":{"north":{"uv":[1,11,3.6,12],"rotation":270,"texture":"#1"},"east":{"uv":[1,11,2,12],"rotation":270,"texture":"#1"},"south":{"uv":[1,11,2,12],"rotation":270,"texture":"#1"},"west":{"uv":[1,11,2,12],"rotation":90,"texture":"#1"},"up":{"uv":[1,11,2,12],"rotation":180,"texture":"#1"},"down":{"uv":[1,11,2,12],"texture":"#1"}}},{"from":[10.995,6.80821,16.08553],"to":[11.995,7.80821,17.08553],"rotation":{"angle":45,"axis":"x","origin":[8,10.90006,8.005]},"faces":{"north":{"uv":[0,11,1,12],"rotation":270,"texture":"#1"},"east":{"uv":[0,11,1,12],"rotation":270,"texture":"#1"},"south":{"uv":[0,11,1,12],"rotation":270,"texture":"#1"},"west":{"uv":[0,11,1,12],"rotation":90,"texture":"#1"},"up":{"uv":[0,11,1,12],"rotation":180,"texture":"#1"},"down":{"uv":[0,11,1,12],"texture":"#1"}}},{"from":[12.295,8.10821,17.38553],"to":[10.695,6.50821,16.38553],"rotation":{"angle":45,"axis":"x","origin":[8,10.90006,8.005]},"faces":{"north":{"uv":[1,11,2,12],"rotation":270,"texture":"#1"},"east":{"uv":[1,11,2,12],"rotation":270,"texture":"#1"},"west":{"uv":[1,11,2,12],"rotation":90,"texture":"#1"},"up":{"uv":[1,11,2,12],"rotation":180,"texture":"#1"},"down":{"uv":[1,11,2,12],"texture":"#1"}}},{"from":[10.995,6.80821,15.08553],"to":[11.995,8.80821,16.08553],"rotation":{"angle":45,"axis":"x","origin":[8,10.90006,8.005]},"faces":{"north":{"uv":[0,11,1,12],"rotation":270,"texture":"#1"},"east":{"uv":[0,11,1,12],"rotation":270,"texture":"#1"},"south":{"uv":[0,11,1,12],"rotation":270,"texture":"#1"},"west":{"uv":[0,11,1,12],"rotation":90,"texture":"#1"},"up":{"uv":[0,11,1,12],"rotation":180,"texture":"#1"},"down":{"uv":[0,11,1,12],"texture":"#1"}}},{"from":[12.295,9.46177,16.73908],"to":[10.695,6.86177,15.13908],"rotation":{"angle":45,"axis":"x","origin":[8,10.90006,8.005]},"faces":{"north":{"uv":[1,10,3.6,11],"rotation":270,"texture":"#1"},"east":{"uv":[1,10,2,11],"rotation":270,"texture":"#1"},"south":{"uv":[1,10,2,11],"rotation":270,"texture":"#1"},"west":{"uv":[1,10,2,11],"rotation":90,"texture":"#1"},"up":{"uv":[1,10,2,11],"rotation":180,"texture":"#1"},"down":{"uv":[1,10,2,11],"texture":"#1"}}},{"from":[11.045,7.21177,16.43908],"to":[11.945,8.11177,17.33908],"rotation":{"angle":45,"axis":"x","origin":[8,10.90006,8.005]},"faces":{"north":{"uv":[0,10,1,11],"rotation":270,"texture":"#1"},"east":{"uv":[0,10,1,11],"rotation":270,"texture":"#1"},"south":{"uv":[0,10,1,11],"rotation":270,"texture":"#1"},"west":{"uv":[0,10,1,11],"rotation":90,"texture":"#1"},"up":{"uv":[0,10,1,11],"rotation":180,"texture":"#1"},"down":{"uv":[0,10,1,11],"texture":"#1"}}},{"from":[12.295,8.46177,17.73908],"to":[10.695,6.86177,16.73908],"rotation":{"angle":45,"axis":"x","origin":[8,10.90006,8.005]},"faces":{"north":{"uv":[1,10,2,11],"rotation":270,"texture":"#1"},"east":{"uv":[1,10,2,11],"rotation":270,"texture":"#1"},"west":{"uv":[1,10,2,11],"rotation":90,"texture":"#1"},"up":{"uv":[1,10,2,11],"rotation":180,"texture":"#1"},"down":{"uv":[1,10,2,11],"texture":"#1"}}},{"from":[11.045,7.21177,15.53908],"to":[11.945,9.01177,16.43908],"rotation":{"angle":45,"axis":"x","origin":[8,10.90006,8.005]},"faces":{"north":{"uv":[0,10,1,11],"rotation":270,"texture":"#1"},"east":{"uv":[0,10,1,11],"rotation":270,"texture":"#1"},"south":{"uv":[0,10,1,11],"rotation":270,"texture":"#1"},"west":{"uv":[0,10,1,11],"rotation":90,"texture":"#1"},"up":{"uv":[0,10,1,11],"rotation":180,"texture":"#1"},"down":{"uv":[0,10,1,11],"texture":"#1"}}},{"from":[12.295,9.81532,17.09263],"to":[10.695,7.21532,15.49263],"rotation":{"angle":45,"axis":"x","origin":[8,10.90006,8.005]},"faces":{"north":{"uv":[1,9,3.6,10],"rotation":270,"texture":"#1"},"east":{"uv":[1,9,2,10],"rotation":270,"texture":"#1"},"south":{"uv":[1,9,2,10],"rotation":270,"texture":"#1"},"west":{"uv":[1,9,2,10],"rotation":90,"texture":"#1"},"up":{"uv":[1,9,2,10],"rotation":180,"texture":"#1"},"down":{"uv":[1,9,2,10],"texture":"#1"}}},{"from":[11.095,7.61532,16.69263],"to":[11.895,8.41532,17.49263],"rotation":{"angle":45,"axis":"x","origin":[8,10.90006,8.005]},"faces":{"north":{"uv":[0,9,1,10],"rotation":270,"texture":"#1"},"east":{"uv":[0,9,1,10],"rotation":270,"texture":"#1"},"south":{"uv":[0,9,1,10],"rotation":270,"texture":"#1"},"west":{"uv":[0,9,1,10],"rotation":90,"texture":"#1"},"up":{"uv":[0,9,1,10],"rotation":180,"texture":"#1"},"down":{"uv":[0,9,1,10],"texture":"#1"}}},{"from":[12.295,8.81532,18.09263],"to":[10.695,7.21532,17.09263],"rotation":{"angle":45,"axis":"x","origin":[8,10.90006,8.005]},"faces":{"north":{"uv":[1,9,2,10],"rotation":270,"texture":"#1"},"east":{"uv":[1,9,2,10],"rotation":270,"texture":"#1"},"west":{"uv":[1,9,2,10],"rotation":90,"texture":"#1"},"up":{"uv":[1,9,2,10],"rotation":180,"texture":"#1"},"down":{"uv":[1,9,2,10],"texture":"#1"}}},{"from":[11.095,7.61532,15.89263],"to":[11.895,9.21532,16.69263],"rotation":{"angle":45,"axis":"x","origin":[8,10.90006,8.005]},"faces":{"north":{"uv":[0,9,1,10],"rotation":270,"texture":"#1"},"east":{"uv":[0,9,1,10],"rotation":270,"texture":"#1"},"south":{"uv":[0,9,1,10],"rotation":270,"texture":"#1"},"west":{"uv":[0,9,1,10],"rotation":90,"texture":"#1"},"up":{"uv":[0,9,1,10],"rotation":180,"texture":"#1"},"down":{"uv":[0,9,1,10],"texture":"#1"}}},{"from":[5.295,14.05796,10.02157],"to":[3.695,11.45796,8.42157],"rotation":{"angle":45,"axis":"x","origin":[8,10.90006,8.005]},"faces":{"north":{"uv":[5,15,7.6,16],"rotation":270,"texture":"#1"},"east":{"uv":[5,15,6,16],"rotation":270,"texture":"#1"},"south":{"uv":[5,15,6,16],"rotation":270,"texture":"#1"},"west":{"uv":[5,15,6,16],"rotation":90,"texture":"#1"},"up":{"uv":[5,15,6,16],"rotation":180,"texture":"#1"},"down":{"uv":[5,15,6,16],"texture":"#1"}}},{"from":[4.095,11.85796,9.62157],"to":[4.895,12.65796,10.42157],"rotation":{"angle":45,"axis":"x","origin":[8,10.90006,8.005]},"faces":{"north":{"uv":[4,15,5,16],"rotation":270,"texture":"#1"},"east":{"uv":[4,15,5,16],"rotation":270,"texture":"#1"},"south":{"uv":[4,15,5,16],"rotation":270,"texture":"#1"},"west":{"uv":[4,15,5,16],"rotation":90,"texture":"#1"},"up":{"uv":[4,15,5,16],"rotation":180,"texture":"#1"},"down":{"uv":[4,15,5,16],"texture":"#1"}}},{"from":[5.295,13.05796,11.02157],"to":[3.695,11.45796,10.02157],"rotation":{"angle":45,"axis":"x","origin":[8,10.90006,8.005]},"faces":{"north":{"uv":[5,15,6,16],"rotation":270,"texture":"#1"},"east":{"uv":[5,15,6,16],"rotation":270,"texture":"#1"},"west":{"uv":[5,15,6,16],"rotation":90,"texture":"#1"},"up":{"uv":[5,15,6,16],"rotation":180,"texture":"#1"},"down":{"uv":[5,15,6,16],"texture":"#1"}}},{"from":[4.095,11.85796,8.82157],"to":[4.895,13.45796,9.62157],"rotation":{"angle":45,"axis":"x","origin":[8,10.90006,8.005]},"faces":{"north":{"uv":[4,15,5,16],"rotation":270,"texture":"#1"},"east":{"uv":[4,15,5,16],"rotation":270,"texture":"#1"},"south":{"uv":[4,15,5,16],"rotation":270,"texture":"#1"},"west":{"uv":[4,15,5,16],"rotation":90,"texture":"#1"},"up":{"uv":[4,15,5,16],"rotation":180,"texture":"#1"},"down":{"uv":[4,15,5,16],"texture":"#1"}}},{"from":[5.295,14.41152,10.37512],"to":[3.695,11.81152,8.77512],"rotation":{"angle":45,"axis":"x","origin":[8,10.90006,8.005]},"faces":{"north":{"uv":[5,14,7.6,15],"rotation":270,"texture":"#1"},"east":{"uv":[5,14,6,15],"rotation":270,"texture":"#1"},"south":{"uv":[5,14,6,15],"rotation":270,"texture":"#1"},"west":{"uv":[5,14,6,15],"rotation":90,"texture":"#1"},"up":{"uv":[5,14,6,15],"rotation":180,"texture":"#1"},"down":{"uv":[5,14,6,15],"texture":"#1"}}},{"from":[4.055,12.17616,10.03976],"to":[4.955,13.07616,11.03976],"rotation":{"angle":45,"axis":"x","origin":[8,10.90006,8.005]},"faces":{"north":{"uv":[4,14,5,15],"rotation":270,"texture":"#1"},"east":{"uv":[4,14,5,15],"rotation":270,"texture":"#1"},"south":{"uv":[4,14,5,15],"rotation":270,"texture":"#1"},"west":{"uv":[4,14,5,15],"rotation":90,"texture":"#1"},"up":{"uv":[4,14,5,15],"rotation":180,"texture":"#1"},"down":{"uv":[4,14,5,15],"texture":"#1"}}},{"from":[5.295,13.41152,11.37512],"to":[3.695,11.81152,10.37512],"rotation":{"angle":45,"axis":"x","origin":[8,10.90006,8.005]},"faces":{"north":{"uv":[5,14,6,15],"rotation":270,"texture":"#1"},"east":{"uv":[5,14,6,15],"rotation":270,"texture":"#1"},"west":{"uv":[5,14,6,15],"rotation":90,"texture":"#1"},"up":{"uv":[5,14,6,15],"rotation":180,"texture":"#1"},"down":{"uv":[5,14,6,15],"texture":"#1"}}},{"from":[4.055,12.17616,9.13976],"to":[4.955,13.97616,10.03976],"rotation":{"angle":45,"axis":"x","origin":[8,10.90006,8.005]},"faces":{"north":{"uv":[4,14,5,15],"rotation":270,"texture":"#1"},"east":{"uv":[4,14,5,15],"rotation":270,"texture":"#1"},"south":{"uv":[4,14,5,15],"rotation":270,"texture":"#1"},"west":{"uv":[4,14,5,15],"rotation":90,"texture":"#1"},"up":{"uv":[4,14,5,15],"rotation":180,"texture":"#1"},"down":{"uv":[4,14,5,15],"texture":"#1"}}},{"from":[5.295,14.76507,10.72867],"to":[3.695,12.16507,9.12867],"rotation":{"angle":45,"axis":"x","origin":[8,10.90006,8.005]},"faces":{"north":{"uv":[5,13,7.6,14],"rotation":270,"texture":"#1"},"east":{"uv":[5,13,6,14],"rotation":270,"texture":"#1"},"south":{"uv":[5,13,6,14],"rotation":270,"texture":"#1"},"west":{"uv":[5,13,6,14],"rotation":90,"texture":"#1"},"up":{"uv":[5,13,6,14],"rotation":180,"texture":"#1"},"down":{"uv":[5,13,6,14],"texture":"#1"}}},{"from":[3.995,12.46507,10.42867],"to":[4.995,13.46507,11.42867],"rotation":{"angle":45,"axis":"x","origin":[8,10.90006,8.005]},"faces":{"north":{"uv":[4,13,5,14],"rotation":270,"texture":"#1"},"east":{"uv":[4,13,5,14],"rotation":270,"texture":"#1"},"south":{"uv":[4,13,5,14],"rotation":270,"texture":"#1"},"west":{"uv":[4,13,5,14],"rotation":90,"texture":"#1"},"up":{"uv":[4,13,5,14],"rotation":180,"texture":"#1"},"down":{"uv":[4,13,5,14],"texture":"#1"}}},{"from":[5.295,13.76507,11.72867],"to":[3.695,12.16507,10.72867],"rotation":{"angle":45,"axis":"x","origin":[8,10.90006,8.005]},"faces":{"north":{"uv":[5,13,6,14],"rotation":270,"texture":"#1"},"east":{"uv":[5,13,6,14],"rotation":270,"texture":"#1"},"west":{"uv":[5,13,6,14],"rotation":90,"texture":"#1"},"up":{"uv":[5,13,6,14],"rotation":180,"texture":"#1"},"down":{"uv":[5,13,6,14],"texture":"#1"}}},{"from":[3.995,12.46507,9.42867],"to":[4.995,14.46507,10.42867],"rotation":{"angle":45,"axis":"x","origin":[8,10.90006,8.005]},"faces":{"north":{"uv":[4,13,5,14],"rotation":270,"texture":"#1"},"east":{"uv":[4,13,5,14],"rotation":270,"texture":"#1"},"south":{"uv":[4,13,5,14],"rotation":270,"texture":"#1"},"west":{"uv":[4,13,5,14],"rotation":90,"texture":"#1"},"up":{"uv":[4,13,5,14],"rotation":180,"texture":"#1"},"down":{"uv":[4,13,5,14],"texture":"#1"}}},{"from":[5.295,15.11862,11.08223],"to":[3.695,12.51862,9.48223],"rotation":{"angle":45,"axis":"x","origin":[8,10.90006,8.005]},"faces":{"north":{"uv":[5,12,7.6,13],"rotation":270,"texture":"#1"},"east":{"uv":[5,12,6,13],"rotation":270,"texture":"#1"},"south":{"uv":[5,12,6,13],"rotation":270,"texture":"#1"},"west":{"uv":[5,12,6,13],"rotation":90,"texture":"#1"},"up":{"uv":[5,12,6,13],"rotation":180,"texture":"#1"},"down":{"uv":[5,12,6,13],"texture":"#1"}}},{"from":[3.995,12.81862,10.78223],"to":[4.995,13.81862,11.78223],"rotation":{"angle":45,"axis":"x","origin":[8,10.90006,8.005]},"faces":{"north":{"uv":[4,12,5,13],"rotation":270,"texture":"#1"},"east":{"uv":[4,12,5,13],"rotation":270,"texture":"#1"},"south":{"uv":[4,12,5,13],"rotation":270,"texture":"#1"},"west":{"uv":[4,12,5,13],"rotation":90,"texture":"#1"},"up":{"uv":[4,12,5,13],"rotation":180,"texture":"#1"},"down":{"uv":[4,12,5,13],"texture":"#1"}}},{"from":[5.295,14.11862,12.08223],"to":[3.695,12.51862,11.08223],"rotation":{"angle":45,"axis":"x","origin":[8,10.90006,8.005]},"faces":{"north":{"uv":[5,12,6,13],"rotation":270,"texture":"#1"},"east":{"uv":[5,12,6,13],"rotation":270,"texture":"#1"},"west":{"uv":[5,12,6,13],"rotation":90,"texture":"#1"},"up":{"uv":[5,12,6,13],"rotation":180,"texture":"#1"},"down":{"uv":[5,12,6,13],"texture":"#1"}}},{"from":[3.995,12.81862,9.78223],"to":[4.995,14.81862,10.78223],"rotation":{"angle":45,"axis":"x","origin":[8,10.90006,8.005]},"faces":{"north":{"uv":[4,12,5,13],"rotation":270,"texture":"#1"},"east":{"uv":[4,12,5,13],"rotation":270,"texture":"#1"},"south":{"uv":[4,12,5,13],"rotation":270,"texture":"#1"},"west":{"uv":[4,12,5,13],"rotation":90,"texture":"#1"},"up":{"uv":[4,12,5,13],"rotation":180,"texture":"#1"},"down":{"uv":[4,12,5,13],"texture":"#1"}}},{"from":[5.295,15.47218,11.43578],"to":[3.695,12.87218,9.83578],"rotation":{"angle":45,"axis":"x","origin":[8,10.90006,8.005]},"faces":{"north":{"uv":[5,11,7.6,12],"rotation":270,"texture":"#1"},"east":{"uv":[5,11,6,12],"rotation":270,"texture":"#1"},"south":{"uv":[5,11,6,12],"rotation":270,"texture":"#1"},"west":{"uv":[5,11,6,12],"rotation":90,"texture":"#1"},"up":{"uv":[5,11,6,12],"rotation":180,"texture":"#1"},"down":{"uv":[5,11,6,12],"texture":"#1"}}},{"from":[3.995,13.17218,11.13578],"to":[4.995,14.17218,12.13578],"rotation":{"angle":45,"axis":"x","origin":[8,10.90006,8.005]},"faces":{"north":{"uv":[4,11,5,12],"rotation":270,"texture":"#1"},"east":{"uv":[4,11,5,12],"rotation":270,"texture":"#1"},"south":{"uv":[4,11,5,12],"rotation":270,"texture":"#1"},"west":{"uv":[4,11,5,12],"rotation":90,"texture":"#1"},"up":{"uv":[4,11,5,12],"rotation":180,"texture":"#1"},"down":{"uv":[4,11,5,12],"texture":"#1"}}},{"from":[5.295,14.47218,12.43578],"to":[3.695,12.87218,11.43578],"rotation":{"angle":45,"axis":"x","origin":[8,10.90006,8.005]},"faces":{"north":{"uv":[5,11,6,12],"rotation":270,"texture":"#1"},"east":{"uv":[5,11,6,12],"rotation":270,"texture":"#1"},"west":{"uv":[5,11,6,12],"rotation":90,"texture":"#1"},"up":{"uv":[5,11,6,12],"rotation":180,"texture":"#1"},"down":{"uv":[5,11,6,12],"texture":"#1"}}},{"from":[3.995,13.17218,10.13578],"to":[4.995,15.17218,11.13578],"rotation":{"angle":45,"axis":"x","origin":[8,10.90006,8.005]},"faces":{"north":{"uv":[4,11,5,12],"rotation":270,"texture":"#1"},"east":{"uv":[4,11,5,12],"rotation":270,"texture":"#1"},"south":{"uv":[4,11,5,12],"rotation":270,"texture":"#1"},"west":{"uv":[4,11,5,12],"rotation":90,"texture":"#1"},"up":{"uv":[4,11,5,12],"rotation":180,"texture":"#1"},"down":{"uv":[4,11,5,12],"texture":"#1"}}},{"from":[5.295,15.82573,11.78933],"to":[3.695,13.22573,10.18933],"rotation":{"angle":45,"axis":"x","origin":[8,10.90006,8.005]},"faces":{"north":{"uv":[5,10,7.6,11],"rotation":270,"texture":"#1"},"east":{"uv":[5,10,6,11],"rotation":270,"texture":"#1"},"south":{"uv":[5,10,6,11],"rotation":270,"texture":"#1"},"west":{"uv":[5,10,6,11],"rotation":90,"texture":"#1"},"up":{"uv":[5,10,6,11],"rotation":180,"texture":"#1"},"down":{"uv":[5,10,6,11],"texture":"#1"}}},{"from":[4.045,13.57573,11.48933],"to":[4.945,14.47573,12.38933],"rotation":{"angle":45,"axis":"x","origin":[8,10.90006,8.005]},"faces":{"north":{"uv":[4,10,5,11],"rotation":270,"texture":"#1"},"east":{"uv":[4,10,5,11],"rotation":270,"texture":"#1"},"south":{"uv":[4,10,5,11],"rotation":270,"texture":"#1"},"west":{"uv":[4,10,5,11],"rotation":90,"texture":"#1"},"up":{"uv":[4,10,5,11],"rotation":180,"texture":"#1"},"down":{"uv":[4,10,5,11],"texture":"#1"}}},{"from":[5.295,14.82573,12.78933],"to":[3.695,13.22573,11.78933],"rotation":{"angle":45,"axis":"x","origin":[8,10.90006,8.005]},"faces":{"north":{"uv":[5,10,6,11],"rotation":270,"texture":"#1"},"east":{"uv":[5,10,6,11],"rotation":270,"texture":"#1"},"west":{"uv":[5,10,6,11],"rotation":90,"texture":"#1"},"up":{"uv":[5,10,6,11],"rotation":180,"texture":"#1"},"down":{"uv":[5,10,6,11],"texture":"#1"}}},{"from":[4.045,13.57573,10.58933],"to":[4.945,15.37573,11.48933],"rotation":{"angle":45,"axis":"x","origin":[8,10.90006,8.005]},"faces":{"north":{"uv":[4,10,5,11],"rotation":270,"texture":"#1"},"east":{"uv":[4,10,5,11],"rotation":270,"texture":"#1"},"south":{"uv":[4,10,5,11],"rotation":270,"texture":"#1"},"west":{"uv":[4,10,5,11],"rotation":90,"texture":"#1"},"up":{"uv":[4,10,5,11],"rotation":180,"texture":"#1"},"down":{"uv":[4,10,5,11],"texture":"#1"}}},{"from":[5.295,16.17928,12.14289],"to":[3.695,13.57928,10.54289],"rotation":{"angle":45,"axis":"x","origin":[8,10.90006,8.005]},"faces":{"north":{"uv":[5,9,7.6,10],"rotation":270,"texture":"#1"},"east":{"uv":[5,9,6,10],"rotation":270,"texture":"#1"},"south":{"uv":[5,9,6,10],"rotation":270,"texture":"#1"},"west":{"uv":[5,9,6,10],"rotation":90,"texture":"#1"},"up":{"uv":[5,9,6,10],"rotation":180,"texture":"#1"},"down":{"uv":[5,9,6,10],"texture":"#1"}}},{"from":[4.095,13.97928,11.74289],"to":[4.895,14.77928,12.54289],"rotation":{"angle":45,"axis":"x","origin":[8,10.90006,8.005]},"faces":{"north":{"uv":[4,9,5,10],"rotation":270,"texture":"#1"},"east":{"uv":[4,9,5,10],"rotation":270,"texture":"#1"},"south":{"uv":[4,9,5,10],"rotation":270,"texture":"#1"},"west":{"uv":[4,9,5,10],"rotation":90,"texture":"#1"},"up":{"uv":[4,9,5,10],"rotation":180,"texture":"#1"},"down":{"uv":[4,9,5,10],"texture":"#1"}}},{"from":[5.295,15.17928,13.14289],"to":[3.695,13.57928,12.14289],"rotation":{"angle":45,"axis":"x","origin":[8,10.90006,8.005]},"faces":{"north":{"uv":[5,9,6,10],"rotation":270,"texture":"#1"},"east":{"uv":[5,9,6,10],"rotation":270,"texture":"#1"},"west":{"uv":[5,9,6,10],"rotation":90,"texture":"#1"},"up":{"uv":[5,9,6,10],"rotation":180,"texture":"#1"},"down":{"uv":[5,9,6,10],"texture":"#1"}}},{"from":[4.095,13.97928,10.94289],"to":[4.895,15.57928,11.74289],"rotation":{"angle":45,"axis":"x","origin":[8,10.90006,8.005]},"faces":{"north":{"uv":[4,9,5,10],"rotation":270,"texture":"#1"},"east":{"uv":[4,9,5,10],"rotation":270,"texture":"#1"},"south":{"uv":[4,9,5,10],"rotation":270,"texture":"#1"},"west":{"uv":[4,9,5,10],"rotation":90,"texture":"#1"},"up":{"uv":[4,9,5,10],"rotation":180,"texture":"#1"},"down":{"uv":[4,9,5,10],"texture":"#1"}}},{"from":[5.295,9.81532,17.09263],"to":[3.695,7.21532,15.49263],"rotation":{"angle":45,"axis":"x","origin":[8,10.90006,8.005]},"faces":{"north":{"uv":[9,15,11.6,16],"rotation":270,"texture":"#1"},"east":{"uv":[9,15,10,16],"rotation":270,"texture":"#1"},"south":{"uv":[9,15,10,16],"rotation":270,"texture":"#1"},"west":{"uv":[9,15,10,16],"rotation":90,"texture":"#1"},"up":{"uv":[9,15,10,16],"rotation":180,"texture":"#1"},"down":{"uv":[9,15,10,16],"texture":"#1"}}},{"from":[4.095,7.61532,16.69263],"to":[4.895,8.41532,17.49263],"rotation":{"angle":45,"axis":"x","origin":[8,10.90006,8.005]},"faces":{"north":{"uv":[8,15,9,16],"rotation":270,"texture":"#1"},"east":{"uv":[8,15,9,16],"rotation":270,"texture":"#1"},"south":{"uv":[8,15,9,16],"rotation":270,"texture":"#1"},"west":{"uv":[8,15,9,16],"rotation":90,"texture":"#1"},"up":{"uv":[8,15,9,16],"rotation":180,"texture":"#1"},"down":{"uv":[8,15,9,16],"texture":"#1"}}},{"from":[5.295,8.81532,18.09263],"to":[3.695,7.21532,17.09263],"rotation":{"angle":45,"axis":"x","origin":[8,10.90006,8.005]},"faces":{"north":{"uv":[9,15,10,16],"rotation":270,"texture":"#1"},"east":{"uv":[9,15,10,16],"rotation":270,"texture":"#1"},"west":{"uv":[9,15,10,16],"rotation":90,"texture":"#1"},"up":{"uv":[9,15,10,16],"rotation":180,"texture":"#1"},"down":{"uv":[9,15,10,16],"texture":"#1"}}},{"from":[4.095,7.61532,15.89263],"to":[4.895,9.21532,16.69263],"rotation":{"angle":45,"axis":"x","origin":[8,10.90006,8.005]},"faces":{"north":{"uv":[8,15,9,16],"rotation":270,"texture":"#1"},"east":{"uv":[8,15,9,16],"rotation":270,"texture":"#1"},"south":{"uv":[8,15,9,16],"rotation":270,"texture":"#1"},"west":{"uv":[8,15,9,16],"rotation":90,"texture":"#1"},"up":{"uv":[8,15,9,16],"rotation":180,"texture":"#1"},"down":{"uv":[8,15,9,16],"texture":"#1"}}},{"from":[5.295,10.16887,17.44619],"to":[3.695,7.56887,15.84619],"rotation":{"angle":45,"axis":"x","origin":[8,10.90006,8.005]},"faces":{"north":{"uv":[9,14,11.6,15],"rotation":270,"texture":"#1"},"east":{"uv":[9,14,10,15],"rotation":270,"texture":"#1"},"south":{"uv":[9,14,10,15],"rotation":270,"texture":"#1"},"west":{"uv":[9,14,10,15],"rotation":90,"texture":"#1"},"up":{"uv":[9,14,10,15],"rotation":180,"texture":"#1"},"down":{"uv":[9,14,10,15],"texture":"#1"}}},{"from":[4.055,7.93352,17.11083],"to":[4.955,8.83352,18.11083],"rotation":{"angle":45,"axis":"x","origin":[8,10.90006,8.005]},"faces":{"north":{"uv":[8,14,9,15],"rotation":270,"texture":"#1"},"east":{"uv":[8,14,9,15],"rotation":270,"texture":"#1"},"south":{"uv":[8,14,9,15],"rotation":270,"texture":"#1"},"west":{"uv":[8,14,9,15],"rotation":90,"texture":"#1"},"up":{"uv":[8,14,9,15],"rotation":180,"texture":"#1"},"down":{"uv":[8,14,9,15],"texture":"#1"}}},{"from":[5.295,9.16887,18.44619],"to":[3.695,7.56887,17.44619],"rotation":{"angle":45,"axis":"x","origin":[8,10.90006,8.005]},"faces":{"north":{"uv":[9,14,10,15],"rotation":270,"texture":"#1"},"east":{"uv":[9,14,10,15],"rotation":270,"texture":"#1"},"west":{"uv":[9,14,10,15],"rotation":90,"texture":"#1"},"up":{"uv":[9,14,10,15],"rotation":180,"texture":"#1"},"down":{"uv":[9,14,10,15],"texture":"#1"}}},{"from":[4.055,7.93352,16.21083],"to":[4.955,9.73352,17.11083],"rotation":{"angle":45,"axis":"x","origin":[8,10.90006,8.005]},"faces":{"north":{"uv":[8,14,9,15],"rotation":270,"texture":"#1"},"east":{"uv":[8,14,9,15],"rotation":270,"texture":"#1"},"south":{"uv":[8,14,9,15],"rotation":270,"texture":"#1"},"west":{"uv":[8,14,9,15],"rotation":90,"texture":"#1"},"up":{"uv":[8,14,9,15],"rotation":180,"texture":"#1"},"down":{"uv":[8,14,9,15],"texture":"#1"}}},{"from":[5.295,10.52243,17.79974],"to":[3.695,7.92243,16.19974],"rotation":{"angle":45,"axis":"x","origin":[8,10.90006,8.005]},"faces":{"north":{"uv":[9,13,11.6,14],"rotation":270,"texture":"#1"},"east":{"uv":[9,13,10,14],"rotation":270,"texture":"#1"},"south":{"uv":[9,13,10,14],"rotation":270,"texture":"#1"},"west":{"uv":[9,13,10,14],"rotation":90,"texture":"#1"},"up":{"uv":[9,13,10,14],"rotation":180,"texture":"#1"},"down":{"uv":[9,13,10,14],"texture":"#1"}}},{"from":[3.995,8.22243,17.49974],"to":[4.995,9.22243,18.49974],"rotation":{"angle":45,"axis":"x","origin":[8,10.90006,8.005]},"faces":{"north":{"uv":[8,13,9,14],"rotation":270,"texture":"#1"},"east":{"uv":[8,13,9,14],"rotation":270,"texture":"#1"},"south":{"uv":[8,13,9,14],"rotation":270,"texture":"#1"},"west":{"uv":[8,13,9,14],"rotation":90,"texture":"#1"},"up":{"uv":[8,13,9,14],"rotation":180,"texture":"#1"},"down":{"uv":[8,13,9,14],"texture":"#1"}}},{"from":[5.295,9.52243,18.79974],"to":[3.695,7.92243,17.79974],"rotation":{"angle":45,"axis":"x","origin":[8,10.90006,8.005]},"faces":{"north":{"uv":[9,13,10,14],"rotation":270,"texture":"#1"},"east":{"uv":[9,13,10,14],"rotation":270,"texture":"#1"},"west":{"uv":[9,13,10,14],"rotation":90,"texture":"#1"},"up":{"uv":[9,13,10,14],"rotation":180,"texture":"#1"},"down":{"uv":[9,13,10,14],"texture":"#1"}}},{"from":[3.995,8.22243,16.49974],"to":[4.995,10.22243,17.49974],"rotation":{"angle":45,"axis":"x","origin":[8,10.90006,8.005]},"faces":{"north":{"uv":[8,13,9,14],"rotation":270,"texture":"#1"},"east":{"uv":[8,13,9,14],"rotation":270,"texture":"#1"},"south":{"uv":[8,13,9,14],"rotation":270,"texture":"#1"},"west":{"uv":[8,13,9,14],"rotation":90,"texture":"#1"},"up":{"uv":[8,13,9,14],"rotation":180,"texture":"#1"},"down":{"uv":[8,13,9,14],"texture":"#1"}}},{"from":[5.295,10.87598,18.15329],"to":[3.695,8.27598,16.55329],"rotation":{"angle":45,"axis":"x","origin":[8,10.90006,8.005]},"faces":{"north":{"uv":[9,12,11.6,13],"rotation":270,"texture":"#1"},"east":{"uv":[9,12,10,13],"rotation":270,"texture":"#1"},"south":{"uv":[9,12,10,13],"rotation":270,"texture":"#1"},"west":{"uv":[9,12,10,13],"rotation":90,"texture":"#1"},"up":{"uv":[9,12,10,13],"rotation":180,"texture":"#1"},"down":{"uv":[9,12,10,13],"texture":"#1"}}},{"from":[3.995,8.57598,17.85329],"to":[4.995,9.57598,18.85329],"rotation":{"angle":45,"axis":"x","origin":[8,10.90006,8.005]},"faces":{"north":{"uv":[8,12,9,13],"rotation":270,"texture":"#1"},"east":{"uv":[8,12,9,13],"rotation":270,"texture":"#1"},"south":{"uv":[8,12,9,13],"rotation":270,"texture":"#1"},"west":{"uv":[8,12,9,13],"rotation":90,"texture":"#1"},"up":{"uv":[8,12,9,13],"rotation":180,"texture":"#1"},"down":{"uv":[8,12,9,13],"texture":"#1"}}},{"from":[5.295,9.87598,19.15329],"to":[3.695,8.27598,18.15329],"rotation":{"angle":45,"axis":"x","origin":[8,10.90006,8.005]},"faces":{"north":{"uv":[9,12,10,13],"rotation":270,"texture":"#1"},"east":{"uv":[9,12,10,13],"rotation":270,"texture":"#1"},"west":{"uv":[9,12,10,13],"rotation":90,"texture":"#1"},"up":{"uv":[9,12,10,13],"rotation":180,"texture":"#1"},"down":{"uv":[9,12,10,13],"texture":"#1"}}},{"from":[3.995,8.57598,16.85329],"to":[4.995,10.57598,17.85329],"rotation":{"angle":45,"axis":"x","origin":[8,10.90006,8.005]},"faces":{"north":{"uv":[8,12,9,13],"rotation":270,"texture":"#1"},"east":{"uv":[8,12,9,13],"rotation":270,"texture":"#1"},"south":{"uv":[8,12,9,13],"rotation":270,"texture":"#1"},"west":{"uv":[8,12,9,13],"rotation":90,"texture":"#1"},"up":{"uv":[8,12,9,13],"rotation":180,"texture":"#1"},"down":{"uv":[8,12,9,13],"texture":"#1"}}},{"from":[5.295,11.22953,18.50685],"to":[3.695,8.62953,16.90685],"rotation":{"angle":45,"axis":"x","origin":[8,10.90006,8.005]},"faces":{"north":{"uv":[9,11,11.6,12],"rotation":270,"texture":"#1"},"east":{"uv":[9,11,10,12],"rotation":270,"texture":"#1"},"south":{"uv":[9,11,10,12],"rotation":270,"texture":"#1"},"west":{"uv":[9,11,10,12],"rotation":90,"texture":"#1"},"up":{"uv":[9,11,10,12],"rotation":180,"texture":"#1"},"down":{"uv":[9,11,10,12],"texture":"#1"}}},{"from":[3.995,8.92953,18.20685],"to":[4.995,9.92953,19.20685],"rotation":{"angle":45,"axis":"x","origin":[8,10.90006,8.005]},"faces":{"north":{"uv":[8,11,9,12],"rotation":270,"texture":"#1"},"east":{"uv":[8,11,9,12],"rotation":270,"texture":"#1"},"south":{"uv":[8,11,9,12],"rotation":270,"texture":"#1"},"west":{"uv":[8,11,9,12],"rotation":90,"texture":"#1"},"up":{"uv":[8,11,9,12],"rotation":180,"texture":"#1"},"down":{"uv":[8,11,9,12],"texture":"#1"}}},{"from":[5.295,10.22953,19.50685],"to":[3.695,8.62953,18.50685],"rotation":{"angle":45,"axis":"x","origin":[8,10.90006,8.005]},"faces":{"north":{"uv":[9,11,10,12],"rotation":270,"texture":"#1"},"east":{"uv":[9,11,10,12],"rotation":270,"texture":"#1"},"west":{"uv":[9,11,10,12],"rotation":90,"texture":"#1"},"up":{"uv":[9,11,10,12],"rotation":180,"texture":"#1"},"down":{"uv":[9,11,10,12],"texture":"#1"}}},{"from":[3.995,8.92953,17.20685],"to":[4.995,10.92953,18.20685],"rotation":{"angle":45,"axis":"x","origin":[8,10.90006,8.005]},"faces":{"north":{"uv":[8,11,9,12],"rotation":270,"texture":"#1"},"east":{"uv":[8,11,9,12],"rotation":270,"texture":"#1"},"south":{"uv":[8,11,9,12],"rotation":270,"texture":"#1"},"west":{"uv":[8,11,9,12],"rotation":90,"texture":"#1"},"up":{"uv":[8,11,9,12],"rotation":180,"texture":"#1"},"down":{"uv":[8,11,9,12],"texture":"#1"}}},{"from":[5.295,11.58309,18.8604],"to":[3.695,8.98309,17.2604],"rotation":{"angle":45,"axis":"x","origin":[8,10.90006,8.005]},"faces":{"north":{"uv":[9,10,11.6,11],"rotation":270,"texture":"#1"},"east":{"uv":[9,10,10,11],"rotation":270,"texture":"#1"},"south":{"uv":[9,10,10,11],"rotation":270,"texture":"#1"},"west":{"uv":[9,10,10,11],"rotation":90,"texture":"#1"},"up":{"uv":[9,10,10,11],"rotation":180,"texture":"#1"},"down":{"uv":[9,10,10,11],"texture":"#1"}}},{"from":[4.045,9.33309,18.5604],"to":[4.945,10.23309,19.4604],"rotation":{"angle":45,"axis":"x","origin":[8,10.90006,8.005]},"faces":{"north":{"uv":[8,10,9,11],"rotation":270,"texture":"#1"},"east":{"uv":[8,10,9,11],"rotation":270,"texture":"#1"},"south":{"uv":[8,10,9,11],"rotation":270,"texture":"#1"},"west":{"uv":[8,10,9,11],"rotation":90,"texture":"#1"},"up":{"uv":[8,10,9,11],"rotation":180,"texture":"#1"},"down":{"uv":[8,10,9,11],"texture":"#1"}}},{"from":[5.295,10.58309,19.8604],"to":[3.695,8.98309,18.8604],"rotation":{"angle":45,"axis":"x","origin":[8,10.90006,8.005]},"faces":{"north":{"uv":[9,10,10,11],"rotation":270,"texture":"#1"},"east":{"uv":[9,10,10,11],"rotation":270,"texture":"#1"},"west":{"uv":[9,10,10,11],"rotation":90,"texture":"#1"},"up":{"uv":[9,10,10,11],"rotation":180,"texture":"#1"},"down":{"uv":[9,10,10,11],"texture":"#1"}}},{"from":[4.045,9.33309,17.6604],"to":[4.945,11.13309,18.5604],"rotation":{"angle":45,"axis":"x","origin":[8,10.90006,8.005]},"faces":{"north":{"uv":[8,10,9,11],"rotation":270,"texture":"#1"},"east":{"uv":[8,10,9,11],"rotation":270,"texture":"#1"},"south":{"uv":[8,10,9,11],"rotation":270,"texture":"#1"},"west":{"uv":[8,10,9,11],"rotation":90,"texture":"#1"},"up":{"uv":[8,10,9,11],"rotation":180,"texture":"#1"},"down":{"uv":[8,10,9,11],"texture":"#1"}}},{"from":[5.295,11.93664,19.21395],"to":[3.695,9.33664,17.61395],"rotation":{"angle":45,"axis":"x","origin":[8,10.90006,8.005]},"faces":{"north":{"uv":[9,9,11.6,10],"rotation":270,"texture":"#1"},"east":{"uv":[9,9,10,10],"rotation":270,"texture":"#1"},"south":{"uv":[9,9,10,10],"rotation":270,"texture":"#1"},"west":{"uv":[9,9,10,10],"rotation":90,"texture":"#1"},"up":{"uv":[9,9,10,10],"rotation":180,"texture":"#1"},"down":{"uv":[9,9,10,10],"texture":"#1"}}},{"from":[4.095,9.73664,18.81395],"to":[4.895,10.53664,19.61395],"rotation":{"angle":45,"axis":"x","origin":[8,10.90006,8.005]},"faces":{"north":{"uv":[8,9,9,10],"rotation":270,"texture":"#1"},"east":{"uv":[8,9,9,10],"rotation":270,"texture":"#1"},"south":{"uv":[8,9,9,10],"rotation":270,"texture":"#1"},"west":{"uv":[8,9,9,10],"rotation":90,"texture":"#1"},"up":{"uv":[8,9,9,10],"rotation":180,"texture":"#1"},"down":{"uv":[8,9,9,10],"texture":"#1"}}},{"from":[5.295,10.93664,20.21395],"to":[3.695,9.33664,19.21395],"rotation":{"angle":45,"axis":"x","origin":[8,10.90006,8.005]},"faces":{"north":{"uv":[9,9,10,10],"rotation":270,"texture":"#1"},"east":{"uv":[9,9,10,10],"rotation":270,"texture":"#1"},"west":{"uv":[9,9,10,10],"rotation":90,"texture":"#1"},"up":{"uv":[9,9,10,10],"rotation":180,"texture":"#1"},"down":{"uv":[9,9,10,10],"texture":"#1"}}},{"from":[4.095,9.73664,18.01395],"to":[4.895,11.33664,18.81395],"rotation":{"angle":45,"axis":"x","origin":[8,10.90006,8.005]},"faces":{"north":{"uv":[8,9,9,10],"rotation":270,"texture":"#1"},"east":{"uv":[8,9,9,10],"rotation":270,"texture":"#1"},"south":{"uv":[8,9,9,10],"rotation":270,"texture":"#1"},"west":{"uv":[8,9,9,10],"rotation":90,"texture":"#1"},"up":{"uv":[8,9,9,10],"rotation":180,"texture":"#1"},"down":{"uv":[8,9,9,10],"texture":"#1"}}},{"from":[12.295,14.76507,10.72867],"to":[10.695,12.16507,9.12867],"rotation":{"angle":45,"axis":"x","origin":[8,10.90006,8.005]},"faces":{"north":{"uv":[13,15,15.6,16],"rotation":270,"texture":"#1"},"east":{"uv":[13,15,14,16],"rotation":270,"texture":"#1"},"south":{"uv":[13,15,14,16],"rotation":270,"texture":"#1"},"west":{"uv":[13,15,14,16],"rotation":90,"texture":"#1"},"up":{"uv":[13,15,14,16],"rotation":180,"texture":"#1"},"down":{"uv":[13,15,14,16],"texture":"#1"}}},{"from":[11.095,12.56507,10.32867],"to":[11.895,13.36507,11.12867],"rotation":{"angle":45,"axis":"x","origin":[8,10.90006,8.005]},"faces":{"north":{"uv":[12,15,13,16],"rotation":270,"texture":"#1"},"east":{"uv":[12,15,13,16],"rotation":270,"texture":"#1"},"south":{"uv":[12,15,13,16],"rotation":270,"texture":"#1"},"west":{"uv":[12,15,13,16],"rotation":90,"texture":"#1"},"up":{"uv":[12,15,13,16],"rotation":180,"texture":"#1"},"down":{"uv":[12,15,13,16],"texture":"#1"}}},{"from":[12.295,13.76507,11.72867],"to":[10.695,12.16507,10.72867],"rotation":{"angle":45,"axis":"x","origin":[8,10.90006,8.005]},"faces":{"north":{"uv":[13,15,14,16],"rotation":270,"texture":"#1"},"east":{"uv":[13,15,14,16],"rotation":270,"texture":"#1"},"west":{"uv":[13,15,14,16],"rotation":90,"texture":"#1"},"up":{"uv":[13,15,14,16],"rotation":180,"texture":"#1"},"down":{"uv":[13,15,14,16],"texture":"#1"}}},{"from":[11.095,12.56507,9.52867],"to":[11.895,14.16507,10.32867],"rotation":{"angle":45,"axis":"x","origin":[8,10.90006,8.005]},"faces":{"north":{"uv":[12,15,13,16],"rotation":270,"texture":"#1"},"east":{"uv":[12,15,13,16],"rotation":270,"texture":"#1"},"south":{"uv":[12,15,13,16],"rotation":270,"texture":"#1"},"west":{"uv":[12,15,13,16],"rotation":90,"texture":"#1"},"up":{"uv":[12,15,13,16],"rotation":180,"texture":"#1"},"down":{"uv":[12,15,13,16],"texture":"#1"}}},{"from":[12.295,15.11862,11.08223],"to":[10.695,12.51862,9.48223],"rotation":{"angle":45,"axis":"x","origin":[8,10.90006,8.005]},"faces":{"north":{"uv":[13,14,15.6,15],"rotation":270,"texture":"#1"},"east":{"uv":[13,14,14,15],"rotation":270,"texture":"#1"},"south":{"uv":[13,14,14,15],"rotation":270,"texture":"#1"},"west":{"uv":[13,14,14,15],"rotation":90,"texture":"#1"},"up":{"uv":[13,14,14,15],"rotation":180,"texture":"#1"},"down":{"uv":[13,14,14,15],"texture":"#1"}}},{"from":[11.055,12.88327,10.74687],"to":[11.955,13.78327,11.74687],"rotation":{"angle":45,"axis":"x","origin":[8,10.90006,8.005]},"faces":{"north":{"uv":[12,14,13,15],"rotation":270,"texture":"#1"},"east":{"uv":[12,14,13,15],"rotation":270,"texture":"#1"},"south":{"uv":[12,14,13,15],"rotation":270,"texture":"#1"},"west":{"uv":[12,14,13,15],"rotation":90,"texture":"#1"},"up":{"uv":[12,14,13,15],"rotation":180,"texture":"#1"},"down":{"uv":[12,14,13,15],"texture":"#1"}}},{"from":[12.295,14.11862,12.08223],"to":[10.695,12.51862,11.08223],"rotation":{"angle":45,"axis":"x","origin":[8,10.90006,8.005]},"faces":{"north":{"uv":[13,14,14,15],"rotation":270,"texture":"#1"},"east":{"uv":[13,14,14,15],"rotation":270,"texture":"#1"},"west":{"uv":[13,14,14,15],"rotation":90,"texture":"#1"},"up":{"uv":[13,14,14,15],"rotation":180,"texture":"#1"},"down":{"uv":[13,14,14,15],"texture":"#1"}}},{"from":[11.055,12.88327,9.84687],"to":[11.955,14.68327,10.74687],"rotation":{"angle":45,"axis":"x","origin":[8,10.90006,8.005]},"faces":{"north":{"uv":[12,14,13,15],"rotation":270,"texture":"#1"},"east":{"uv":[12,14,13,15],"rotation":270,"texture":"#1"},"south":{"uv":[12,14,13,15],"rotation":270,"texture":"#1"},"west":{"uv":[12,14,13,15],"rotation":90,"texture":"#1"},"up":{"uv":[12,14,13,15],"rotation":180,"texture":"#1"},"down":{"uv":[12,14,13,15],"texture":"#1"}}},{"from":[12.295,15.47218,11.43578],"to":[10.695,12.87218,9.83578],"rotation":{"angle":45,"axis":"x","origin":[8,10.90006,8.005]},"faces":{"north":{"uv":[13,13,15.6,14],"rotation":270,"texture":"#1"},"east":{"uv":[13,13,14,14],"rotation":270,"texture":"#1"},"south":{"uv":[13,13,14,14],"rotation":270,"texture":"#1"},"west":{"uv":[13,13,14,14],"rotation":90,"texture":"#1"},"up":{"uv":[13,13,14,14],"rotation":180,"texture":"#1"},"down":{"uv":[13,13,14,14],"texture":"#1"}}},{"from":[10.995,13.17218,11.13578],"to":[11.995,14.17218,12.13578],"rotation":{"angle":45,"axis":"x","origin":[8,10.90006,8.005]},"faces":{"north":{"uv":[12,13,13,14],"rotation":270,"texture":"#1"},"east":{"uv":[12,13,13,14],"rotation":270,"texture":"#1"},"south":{"uv":[12,13,13,14],"rotation":270,"texture":"#1"},"west":{"uv":[12,13,13,14],"rotation":90,"texture":"#1"},"up":{"uv":[12,13,13,14],"rotation":180,"texture":"#1"},"down":{"uv":[12,13,13,14],"texture":"#1"}}},{"from":[12.295,14.47218,12.43578],"to":[10.695,12.87218,11.43578],"rotation":{"angle":45,"axis":"x","origin":[8,10.90006,8.005]},"faces":{"north":{"uv":[13,13,14,14],"rotation":270,"texture":"#1"},"east":{"uv":[13,13,14,14],"rotation":270,"texture":"#1"},"west":{"uv":[13,13,14,14],"rotation":90,"texture":"#1"},"up":{"uv":[13,13,14,14],"rotation":180,"texture":"#1"},"down":{"uv":[13,13,14,14],"texture":"#1"}}},{"from":[10.995,13.17218,10.13578],"to":[11.995,15.17218,11.13578],"rotation":{"angle":45,"axis":"x","origin":[8,10.90006,8.005]},"faces":{"north":{"uv":[12,13,13,14],"rotation":270,"texture":"#1"},"east":{"uv":[12,13,13,14],"rotation":270,"texture":"#1"},"south":{"uv":[12,13,13,14],"rotation":270,"texture":"#1"},"west":{"uv":[12,13,13,14],"rotation":90,"texture":"#1"},"up":{"uv":[12,13,13,14],"rotation":180,"texture":"#1"},"down":{"uv":[12,13,13,14],"texture":"#1"}}},{"from":[12.295,15.82573,11.78933],"to":[10.695,13.22573,10.18933],"rotation":{"angle":45,"axis":"x","origin":[8,10.90006,8.005]},"faces":{"north":{"uv":[13,12,15.6,13],"rotation":270,"texture":"#1"},"east":{"uv":[13,12,14,13],"rotation":270,"texture":"#1"},"south":{"uv":[13,12,14,13],"rotation":270,"texture":"#1"},"west":{"uv":[13,12,14,13],"rotation":90,"texture":"#1"},"up":{"uv":[13,12,14,13],"rotation":180,"texture":"#1"},"down":{"uv":[13,12,14,13],"texture":"#1"}}},{"from":[10.995,13.52573,11.48933],"to":[11.995,14.52573,12.48933],"rotation":{"angle":45,"axis":"x","origin":[8,10.90006,8.005]},"faces":{"north":{"uv":[12,12,13,13],"rotation":270,"texture":"#1"},"east":{"uv":[12,12,13,13],"rotation":270,"texture":"#1"},"south":{"uv":[12,12,13,13],"rotation":270,"texture":"#1"},"west":{"uv":[12,12,13,13],"rotation":90,"texture":"#1"},"up":{"uv":[12,12,13,13],"rotation":180,"texture":"#1"},"down":{"uv":[12,12,13,13],"texture":"#1"}}},{"from":[12.295,14.82573,12.78933],"to":[10.695,13.22573,11.78933],"rotation":{"angle":45,"axis":"x","origin":[8,10.90006,8.005]},"faces":{"north":{"uv":[13,12,14,13],"rotation":270,"texture":"#1"},"east":{"uv":[13,12,14,13],"rotation":270,"texture":"#1"},"west":{"uv":[13,12,14,13],"rotation":90,"texture":"#1"},"up":{"uv":[13,12,14,13],"rotation":180,"texture":"#1"},"down":{"uv":[13,12,14,13],"texture":"#1"}}},{"from":[10.995,13.52573,10.48933],"to":[11.995,15.52573,11.48933],"rotation":{"angle":45,"axis":"x","origin":[8,10.90006,8.005]},"faces":{"north":{"uv":[12,12,13,13],"rotation":270,"texture":"#1"},"east":{"uv":[12,12,13,13],"rotation":270,"texture":"#1"},"south":{"uv":[12,12,13,13],"rotation":270,"texture":"#1"},"west":{"uv":[12,12,13,13],"rotation":90,"texture":"#1"},"up":{"uv":[12,12,13,13],"rotation":180,"texture":"#1"},"down":{"uv":[12,12,13,13],"texture":"#1"}}},{"from":[12.295,16.17928,12.14289],"to":[10.695,13.57928,10.54289],"rotation":{"angle":45,"axis":"x","origin":[8,10.90006,8.005]},"faces":{"north":{"uv":[13,11,15.6,12],"rotation":270,"texture":"#1"},"east":{"uv":[13,11,14,12],"rotation":270,"texture":"#1"},"south":{"uv":[13,11,14,12],"rotation":270,"texture":"#1"},"west":{"uv":[13,11,14,12],"rotation":90,"texture":"#1"},"up":{"uv":[13,11,14,12],"rotation":180,"texture":"#1"},"down":{"uv":[13,11,14,12],"texture":"#1"}}},{"from":[10.995,13.87928,11.84289],"to":[11.995,14.87928,12.84289],"rotation":{"angle":45,"axis":"x","origin":[8,10.90006,8.005]},"faces":{"north":{"uv":[12,11,13,12],"rotation":270,"texture":"#1"},"east":{"uv":[12,11,13,12],"rotation":270,"texture":"#1"},"south":{"uv":[12,11,13,12],"rotation":270,"texture":"#1"},"west":{"uv":[12,11,13,12],"rotation":90,"texture":"#1"},"up":{"uv":[12,11,13,12],"rotation":180,"texture":"#1"},"down":{"uv":[12,11,13,12],"texture":"#1"}}},{"from":[12.295,15.17928,13.14289],"to":[10.695,13.57928,12.14289],"rotation":{"angle":45,"axis":"x","origin":[8,10.90006,8.005]},"faces":{"north":{"uv":[13,11,14,12],"rotation":270,"texture":"#1"},"east":{"uv":[13,11,14,12],"rotation":270,"texture":"#1"},"west":{"uv":[13,11,14,12],"rotation":90,"texture":"#1"},"up":{"uv":[13,11,14,12],"rotation":180,"texture":"#1"},"down":{"uv":[13,11,14,12],"texture":"#1"}}},{"from":[10.995,13.87928,10.84289],"to":[11.995,15.87928,11.84289],"rotation":{"angle":45,"axis":"x","origin":[8,10.90006,8.005]},"faces":{"north":{"uv":[12,11,13,12],"rotation":270,"texture":"#1"},"east":{"uv":[12,11,13,12],"rotation":270,"texture":"#1"},"south":{"uv":[12,11,13,12],"rotation":270,"texture":"#1"},"west":{"uv":[12,11,13,12],"rotation":90,"texture":"#1"},"up":{"uv":[12,11,13,12],"rotation":180,"texture":"#1"},"down":{"uv":[12,11,13,12],"texture":"#1"}}},{"from":[12.295,16.53284,12.49644],"to":[10.695,13.93284,10.89644],"rotation":{"angle":45,"axis":"x","origin":[8,10.90006,8.005]},"faces":{"north":{"uv":[13,10,15.6,11],"rotation":270,"texture":"#1"},"east":{"uv":[13,10,14,11],"rotation":270,"texture":"#1"},"south":{"uv":[13,10,14,11],"rotation":270,"texture":"#1"},"west":{"uv":[13,10,14,11],"rotation":90,"texture":"#1"},"up":{"uv":[13,10,14,11],"rotation":180,"texture":"#1"},"down":{"uv":[13,10,14,11],"texture":"#1"}}},{"from":[11.045,14.28284,12.19644],"to":[11.945,15.18284,13.09644],"rotation":{"angle":45,"axis":"x","origin":[8,10.90006,8.005]},"faces":{"north":{"uv":[12,10,13,11],"rotation":270,"texture":"#1"},"east":{"uv":[12,10,13,11],"rotation":270,"texture":"#1"},"south":{"uv":[12,10,13,11],"rotation":270,"texture":"#1"},"west":{"uv":[12,10,13,11],"rotation":90,"texture":"#1"},"up":{"uv":[12,10,13,11],"rotation":180,"texture":"#1"},"down":{"uv":[12,10,13,11],"texture":"#1"}}},{"from":[12.295,15.53284,13.49644],"to":[10.695,13.93284,12.49644],"rotation":{"angle":45,"axis":"x","origin":[8,10.90006,8.005]},"faces":{"north":{"uv":[13,10,14,11],"rotation":270,"texture":"#1"},"east":{"uv":[13,10,14,11],"rotation":270,"texture":"#1"},"west":{"uv":[13,10,14,11],"rotation":90,"texture":"#1"},"up":{"uv":[13,10,14,11],"rotation":180,"texture":"#1"},"down":{"uv":[13,10,14,11],"texture":"#1"}}},{"from":[11.045,14.28284,11.29644],"to":[11.945,16.08284,12.19644],"rotation":{"angle":45,"axis":"x","origin":[8,10.90006,8.005]},"faces":{"north":{"uv":[12,10,13,11],"rotation":270,"texture":"#1"},"east":{"uv":[12,10,13,11],"rotation":270,"texture":"#1"},"south":{"uv":[12,10,13,11],"rotation":270,"texture":"#1"},"west":{"uv":[12,10,13,11],"rotation":90,"texture":"#1"},"up":{"uv":[12,10,13,11],"rotation":180,"texture":"#1"},"down":{"uv":[12,10,13,11],"texture":"#1"}}},{"from":[12.295,16.88639,12.84999],"to":[10.695,14.28639,11.24999],"rotation":{"angle":45,"axis":"x","origin":[8,10.90006,8.005]},"faces":{"north":{"uv":[13,9,15.6,10],"rotation":270,"texture":"#1"},"east":{"uv":[13,9,14,10],"rotation":270,"texture":"#1"},"south":{"uv":[13,9,14,10],"rotation":270,"texture":"#1"},"west":{"uv":[13,9,14,10],"rotation":90,"texture":"#1"},"up":{"uv":[13,9,14,10],"rotation":180,"texture":"#1"},"down":{"uv":[13,9,14,10],"texture":"#1"}}},{"from":[11.095,14.68639,12.44999],"to":[11.895,15.48639,13.24999],"rotation":{"angle":45,"axis":"x","origin":[8,10.90006,8.005]},"faces":{"north":{"uv":[12,9,13,10],"rotation":270,"texture":"#1"},"east":{"uv":[12,9,13,10],"rotation":270,"texture":"#1"},"south":{"uv":[12,9,13,10],"rotation":270,"texture":"#1"},"west":{"uv":[12,9,13,10],"rotation":90,"texture":"#1"},"up":{"uv":[12,9,13,10],"rotation":180,"texture":"#1"},"down":{"uv":[12,9,13,10],"texture":"#1"}}},{"from":[12.295,15.88639,13.84999],"to":[10.695,14.28639,12.84999],"rotation":{"angle":45,"axis":"x","origin":[8,10.90006,8.005]},"faces":{"north":{"uv":[13,9,14,10],"rotation":270,"texture":"#1"},"east":{"uv":[13,9,14,10],"rotation":270,"texture":"#1"},"west":{"uv":[13,9,14,10],"rotation":90,"texture":"#1"},"up":{"uv":[13,9,14,10],"rotation":180,"texture":"#1"},"down":{"uv":[13,9,14,10],"texture":"#1"}}},{"from":[11.095,14.68639,11.64999],"to":[11.895,16.28639,12.44999],"rotation":{"angle":45,"axis":"x","origin":[8,10.90006,8.005]},"faces":{"north":{"uv":[12,9,13,10],"rotation":270,"texture":"#1"},"east":{"uv":[12,9,13,10],"rotation":270,"texture":"#1"},"south":{"uv":[12,9,13,10],"rotation":270,"texture":"#1"},"west":{"uv":[12,9,13,10],"rotation":90,"texture":"#1"},"up":{"uv":[12,9,13,10],"rotation":180,"texture":"#1"},"down":{"uv":[12,9,13,10],"texture":"#1"}}}],"gui_light":"front","display":{"thirdperson_righthand":{"translation":[-0.5,3.25,0.75],"scale":[0.6,0.6,0.6]},"thirdperson_lefthand":{"translation":[-0.5,3.25,0.75],"scale":[0.6,0.6,0.6]},"firstperson_righthand":{"rotation":[0,22,0],"translation":[4.5,1.5,-3.5],"scale":[0.54883,0.54883,0.54883]},"ground":{"rotation":[94,85,0],"translation":[0,0.25,-0.75],"scale":[0.5,0.5,0.5]},"gui":{"rotation":[-90,45,88],"translation":[0.5,-1.25,0],"scale":[0.515,0.515,0.515]},"head":{"rotation":[90,-171,90],"translation":[-2.25,9.25,0.25],"scale":[0.7,0.7,0.7]},"fixed":{"rotation":[0,90,0],"translation":[-1.5,-6.75,-1.25],"scale":[1.42109,1.42109,1.42109]}},"groups":[0,1,2,3,4,5,6,7,8,9,10,11,12,13,14,15,16,17,18,19,20,21,22,23,24,25,26,27,{"name":"hook","origin":[0,0,0],"color":0,"boneType":"","children":[28,29,30]},{"name":"particles","origin":[8,8,8],"color":0,"boneType":"","children":[{"name":"particle1","origin":[8,8,8],"color":0,"boneType":"","children":[{"name":"heart1","origin":[0,0,0],"color":0,"boneType":"","children":[31,32,33,34]},{"name":"heart2","origin":[0,0,0],"color":0,"boneType":"","children":[35,36,37,38]},{"name":"heart3","origin":[0,0,0],"color":0,"boneType":"","children":[39,40,41,42]},{"name":"heart4","origin":[0,0,0],"color":0,"boneType":"","children":[43,44,45,46]},{"name":"heart5","origin":[0,0,0],"color":0,"boneType":"","children":[47,48,49,50]},{"name":"heart6","origin":[0,0,0],"color":0,"boneType":"","children":[51,52,53,54]},{"name":"heart7","origin":[0,0,0],"color":0,"boneType":"","children":[55,56,57,58]}]},{"name":"particle2","origin":[8,8,8],"color":0,"boneType":"","children":[{"name":"heart1","origin":[0,0,0],"color":0,"boneType":"","children":[59,60,61,62]},{"name":"heart2","origin":[0,0,0],"color":0,"boneType":"","children":[63,64,65,66]},{"name":"heart3","origin":[0,0,0],"color":0,"boneType":"","children":[67,68,69,70]},{"name":"heart4","origin":[0,0,0],"color":0,"boneType":"","children":[71,72,73,74]},{"name":"heart5","origin":[0,0,0],"color":0,"boneType":"","children":[75,76,77,78]},{"name":"heart6","origin":[0,0,0],"color":0,"boneType":"","children":[79,80,81,82]},{"name":"heart7","origin":[0,0,0],"color":0,"boneType":"","children":[83,84,85,86]}]},{"name":"particle3","origin":[8,8,8],"color":0,"boneType":"","children":[{"name":"heart1","origin":[0,0,0],"color":0,"boneType":"","children":[87,88,89,90]},{"name":"heart2","origin":[0,0,0],"color":0,"boneType":"","children":[91,92,93,94]},{"name":"heart3","origin":[0,0,0],"color":0,"boneType":"","children":[95,96,97,98]},{"name":"heart4","origin":[0,0,0],"color":0,"boneType":"","children":[99,100,101,102]},{"name":"heart5","origin":[0,0,0],"color":0,"boneType":"","children":[103,104,105,106]},{"name":"heart6","origin":[0,0,0],"color":0,"boneType":"","children":[107,108,109,110]},{"name":"heart7","origin":[0,0,0],"color":0,"boneType":"","children":[111,112,113,114]}]},{"name":"particle4","origin":[8,8,8],"color":0,"boneType":"","children":[{"name":"heart1","origin":[0,0,0],"color":0,"boneType":"","children":[115,116,117,118]},{"name":"heart2","origin":[0,0,0],"color":0,"boneType":"","children":[119,120,121,122]},{"name":"heart3","origin":[0,0,0],"color":0,"boneType":"","children":[123,124,125,126]},{"name":"heart4","origin":[0,0,0],"color":0,"boneType":"","children":[127,128,129,130]},{"name":"heart5","origin":[0,0,0],"color":0,"boneType":"","children":[131,132,133,134]},{"name":"heart6","origin":[0,0,0],"color":0,"boneType":"","children":[135,136,137,138]},{"name":"heart7","origin":[0,0,0],"color":0,"boneType":"","children":[139,140,141,142]}]}]}]}