{"credit":"by w11shes","textures":{"0":"elitecreatures:valentine_assortment/valentines_staff","1":"elitecreatures:valentine_assortment/valentines_particle","particle":"elitecreatures:valentine_assortment/valentines_staff_e"},"elements":[{"from":[4.18928,-12.55131,6.505],"to":[4.23928,-4.55131,9.505],"rotation":{"angle":22.5,"axis":"z","origin":[8,8.46063,8.005]},"faces":{"east":{"uv":[8.5,2.5,10,6.5],"texture":"#0"},"west":{"uv":[8.5,2.5,10,6.5],"texture":"#0"}}},{"from":[11.76996,-12.54748,6.505],"to":[11.81996,-4.54748,9.505],"rotation":{"angle":-22.5,"axis":"z","origin":[8,8.46063,8.005]},"faces":{"east":{"uv":[10,2.5,8.5,6.5],"texture":"#0"},"west":{"uv":[10,2.5,8.5,6.5],"texture":"#0"}}},{"from":[7.955,-5.29451,-5.67378],"to":[8.005,-1.29451,1.32622],"rotation":{"angle":-22.5,"axis":"x","origin":[8,8.46063,8.005]},"faces":{"east":{"uv":[5,2.5,8.5,4.5],"texture":"#0"},"west":{"uv":[8.5,2.5,5,4.5],"texture":"#0"}}},{"from":[7.955,-5.29451,14.68378],"to":[8.005,-1.29451,21.68378],"rotation":{"angle":22.5,"axis":"x","origin":[8,8.46063,8.005]},"faces":{"east":{"uv":[8.5,2.5,5,4.5],"texture":"#0"},"west":{"uv":[5,2.5,8.5,4.5],"texture":"#0"}}},{"from":[6.505,-4.8807,16.34633],"to":[9.505,-2.8807,19.34633],"rotation":{"angle":45,"axis":"x","origin":[8,8.46063,8.005]},"faces":{"north":{"uv":[12,8,13.5,9],"texture":"#0"},"east":{"uv":[1,11.5,2.5,12.5],"texture":"#0"},"south":{"uv":[6,12,7.5,13],"texture":"#0"},"west":{"uv":[2.5,11.5,1,12.5],"texture":"#0"},"down":{"uv":[11,10.5,9.5,12],"rotation":270,"texture":"#0"}}},{"from":[6.505,-2.8807,16.34633],"to":[9.505,0.1193,21.34633],"rotation":{"angle":45,"axis":"x","origin":[8,8.46063,8.005]},"faces":{"north":{"uv":[3,11,4.5,12.5],"texture":"#0"},"east":{"uv":[3,9.5,5.5,11],"texture":"#0"},"south":{"uv":[11,0,12.5,1.5],"texture":"#0"},"west":{"uv":[5.5,9.5,3,11],"texture":"#0"},"up":{"uv":[8,11,5.5,9.5],"rotation":90,"texture":"#0"},"down":{"uv":[12.5,2,10,3.5],"rotation":270,"texture":"#0"}}},{"from":[6.00354,-5,6.00854],"to":[10.00354,-3,10.00854],"rotation":{"angle":45,"axis":"y","origin":[8,8.46063,8.005]},"faces":{"north":{"uv":[8,11,6,12],"texture":"#0"},"east":{"uv":[6,11,8,12],"texture":"#0"},"south":{"uv":[8,11,6,12],"texture":"#0"},"west":{"uv":[6,11,8,12],"texture":"#0"},"up":{"uv":[10.5,8.5,8.5,6.5],"rotation":90,"texture":"#0"},"down":{"uv":[10.5,8.5,8.5,10.5],"rotation":270,"texture":"#0"}}},{"from":[7.00354,-3,7.00854],"to":[9.00354,10,9.00854],"rotation":{"angle":45,"axis":"y","origin":[8,8.46063,8.005]},"faces":{"north":{"uv":[1,7,0,13.5],"texture":"#0"},"east":{"uv":[0,7,1,13.5],"texture":"#0"},"south":{"uv":[1,7,0,13.5],"texture":"#0"},"west":{"uv":[0,7,1,13.5],"texture":"#0"}}},{"from":[6.00354,10,6.00854],"to":[10.00354,12,10.00854],"rotation":{"angle":45,"axis":"y","origin":[8,8.46063,8.005]},"faces":{"north":{"uv":[13,10,11,11],"texture":"#0"},"east":{"uv":[11,10,13,11],"texture":"#0"},"south":{"uv":[13,10,11,11],"texture":"#0"},"west":{"uv":[11,10,13,11],"texture":"#0"},"up":{"uv":[11,2,9,0],"rotation":90,"texture":"#0"},"down":{"uv":[3,9.5,1,11.5],"rotation":270,"texture":"#0"}}},{"from":[6.505,12,6.505],"to":[9.505,17,9.505],"rotation":{"angle":0,"axis":"y","origin":[8,8.46063,8.005]},"faces":{"north":{"uv":[8,10.5,9.5,13],"texture":"#0"},"east":{"uv":[8,10.5,9.5,13],"texture":"#0"},"south":{"uv":[8,10.5,9.5,13],"texture":"#0"},"west":{"uv":[8,10.5,9.5,13],"texture":"#0"},"down":{"uv":[6,11,4.5,12.5],"rotation":270,"texture":"#0"}}},{"from":[6.485,14.28674,11.83111],"to":[9.525,18.28674,13.83111],"rotation":{"angle":-45,"axis":"x","origin":[8,8.46063,8.005]},"faces":{"north":{"uv":[10.5,8,12,10],"texture":"#0"},"east":{"uv":[11,11,12,13],"texture":"#0"},"west":{"uv":[12,11,11,13],"texture":"#0"},"up":{"uv":[10.5,13.5,9.5,12],"rotation":90,"texture":"#0"}}},{"from":[6.485,14.28674,2.17889],"to":[9.525,18.28674,4.17889],"rotation":{"angle":45,"axis":"x","origin":[8,8.46063,8.005]},"faces":{"east":{"uv":[12,11,11,13],"texture":"#0"},"south":{"uv":[12,8,10.5,10],"texture":"#0"},"west":{"uv":[11,11,12,13],"texture":"#0"},"up":{"uv":[9.5,13.5,10.5,12],"rotation":90,"texture":"#0"}}},{"from":[5.505,14.28674,13.83111],"to":[10.505,19.28674,21.83111],"rotation":{"angle":-45,"axis":"x","origin":[8,8.46063,8.005]},"faces":{"north":{"uv":[3.5,7,6,9.5],"texture":"#0"},"east":{"uv":[0,4.5,4,7],"texture":"#0"},"south":{"uv":[1,7,3.5,9.5],"texture":"#0"},"west":{"uv":[4,4.5,0,7],"texture":"#0"},"up":{"uv":[8,7,4,4.5],"rotation":90,"texture":"#0"},"down":{"uv":[9,0,5,2.5],"rotation":270,"texture":"#0"}}},{"from":[10.505,19.28674,21.83111],"to":[5.505,14.28674,13.83111],"rotation":{"angle":-45,"axis":"x","origin":[8,8.46063,8.005]},"faces":{"north":{"uv":[1,9.5,3.5,7],"texture":"#0"},"east":{"uv":[4,7,0,4.5],"texture":"#0"},"south":{"uv":[3.5,9.5,6,7],"texture":"#0"},"west":{"uv":[0,7,4,4.5],"texture":"#0"},"up":{"uv":[5,0,9,2.5],"rotation":90,"texture":"#0"},"down":{"uv":[4,7,8,4.5],"rotation":270,"texture":"#0"}}},{"from":[6.505,14.28674,13.83111],"to":[9.505,19.28674,21.83111],"rotation":{"angle":-45,"axis":"x","origin":[8,8.46063,8.005]},"faces":{"east":{"uv":[0,13.5,4,16],"texture":"#0"},"west":{"uv":[4,13.5,0,16],"texture":"#0"}}},{"from":[5.505,19.28674,13.83111],"to":[10.505,22.28674,18.83111],"rotation":{"angle":-45,"axis":"x","origin":[8,8.46063,8.005]},"faces":{"north":{"uv":[10.5,6.5,13,8],"texture":"#0"},"east":{"uv":[10,3.5,12.5,5],"texture":"#0"},"south":{"uv":[10,5,12.5,6.5],"texture":"#0"},"west":{"uv":[12.5,3.5,10,5],"texture":"#0"},"up":{"uv":[8.5,9.5,6,7],"rotation":90,"texture":"#0"}}},{"from":[10.505,22.28675,18.83111],"to":[5.505,19.28675,13.83111],"rotation":{"angle":-45,"axis":"x","origin":[8,8.46063,8.005]},"faces":{"north":{"uv":[10,6.5,12.5,5],"texture":"#0"},"east":{"uv":[12.5,5,10,3.5],"texture":"#0"},"south":{"uv":[10.5,8,13,6.5],"texture":"#0"},"west":{"uv":[10,5,12.5,3.5],"texture":"#0"},"down":{"uv":[6,9.5,8.5,7],"rotation":270,"texture":"#0"}}},{"from":[6.505,19.28674,13.83111],"to":[9.505,22.28674,18.83111],"rotation":{"angle":-45,"axis":"x","origin":[8,8.46063,8.005]},"faces":{"east":{"uv":[4,14.5,6.5,16],"texture":"#0"},"west":{"uv":[6.5,14.5,4,16],"texture":"#0"}}},{"from":[7.955,14.58775,-8.80854],"to":[8.005,23.58775,1.19146],"rotation":{"angle":22.5,"axis":"x","origin":[8,8.46063,8.005]},"faces":{"east":{"uv":[0,0,5,4.5],"texture":"#0"},"west":{"uv":[5,0,0,4.5],"texture":"#0"}}},{"from":[7.955,14.58775,14.81854],"to":[8.005,23.58775,24.81854],"rotation":{"angle":-22.5,"axis":"x","origin":[8,8.46063,8.005]},"faces":{"east":{"uv":[5,0,0,4.5],"texture":"#0"},"west":{"uv":[0,0,5,4.5],"texture":"#0"}}},{"from":[5.305,20.04152,14.92903],"to":[3.705,18.44152,12.32903],"rotation":{"angle":-45,"axis":"x","origin":[8,8.46063,8.005]},"faces":{"north":{"uv":[1,15,2,16],"texture":"#1"},"east":{"uv":[1,15,2,16],"texture":"#1"},"south":{"uv":[1,15,2,16],"texture":"#1"},"west":{"uv":[1,15,2,16],"texture":"#1"},"up":{"uv":[1,15,2,16],"rotation":90,"texture":"#1"},"down":{"uv":[1,15,3.6,16],"rotation":270,"texture":"#1"}}},{"from":[4.105,19.64152,12.72903],"to":[4.905,20.44152,13.52903],"rotation":{"angle":-45,"axis":"x","origin":[8,8.46063,8.005]},"faces":{"north":{"uv":[0,15,1,16],"texture":"#1"},"east":{"uv":[0,15,1,16],"texture":"#1"},"south":{"uv":[0,15,1,16],"texture":"#1"},"west":{"uv":[0,15,1,16],"texture":"#1"},"up":{"uv":[0,15,1,16],"rotation":90,"texture":"#1"},"down":{"uv":[0,15,1,16],"rotation":270,"texture":"#1"}}},{"from":[5.305,21.04152,13.92903],"to":[3.705,20.04152,12.32903],"rotation":{"angle":-45,"axis":"x","origin":[8,8.46063,8.005]},"faces":{"north":{"uv":[1,15,2,16],"texture":"#1"},"east":{"uv":[1,15,2,16],"texture":"#1"},"south":{"uv":[1,15,2,16],"texture":"#1"},"west":{"uv":[1,15,2,16],"texture":"#1"},"down":{"uv":[1,15,2,16],"rotation":270,"texture":"#1"}}},{"from":[4.105,18.84152,12.72903],"to":[4.905,19.64152,14.32903],"rotation":{"angle":-45,"axis":"x","origin":[8,8.46063,8.005]},"faces":{"north":{"uv":[0,15,1,16],"texture":"#1"},"east":{"uv":[0,15,1,16],"texture":"#1"},"south":{"uv":[0,15,1,16],"texture":"#1"},"west":{"uv":[0,15,1,16],"texture":"#1"},"up":{"uv":[0,15,1,16],"rotation":90,"texture":"#1"},"down":{"uv":[0,15,1,16],"rotation":270,"texture":"#1"}}},{"from":[5.305,20.39507,15.28259],"to":[3.705,18.79507,12.68259],"rotation":{"angle":-45,"axis":"x","origin":[8,8.46063,8.005]},"faces":{"north":{"uv":[1,14,2,15],"texture":"#1"},"east":{"uv":[1,14,2,15],"texture":"#1"},"south":{"uv":[1,14,2,15],"texture":"#1"},"west":{"uv":[1,14,2,15],"texture":"#1"},"up":{"uv":[1,14,2,15],"rotation":90,"texture":"#1"},"down":{"uv":[1,14,3.6,15],"rotation":270,"texture":"#1"}}},{"from":[4.045,20.05972,13.04723],"to":[4.945,21.05972,13.94723],"rotation":{"angle":-45,"axis":"x","origin":[8,8.46063,8.005]},"faces":{"north":{"uv":[0,14,1,15],"texture":"#1"},"east":{"uv":[0,14,1,15],"texture":"#1"},"south":{"uv":[0,14,1,15],"texture":"#1"},"west":{"uv":[0,14,1,15],"texture":"#1"},"up":{"uv":[0,14,1,15],"rotation":90,"texture":"#1"},"down":{"uv":[0,14,1,15],"rotation":270,"texture":"#1"}}},{"from":[5.305,21.39507,14.28259],"to":[3.705,20.39507,12.68259],"rotation":{"angle":-45,"axis":"x","origin":[8,8.46063,8.005]},"faces":{"north":{"uv":[1,14,2,15],"texture":"#1"},"east":{"uv":[1,14,2,15],"texture":"#1"},"south":{"uv":[1,14,2,15],"texture":"#1"},"west":{"uv":[1,14,2,15],"texture":"#1"},"down":{"uv":[1,14,2,15],"rotation":270,"texture":"#1"}}},{"from":[4.045,19.15972,13.04723],"to":[4.945,20.05972,14.84723],"rotation":{"angle":-45,"axis":"x","origin":[8,8.46063,8.005]},"faces":{"north":{"uv":[0,14,1,15],"texture":"#1"},"east":{"uv":[0,14,1,15],"texture":"#1"},"south":{"uv":[0,14,1,15],"texture":"#1"},"west":{"uv":[0,14,1,15],"texture":"#1"},"up":{"uv":[0,14,1,15],"rotation":90,"texture":"#1"},"down":{"uv":[0,14,1,15],"rotation":270,"texture":"#1"}}},{"from":[5.305,20.74862,15.63614],"to":[3.705,19.14862,13.03614],"rotation":{"angle":-45,"axis":"x","origin":[8,8.46063,8.005]},"faces":{"north":{"uv":[1,13,2,14],"texture":"#1"},"east":{"uv":[1,13,2,14],"texture":"#1"},"south":{"uv":[1,13,2,14],"texture":"#1"},"west":{"uv":[1,13,2,14],"texture":"#1"},"up":{"uv":[1,13,2,14],"rotation":90,"texture":"#1"},"down":{"uv":[1,13,3.6,14],"rotation":270,"texture":"#1"}}},{"from":[4.005,20.44862,13.33614],"to":[5.005,21.44862,14.33614],"rotation":{"angle":-45,"axis":"x","origin":[8,8.46063,8.005]},"faces":{"north":{"uv":[0,13,1,14],"texture":"#1"},"east":{"uv":[0,13,1,14],"texture":"#1"},"south":{"uv":[0,13,1,14],"texture":"#1"},"west":{"uv":[0,13,1,14],"texture":"#1"},"up":{"uv":[0,13,1,14],"rotation":90,"texture":"#1"},"down":{"uv":[0,13,1,14],"rotation":270,"texture":"#1"}}},{"from":[5.305,21.74862,14.63614],"to":[3.705,20.74862,13.03614],"rotation":{"angle":-45,"axis":"x","origin":[8,8.46063,8.005]},"faces":{"north":{"uv":[1,13,2,14],"texture":"#1"},"east":{"uv":[1,13,2,14],"texture":"#1"},"south":{"uv":[1,13,2,14],"texture":"#1"},"west":{"uv":[1,13,2,14],"texture":"#1"},"down":{"uv":[1,13,2,14],"rotation":270,"texture":"#1"}}},{"from":[4.005,19.44862,13.33614],"to":[5.005,20.44862,15.33614],"rotation":{"angle":-45,"axis":"x","origin":[8,8.46063,8.005]},"faces":{"north":{"uv":[0,13,1,14],"texture":"#1"},"east":{"uv":[0,13,1,14],"texture":"#1"},"south":{"uv":[0,13,1,14],"texture":"#1"},"west":{"uv":[0,13,1,14],"texture":"#1"},"up":{"uv":[0,13,1,14],"rotation":90,"texture":"#1"},"down":{"uv":[0,13,1,14],"rotation":270,"texture":"#1"}}},{"from":[5.305,21.10218,15.98969],"to":[3.705,19.50218,13.38969],"rotation":{"angle":-45,"axis":"x","origin":[8,8.46063,8.005]},"faces":{"north":{"uv":[1,12,2,13],"texture":"#1"},"east":{"uv":[1,12,2,13],"texture":"#1"},"south":{"uv":[1,12,2,13],"texture":"#1"},"west":{"uv":[1,12,2,13],"texture":"#1"},"up":{"uv":[1,12,2,13],"rotation":90,"texture":"#1"},"down":{"uv":[1,12,3.6,13],"rotation":270,"texture":"#1"}}},{"from":[4.005,20.80218,13.68969],"to":[5.005,21.80218,14.68969],"rotation":{"angle":-45,"axis":"x","origin":[8,8.46063,8.005]},"faces":{"north":{"uv":[0,12,1,13],"texture":"#1"},"east":{"uv":[0,12,1,13],"texture":"#1"},"south":{"uv":[0,12,1,13],"texture":"#1"},"west":{"uv":[0,12,1,13],"texture":"#1"},"up":{"uv":[0,12,1,13],"rotation":90,"texture":"#1"},"down":{"uv":[0,12,1,13],"rotation":270,"texture":"#1"}}},{"from":[5.305,22.10218,14.98969],"to":[3.705,21.10218,13.38969],"rotation":{"angle":-45,"axis":"x","origin":[8,8.46063,8.005]},"faces":{"north":{"uv":[1,12,2,13],"texture":"#1"},"east":{"uv":[1,12,2,13],"texture":"#1"},"south":{"uv":[1,12,2,13],"texture":"#1"},"west":{"uv":[1,12,2,13],"texture":"#1"},"down":{"uv":[1,12,2,13],"rotation":270,"texture":"#1"}}},{"from":[4.005,19.80218,13.68969],"to":[5.005,20.80218,15.68969],"rotation":{"angle":-45,"axis":"x","origin":[8,8.46063,8.005]},"faces":{"north":{"uv":[0,12,1,13],"texture":"#1"},"east":{"uv":[0,12,1,13],"texture":"#1"},"south":{"uv":[0,12,1,13],"texture":"#1"},"west":{"uv":[0,12,1,13],"texture":"#1"},"up":{"uv":[0,12,1,13],"rotation":90,"texture":"#1"},"down":{"uv":[0,12,1,13],"rotation":270,"texture":"#1"}}},{"from":[5.305,21.45573,16.34325],"to":[3.705,19.85573,13.74325],"rotation":{"angle":-45,"axis":"x","origin":[8,8.46063,8.005]},"faces":{"north":{"uv":[1,11,2,12],"texture":"#1"},"east":{"uv":[1,11,2,12],"texture":"#1"},"south":{"uv":[1,11,2,12],"texture":"#1"},"west":{"uv":[1,11,2,12],"texture":"#1"},"up":{"uv":[1,11,2,12],"rotation":90,"texture":"#1"},"down":{"uv":[1,11,3.6,12],"rotation":270,"texture":"#1"}}},{"from":[4.005,21.15573,14.04325],"to":[5.005,22.15573,15.04325],"rotation":{"angle":-45,"axis":"x","origin":[8,8.46063,8.005]},"faces":{"north":{"uv":[0,11,1,12],"texture":"#1"},"east":{"uv":[0,11,1,12],"texture":"#1"},"south":{"uv":[0,11,1,12],"texture":"#1"},"west":{"uv":[0,11,1,12],"texture":"#1"},"up":{"uv":[0,11,1,12],"rotation":90,"texture":"#1"},"down":{"uv":[0,11,1,12],"rotation":270,"texture":"#1"}}},{"from":[5.305,22.45573,15.34325],"to":[3.705,21.45573,13.74325],"rotation":{"angle":-45,"axis":"x","origin":[8,8.46063,8.005]},"faces":{"north":{"uv":[1,11,2,12],"texture":"#1"},"east":{"uv":[1,11,2,12],"texture":"#1"},"south":{"uv":[1,11,2,12],"texture":"#1"},"west":{"uv":[1,11,2,12],"texture":"#1"},"down":{"uv":[1,11,2,12],"rotation":270,"texture":"#1"}}},{"from":[4.005,20.15573,14.04325],"to":[5.005,21.15573,16.04325],"rotation":{"angle":-45,"axis":"x","origin":[8,8.46063,8.005]},"faces":{"north":{"uv":[0,11,1,12],"texture":"#1"},"east":{"uv":[0,11,1,12],"texture":"#1"},"south":{"uv":[0,11,1,12],"texture":"#1"},"west":{"uv":[0,11,1,12],"texture":"#1"},"up":{"uv":[0,11,1,12],"rotation":90,"texture":"#1"},"down":{"uv":[0,11,1,12],"rotation":270,"texture":"#1"}}},{"from":[5.305,21.80928,16.6968],"to":[3.705,20.20928,14.0968],"rotation":{"angle":-45,"axis":"x","origin":[8,8.46063,8.005]},"faces":{"north":{"uv":[1,10,2,11],"texture":"#1"},"east":{"uv":[1,10,2,11],"texture":"#1"},"south":{"uv":[1,10,2,11],"texture":"#1"},"west":{"uv":[1,10,2,11],"texture":"#1"},"up":{"uv":[1,10,2,11],"rotation":90,"texture":"#1"},"down":{"uv":[1,10,3.6,11],"rotation":270,"texture":"#1"}}},{"from":[4.055,21.50928,14.4468],"to":[4.955,22.40928,15.3468],"rotation":{"angle":-45,"axis":"x","origin":[8,8.46063,8.005]},"faces":{"north":{"uv":[0,10,1,11],"texture":"#1"},"east":{"uv":[0,10,1,11],"texture":"#1"},"south":{"uv":[0,10,1,11],"texture":"#1"},"west":{"uv":[0,10,1,11],"texture":"#1"},"up":{"uv":[0,10,1,11],"rotation":90,"texture":"#1"},"down":{"uv":[0,10,1,11],"rotation":270,"texture":"#1"}}},{"from":[5.305,22.80928,15.6968],"to":[3.705,21.80928,14.0968],"rotation":{"angle":-45,"axis":"x","origin":[8,8.46063,8.005]},"faces":{"north":{"uv":[1,10,2,11],"texture":"#1"},"east":{"uv":[1,10,2,11],"texture":"#1"},"south":{"uv":[1,10,2,11],"texture":"#1"},"west":{"uv":[1,10,2,11],"texture":"#1"},"down":{"uv":[1,10,2,11],"rotation":270,"texture":"#1"}}},{"from":[4.055,20.60928,14.4468],"to":[4.955,21.50928,16.2468],"rotation":{"angle":-45,"axis":"x","origin":[8,8.46063,8.005]},"faces":{"north":{"uv":[0,10,1,11],"texture":"#1"},"east":{"uv":[0,10,1,11],"texture":"#1"},"south":{"uv":[0,10,1,11],"texture":"#1"},"west":{"uv":[0,10,1,11],"texture":"#1"},"up":{"uv":[0,10,1,11],"rotation":90,"texture":"#1"},"down":{"uv":[0,10,1,11],"rotation":270,"texture":"#1"}}},{"from":[5.305,22.16284,17.05035],"to":[3.705,20.56284,14.45035],"rotation":{"angle":-45,"axis":"x","origin":[8,8.46063,8.005]},"faces":{"north":{"uv":[1,9,2,10],"texture":"#1"},"east":{"uv":[1,9,2,10],"texture":"#1"},"south":{"uv":[1,9,2,10],"texture":"#1"},"west":{"uv":[1,9,2,10],"texture":"#1"},"up":{"uv":[1,9,2,10],"rotation":90,"texture":"#1"},"down":{"uv":[1,9,3.6,10],"rotation":270,"texture":"#1"}}},{"from":[4.105,21.76284,14.85035],"to":[4.905,22.56284,15.65035],"rotation":{"angle":-45,"axis":"x","origin":[8,8.46063,8.005]},"faces":{"north":{"uv":[0,9,1,10],"texture":"#1"},"east":{"uv":[0,9,1,10],"texture":"#1"},"south":{"uv":[0,9,1,10],"texture":"#1"},"west":{"uv":[0,9,1,10],"texture":"#1"},"up":{"uv":[0,9,1,10],"rotation":90,"texture":"#1"},"down":{"uv":[0,9,1,10],"rotation":270,"texture":"#1"}}},{"from":[5.305,23.16284,16.05035],"to":[3.705,22.16284,14.45035],"rotation":{"angle":-45,"axis":"x","origin":[8,8.46063,8.005]},"faces":{"north":{"uv":[1,9,2,10],"texture":"#1"},"east":{"uv":[1,9,2,10],"texture":"#1"},"south":{"uv":[1,9,2,10],"texture":"#1"},"west":{"uv":[1,9,2,10],"texture":"#1"},"down":{"uv":[1,9,2,10],"rotation":270,"texture":"#1"}}},{"from":[4.105,20.96284,14.85035],"to":[4.905,21.76284,16.45035],"rotation":{"angle":-45,"axis":"x","origin":[8,8.46063,8.005]},"faces":{"north":{"uv":[0,9,1,10],"texture":"#1"},"east":{"uv":[0,9,1,10],"texture":"#1"},"south":{"uv":[0,9,1,10],"texture":"#1"},"west":{"uv":[0,9,1,10],"texture":"#1"},"up":{"uv":[0,9,1,10],"rotation":90,"texture":"#1"},"down":{"uv":[0,9,1,10],"rotation":270,"texture":"#1"}}},{"from":[12.305,15.79888,22.0001],"to":[10.705,14.19888,19.4001],"rotation":{"angle":-45,"axis":"x","origin":[8,8.46063,8.005]},"faces":{"north":{"uv":[5,15,6,16],"texture":"#1"},"east":{"uv":[5,15,6,16],"texture":"#1"},"south":{"uv":[5,15,6,16],"texture":"#1"},"west":{"uv":[5,15,6,16],"texture":"#1"},"up":{"uv":[5,15,6,16],"rotation":90,"texture":"#1"},"down":{"uv":[5,15,7.6,16],"rotation":270,"texture":"#1"}}},{"from":[11.105,15.39888,19.8001],"to":[11.905,16.19888,20.6001],"rotation":{"angle":-45,"axis":"x","origin":[8,8.46063,8.005]},"faces":{"north":{"uv":[4,15,5,16],"texture":"#1"},"east":{"uv":[4,15,5,16],"texture":"#1"},"south":{"uv":[4,15,5,16],"texture":"#1"},"west":{"uv":[4,15,5,16],"texture":"#1"},"up":{"uv":[4,15,5,16],"rotation":90,"texture":"#1"},"down":{"uv":[4,15,5,16],"rotation":270,"texture":"#1"}}},{"from":[12.305,16.79888,21.0001],"to":[10.705,15.79888,19.4001],"rotation":{"angle":-45,"axis":"x","origin":[8,8.46063,8.005]},"faces":{"north":{"uv":[5,15,6,16],"texture":"#1"},"east":{"uv":[5,15,6,16],"texture":"#1"},"south":{"uv":[5,15,6,16],"texture":"#1"},"west":{"uv":[5,15,6,16],"texture":"#1"},"down":{"uv":[5,15,6,16],"rotation":270,"texture":"#1"}}},{"from":[11.105,14.59888,19.8001],"to":[11.905,15.39888,21.4001],"rotation":{"angle":-45,"axis":"x","origin":[8,8.46063,8.005]},"faces":{"north":{"uv":[4,15,5,16],"texture":"#1"},"east":{"uv":[4,15,5,16],"texture":"#1"},"south":{"uv":[4,15,5,16],"texture":"#1"},"west":{"uv":[4,15,5,16],"texture":"#1"},"up":{"uv":[4,15,5,16],"rotation":90,"texture":"#1"},"down":{"uv":[4,15,5,16],"rotation":270,"texture":"#1"}}},{"from":[12.305,16.15243,22.35365],"to":[10.705,14.55243,19.75365],"rotation":{"angle":-45,"axis":"x","origin":[8,8.46063,8.005]},"faces":{"north":{"uv":[5,14,6,15],"texture":"#1"},"east":{"uv":[5,14,6,15],"texture":"#1"},"south":{"uv":[5,14,6,15],"texture":"#1"},"west":{"uv":[5,14,6,15],"texture":"#1"},"up":{"uv":[5,14,6,15],"rotation":90,"texture":"#1"},"down":{"uv":[5,14,7.6,15],"rotation":270,"texture":"#1"}}},{"from":[11.045,15.81707,20.1183],"to":[11.945,16.81707,21.0183],"rotation":{"angle":-45,"axis":"x","origin":[8,8.46063,8.005]},"faces":{"north":{"uv":[4,14,5,15],"texture":"#1"},"east":{"uv":[4,14,5,15],"texture":"#1"},"south":{"uv":[4,14,5,15],"texture":"#1"},"west":{"uv":[4,14,5,15],"texture":"#1"},"up":{"uv":[4,14,5,15],"rotation":90,"texture":"#1"},"down":{"uv":[4,14,5,15],"rotation":270,"texture":"#1"}}},{"from":[12.305,17.15243,21.35365],"to":[10.705,16.15243,19.75365],"rotation":{"angle":-45,"axis":"x","origin":[8,8.46063,8.005]},"faces":{"north":{"uv":[5,14,6,15],"texture":"#1"},"east":{"uv":[5,14,6,15],"texture":"#1"},"south":{"uv":[5,14,6,15],"texture":"#1"},"west":{"uv":[5,14,6,15],"texture":"#1"},"down":{"uv":[5,14,6,15],"rotation":270,"texture":"#1"}}},{"from":[11.045,14.91707,20.1183],"to":[11.945,15.81707,21.9183],"rotation":{"angle":-45,"axis":"x","origin":[8,8.46063,8.005]},"faces":{"north":{"uv":[4,14,5,15],"texture":"#1"},"east":{"uv":[4,14,5,15],"texture":"#1"},"south":{"uv":[4,14,5,15],"texture":"#1"},"west":{"uv":[4,14,5,15],"texture":"#1"},"up":{"uv":[4,14,5,15],"rotation":90,"texture":"#1"},"down":{"uv":[4,14,5,15],"rotation":270,"texture":"#1"}}},{"from":[12.305,16.50598,22.70721],"to":[10.705,14.90598,20.10721],"rotation":{"angle":-45,"axis":"x","origin":[8,8.46063,8.005]},"faces":{"north":{"uv":[5,13,6,14],"texture":"#1"},"east":{"uv":[5,13,6,14],"texture":"#1"},"south":{"uv":[5,13,6,14],"texture":"#1"},"west":{"uv":[5,13,6,14],"texture":"#1"},"up":{"uv":[5,13,6,14],"rotation":90,"texture":"#1"},"down":{"uv":[5,13,7.6,14],"rotation":270,"texture":"#1"}}},{"from":[11.005,16.20598,20.40721],"to":[12.005,17.20598,21.40721],"rotation":{"angle":-45,"axis":"x","origin":[8,8.46063,8.005]},"faces":{"north":{"uv":[4,13,5,14],"texture":"#1"},"east":{"uv":[4,13,5,14],"texture":"#1"},"south":{"uv":[4,13,5,14],"texture":"#1"},"west":{"uv":[4,13,5,14],"texture":"#1"},"up":{"uv":[4,13,5,14],"rotation":90,"texture":"#1"},"down":{"uv":[4,13,5,14],"rotation":270,"texture":"#1"}}},{"from":[12.305,17.50598,21.70721],"to":[10.705,16.50598,20.10721],"rotation":{"angle":-45,"axis":"x","origin":[8,8.46063,8.005]},"faces":{"north":{"uv":[5,13,6,14],"texture":"#1"},"east":{"uv":[5,13,6,14],"texture":"#1"},"south":{"uv":[5,13,6,14],"texture":"#1"},"west":{"uv":[5,13,6,14],"texture":"#1"},"down":{"uv":[5,13,6,14],"rotation":270,"texture":"#1"}}},{"from":[11.005,15.20598,20.40721],"to":[12.005,16.20598,22.40721],"rotation":{"angle":-45,"axis":"x","origin":[8,8.46063,8.005]},"faces":{"north":{"uv":[4,13,5,14],"texture":"#1"},"east":{"uv":[4,13,5,14],"texture":"#1"},"south":{"uv":[4,13,5,14],"texture":"#1"},"west":{"uv":[4,13,5,14],"texture":"#1"},"up":{"uv":[4,13,5,14],"rotation":90,"texture":"#1"},"down":{"uv":[4,13,5,14],"rotation":270,"texture":"#1"}}},{"from":[12.305,16.85954,23.06076],"to":[10.705,15.25954,20.46076],"rotation":{"angle":-45,"axis":"x","origin":[8,8.46063,8.005]},"faces":{"north":{"uv":[5,12,6,13],"texture":"#1"},"east":{"uv":[5,12,6,13],"texture":"#1"},"south":{"uv":[5,12,6,13],"texture":"#1"},"west":{"uv":[5,12,6,13],"texture":"#1"},"up":{"uv":[5,12,6,13],"rotation":90,"texture":"#1"},"down":{"uv":[5,12,7.6,13],"rotation":270,"texture":"#1"}}},{"from":[11.005,16.55954,20.76076],"to":[12.005,17.55954,21.76076],"rotation":{"angle":-45,"axis":"x","origin":[8,8.46063,8.005]},"faces":{"north":{"uv":[4,12,5,13],"texture":"#1"},"east":{"uv":[4,12,5,13],"texture":"#1"},"south":{"uv":[4,12,5,13],"texture":"#1"},"west":{"uv":[4,12,5,13],"texture":"#1"},"up":{"uv":[4,12,5,13],"rotation":90,"texture":"#1"},"down":{"uv":[4,12,5,13],"rotation":270,"texture":"#1"}}},{"from":[12.305,17.85954,22.06076],"to":[10.705,16.85954,20.46076],"rotation":{"angle":-45,"axis":"x","origin":[8,8.46063,8.005]},"faces":{"north":{"uv":[5,12,6,13],"texture":"#1"},"east":{"uv":[5,12,6,13],"texture":"#1"},"south":{"uv":[5,12,6,13],"texture":"#1"},"west":{"uv":[5,12,6,13],"texture":"#1"},"down":{"uv":[5,12,6,13],"rotation":270,"texture":"#1"}}},{"from":[11.005,15.55954,20.76076],"to":[12.005,16.55954,22.76076],"rotation":{"angle":-45,"axis":"x","origin":[8,8.46063,8.005]},"faces":{"north":{"uv":[4,12,5,13],"texture":"#1"},"east":{"uv":[4,12,5,13],"texture":"#1"},"south":{"uv":[4,12,5,13],"texture":"#1"},"west":{"uv":[4,12,5,13],"texture":"#1"},"up":{"uv":[4,12,5,13],"rotation":90,"texture":"#1"},"down":{"uv":[4,12,5,13],"rotation":270,"texture":"#1"}}},{"from":[12.305,17.21309,23.41431],"to":[10.705,15.61309,20.81431],"rotation":{"angle":-45,"axis":"x","origin":[8,8.46063,8.005]},"faces":{"north":{"uv":[5,11,6,12],"texture":"#1"},"east":{"uv":[5,11,6,12],"texture":"#1"},"south":{"uv":[5,11,6,12],"texture":"#1"},"west":{"uv":[5,11,6,12],"texture":"#1"},"up":{"uv":[5,11,6,12],"rotation":90,"texture":"#1"},"down":{"uv":[5,11,7.6,12],"rotation":270,"texture":"#1"}}},{"from":[11.005,16.91309,21.11431],"to":[12.005,17.91309,22.11431],"rotation":{"angle":-45,"axis":"x","origin":[8,8.46063,8.005]},"faces":{"north":{"uv":[4,11,5,12],"texture":"#1"},"east":{"uv":[4,11,5,12],"texture":"#1"},"south":{"uv":[4,11,5,12],"texture":"#1"},"west":{"uv":[4,11,5,12],"texture":"#1"},"up":{"uv":[4,11,5,12],"rotation":90,"texture":"#1"},"down":{"uv":[4,11,5,12],"rotation":270,"texture":"#1"}}},{"from":[12.305,18.21309,22.41431],"to":[10.705,17.21309,20.81431],"rotation":{"angle":-45,"axis":"x","origin":[8,8.46063,8.005]},"faces":{"north":{"uv":[5,11,6,12],"texture":"#1"},"east":{"uv":[5,11,6,12],"texture":"#1"},"south":{"uv":[5,11,6,12],"texture":"#1"},"west":{"uv":[5,11,6,12],"texture":"#1"},"down":{"uv":[5,11,6,12],"rotation":270,"texture":"#1"}}},{"from":[11.005,15.91309,21.11431],"to":[12.005,16.91309,23.11431],"rotation":{"angle":-45,"axis":"x","origin":[8,8.46063,8.005]},"faces":{"north":{"uv":[4,11,5,12],"texture":"#1"},"east":{"uv":[4,11,5,12],"texture":"#1"},"south":{"uv":[4,11,5,12],"texture":"#1"},"west":{"uv":[4,11,5,12],"texture":"#1"},"up":{"uv":[4,11,5,12],"rotation":90,"texture":"#1"},"down":{"uv":[4,11,5,12],"rotation":270,"texture":"#1"}}},{"from":[12.305,17.56664,23.76787],"to":[10.705,15.96664,21.16787],"rotation":{"angle":-45,"axis":"x","origin":[8,8.46063,8.005]},"faces":{"north":{"uv":[5,10,6,11],"texture":"#1"},"east":{"uv":[5,10,6,11],"texture":"#1"},"south":{"uv":[5,10,6,11],"texture":"#1"},"west":{"uv":[5,10,6,11],"texture":"#1"},"up":{"uv":[5,10,6,11],"rotation":90,"texture":"#1"},"down":{"uv":[5,10,7.6,11],"rotation":270,"texture":"#1"}}},{"from":[11.055,17.26664,21.51787],"to":[11.955,18.16664,22.41787],"rotation":{"angle":-45,"axis":"x","origin":[8,8.46063,8.005]},"faces":{"north":{"uv":[4,10,5,11],"texture":"#1"},"east":{"uv":[4,10,5,11],"texture":"#1"},"south":{"uv":[4,10,5,11],"texture":"#1"},"west":{"uv":[4,10,5,11],"texture":"#1"},"up":{"uv":[4,10,5,11],"rotation":90,"texture":"#1"},"down":{"uv":[4,10,5,11],"rotation":270,"texture":"#1"}}},{"from":[12.305,18.56664,22.76787],"to":[10.705,17.56664,21.16787],"rotation":{"angle":-45,"axis":"x","origin":[8,8.46063,8.005]},"faces":{"north":{"uv":[5,10,6,11],"texture":"#1"},"east":{"uv":[5,10,6,11],"texture":"#1"},"south":{"uv":[5,10,6,11],"texture":"#1"},"west":{"uv":[5,10,6,11],"texture":"#1"},"down":{"uv":[5,10,6,11],"rotation":270,"texture":"#1"}}},{"from":[11.055,16.36664,21.51787],"to":[11.955,17.26664,23.31787],"rotation":{"angle":-45,"axis":"x","origin":[8,8.46063,8.005]},"faces":{"north":{"uv":[4,10,5,11],"texture":"#1"},"east":{"uv":[4,10,5,11],"texture":"#1"},"south":{"uv":[4,10,5,11],"texture":"#1"},"west":{"uv":[4,10,5,11],"texture":"#1"},"up":{"uv":[4,10,5,11],"rotation":90,"texture":"#1"},"down":{"uv":[4,10,5,11],"rotation":270,"texture":"#1"}}},{"from":[12.305,17.9202,24.12142],"to":[10.705,16.3202,21.52142],"rotation":{"angle":-45,"axis":"x","origin":[8,8.46063,8.005]},"faces":{"north":{"uv":[5,9,6,10],"texture":"#1"},"east":{"uv":[5,9,6,10],"texture":"#1"},"south":{"uv":[5,9,6,10],"texture":"#1"},"west":{"uv":[5,9,6,10],"texture":"#1"},"up":{"uv":[5,9,6,10],"rotation":90,"texture":"#1"},"down":{"uv":[5,9,7.6,10],"rotation":270,"texture":"#1"}}},{"from":[11.105,17.5202,21.92142],"to":[11.905,18.3202,22.72142],"rotation":{"angle":-45,"axis":"x","origin":[8,8.46063,8.005]},"faces":{"north":{"uv":[4,9,5,10],"texture":"#1"},"east":{"uv":[4,9,5,10],"texture":"#1"},"south":{"uv":[4,9,5,10],"texture":"#1"},"west":{"uv":[4,9,5,10],"texture":"#1"},"up":{"uv":[4,9,5,10],"rotation":90,"texture":"#1"},"down":{"uv":[4,9,5,10],"rotation":270,"texture":"#1"}}},{"from":[12.305,18.9202,23.12142],"to":[10.705,17.9202,21.52142],"rotation":{"angle":-45,"axis":"x","origin":[8,8.46063,8.005]},"faces":{"north":{"uv":[5,9,6,10],"texture":"#1"},"east":{"uv":[5,9,6,10],"texture":"#1"},"south":{"uv":[5,9,6,10],"texture":"#1"},"west":{"uv":[5,9,6,10],"texture":"#1"},"down":{"uv":[5,9,6,10],"rotation":270,"texture":"#1"}}},{"from":[11.105,16.7202,21.92142],"to":[11.905,17.5202,23.52142],"rotation":{"angle":-45,"axis":"x","origin":[8,8.46063,8.005]},"faces":{"north":{"uv":[4,9,5,10],"texture":"#1"},"east":{"uv":[4,9,5,10],"texture":"#1"},"south":{"uv":[4,9,5,10],"texture":"#1"},"west":{"uv":[4,9,5,10],"texture":"#1"},"up":{"uv":[4,9,5,10],"rotation":90,"texture":"#1"},"down":{"uv":[4,9,5,10],"rotation":270,"texture":"#1"}}},{"from":[12.305,20.74862,15.63614],"to":[10.705,19.14862,13.03614],"rotation":{"angle":-45,"axis":"x","origin":[8,8.46063,8.005]},"faces":{"north":{"uv":[9,15,10,16],"texture":"#1"},"east":{"uv":[9,15,10,16],"texture":"#1"},"south":{"uv":[9,15,10,16],"texture":"#1"},"west":{"uv":[9,15,10,16],"texture":"#1"},"up":{"uv":[9,15,10,16],"rotation":90,"texture":"#1"},"down":{"uv":[9,15,11.6,16],"rotation":270,"texture":"#1"}}},{"from":[11.105,20.34862,13.43614],"to":[11.905,21.14862,14.23614],"rotation":{"angle":-45,"axis":"x","origin":[8,8.46063,8.005]},"faces":{"north":{"uv":[8,15,9,16],"texture":"#1"},"east":{"uv":[8,15,9,16],"texture":"#1"},"south":{"uv":[8,15,9,16],"texture":"#1"},"west":{"uv":[8,15,9,16],"texture":"#1"},"up":{"uv":[8,15,9,16],"rotation":90,"texture":"#1"},"down":{"uv":[8,15,9,16],"rotation":270,"texture":"#1"}}},{"from":[12.305,21.74862,14.63614],"to":[10.705,20.74862,13.03614],"rotation":{"angle":-45,"axis":"x","origin":[8,8.46063,8.005]},"faces":{"north":{"uv":[9,15,10,16],"texture":"#1"},"east":{"uv":[9,15,10,16],"texture":"#1"},"south":{"uv":[9,15,10,16],"texture":"#1"},"west":{"uv":[9,15,10,16],"texture":"#1"},"down":{"uv":[9,15,10,16],"rotation":270,"texture":"#1"}}},{"from":[11.105,19.54862,13.43614],"to":[11.905,20.34862,15.03614],"rotation":{"angle":-45,"axis":"x","origin":[8,8.46063,8.005]},"faces":{"north":{"uv":[8,15,9,16],"texture":"#1"},"east":{"uv":[8,15,9,16],"texture":"#1"},"south":{"uv":[8,15,9,16],"texture":"#1"},"west":{"uv":[8,15,9,16],"texture":"#1"},"up":{"uv":[8,15,9,16],"rotation":90,"texture":"#1"},"down":{"uv":[8,15,9,16],"rotation":270,"texture":"#1"}}},{"from":[12.305,21.10218,15.98969],"to":[10.705,19.50218,13.38969],"rotation":{"angle":-45,"axis":"x","origin":[8,8.46063,8.005]},"faces":{"north":{"uv":[9,14,10,15],"texture":"#1"},"east":{"uv":[9,14,10,15],"texture":"#1"},"south":{"uv":[9,14,10,15],"texture":"#1"},"west":{"uv":[9,14,10,15],"texture":"#1"},"up":{"uv":[9,14,10,15],"rotation":90,"texture":"#1"},"down":{"uv":[9,14,11.6,15],"rotation":270,"texture":"#1"}}},{"from":[11.045,20.76682,13.75434],"to":[11.945,21.76682,14.65434],"rotation":{"angle":-45,"axis":"x","origin":[8,8.46063,8.005]},"faces":{"north":{"uv":[8,14,9,15],"texture":"#1"},"east":{"uv":[8,14,9,15],"texture":"#1"},"south":{"uv":[8,14,9,15],"texture":"#1"},"west":{"uv":[8,14,9,15],"texture":"#1"},"up":{"uv":[8,14,9,15],"rotation":90,"texture":"#1"},"down":{"uv":[8,14,9,15],"rotation":270,"texture":"#1"}}},{"from":[12.305,22.10218,14.98969],"to":[10.705,21.10218,13.38969],"rotation":{"angle":-45,"axis":"x","origin":[8,8.46063,8.005]},"faces":{"north":{"uv":[9,14,10,15],"texture":"#1"},"east":{"uv":[9,14,10,15],"texture":"#1"},"south":{"uv":[9,14,10,15],"texture":"#1"},"west":{"uv":[9,14,10,15],"texture":"#1"},"down":{"uv":[9,14,10,15],"rotation":270,"texture":"#1"}}},{"from":[11.045,19.86682,13.75434],"to":[11.945,20.76682,15.55434],"rotation":{"angle":-45,"axis":"x","origin":[8,8.46063,8.005]},"faces":{"north":{"uv":[8,14,9,15],"texture":"#1"},"east":{"uv":[8,14,9,15],"texture":"#1"},"south":{"uv":[8,14,9,15],"texture":"#1"},"west":{"uv":[8,14,9,15],"texture":"#1"},"up":{"uv":[8,14,9,15],"rotation":90,"texture":"#1"},"down":{"uv":[8,14,9,15],"rotation":270,"texture":"#1"}}},{"from":[12.305,21.45573,16.34325],"to":[10.705,19.85573,13.74325],"rotation":{"angle":-45,"axis":"x","origin":[8,8.46063,8.005]},"faces":{"north":{"uv":[9,13,10,14],"texture":"#1"},"east":{"uv":[9,13,10,14],"texture":"#1"},"south":{"uv":[9,13,10,14],"texture":"#1"},"west":{"uv":[9,13,10,14],"texture":"#1"},"up":{"uv":[9,13,10,14],"rotation":90,"texture":"#1"},"down":{"uv":[9,13,11.6,14],"rotation":270,"texture":"#1"}}},{"from":[11.005,21.15573,14.04325],"to":[12.005,22.15573,15.04325],"rotation":{"angle":-45,"axis":"x","origin":[8,8.46063,8.005]},"faces":{"north":{"uv":[8,13,9,14],"texture":"#1"},"east":{"uv":[8,13,9,14],"texture":"#1"},"south":{"uv":[8,13,9,14],"texture":"#1"},"west":{"uv":[8,13,9,14],"texture":"#1"},"up":{"uv":[8,13,9,14],"rotation":90,"texture":"#1"},"down":{"uv":[8,13,9,14],"rotation":270,"texture":"#1"}}},{"from":[12.305,22.45573,15.34325],"to":[10.705,21.45573,13.74325],"rotation":{"angle":-45,"axis":"x","origin":[8,8.46063,8.005]},"faces":{"north":{"uv":[9,13,10,14],"texture":"#1"},"east":{"uv":[9,13,10,14],"texture":"#1"},"south":{"uv":[9,13,10,14],"texture":"#1"},"west":{"uv":[9,13,10,14],"texture":"#1"},"down":{"uv":[9,13,10,14],"rotation":270,"texture":"#1"}}},{"from":[11.005,20.15573,14.04325],"to":[12.005,21.15573,16.04325],"rotation":{"angle":-45,"axis":"x","origin":[8,8.46063,8.005]},"faces":{"north":{"uv":[8,13,9,14],"texture":"#1"},"east":{"uv":[8,13,9,14],"texture":"#1"},"south":{"uv":[8,13,9,14],"texture":"#1"},"west":{"uv":[8,13,9,14],"texture":"#1"},"up":{"uv":[8,13,9,14],"rotation":90,"texture":"#1"},"down":{"uv":[8,13,9,14],"rotation":270,"texture":"#1"}}},{"from":[12.305,21.80928,16.6968],"to":[10.705,20.20928,14.0968],"rotation":{"angle":-45,"axis":"x","origin":[8,8.46063,8.005]},"faces":{"north":{"uv":[9,12,10,13],"texture":"#1"},"east":{"uv":[9,12,10,13],"texture":"#1"},"south":{"uv":[9,12,10,13],"texture":"#1"},"west":{"uv":[9,12,10,13],"texture":"#1"},"up":{"uv":[9,12,10,13],"rotation":90,"texture":"#1"},"down":{"uv":[9,12,11.6,13],"rotation":270,"texture":"#1"}}},{"from":[11.005,21.50928,14.3968],"to":[12.005,22.50928,15.3968],"rotation":{"angle":-45,"axis":"x","origin":[8,8.46063,8.005]},"faces":{"north":{"uv":[8,12,9,13],"texture":"#1"},"east":{"uv":[8,12,9,13],"texture":"#1"},"south":{"uv":[8,12,9,13],"texture":"#1"},"west":{"uv":[8,12,9,13],"texture":"#1"},"up":{"uv":[8,12,9,13],"rotation":90,"texture":"#1"},"down":{"uv":[8,12,9,13],"rotation":270,"texture":"#1"}}},{"from":[12.305,22.80928,15.6968],"to":[10.705,21.80928,14.0968],"rotation":{"angle":-45,"axis":"x","origin":[8,8.46063,8.005]},"faces":{"north":{"uv":[9,12,10,13],"texture":"#1"},"east":{"uv":[9,12,10,13],"texture":"#1"},"south":{"uv":[9,12,10,13],"texture":"#1"},"west":{"uv":[9,12,10,13],"texture":"#1"},"down":{"uv":[9,12,10,13],"rotation":270,"texture":"#1"}}},{"from":[11.005,20.50928,14.3968],"to":[12.005,21.50928,16.3968],"rotation":{"angle":-45,"axis":"x","origin":[8,8.46063,8.005]},"faces":{"north":{"uv":[8,12,9,13],"texture":"#1"},"east":{"uv":[8,12,9,13],"texture":"#1"},"south":{"uv":[8,12,9,13],"texture":"#1"},"west":{"uv":[8,12,9,13],"texture":"#1"},"up":{"uv":[8,12,9,13],"rotation":90,"texture":"#1"},"down":{"uv":[8,12,9,13],"rotation":270,"texture":"#1"}}},{"from":[12.305,22.16284,17.05035],"to":[10.705,20.56284,14.45035],"rotation":{"angle":-45,"axis":"x","origin":[8,8.46063,8.005]},"faces":{"north":{"uv":[9,11,10,12],"texture":"#1"},"east":{"uv":[9,11,10,12],"texture":"#1"},"south":{"uv":[9,11,10,12],"texture":"#1"},"west":{"uv":[9,11,10,12],"texture":"#1"},"up":{"uv":[9,11,10,12],"rotation":90,"texture":"#1"},"down":{"uv":[9,11,11.6,12],"rotation":270,"texture":"#1"}}},{"from":[11.005,21.86284,14.75035],"to":[12.005,22.86284,15.75035],"rotation":{"angle":-45,"axis":"x","origin":[8,8.46063,8.005]},"faces":{"north":{"uv":[8,11,9,12],"texture":"#1"},"east":{"uv":[8,11,9,12],"texture":"#1"},"south":{"uv":[8,11,9,12],"texture":"#1"},"west":{"uv":[8,11,9,12],"texture":"#1"},"up":{"uv":[8,11,9,12],"rotation":90,"texture":"#1"},"down":{"uv":[8,11,9,12],"rotation":270,"texture":"#1"}}},{"from":[12.305,23.16284,16.05035],"to":[10.705,22.16284,14.45035],"rotation":{"angle":-45,"axis":"x","origin":[8,8.46063,8.005]},"faces":{"north":{"uv":[9,11,10,12],"texture":"#1"},"east":{"uv":[9,11,10,12],"texture":"#1"},"south":{"uv":[9,11,10,12],"texture":"#1"},"west":{"uv":[9,11,10,12],"texture":"#1"},"down":{"uv":[9,11,10,12],"rotation":270,"texture":"#1"}}},{"from":[11.005,20.86284,14.75035],"to":[12.005,21.86284,16.75035],"rotation":{"angle":-45,"axis":"x","origin":[8,8.46063,8.005]},"faces":{"north":{"uv":[8,11,9,12],"texture":"#1"},"east":{"uv":[8,11,9,12],"texture":"#1"},"south":{"uv":[8,11,9,12],"texture":"#1"},"west":{"uv":[8,11,9,12],"texture":"#1"},"up":{"uv":[8,11,9,12],"rotation":90,"texture":"#1"},"down":{"uv":[8,11,9,12],"rotation":270,"texture":"#1"}}},{"from":[12.305,22.51639,17.40391],"to":[10.705,20.91639,14.80391],"rotation":{"angle":-45,"axis":"x","origin":[8,8.46063,8.005]},"faces":{"north":{"uv":[9,10,10,11],"texture":"#1"},"east":{"uv":[9,10,10,11],"texture":"#1"},"south":{"uv":[9,10,10,11],"texture":"#1"},"west":{"uv":[9,10,10,11],"texture":"#1"},"up":{"uv":[9,10,10,11],"rotation":90,"texture":"#1"},"down":{"uv":[9,10,11.6,11],"rotation":270,"texture":"#1"}}},{"from":[11.055,22.21639,15.15391],"to":[11.955,23.11639,16.05391],"rotation":{"angle":-45,"axis":"x","origin":[8,8.46063,8.005]},"faces":{"north":{"uv":[8,10,9,11],"texture":"#1"},"east":{"uv":[8,10,9,11],"texture":"#1"},"south":{"uv":[8,10,9,11],"texture":"#1"},"west":{"uv":[8,10,9,11],"texture":"#1"},"up":{"uv":[8,10,9,11],"rotation":90,"texture":"#1"},"down":{"uv":[8,10,9,11],"rotation":270,"texture":"#1"}}},{"from":[12.305,23.51639,16.40391],"to":[10.705,22.51639,14.80391],"rotation":{"angle":-45,"axis":"x","origin":[8,8.46063,8.005]},"faces":{"north":{"uv":[9,10,10,11],"texture":"#1"},"east":{"uv":[9,10,10,11],"texture":"#1"},"south":{"uv":[9,10,10,11],"texture":"#1"},"west":{"uv":[9,10,10,11],"texture":"#1"},"down":{"uv":[9,10,10,11],"rotation":270,"texture":"#1"}}},{"from":[11.055,21.31639,15.15391],"to":[11.955,22.21639,16.95391],"rotation":{"angle":-45,"axis":"x","origin":[8,8.46063,8.005]},"faces":{"north":{"uv":[8,10,9,11],"texture":"#1"},"east":{"uv":[8,10,9,11],"texture":"#1"},"south":{"uv":[8,10,9,11],"texture":"#1"},"west":{"uv":[8,10,9,11],"texture":"#1"},"up":{"uv":[8,10,9,11],"rotation":90,"texture":"#1"},"down":{"uv":[8,10,9,11],"rotation":270,"texture":"#1"}}},{"from":[12.305,22.86994,17.75746],"to":[10.705,21.26994,15.15746],"rotation":{"angle":-45,"axis":"x","origin":[8,8.46063,8.005]},"faces":{"north":{"uv":[9,9,10,10],"texture":"#1"},"east":{"uv":[9,9,10,10],"texture":"#1"},"south":{"uv":[9,9,10,10],"texture":"#1"},"west":{"uv":[9,9,10,10],"texture":"#1"},"up":{"uv":[9,9,10,10],"rotation":90,"texture":"#1"},"down":{"uv":[9,9,11.6,10],"rotation":270,"texture":"#1"}}},{"from":[11.105,22.46994,15.55746],"to":[11.905,23.26994,16.35746],"rotation":{"angle":-45,"axis":"x","origin":[8,8.46063,8.005]},"faces":{"north":{"uv":[8,9,9,10],"texture":"#1"},"east":{"uv":[8,9,9,10],"texture":"#1"},"south":{"uv":[8,9,9,10],"texture":"#1"},"west":{"uv":[8,9,9,10],"texture":"#1"},"up":{"uv":[8,9,9,10],"rotation":90,"texture":"#1"},"down":{"uv":[8,9,9,10],"rotation":270,"texture":"#1"}}},{"from":[12.305,23.86994,16.75746],"to":[10.705,22.86994,15.15746],"rotation":{"angle":-45,"axis":"x","origin":[8,8.46063,8.005]},"faces":{"north":{"uv":[9,9,10,10],"texture":"#1"},"east":{"uv":[9,9,10,10],"texture":"#1"},"south":{"uv":[9,9,10,10],"texture":"#1"},"west":{"uv":[9,9,10,10],"texture":"#1"},"down":{"uv":[9,9,10,10],"rotation":270,"texture":"#1"}}},{"from":[11.105,21.66994,15.55746],"to":[11.905,22.46994,17.15746],"rotation":{"angle":-45,"axis":"x","origin":[8,8.46063,8.005]},"faces":{"north":{"uv":[8,9,9,10],"texture":"#1"},"east":{"uv":[8,9,9,10],"texture":"#1"},"south":{"uv":[8,9,9,10],"texture":"#1"},"west":{"uv":[8,9,9,10],"texture":"#1"},"up":{"uv":[8,9,9,10],"rotation":90,"texture":"#1"},"down":{"uv":[8,9,9,10],"rotation":270,"texture":"#1"}}},{"from":[5.305,12.97045,19.17167],"to":[3.705,11.37045,16.57167],"rotation":{"angle":-45,"axis":"x","origin":[8,8.46063,8.005]},"faces":{"north":{"uv":[13,15,14,16],"texture":"#1"},"east":{"uv":[13,15,14,16],"texture":"#1"},"south":{"uv":[13,15,14,16],"texture":"#1"},"west":{"uv":[13,15,14,16],"texture":"#1"},"up":{"uv":[13,15,14,16],"rotation":90,"texture":"#1"},"down":{"uv":[13,15,15.6,16],"rotation":270,"texture":"#1"}}},{"from":[4.105,12.57045,16.97167],"to":[4.905,13.37045,17.77167],"rotation":{"angle":-45,"axis":"x","origin":[8,8.46063,8.005]},"faces":{"north":{"uv":[12,15,13,16],"texture":"#1"},"east":{"uv":[12,15,13,16],"texture":"#1"},"south":{"uv":[12,15,13,16],"texture":"#1"},"west":{"uv":[12,15,13,16],"texture":"#1"},"up":{"uv":[12,15,13,16],"rotation":90,"texture":"#1"},"down":{"uv":[12,15,13,16],"rotation":270,"texture":"#1"}}},{"from":[5.305,13.97045,18.17167],"to":[3.705,12.97045,16.57167],"rotation":{"angle":-45,"axis":"x","origin":[8,8.46063,8.005]},"faces":{"north":{"uv":[13,15,14,16],"texture":"#1"},"east":{"uv":[13,15,14,16],"texture":"#1"},"south":{"uv":[13,15,14,16],"texture":"#1"},"west":{"uv":[13,15,14,16],"texture":"#1"},"down":{"uv":[13,15,14,16],"rotation":270,"texture":"#1"}}},{"from":[4.105,11.77045,16.97167],"to":[4.905,12.57045,18.57167],"rotation":{"angle":-45,"axis":"x","origin":[8,8.46063,8.005]},"faces":{"north":{"uv":[12,15,13,16],"texture":"#1"},"east":{"uv":[12,15,13,16],"texture":"#1"},"south":{"uv":[12,15,13,16],"texture":"#1"},"west":{"uv":[12,15,13,16],"texture":"#1"},"up":{"uv":[12,15,13,16],"rotation":90,"texture":"#1"},"down":{"uv":[12,15,13,16],"rotation":270,"texture":"#1"}}},{"from":[5.305,13.324,19.52523],"to":[3.705,11.724,16.92523],"rotation":{"angle":-45,"axis":"x","origin":[8,8.46063,8.005]},"faces":{"north":{"uv":[13,14,14,15],"texture":"#1"},"east":{"uv":[13,14,14,15],"texture":"#1"},"south":{"uv":[13,14,14,15],"texture":"#1"},"west":{"uv":[13,14,14,15],"texture":"#1"},"up":{"uv":[13,14,14,15],"rotation":90,"texture":"#1"},"down":{"uv":[13,14,15.6,15],"rotation":270,"texture":"#1"}}},{"from":[4.045,12.98865,17.28987],"to":[4.945,13.98865,18.18987],"rotation":{"angle":-45,"axis":"x","origin":[8,8.46063,8.005]},"faces":{"north":{"uv":[12,14,13,15],"texture":"#1"},"east":{"uv":[12,14,13,15],"texture":"#1"},"south":{"uv":[12,14,13,15],"texture":"#1"},"west":{"uv":[12,14,13,15],"texture":"#1"},"up":{"uv":[12,14,13,15],"rotation":90,"texture":"#1"},"down":{"uv":[12,14,13,15],"rotation":270,"texture":"#1"}}},{"from":[5.305,14.324,18.52523],"to":[3.705,13.324,16.92523],"rotation":{"angle":-45,"axis":"x","origin":[8,8.46063,8.005]},"faces":{"north":{"uv":[13,14,14,15],"texture":"#1"},"east":{"uv":[13,14,14,15],"texture":"#1"},"south":{"uv":[13,14,14,15],"texture":"#1"},"west":{"uv":[13,14,14,15],"texture":"#1"},"down":{"uv":[13,14,14,15],"rotation":270,"texture":"#1"}}},{"from":[4.045,12.08865,17.28987],"to":[4.945,12.98865,19.08987],"rotation":{"angle":-45,"axis":"x","origin":[8,8.46063,8.005]},"faces":{"north":{"uv":[12,14,13,15],"texture":"#1"},"east":{"uv":[12,14,13,15],"texture":"#1"},"south":{"uv":[12,14,13,15],"texture":"#1"},"west":{"uv":[12,14,13,15],"texture":"#1"},"up":{"uv":[12,14,13,15],"rotation":90,"texture":"#1"},"down":{"uv":[12,14,13,15],"rotation":270,"texture":"#1"}}},{"from":[5.305,13.67756,19.87878],"to":[3.705,12.07756,17.27878],"rotation":{"angle":-45,"axis":"x","origin":[8,8.46063,8.005]},"faces":{"north":{"uv":[13,13,14,14],"texture":"#1"},"east":{"uv":[13,13,14,14],"texture":"#1"},"south":{"uv":[13,13,14,14],"texture":"#1"},"west":{"uv":[13,13,14,14],"texture":"#1"},"up":{"uv":[13,13,14,14],"rotation":90,"texture":"#1"},"down":{"uv":[13,13,15.6,14],"rotation":270,"texture":"#1"}}},{"from":[4.005,13.37756,17.57878],"to":[5.005,14.37756,18.57878],"rotation":{"angle":-45,"axis":"x","origin":[8,8.46063,8.005]},"faces":{"north":{"uv":[12,13,13,14],"texture":"#1"},"east":{"uv":[12,13,13,14],"texture":"#1"},"south":{"uv":[12,13,13,14],"texture":"#1"},"west":{"uv":[12,13,13,14],"texture":"#1"},"up":{"uv":[12,13,13,14],"rotation":90,"texture":"#1"},"down":{"uv":[12,13,13,14],"rotation":270,"texture":"#1"}}},{"from":[5.305,14.67756,18.87878],"to":[3.705,13.67756,17.27878],"rotation":{"angle":-45,"axis":"x","origin":[8,8.46063,8.005]},"faces":{"north":{"uv":[13,13,14,14],"texture":"#1"},"east":{"uv":[13,13,14,14],"texture":"#1"},"south":{"uv":[13,13,14,14],"texture":"#1"},"west":{"uv":[13,13,14,14],"texture":"#1"},"down":{"uv":[13,13,14,14],"rotation":270,"texture":"#1"}}},{"from":[4.005,12.37756,17.57878],"to":[5.005,13.37756,19.57878],"rotation":{"angle":-45,"axis":"x","origin":[8,8.46063,8.005]},"faces":{"north":{"uv":[12,13,13,14],"texture":"#1"},"east":{"uv":[12,13,13,14],"texture":"#1"},"south":{"uv":[12,13,13,14],"texture":"#1"},"west":{"uv":[12,13,13,14],"texture":"#1"},"up":{"uv":[12,13,13,14],"rotation":90,"texture":"#1"},"down":{"uv":[12,13,13,14],"rotation":270,"texture":"#1"}}},{"from":[5.305,14.03111,20.23233],"to":[3.705,12.43111,17.63233],"rotation":{"angle":-45,"axis":"x","origin":[8,8.46063,8.005]},"faces":{"north":{"uv":[13,12,14,13],"texture":"#1"},"east":{"uv":[13,12,14,13],"texture":"#1"},"south":{"uv":[13,12,14,13],"texture":"#1"},"west":{"uv":[13,12,14,13],"texture":"#1"},"up":{"uv":[13,12,14,13],"rotation":90,"texture":"#1"},"down":{"uv":[13,12,15.6,13],"rotation":270,"texture":"#1"}}},{"from":[4.005,13.73111,17.93233],"to":[5.005,14.73111,18.93233],"rotation":{"angle":-45,"axis":"x","origin":[8,8.46063,8.005]},"faces":{"north":{"uv":[12,12,13,13],"texture":"#1"},"east":{"uv":[12,12,13,13],"texture":"#1"},"south":{"uv":[12,12,13,13],"texture":"#1"},"west":{"uv":[12,12,13,13],"texture":"#1"},"up":{"uv":[12,12,13,13],"rotation":90,"texture":"#1"},"down":{"uv":[12,12,13,13],"rotation":270,"texture":"#1"}}},{"from":[5.305,15.03111,19.23233],"to":[3.705,14.03111,17.63233],"rotation":{"angle":-45,"axis":"x","origin":[8,8.46063,8.005]},"faces":{"north":{"uv":[13,12,14,13],"texture":"#1"},"east":{"uv":[13,12,14,13],"texture":"#1"},"south":{"uv":[13,12,14,13],"texture":"#1"},"west":{"uv":[13,12,14,13],"texture":"#1"},"down":{"uv":[13,12,14,13],"rotation":270,"texture":"#1"}}},{"from":[4.005,12.73111,17.93233],"to":[5.005,13.73111,19.93233],"rotation":{"angle":-45,"axis":"x","origin":[8,8.46063,8.005]},"faces":{"north":{"uv":[12,12,13,13],"texture":"#1"},"east":{"uv":[12,12,13,13],"texture":"#1"},"south":{"uv":[12,12,13,13],"texture":"#1"},"west":{"uv":[12,12,13,13],"texture":"#1"},"up":{"uv":[12,12,13,13],"rotation":90,"texture":"#1"},"down":{"uv":[12,12,13,13],"rotation":270,"texture":"#1"}}},{"from":[5.305,14.38466,20.58589],"to":[3.705,12.78466,17.98589],"rotation":{"angle":-45,"axis":"x","origin":[8,8.46063,8.005]},"faces":{"north":{"uv":[13,11,14,12],"texture":"#1"},"east":{"uv":[13,11,14,12],"texture":"#1"},"south":{"uv":[13,11,14,12],"texture":"#1"},"west":{"uv":[13,11,14,12],"texture":"#1"},"up":{"uv":[13,11,14,12],"rotation":90,"texture":"#1"},"down":{"uv":[13,11,15.6,12],"rotation":270,"texture":"#1"}}},{"from":[4.005,14.08466,18.28589],"to":[5.005,15.08466,19.28589],"rotation":{"angle":-45,"axis":"x","origin":[8,8.46063,8.005]},"faces":{"north":{"uv":[12,11,13,12],"texture":"#1"},"east":{"uv":[12,11,13,12],"texture":"#1"},"south":{"uv":[12,11,13,12],"texture":"#1"},"west":{"uv":[12,11,13,12],"texture":"#1"},"up":{"uv":[12,11,13,12],"rotation":90,"texture":"#1"},"down":{"uv":[12,11,13,12],"rotation":270,"texture":"#1"}}},{"from":[5.305,15.38466,19.58589],"to":[3.705,14.38466,17.98589],"rotation":{"angle":-45,"axis":"x","origin":[8,8.46063,8.005]},"faces":{"north":{"uv":[13,11,14,12],"texture":"#1"},"east":{"uv":[13,11,14,12],"texture":"#1"},"south":{"uv":[13,11,14,12],"texture":"#1"},"west":{"uv":[13,11,14,12],"texture":"#1"},"down":{"uv":[13,11,14,12],"rotation":270,"texture":"#1"}}},{"from":[4.005,13.08466,18.28589],"to":[5.005,14.08466,20.28589],"rotation":{"angle":-45,"axis":"x","origin":[8,8.46063,8.005]},"faces":{"north":{"uv":[12,11,13,12],"texture":"#1"},"east":{"uv":[12,11,13,12],"texture":"#1"},"south":{"uv":[12,11,13,12],"texture":"#1"},"west":{"uv":[12,11,13,12],"texture":"#1"},"up":{"uv":[12,11,13,12],"rotation":90,"texture":"#1"},"down":{"uv":[12,11,13,12],"rotation":270,"texture":"#1"}}},{"from":[5.305,14.73822,20.93944],"to":[3.705,13.13822,18.33944],"rotation":{"angle":-45,"axis":"x","origin":[8,8.46063,8.005]},"faces":{"north":{"uv":[13,10,14,11],"texture":"#1"},"east":{"uv":[13,10,14,11],"texture":"#1"},"south":{"uv":[13,10,14,11],"texture":"#1"},"west":{"uv":[13,10,14,11],"texture":"#1"},"up":{"uv":[13,10,14,11],"rotation":90,"texture":"#1"},"down":{"uv":[13,10,15.6,11],"rotation":270,"texture":"#1"}}},{"from":[4.055,14.43822,18.68944],"to":[4.955,15.33822,19.58944],"rotation":{"angle":-45,"axis":"x","origin":[8,8.46063,8.005]},"faces":{"north":{"uv":[12,10,13,11],"texture":"#1"},"east":{"uv":[12,10,13,11],"texture":"#1"},"south":{"uv":[12,10,13,11],"texture":"#1"},"west":{"uv":[12,10,13,11],"texture":"#1"},"up":{"uv":[12,10,13,11],"rotation":90,"texture":"#1"},"down":{"uv":[12,10,13,11],"rotation":270,"texture":"#1"}}},{"from":[5.305,15.73822,19.93944],"to":[3.705,14.73822,18.33944],"rotation":{"angle":-45,"axis":"x","origin":[8,8.46063,8.005]},"faces":{"north":{"uv":[13,10,14,11],"texture":"#1"},"east":{"uv":[13,10,14,11],"texture":"#1"},"south":{"uv":[13,10,14,11],"texture":"#1"},"west":{"uv":[13,10,14,11],"texture":"#1"},"down":{"uv":[13,10,14,11],"rotation":270,"texture":"#1"}}},{"from":[4.055,13.53822,18.68944],"to":[4.955,14.43822,20.48944],"rotation":{"angle":-45,"axis":"x","origin":[8,8.46063,8.005]},"faces":{"north":{"uv":[12,10,13,11],"texture":"#1"},"east":{"uv":[12,10,13,11],"texture":"#1"},"south":{"uv":[12,10,13,11],"texture":"#1"},"west":{"uv":[12,10,13,11],"texture":"#1"},"up":{"uv":[12,10,13,11],"rotation":90,"texture":"#1"},"down":{"uv":[12,10,13,11],"rotation":270,"texture":"#1"}}},{"from":[5.305,15.09177,21.29299],"to":[3.705,13.49177,18.69299],"rotation":{"angle":-45,"axis":"x","origin":[8,8.46063,8.005]},"faces":{"north":{"uv":[13,9,14,10],"texture":"#1"},"east":{"uv":[13,9,14,10],"texture":"#1"},"south":{"uv":[13,9,14,10],"texture":"#1"},"west":{"uv":[13,9,14,10],"texture":"#1"},"up":{"uv":[13,9,14,10],"rotation":90,"texture":"#1"},"down":{"uv":[13,9,15.6,10],"rotation":270,"texture":"#1"}}},{"from":[4.105,14.69177,19.09299],"to":[4.905,15.49177,19.89299],"rotation":{"angle":-45,"axis":"x","origin":[8,8.46063,8.005]},"faces":{"north":{"uv":[12,9,13,10],"texture":"#1"},"east":{"uv":[12,9,13,10],"texture":"#1"},"south":{"uv":[12,9,13,10],"texture":"#1"},"west":{"uv":[12,9,13,10],"texture":"#1"},"up":{"uv":[12,9,13,10],"rotation":90,"texture":"#1"},"down":{"uv":[12,9,13,10],"rotation":270,"texture":"#1"}}},{"from":[5.305,16.09177,20.29299],"to":[3.705,15.09177,18.69299],"rotation":{"angle":-45,"axis":"x","origin":[8,8.46063,8.005]},"faces":{"north":{"uv":[13,9,14,10],"texture":"#1"},"east":{"uv":[13,9,14,10],"texture":"#1"},"south":{"uv":[13,9,14,10],"texture":"#1"},"west":{"uv":[13,9,14,10],"texture":"#1"},"down":{"uv":[13,9,14,10],"rotation":270,"texture":"#1"}}},{"from":[4.105,13.89177,19.09299],"to":[4.905,14.69177,20.69299],"rotation":{"angle":-45,"axis":"x","origin":[8,8.46063,8.005]},"faces":{"north":{"uv":[12,9,13,10],"texture":"#1"},"east":{"uv":[12,9,13,10],"texture":"#1"},"south":{"uv":[12,9,13,10],"texture":"#1"},"west":{"uv":[12,9,13,10],"texture":"#1"},"up":{"uv":[12,9,13,10],"rotation":90,"texture":"#1"},"down":{"uv":[12,9,13,10],"rotation":270,"texture":"#1"}}}],"gui_light":"front","display":{"thirdperson_righthand":{"rotation":[34,42,0],"translation":[-0.25,-1.25,2],"scale":[0.75,0.75,0.75]},"thirdperson_lefthand":{"rotation":[34,42,0],"translation":[-0.25,-1.25,2],"scale":[0.75,0.75,0.75]},"firstperson_righthand":{"rotation":[6,38,0],"translation":[-0.25,0,-0.5],"scale":[0.54883,0.54883,0.54883]},"firstperson_lefthand":{"rotation":[6,38,0],"translation":[-0.25,0,-0.5],"scale":[0.54883,0.54883,0.54883]},"ground":{"rotation":[94,85,0],"translation":[0,0.25,-0.75],"scale":[0.5,0.5,0.5]},"gui":{"rotation":[-90,45,88],"translation":[0.75,-0.5,0],"scale":[0.45,0.45,0.45]},"head":{"rotation":[90,-171,90],"translation":[-2.25,9.25,0.25],"scale":[0.7,0.7,0.7]},"fixed":{"rotation":[0,90,0],"translation":[-0.25,-2,-2.75],"scale":[1.42109,1.42109,1.42109]}},"groups":[0,1,2,3,4,5,6,7,8,9,10,11,12,13,14,15,16,17,18,19,{"name":"particles","origin":[8,8,8],"color":0,"boneType":"","children":[{"name":"particle1","origin":[8,8,8],"color":0,"boneType":"","children":[{"name":"heart1","origin":[0,0,0],"color":0,"boneType":"","children":[20,21,22,23]},{"name":"heart2","origin":[0,0,0],"color":0,"boneType":"","children":[24,25,26,27]},{"name":"heart3","origin":[0,0,0],"color":0,"boneType":"","children":[28,29,30,31]},{"name":"heart4","origin":[0,0,0],"color":0,"boneType":"","children":[32,33,34,35]},{"name":"heart5","origin":[0,0,0],"color":0,"boneType":"","children":[36,37,38,39]},{"name":"heart6","origin":[0,0,0],"color":0,"boneType":"","children":[40,41,42,43]},{"name":"heart7","origin":[0,0,0],"color":0,"boneType":"","children":[44,45,46,47]}]},{"name":"particle2","origin":[8,8,8],"color":0,"boneType":"","children":[{"name":"heart1","origin":[0,0,0],"color":0,"boneType":"","children":[48,49,50,51]},{"name":"heart2","origin":[0,0,0],"color":0,"boneType":"","children":[52,53,54,55]},{"name":"heart3","origin":[0,0,0],"color":0,"boneType":"","children":[56,57,58,59]},{"name":"heart4","origin":[0,0,0],"color":0,"boneType":"","children":[60,61,62,63]},{"name":"heart5","origin":[0,0,0],"color":0,"boneType":"","children":[64,65,66,67]},{"name":"heart6","origin":[0,0,0],"color":0,"boneType":"","children":[68,69,70,71]},{"name":"heart7","origin":[0,0,0],"color":0,"boneType":"","children":[72,73,74,75]}]},{"name":"particle3","origin":[8,8,8],"color":0,"boneType":"","children":[{"name":"heart1","origin":[0,0,0],"color":0,"boneType":"","children":[76,77,78,79]},{"name":"heart2","origin":[0,0,0],"color":0,"boneType":"","children":[80,81,82,83]},{"name":"heart3","origin":[0,0,0],"color":0,"boneType":"","children":[84,85,86,87]},{"name":"heart4","origin":[0,0,0],"color":0,"boneType":"","children":[88,89,90,91]},{"name":"heart5","origin":[0,0,0],"color":0,"boneType":"","children":[92,93,94,95]},{"name":"heart6","origin":[0,0,0],"color":0,"boneType":"","children":[96,97,98,99]},{"name":"heart7","origin":[0,0,0],"color":0,"boneType":"","children":[100,101,102,103]}]},{"name":"particle4","origin":[8,8,8],"color":0,"boneType":"","children":[{"name":"heart1","origin":[0,0,0],"color":0,"boneType":"","children":[104,105,106,107]},{"name":"heart2","origin":[0,0,0],"color":0,"boneType":"","children":[108,109,110,111]},{"name":"heart3","origin":[0,0,0],"color":0,"boneType":"","children":[112,113,114,115]},{"name":"heart4","origin":[0,0,0],"color":0,"boneType":"","children":[116,117,118,119]},{"name":"heart5","origin":[0,0,0],"color":0,"boneType":"","children":[120,121,122,123]},{"name":"heart6","origin":[0,0,0],"color":0,"boneType":"","children":[124,125,126,127]},{"name":"heart7","origin":[0,0,0],"color":0,"boneType":"","children":[128,129,130,131]}]}]}]}