{
  "credit": "Made by PolygonMC",
  "texture_size": [
    24,
    24
  ],
  "textures": {
    "1": "ufoset:animations/animations_ufo",
    "3": "ufoset:backpack",
    "particle": "ufoset:animations/animations_ufo"
  },
  "elements": [
    {
      "from": [
        5.5,
        8.97,
        3.03
      ],
      "to": [
        6.5,
        9,
        6.03
      ],
      "rotation": {
        "angle": 0,
        "axis": "x",
        "origin": [
          6,
          8.97,
          5.03
        ]
      },
      "faces": {
        "up": {
          "uv": [
            4,
            12.66667,
            3.33333,
            10.66667
          ],
          "texture": "#3"
        },
        "down": {
          "uv": [
            4,
            10.66667,
            3.33333,
            12.66667
          ],
          "texture": "#3"
        }
      }
    },
    {
      "from": [
        5.5,
        1.97,
        3.03
      ],
      "to": [
        6.5,
        2,
        6.03
      ],
      "rotation": {
        "angle": 0,
        "axis": "x",
        "origin": [
          6,
          8.97,
          5.03
        ]
      },
      "faces": {
        "up": {
          "uv": [
            4,
            12.66667,
            3.33333,
            10.66667
          ],
          "texture": "#3"
        },
        "down": {
          "uv": [
            4,
            10.66667,
            3.33333,
            12.66667
          ],
          "texture": "#3"
        }
      }
    },
    {
      "from": [
        5.5,
        8,
        6
      ],
      "to": [
        6.5,
        9,
        6.03
      ],
      "rotation": {
        "angle": 0,
        "axis": "y",
        "origin": [
          6.5,
          8,
          6
        ]
      },
      "faces": {
        "north": {
          "uv": [
            3.33333,
            8,
            2.66667,
            8.66667
          ],
          "texture": "#3"
        },
        "south": {
          "uv": [
            2.66667,
            8,
            3.33333,
            8.66667
          ],
          "texture": "#3"
        }
      }
    },
    {
      "from": [
        5.5,
        2,
        3.03
      ],
      "to": [
        6.5,
        9,
        3.06
      ],
      "rotation": {
        "angle": 0,
        "axis": "y",
        "origin": [
          6.5,
          7,
          3.03
        ]
      },
      "faces": {
        "north": {
          "uv": [
            8.66667,
            9.33333,
            9.33333,
            14
          ],
          "texture": "#3"
        },
        "south": {
          "uv": [
            9.33333,
            9.33333,
            8.66667,
            14
          ],
          "texture": "#3"
        }
      }
    },
    {
      "from": [
        9.5,
        8,
        6
      ],
      "to": [
        10.5,
        9,
        6.03
      ],
      "rotation": {
        "angle": 0,
        "axis": "y",
        "origin": [
          9.5,
          8,
          6
        ]
      },
      "faces": {
        "north": {
          "uv": [
            2.66667,
            8,
            3.33333,
            8.66667
          ],
          "texture": "#3"
        },
        "south": {
          "uv": [
            3.33333,
            8,
            2.66667,
            8.66667
          ],
          "texture": "#3"
        }
      }
    },
    {
      "from": [
        9.5,
        8.97,
        3.03
      ],
      "to": [
        10.5,
        9,
        6.03
      ],
      "rotation": {
        "angle": 0,
        "axis": "x",
        "origin": [
          10,
          8.97,
          5.03
        ]
      },
      "faces": {
        "up": {
          "uv": [
            3.33333,
            12.66667,
            4,
            10.66667
          ],
          "texture": "#3"
        },
        "down": {
          "uv": [
            3.33333,
            10.66667,
            4,
            12.66667
          ],
          "texture": "#3"
        }
      }
    },
    {
      "from": [
        9.5,
        2,
        3.03
      ],
      "to": [
        10.5,
        9,
        3.06
      ],
      "rotation": {
        "angle": 0,
        "axis": "y",
        "origin": [
          9.5,
          7,
          3.03
        ]
      },
      "faces": {
        "north": {
          "uv": [
            9.33333,
            9.33333,
            8.66667,
            14
          ],
          "texture": "#3"
        },
        "south": {
          "uv": [
            8.66667,
            9.33333,
            9.33333,
            14
          ],
          "texture": "#3"
        }
      }
    },
    {
      "from": [
        9.5,
        1.97,
        3.03
      ],
      "to": [
        10.5,
        2,
        6.03
      ],
      "rotation": {
        "angle": 0,
        "axis": "x",
        "origin": [
          10,
          8.97,
          5.03
        ]
      },
      "faces": {
        "up": {
          "uv": [
            3.33333,
            12.66667,
            4,
            10.66667
          ],
          "texture": "#3"
        },
        "down": {
          "uv": [
            3.33333,
            10.66667,
            4,
            12.66667
          ],
          "texture": "#3"
        }
      }
    },
    {
      "from": [
        5,
        5,
        6
      ],
      "to": [
        11,
        8,
        9
      ],
      "rotation": {
        "angle": 0,
        "axis": "y",
        "origin": [
          5,
          0,
          0
        ]
      },
      "faces": {
        "north": {
          "uv": [
            6.66667,
            5.33333,
            10.66667,
            7.33333
          ],
          "texture": "#3"
        },
        "east": {
          "uv": [
            2.66667,
            8.66667,
            4.66667,
            10.66667
          ],
          "texture": "#3"
        },
        "south": {
          "uv": [
            6.66667,
            7.33333,
            10.66667,
            9.33333
          ],
          "texture": "#3"
        },
        "west": {
          "uv": [
            4.66667,
            8.66667,
            6.66667,
            10.66667
          ],
          "texture": "#3"
        },
        "up": {
          "uv": [
            12,
            2,
            8,
            0
          ],
          "texture": "#3"
        }
      }
    },
    {
      "from": [
        5,
        0,
        6
      ],
      "to": [
        11,
        5,
        10
      ],
      "rotation": {
        "angle": 0,
        "axis": "y",
        "origin": [
          5,
          0,
          0
        ]
      },
      "faces": {
        "north": {
          "uv": [
            0,
            0,
            4,
            3.33333
          ],
          "texture": "#3"
        },
        "east": {
          "uv": [
            4,
            5.33333,
            6.66667,
            8.66667
          ],
          "texture": "#3"
        },
        "south": {
          "uv": [
            0,
            3.33333,
            4,
            6.66667
          ],
          "texture": "#3"
        },
        "west": {
          "uv": [
            0,
            6.66667,
            2.66667,
            10
          ],
          "texture": "#3"
        },
        "up": {
          "uv": [
            8,
            2.66667,
            4,
            0
          ],
          "texture": "#3"
        },
        "down": {
          "uv": [
            8,
            2.66667,
            4,
            5.33333
          ],
          "texture": "#3"
        }
      }
    },
    {
      "from": [
        4,
        1,
        7
      ],
      "to": [
        5,
        3,
        9
      ],
      "rotation": {
        "angle": 0,
        "axis": "y",
        "origin": [
          4,
          0,
          8
        ]
      },
      "faces": {
        "north": {
          "uv": [
            4,
            10.66667,
            4.66667,
            12
          ],
          "texture": "#3"
        },
        "south": {
          "uv": [
            4.66667,
            10.66667,
            5.33333,
            12
          ],
          "texture": "#3"
        },
        "west": {
          "uv": [
            2.66667,
            6.66667,
            4,
            8
          ],
          "texture": "#3"
        },
        "up": {
          "uv": [
            6,
            12,
            5.33333,
            10.66667
          ],
          "texture": "#3"
        },
        "down": {
          "uv": [
            6.66667,
            10.66667,
            6,
            12
          ],
          "texture": "#3"
        }
      }
    },
    {
      "from": [
        11,
        1,
        7
      ],
      "to": [
        12,
        3,
        9
      ],
      "rotation": {
        "angle": 0,
        "axis": "y",
        "origin": [
          12,
          0,
          8
        ]
      },
      "faces": {
        "north": {
          "uv": [
            4.66667,
            10.66667,
            4,
            12
          ],
          "texture": "#3"
        },
        "east": {
          "uv": [
            4,
            6.66667,
            2.66667,
            8
          ],
          "texture": "#3"
        },
        "south": {
          "uv": [
            5.33333,
            10.66667,
            4.66667,
            12
          ],
          "texture": "#3"
        },
        "up": {
          "uv": [
            5.33333,
            12,
            6,
            10.66667
          ],
          "texture": "#3"
        },
        "down": {
          "uv": [
            6,
            10.66667,
            6.66667,
            12
          ],
          "texture": "#3"
        }
      }
    },
    {
      "from": [
        5,
        5.5,
        9
      ],
      "to": [
        11,
        8,
        9.5
      ],
      "rotation": {
        "angle": 0,
        "axis": "y",
        "origin": [
          5,
          0,
          0
        ]
      },
      "faces": {
        "east": {
          "uv": [
            10.66667,
            6.66667,
            11,
            8.33333
          ],
          "texture": "#3"
        },
        "south": {
          "uv": [
            8,
            2,
            12,
            3.66667
          ],
          "texture": "#3"
        },
        "west": {
          "uv": [
            9.33333,
            10.66667,
            9.66667,
            12.33333
          ],
          "texture": "#3"
        },
        "up": {
          "uv": [
            14.66667,
            5.66667,
            10.66667,
            5.33333
          ],
          "texture": "#3"
        },
        "down": {
          "uv": [
            14.66667,
            6,
            10.66667,
            6.33333
          ],
          "texture": "#3"
        }
      }
    },
    {
      "from": [
        7.5,
        5.25,
        9
      ],
      "to": [
        8.5,
        6.25,
        9.75
      ],
      "rotation": {
        "angle": 0,
        "axis": "z",
        "origin": [
          8,
          6,
          9.375
        ]
      },
      "faces": {
        "north": {
          "uv": [
            3.33333,
            8,
            4,
            8.66667
          ],
          "texture": "#3"
        },
        "east": {
          "uv": [
            2,
            10,
            2.66667,
            10.66667
          ],
          "texture": "#3"
        },
        "south": {
          "uv": [
            10.66667,
            8.66667,
            11.33333,
            9.33333
          ],
          "texture": "#3"
        },
        "west": {
          "uv": [
            10,
            10.66667,
            10.66667,
            11.33333
          ],
          "texture": "#3"
        },
        "up": {
          "uv": [
            11.33333,
            11.33333,
            10.66667,
            10.66667
          ],
          "texture": "#3"
        },
        "down": {
          "uv": [
            0.66667,
            11.33333,
            0,
            12
          ],
          "texture": "#3"
        }
      }
    },
    {
      "from": [
        6.5,
        9.25,
        8
      ],
      "to": [
        9.5,
        11.25,
        11
      ],
      "rotation": {
        "angle": 0,
        "axis": "y",
        "origin": [
          7,
          5,
          7
        ]
      },
      "faces": {
        "north": {
          "uv": [
            8,
            4,
            10,
            5.33333
          ],
          "texture": "#3"
        },
        "east": {
          "uv": [
            9.33333,
            9.33333,
            11.33333,
            10.66667
          ],
          "texture": "#3"
        },
        "south": {
          "uv": [
            0,
            10,
            2,
            11.33333
          ],
          "texture": "#3"
        },
        "west": {
          "uv": [
            10,
            4,
            12,
            5.33333
          ],
          "texture": "#3"
        },
        "up": {
          "uv": [
            8.66667,
            11.33333,
            6.66667,
            9.33333
          ],
          "texture": "#3"
        }
      }
    },
    {
      "from": [
        6,
        7.75,
        7.5
      ],
      "to": [
        10,
        9.25,
        11.5
      ],
      "rotation": {
        "angle": 0,
        "axis": "y",
        "origin": [
          7,
          3.5,
          7
        ]
      },
      "faces": {
        "north": {
          "uv": [
            8,
            0,
            16,
            3
          ],
          "texture": "#1"
        },
        "east": {
          "uv": [
            8,
            4,
            16,
            7
          ],
          "texture": "#1"
        },
        "south": {
          "uv": [
            8,
            8,
            16,
            11
          ],
          "texture": "#1"
        },
        "west": {
          "uv": [
            8,
            12,
            16,
            15
          ],
          "texture": "#1"
        },
        "up": {
          "uv": [
            8,
            8,
            0,
            0
          ],
          "texture": "#1"
        },
        "down": {
          "uv": [
            8,
            8,
            0,
            16
          ],
          "texture": "#1"
        }
      }
    },
    {
      "from": [
        7,
        7.25,
        8.5
      ],
      "to": [
        9,
        7.75,
        10.5
      ],
      "rotation": {
        "angle": 0,
        "axis": "y",
        "origin": [
          7,
          3,
          7
        ]
      },
      "faces": {
        "north": {
          "uv": [
            0.66667,
            11.33333,
            2,
            11.66667
          ],
          "texture": "#3"
        },
        "east": {
          "uv": [
            6.66667,
            11.33333,
            8,
            11.66667
          ],
          "texture": "#3"
        },
        "south": {
          "uv": [
            11.33333,
            6.66667,
            12.66667,
            7
          ],
          "texture": "#3"
        },
        "west": {
          "uv": [
            11.33333,
            7.33333,
            12.66667,
            7.66667
          ],
          "texture": "#3"
        },
        "down": {
          "uv": [
            3.33333,
            10.66667,
            2,
            12
          ],
          "texture": "#3"
        }
      }
    },
    {
      "from": [
        7.4,
        6.75,
        8.9
      ],
      "to": [
        8.6,
        7.25,
        10.1
      ],
      "rotation": {
        "angle": 0,
        "axis": "y",
        "origin": [
          6.5,
          -3.5,
          7.5
        ]
      },
      "faces": {
        "north": {
          "uv": [
            11.33333,
            8.66667,
            12,
            9
          ],
          "texture": "#3"
        },
        "east": {
          "uv": [
            11.33333,
            9.33333,
            12,
            9.66667
          ],
          "texture": "#3"
        },
        "south": {
          "uv": [
            10,
            11.33333,
            10.66667,
            11.66667
          ],
          "texture": "#3"
        },
        "west": {
          "uv": [
            11.33333,
            10,
            12,
            10.33333
          ],
          "texture": "#3"
        },
        "up": {
          "uv": [
            8.66667,
            12,
            8,
            11.33333
          ],
          "texture": "#3"
        },
        "down": {
          "uv": [
            12,
            8,
            11.33333,
            8.66667
          ],
          "texture": "#3"
        }
      }
    }
  ],
  "gui_light": "front",
  "display": {
    "thirdperson_righthand": {
      "rotation": [
        -122,
        0,
        -180
      ],
      "translation": [
        0,
        -0.75,
        -1.75
      ]
    },
    "thirdperson_lefthand": {
      "rotation": [
        66.75,
        0,
        0
      ],
      "translation": [
        -5.5,
        -5.75,
        12.5
      ],
      "scale": [
        1.32422,
        1.32422,
        1.32422
      ]
    },
    "firstperson_righthand": {
      "rotation": [
        -26.25,
        0,
        0
      ],
      "translation": [
        -1.5,
        7.75,
        0
      ]
    },
    "firstperson_lefthand": {
      "rotation": [
        -26.25,
        0,
        0
      ],
      "translation": [
        -1.5,
        7.75,
        0
      ],
      "scale": [
        0,
        0,
        0
      ]
    },
    "ground": {
      "rotation": [
        -40,
        0,
        0
      ],
      "translation": [
        0,
        7.5,
        -1.5
      ]
    },
    "gui": {
      "rotation": [
        30,
        -45,
        0
      ],
      "translation": [
        -1.25,
        3.5,
        0
      ],
      "scale": [
        1.33984,
        1.33984,
        1.33984
      ]
    },
    "head": {
      "translation": [
        0,
        -8.5,
        7.75
      ],
      "scale": [
        2.25195,
        2.25195,
        2.25195
      ]
    },
    "fixed": {
      "rotation": [
        -90,
        180,
        0
      ],
      "translation": [
        0,
        0,
        -26.5
      ],
      "scale": [
        3.31641,
        3.31641,
        3.31641
      ]
    }
  },
  "groups": [
    {
      "name": "backpack",
      "origin": [
        6.5,
        8,
        7.599
      ],
      "color": 0,
      "boneType": "",
      "children": [
        0,
        1,
        2,
        3,
        4,
        5,
        6,
        7,
        8,
        9,
        10,
        11,
        12,
        13,
        14,
        15,
        16,
        17
      ]
    }
  ]
}