{
  "credit": "Made by PolygonMC",
  "texture_size": [
    24,
    24
  ],
  "textures": {
    "1": "ufoset:animations/animations_axe",
    "2": "ufoset:crossbow"
  },
  "elements": [
    {
      "from": [
        8.5,
        7,
        3.5
      ],
      "to": [
        9,
        9,
        5
      ],
      "rotation": {
        "angle": -45,
        "axis": "z",
        "origin": [
          8,
          8,
          4.25
        ]
      },
      "faces": {
        "north": {
          "uv": [
            12,
            5.33333,
            12.33333,
            6.66667
          ],
          "texture": "#2"
        },
        "east": {
          "uv": [
            6.66667,
            4.66667,
            7.66667,
            6
          ],
          "texture": "#2"
        },
        "south": {
          "uv": [
            6,
            12,
            6.33333,
            13.33333
          ],
          "texture": "#2"
        },
        "west": {
          "uv": [
            6.66667,
            6,
            7.66667,
            7.33333
          ],
          "texture": "#2"
        },
        "up": {
          "uv": [
            13,
            5.66667,
            12.66667,
            4.66667
          ],
          "texture": "#2"
        },
        "down": {
          "uv": [
            5.66667,
            12.66667,
            5.33333,
            13.66667
          ],
          "texture": "#2"
        }
      }
    },
    {
      "from": [
        7.5,
        8.5,
        3.5
      ],
      "to": [
        8.5,
        9,
        5
      ],
      "rotation": {
        "angle": -45,
        "axis": "z",
        "origin": [
          8,
          8,
          4.25
        ]
      },
      "faces": {
        "north": {
          "uv": [
            12.66667,
            8.66667,
            13.33333,
            9
          ],
          "texture": "#2"
        },
        "south": {
          "uv": [
            12.66667,
            9.33333,
            13.33333,
            9.66667
          ],
          "texture": "#2"
        },
        "up": {
          "uv": [
            4,
            12.33333,
            3.33333,
            11.33333
          ],
          "texture": "#2"
        },
        "down": {
          "uv": [
            12,
            3.33333,
            11.33333,
            4.33333
          ],
          "texture": "#2"
        }
      }
    },
    {
      "from": [
        7.5,
        7,
        3.5
      ],
      "to": [
        8.5,
        7.5,
        5
      ],
      "rotation": {
        "angle": -45,
        "axis": "z",
        "origin": [
          8,
          8,
          4.25
        ]
      },
      "faces": {
        "north": {
          "uv": [
            10,
            12.66667,
            10.66667,
            13
          ],
          "texture": "#2"
        },
        "south": {
          "uv": [
            12.66667,
            10,
            13.33333,
            10.33333
          ],
          "texture": "#2"
        },
        "up": {
          "uv": [
            4.66667,
            12.33333,
            4,
            11.33333
          ],
          "texture": "#2"
        },
        "down": {
          "uv": [
            5.33333,
            11.33333,
            4.66667,
            12.33333
          ],
          "texture": "#2"
        }
      }
    },
    {
      "from": [
        7,
        7,
        3.5
      ],
      "to": [
        7.5,
        9,
        5
      ],
      "rotation": {
        "angle": -45,
        "axis": "z",
        "origin": [
          8,
          8,
          4.25
        ]
      },
      "faces": {
        "north": {
          "uv": [
            7.33333,
            12,
            7.66667,
            13.33333
          ],
          "texture": "#2"
        },
        "east": {
          "uv": [
            7.33333,
            0,
            8.33333,
            1.33333
          ],
          "texture": "#2"
        },
        "south": {
          "uv": [
            8,
            12,
            8.33333,
            13.33333
          ],
          "texture": "#2"
        },
        "west": {
          "uv": [
            7.33333,
            3.33333,
            8.33333,
            4.66667
          ],
          "texture": "#2"
        },
        "up": {
          "uv": [
            13,
            7,
            12.66667,
            6
          ],
          "texture": "#2"
        },
        "down": {
          "uv": [
            7,
            12.66667,
            6.66667,
            13.66667
          ],
          "texture": "#2"
        }
      }
    },
    {
      "from": [
        9,
        7.4,
        3.25
      ],
      "to": [
        11,
        8.6,
        5.25
      ],
      "rotation": {
        "angle": -22.5,
        "axis": "y",
        "origin": [
          10,
          7.5,
          4.25
        ]
      },
      "faces": {
        "north": {
          "uv": [
            10.66667,
            10,
            11.33333,
            11.33333
          ],
          "rotation": 270,
          "texture": "#2"
        },
        "east": {
          "uv": [
            1.33333,
            12.66667,
            0.66667,
            11.33333
          ],
          "rotation": 90,
          "texture": "#2"
        },
        "south": {
          "uv": [
            0,
            11.33333,
            0.66667,
            12.66667
          ],
          "rotation": 90,
          "texture": "#2"
        },
        "west": {
          "uv": [
            2,
            11.33333,
            1.33333,
            12.66667
          ],
          "rotation": 90,
          "texture": "#2"
        },
        "up": {
          "uv": [
            5.33333,
            6,
            6.66667,
            7.33333
          ],
          "rotation": 90,
          "texture": "#2"
        },
        "down": {
          "uv": [
            5.33333,
            4.66667,
            6.66667,
            6
          ],
          "rotation": 90,
          "texture": "#2"
        }
      }
    },
    {
      "from": [
        9.25,
        7.15,
        3.5
      ],
      "to": [
        10.75,
        8.85,
        5
      ],
      "rotation": {
        "angle": -22.5,
        "axis": "y",
        "origin": [
          10,
          7.5,
          4.25
        ]
      },
      "faces": {
        "north": {
          "uv": [
            9.33333,
            7.33333,
            10.33333,
            8.33333
          ],
          "rotation": 270,
          "texture": "#2"
        },
        "east": {
          "uv": [
            10.33333,
            11,
            9.33333,
            10
          ],
          "rotation": 90,
          "texture": "#2"
        },
        "south": {
          "uv": [
            10,
            3.33333,
            11,
            4.33333
          ],
          "rotation": 90,
          "texture": "#2"
        },
        "west": {
          "uv": [
            11.66667,
            0,
            10.66667,
            1
          ],
          "rotation": 90,
          "texture": "#2"
        },
        "up": {
          "uv": [
            10,
            6,
            11,
            7
          ],
          "rotation": 90,
          "texture": "#2"
        },
        "down": {
          "uv": [
            9.33333,
            8.66667,
            10.33333,
            9.66667
          ],
          "rotation": 90,
          "texture": "#2"
        }
      }
    },
    {
      "from": [
        8.55,
        7.25,
        3.75
      ],
      "to": [
        9.3,
        8.75,
        5.25
      ],
      "rotation": {
        "angle": 0,
        "axis": "y",
        "origin": [
          3.55,
          7.5,
          4
        ]
      },
      "faces": {
        "north": {
          "uv": [
            8.66667,
            11.33333,
            9.66667,
            12
          ],
          "rotation": 270,
          "texture": "#2"
        },
        "east": {
          "uv": [
            5.66667,
            10.33333,
            4.66667,
            9.33333
          ],
          "rotation": 90,
          "texture": "#2"
        },
        "south": {
          "uv": [
            11.33333,
            9.33333,
            12.33333,
            10
          ],
          "rotation": 90,
          "texture": "#2"
        },
        "west": {
          "uv": [
            8.33333,
            9.33333,
            7.33333,
            10.33333
          ],
          "rotation": 90,
          "texture": "#2"
        },
        "up": {
          "uv": [
            10,
            11.33333,
            11,
            12
          ],
          "rotation": 90,
          "texture": "#2"
        },
        "down": {
          "uv": [
            11.33333,
            8.66667,
            12.33333,
            9.33333
          ],
          "rotation": 90,
          "texture": "#2"
        }
      }
    },
    {
      "from": [
        10.8195,
        7.5,
        5.01342
      ],
      "to": [
        12.8195,
        8.5,
        6.01342
      ],
      "rotation": {
        "angle": -22.5,
        "axis": "y",
        "origin": [
          13.08556,
          8,
          5.33541
        ]
      },
      "faces": {
        "north": {
          "uv": [
            7.33333,
            10.66667,
            8,
            12
          ],
          "rotation": 270,
          "texture": "#2"
        },
        "south": {
          "uv": [
            8,
            10.66667,
            8.66667,
            12
          ],
          "rotation": 90,
          "texture": "#2"
        },
        "up": {
          "uv": [
            10.66667,
            8.66667,
            11.33333,
            10
          ],
          "rotation": 90,
          "texture": "#2"
        },
        "down": {
          "uv": [
            10.66667,
            7.33333,
            11.33333,
            8.66667
          ],
          "rotation": 90,
          "texture": "#2"
        }
      }
    },
    {
      "from": [
        12.78203,
        7.5,
        5.3174
      ],
      "to": [
        13.78203,
        8.5,
        7.3174
      ],
      "rotation": {
        "angle": 22.5,
        "axis": "y",
        "origin": [
          14.13203,
          8,
          6.1174
        ]
      },
      "faces": {
        "east": {
          "uv": [
            0.66667,
            11.33333,
            0,
            10
          ],
          "rotation": 90,
          "texture": "#2"
        },
        "south": {
          "uv": [
            12,
            6.66667,
            12.66667,
            7.33333
          ],
          "rotation": 90,
          "texture": "#2"
        },
        "west": {
          "uv": [
            7.33333,
            10,
            6.66667,
            11.33333
          ],
          "rotation": 90,
          "texture": "#2"
        },
        "up": {
          "uv": [
            4.66667,
            10.66667,
            6,
            11.33333
          ],
          "rotation": 90,
          "texture": "#2"
        },
        "down": {
          "uv": [
            3.33333,
            10.66667,
            4.66667,
            11.33333
          ],
          "rotation": 90,
          "texture": "#2"
        }
      }
    },
    {
      "from": [
        11.92258,
        7.25,
        4.82832
      ],
      "to": [
        13.42258,
        8.75,
        5.82832
      ],
      "rotation": {
        "angle": 45,
        "axis": "y",
        "origin": [
          13.08556,
          8,
          5.33541
        ]
      },
      "faces": {
        "north": {
          "uv": [
            8.66667,
            3.33333,
            9.66667,
            4.33333
          ],
          "rotation": 270,
          "texture": "#2"
        },
        "east": {
          "uv": [
            12.33333,
            8,
            11.33333,
            7.33333
          ],
          "rotation": 90,
          "texture": "#2"
        },
        "south": {
          "uv": [
            3.33333,
            9.33333,
            4.33333,
            10.33333
          ],
          "rotation": 90,
          "texture": "#2"
        },
        "west": {
          "uv": [
            12.33333,
            8,
            11.33333,
            8.66667
          ],
          "rotation": 90,
          "texture": "#2"
        },
        "up": {
          "uv": [
            11.33333,
            6,
            12,
            7
          ],
          "rotation": 90,
          "texture": "#2"
        },
        "down": {
          "uv": [
            5.33333,
            11.33333,
            6,
            12.33333
          ],
          "rotation": 90,
          "texture": "#2"
        }
      }
    },
    {
      "from": [
        13.55,
        7.75,
        6.5
      ],
      "to": [
        14.55,
        8.25,
        8.5
      ],
      "rotation": {
        "angle": -22.5,
        "axis": "y",
        "origin": [
          13.55,
          7.75,
          6.5
        ]
      },
      "faces": {
        "north": {
          "uv": [
            10.66667,
            12.66667,
            11,
            13.33333
          ],
          "rotation": 270,
          "texture": "#2"
        },
        "east": {
          "uv": [
            9,
            13.33333,
            8.66667,
            12
          ],
          "rotation": 90,
          "texture": "#2"
        },
        "south": {
          "uv": [
            12.66667,
            10.66667,
            13,
            11.33333
          ],
          "rotation": 90,
          "texture": "#2"
        },
        "west": {
          "uv": [
            9.66667,
            12,
            9.33333,
            13.33333
          ],
          "rotation": 90,
          "texture": "#2"
        },
        "up": {
          "uv": [
            10.66667,
            1.33333,
            12,
            2
          ],
          "rotation": 90,
          "texture": "#2"
        },
        "down": {
          "uv": [
            9.33333,
            1.33333,
            10.66667,
            2
          ],
          "rotation": 90,
          "texture": "#2"
        }
      }
    },
    {
      "from": [
        1.45,
        7.75,
        6.5
      ],
      "to": [
        2.45,
        8.25,
        8.5
      ],
      "rotation": {
        "angle": 22.5,
        "axis": "y",
        "origin": [
          2.45,
          7.75,
          6.5
        ]
      },
      "faces": {
        "north": {
          "uv": [
            10.66667,
            13.33333,
            11,
            12.66667
          ],
          "rotation": 270,
          "texture": "#2"
        },
        "east": {
          "uv": [
            9.66667,
            13.33333,
            9.33333,
            12
          ],
          "rotation": 90,
          "texture": "#2"
        },
        "south": {
          "uv": [
            12.66667,
            11.33333,
            13,
            10.66667
          ],
          "rotation": 90,
          "texture": "#2"
        },
        "west": {
          "uv": [
            9,
            12,
            8.66667,
            13.33333
          ],
          "rotation": 90,
          "texture": "#2"
        },
        "up": {
          "uv": [
            10.66667,
            2,
            12,
            1.33333
          ],
          "rotation": 90,
          "texture": "#2"
        },
        "down": {
          "uv": [
            9.33333,
            2,
            10.66667,
            1.33333
          ],
          "rotation": 90,
          "texture": "#2"
        }
      }
    },
    {
      "from": [
        2.57742,
        7.25,
        4.82832
      ],
      "to": [
        4.07742,
        8.75,
        5.82832
      ],
      "rotation": {
        "angle": -45,
        "axis": "y",
        "origin": [
          2.91444,
          8,
          5.33541
        ]
      },
      "faces": {
        "north": {
          "uv": [
            8.66667,
            4.33333,
            9.66667,
            3.33333
          ],
          "rotation": 270,
          "texture": "#2"
        },
        "east": {
          "uv": [
            12.33333,
            8.66667,
            11.33333,
            8
          ],
          "rotation": 90,
          "texture": "#2"
        },
        "south": {
          "uv": [
            3.33333,
            10.33333,
            4.33333,
            9.33333
          ],
          "rotation": 90,
          "texture": "#2"
        },
        "west": {
          "uv": [
            12.33333,
            7.33333,
            11.33333,
            8
          ],
          "rotation": 90,
          "texture": "#2"
        },
        "up": {
          "uv": [
            11.33333,
            7,
            12,
            6
          ],
          "rotation": 90,
          "texture": "#2"
        },
        "down": {
          "uv": [
            5.33333,
            12.33333,
            6,
            11.33333
          ],
          "rotation": 90,
          "texture": "#2"
        }
      }
    },
    {
      "from": [
        2.21797,
        7.5,
        5.3174
      ],
      "to": [
        3.21797,
        8.5,
        7.3174
      ],
      "rotation": {
        "angle": -22.5,
        "axis": "y",
        "origin": [
          1.86797,
          8,
          6.1174
        ]
      },
      "faces": {
        "east": {
          "uv": [
            7.33333,
            11.33333,
            6.66667,
            10
          ],
          "rotation": 90,
          "texture": "#2"
        },
        "south": {
          "uv": [
            12,
            7.33333,
            12.66667,
            6.66667
          ],
          "rotation": 90,
          "texture": "#2"
        },
        "west": {
          "uv": [
            0.66667,
            10,
            0,
            11.33333
          ],
          "rotation": 90,
          "texture": "#2"
        },
        "up": {
          "uv": [
            4.66667,
            11.33333,
            6,
            10.66667
          ],
          "rotation": 90,
          "texture": "#2"
        },
        "down": {
          "uv": [
            3.33333,
            11.33333,
            4.66667,
            10.66667
          ],
          "rotation": 90,
          "texture": "#2"
        }
      }
    },
    {
      "from": [
        3.1805,
        7.5,
        5.01342
      ],
      "to": [
        5.1805,
        8.5,
        6.01342
      ],
      "rotation": {
        "angle": 22.5,
        "axis": "y",
        "origin": [
          2.91444,
          8,
          5.33541
        ]
      },
      "faces": {
        "north": {
          "uv": [
            7.33333,
            12,
            8,
            10.66667
          ],
          "rotation": 270,
          "texture": "#2"
        },
        "south": {
          "uv": [
            8,
            12,
            8.66667,
            10.66667
          ],
          "rotation": 90,
          "texture": "#2"
        },
        "up": {
          "uv": [
            10.66667,
            10,
            11.33333,
            8.66667
          ],
          "rotation": 90,
          "texture": "#2"
        },
        "down": {
          "uv": [
            10.66667,
            8.66667,
            11.33333,
            7.33333
          ],
          "rotation": 90,
          "texture": "#2"
        }
      }
    },
    {
      "from": [
        6.7,
        7.25,
        3.75
      ],
      "to": [
        7.45,
        8.75,
        5.25
      ],
      "rotation": {
        "angle": 0,
        "axis": "y",
        "origin": [
          12.45,
          7.5,
          4
        ]
      },
      "faces": {
        "north": {
          "uv": [
            8.66667,
            12,
            9.66667,
            11.33333
          ],
          "rotation": 270,
          "texture": "#2"
        },
        "east": {
          "uv": [
            8.33333,
            10.33333,
            7.33333,
            9.33333
          ],
          "rotation": 90,
          "texture": "#2"
        },
        "south": {
          "uv": [
            11.33333,
            10,
            12.33333,
            9.33333
          ],
          "rotation": 90,
          "texture": "#2"
        },
        "west": {
          "uv": [
            5.66667,
            9.33333,
            4.66667,
            10.33333
          ],
          "rotation": 90,
          "texture": "#2"
        },
        "up": {
          "uv": [
            10,
            12,
            11,
            11.33333
          ],
          "rotation": 90,
          "texture": "#2"
        },
        "down": {
          "uv": [
            11.33333,
            9.33333,
            12.33333,
            8.66667
          ],
          "rotation": 90,
          "texture": "#2"
        }
      }
    },
    {
      "from": [
        5.25,
        7.15,
        3.5
      ],
      "to": [
        6.75,
        8.85,
        5
      ],
      "rotation": {
        "angle": 22.5,
        "axis": "y",
        "origin": [
          6,
          7.5,
          4.25
        ]
      },
      "faces": {
        "north": {
          "uv": [
            9.33333,
            8.33333,
            10.33333,
            7.33333
          ],
          "rotation": 270,
          "texture": "#2"
        },
        "east": {
          "uv": [
            11.66667,
            1,
            10.66667,
            0
          ],
          "rotation": 90,
          "texture": "#2"
        },
        "south": {
          "uv": [
            10,
            4.33333,
            11,
            3.33333
          ],
          "rotation": 90,
          "texture": "#2"
        },
        "west": {
          "uv": [
            10.33333,
            10,
            9.33333,
            11
          ],
          "rotation": 90,
          "texture": "#2"
        },
        "up": {
          "uv": [
            10,
            7,
            11,
            6
          ],
          "rotation": 90,
          "texture": "#2"
        },
        "down": {
          "uv": [
            9.33333,
            9.66667,
            10.33333,
            8.66667
          ],
          "rotation": 90,
          "texture": "#2"
        }
      }
    },
    {
      "from": [
        5,
        7.4,
        3.25
      ],
      "to": [
        7,
        8.6,
        5.25
      ],
      "rotation": {
        "angle": 22.5,
        "axis": "y",
        "origin": [
          6,
          7.5,
          4.25
        ]
      },
      "faces": {
        "north": {
          "uv": [
            10.66667,
            11.33333,
            11.33333,
            10
          ],
          "rotation": 270,
          "texture": "#2"
        },
        "east": {
          "uv": [
            2,
            12.66667,
            1.33333,
            11.33333
          ],
          "rotation": 90,
          "texture": "#2"
        },
        "south": {
          "uv": [
            0,
            12.66667,
            0.66667,
            11.33333
          ],
          "rotation": 90,
          "texture": "#2"
        },
        "west": {
          "uv": [
            1.33333,
            11.33333,
            0.66667,
            12.66667
          ],
          "rotation": 90,
          "texture": "#2"
        },
        "up": {
          "uv": [
            5.33333,
            7.33333,
            6.66667,
            6
          ],
          "rotation": 90,
          "texture": "#2"
        },
        "down": {
          "uv": [
            5.33333,
            6,
            6.66667,
            4.66667
          ],
          "rotation": 90,
          "texture": "#2"
        }
      }
    },
    {
      "from": [
        7.275,
        7.275,
        -0.42429
      ],
      "to": [
        8.725,
        8.725,
        3.57571
      ],
      "rotation": {
        "angle": 45,
        "axis": "z",
        "origin": [
          8,
          8,
          0.82571
        ]
      },
      "faces": {
        "east": {
          "uv": [
            0,
            0,
            3,
            8
          ],
          "rotation": 90,
          "texture": "#1"
        },
        "west": {
          "uv": [
            0,
            0,
            3,
            8
          ],
          "rotation": 270,
          "texture": "#1"
        },
        "up": {
          "uv": [
            0,
            0,
            3,
            8
          ],
          "texture": "#1"
        },
        "down": {
          "uv": [
            0,
            0,
            3,
            8
          ],
          "rotation": 180,
          "texture": "#1"
        }
      }
    },
    {
      "from": [
        7.25,
        6.5,
        4
      ],
      "to": [
        8.75,
        7.5,
        11
      ],
      "rotation": {
        "angle": 0,
        "axis": "y",
        "origin": [
          7.25,
          0,
          0
        ]
      },
      "faces": {
        "north": {
          "uv": [
            11.33333,
            10,
            12.33333,
            10.66667
          ],
          "texture": "#2"
        },
        "east": {
          "uv": [
            4,
            2,
            8.66667,
            2.66667
          ],
          "texture": "#2"
        },
        "south": {
          "uv": [
            11.33333,
            10.66667,
            12.33333,
            11.33333
          ],
          "texture": "#2"
        },
        "west": {
          "uv": [
            4,
            2.66667,
            8.66667,
            3.33333
          ],
          "texture": "#2"
        },
        "up": {
          "uv": [
            2.33333,
            6.66667,
            1.33333,
            2
          ],
          "texture": "#2"
        },
        "down": {
          "uv": [
            3.66667,
            2,
            2.66667,
            6.66667
          ],
          "texture": "#2"
        }
      }
    },
    {
      "from": [
        7.65,
        6.25,
        4.1
      ],
      "to": [
        8.35,
        6.5,
        10.15
      ],
      "rotation": {
        "angle": 0,
        "axis": "y",
        "origin": [
          7.25,
          0,
          0
        ]
      },
      "faces": {
        "north": {
          "uv": [
            13.33333,
            2.66667,
            13.66667,
            3
          ],
          "texture": "#2"
        },
        "east": {
          "uv": [
            8,
            4.66667,
            12,
            5
          ],
          "texture": "#2"
        },
        "south": {
          "uv": [
            13.33333,
            3.33333,
            13.66667,
            3.66667
          ],
          "texture": "#2"
        },
        "west": {
          "uv": [
            8,
            5.33333,
            12,
            5.66667
          ],
          "texture": "#2"
        },
        "down": {
          "uv": [
            6.33333,
            8,
            6,
            12
          ],
          "texture": "#2"
        }
      }
    },
    {
      "from": [
        7.65,
        7.5,
        5.35
      ],
      "to": [
        8.35,
        7.75,
        10.65
      ],
      "rotation": {
        "angle": 0,
        "axis": "y",
        "origin": [
          7.25,
          16,
          0
        ]
      },
      "faces": {
        "north": {
          "uv": [
            4.66667,
            13.33333,
            5,
            13.66667
          ],
          "texture": "#2"
        },
        "east": {
          "uv": [
            8.66667,
            2,
            12.33333,
            2.33333
          ],
          "texture": "#2"
        },
        "south": {
          "uv": [
            13.33333,
            4.66667,
            13.66667,
            5
          ],
          "texture": "#2"
        },
        "west": {
          "uv": [
            8.66667,
            2.66667,
            12.33333,
            3
          ],
          "texture": "#2"
        },
        "up": {
          "uv": [
            9,
            11,
            8.66667,
            7.33333
          ],
          "texture": "#2"
        }
      }
    },
    {
      "from": [
        7.5,
        5.25,
        4
      ],
      "to": [
        8.5,
        6.25,
        7
      ],
      "rotation": {
        "angle": 0,
        "axis": "y",
        "origin": [
          7.5,
          0,
          7
        ]
      },
      "faces": {
        "north": {
          "uv": [
            10,
            12,
            10.66667,
            12.66667
          ],
          "texture": "#2"
        },
        "east": {
          "uv": [
            7.33333,
            1.33333,
            9.33333,
            2
          ],
          "texture": "#2"
        },
        "south": {
          "uv": [
            10.66667,
            12,
            11.33333,
            12.66667
          ],
          "texture": "#2"
        },
        "west": {
          "uv": [
            5.33333,
            7.33333,
            7.33333,
            8
          ],
          "texture": "#2"
        },
        "up": {
          "uv": [
            8,
            9.33333,
            7.33333,
            7.33333
          ],
          "texture": "#2"
        },
        "down": {
          "uv": [
            0.66667,
            8,
            0,
            10
          ],
          "texture": "#2"
        }
      }
    },
    {
      "from": [
        7.75,
        5,
        4.25
      ],
      "to": [
        8.25,
        6,
        7.25
      ],
      "rotation": {
        "angle": 0,
        "axis": "y",
        "origin": [
          7.5,
          0,
          7
        ]
      },
      "faces": {
        "north": {
          "uv": [
            13.33333,
            0.66667,
            13.66667,
            1.33333
          ],
          "texture": "#2"
        },
        "east": {
          "uv": [
            8.66667,
            0,
            10.66667,
            0.66667
          ],
          "texture": "#2"
        },
        "south": {
          "uv": [
            1.33333,
            13.33333,
            1.66667,
            14
          ],
          "texture": "#2"
        },
        "west": {
          "uv": [
            8.66667,
            0.66667,
            10.66667,
            1.33333
          ],
          "texture": "#2"
        },
        "up": {
          "uv": [
            12.33333,
            2,
            12,
            0
          ],
          "texture": "#2"
        },
        "down": {
          "uv": [
            12.33333,
            3.33333,
            12,
            5.33333
          ],
          "texture": "#2"
        }
      }
    },
    {
      "from": [
        7.15,
        6.15224,
        10.23463
      ],
      "to": [
        8.85,
        7.90224,
        11.98463
      ],
      "rotation": {
        "angle": 22.5,
        "axis": "x",
        "origin": [
          7.5,
          5.90224,
          10.23463
        ]
      },
      "faces": {
        "north": {
          "uv": [
            0.66667,
            8,
            1.66667,
            9.33333
          ],
          "texture": "#2"
        },
        "east": {
          "uv": [
            1.33333,
            6.66667,
            2.66667,
            8
          ],
          "texture": "#2"
        },
        "south": {
          "uv": [
            2,
            8,
            3,
            9.33333
          ],
          "texture": "#2"
        },
        "west": {
          "uv": [
            2.66667,
            6.66667,
            4,
            8
          ],
          "texture": "#2"
        },
        "up": {
          "uv": [
            4.33333,
            9.33333,
            3.33333,
            8
          ],
          "texture": "#2"
        },
        "down": {
          "uv": [
            5.66667,
            8,
            4.66667,
            9.33333
          ],
          "texture": "#2"
        }
      }
    },
    {
      "from": [
        7.5,
        4.25,
        10.75
      ],
      "to": [
        8.5,
        6.75,
        11.75
      ],
      "rotation": {
        "angle": -22.5,
        "axis": "x",
        "origin": [
          7.5,
          4.75,
          10.75
        ]
      },
      "faces": {
        "north": {
          "uv": [
            0.66667,
            9.33333,
            1.33333,
            11
          ],
          "texture": "#2"
        },
        "east": {
          "uv": [
            1.33333,
            9.33333,
            2,
            11
          ],
          "texture": "#2"
        },
        "south": {
          "uv": [
            2,
            9.33333,
            2.66667,
            11
          ],
          "texture": "#2"
        },
        "west": {
          "uv": [
            2.66667,
            9.33333,
            3.33333,
            11
          ],
          "texture": "#2"
        },
        "up": {
          "uv": [
            12.66667,
            12,
            12,
            11.33333
          ],
          "texture": "#2"
        },
        "down": {
          "uv": [
            12.66667,
            12,
            12,
            12.66667
          ],
          "texture": "#2"
        }
      }
    },
    {
      "from": [
        7.4,
        3.65433,
        10.26903
      ],
      "to": [
        8.6,
        4.15433,
        11.86903
      ],
      "rotation": {
        "angle": -22.5,
        "axis": "x",
        "origin": [
          7.5,
          4.65433,
          10.51903
        ]
      },
      "faces": {
        "north": {
          "uv": [
            11.33333,
            12.66667,
            12,
            13
          ],
          "texture": "#2"
        },
        "east": {
          "uv": [
            12.66667,
            7.33333,
            13.66667,
            7.66667
          ],
          "texture": "#2"
        },
        "south": {
          "uv": [
            12.66667,
            11.33333,
            13.33333,
            11.66667
          ],
          "texture": "#2"
        },
        "west": {
          "uv": [
            12.66667,
            8,
            13.66667,
            8.33333
          ],
          "texture": "#2"
        },
        "up": {
          "uv": [
            7.33333,
            12.33333,
            6.66667,
            11.33333
          ],
          "texture": "#2"
        },
        "down": {
          "uv": [
            12,
            11.33333,
            11.33333,
            12.33333
          ],
          "texture": "#2"
        }
      }
    },
    {
      "from": [
        7.75,
        5.33254,
        9.90538
      ],
      "to": [
        8.25,
        6.33254,
        10.40538
      ],
      "rotation": {
        "angle": -22.5,
        "axis": "x",
        "origin": [
          7.75,
          5.48254,
          9.90538
        ]
      },
      "faces": {
        "north": {
          "uv": [
            12,
            12.66667,
            12.33333,
            13.33333
          ],
          "texture": "#2"
        },
        "east": {
          "uv": [
            12.66667,
            12,
            13,
            12.66667
          ],
          "texture": "#2"
        },
        "south": {
          "uv": [
            12.66667,
            12.66667,
            13,
            13.33333
          ],
          "texture": "#2"
        },
        "west": {
          "uv": [
            0,
            13.33333,
            0.33333,
            14
          ],
          "texture": "#2"
        },
        "up": {
          "uv": [
            4.33333,
            13.66667,
            4,
            13.33333
          ],
          "texture": "#2"
        },
        "down": {
          "uv": [
            13.66667,
            4,
            13.33333,
            4.33333
          ],
          "texture": "#2"
        }
      }
    },
    {
      "from": [
        7.5,
        6.46351,
        11.44709
      ],
      "to": [
        8.5,
        7.46351,
        15.94709
      ],
      "rotation": {
        "angle": 0,
        "axis": "y",
        "origin": [
          7.5,
          6.21351,
          11.94709
        ]
      },
      "faces": {
        "north": {
          "uv": [
            0,
            12.66667,
            0.66667,
            13.33333
          ],
          "texture": "#2"
        },
        "east": {
          "uv": [
            4,
            3.33333,
            7,
            4
          ],
          "texture": "#2"
        },
        "south": {
          "uv": [
            12.66667,
            0,
            13.33333,
            0.66667
          ],
          "texture": "#2"
        },
        "west": {
          "uv": [
            4,
            4,
            7,
            4.66667
          ],
          "texture": "#2"
        },
        "up": {
          "uv": [
            4.66667,
            7.66667,
            4,
            4.66667
          ],
          "texture": "#2"
        },
        "down": {
          "uv": [
            5.33333,
            4.66667,
            4.66667,
            7.66667
          ],
          "texture": "#2"
        }
      }
    },
    {
      "from": [
        7.5,
        5.46351,
        14.94709
      ],
      "to": [
        8.5,
        6.46351,
        15.94709
      ],
      "rotation": {
        "angle": 0,
        "axis": "y",
        "origin": [
          7.5,
          6.21351,
          11.94709
        ]
      },
      "faces": {
        "north": {
          "uv": [
            0.66667,
            12.66667,
            1.33333,
            13.33333
          ],
          "texture": "#2"
        },
        "east": {
          "uv": [
            12.66667,
            0.66667,
            13.33333,
            1.33333
          ],
          "texture": "#2"
        },
        "south": {
          "uv": [
            1.33333,
            12.66667,
            2,
            13.33333
          ],
          "texture": "#2"
        },
        "west": {
          "uv": [
            12.66667,
            1.33333,
            13.33333,
            2
          ],
          "texture": "#2"
        },
        "up": {
          "uv": [
            2.66667,
            13.33333,
            2,
            12.66667
          ],
          "texture": "#2"
        },
        "down": {
          "uv": [
            13.33333,
            2,
            12.66667,
            2.66667
          ],
          "texture": "#2"
        }
      }
    },
    {
      "from": [
        7.4,
        5.36351,
        15.94709
      ],
      "to": [
        8.6,
        7.56351,
        16.44709
      ],
      "rotation": {
        "angle": 0,
        "axis": "y",
        "origin": [
          7.5,
          6.21351,
          11.94709
        ]
      },
      "faces": {
        "north": {
          "uv": [
            2,
            11.33333,
            2.66667,
            12.66667
          ],
          "texture": "#2"
        },
        "east": {
          "uv": [
            3.33333,
            12.66667,
            3.66667,
            14
          ],
          "texture": "#2"
        },
        "south": {
          "uv": [
            2.66667,
            11.33333,
            3.33333,
            12.66667
          ],
          "texture": "#2"
        },
        "west": {
          "uv": [
            12.66667,
            3.33333,
            13,
            4.66667
          ],
          "texture": "#2"
        },
        "up": {
          "uv": [
            14,
            0.33333,
            13.33333,
            0
          ],
          "texture": "#2"
        },
        "down": {
          "uv": [
            1.33333,
            13.33333,
            0.66667,
            13.66667
          ],
          "texture": "#2"
        }
      }
    },
    {
      "from": [
        7.5035,
        5.6168,
        12.5515
      ],
      "to": [
        8.4965,
        6.5418,
        15.1765
      ],
      "rotation": {
        "angle": 22.5,
        "axis": "x",
        "origin": [
          8.0035,
          6.1168,
          14.6765
        ]
      },
      "faces": {
        "north": {
          "uv": [
            2.66667,
            12.66667,
            3.33333,
            13.33333
          ],
          "texture": "#2"
        },
        "east": {
          "uv": [
            8,
            6,
            10,
            6.66667
          ],
          "texture": "#2"
        },
        "south": {
          "uv": [
            12.66667,
            2.66667,
            13.33333,
            3.33333
          ],
          "texture": "#2"
        },
        "west": {
          "uv": [
            8,
            6.66667,
            10,
            7.33333
          ],
          "texture": "#2"
        },
        "up": {
          "uv": [
            7.33333,
            10,
            6.66667,
            8
          ],
          "texture": "#2"
        },
        "down": {
          "uv": [
            8.66667,
            7.33333,
            8,
            9.33333
          ],
          "texture": "#2"
        }
      }
    },
    {
      "from": [
        7.75,
        7.5,
        10.25
      ],
      "to": [
        8.25,
        8.5,
        11.25
      ],
      "rotation": {
        "angle": 0,
        "axis": "y",
        "origin": [
          7.75,
          7.5,
          10
        ]
      },
      "faces": {
        "north": {
          "uv": [
            13.33333,
            1.33333,
            13.66667,
            2
          ],
          "texture": "#2"
        },
        "east": {
          "uv": [
            4,
            12.66667,
            4.66667,
            13.33333
          ],
          "texture": "#2"
        },
        "south": {
          "uv": [
            2,
            13.33333,
            2.33333,
            14
          ],
          "texture": "#2"
        },
        "west": {
          "uv": [
            4.66667,
            12.66667,
            5.33333,
            13.33333
          ],
          "texture": "#2"
        },
        "up": {
          "uv": [
            13.66667,
            2.66667,
            13.33333,
            2
          ],
          "texture": "#2"
        },
        "down": {
          "uv": [
            3,
            13.33333,
            2.66667,
            14
          ],
          "texture": "#2"
        }
      }
    },
    {
      "from": [
        2.75,
        8,
        8
      ],
      "to": [
        13.25,
        8.03,
        11
      ],
      "rotation": {
        "angle": 0,
        "axis": "y",
        "origin": [
          7.25,
          0,
          0
        ]
      },
      "faces": {
        "up": {
          "uv": [
            7,
            2,
            0,
            0
          ],
          "texture": "#2"
        },
        "down": {
          "uv": [
            7,
            0,
            0,
            2
          ],
          "texture": "#2"
        }
      }
    }
  ],
  "gui_light": "front",
  "display": {
    "thirdperson_righthand": {
      "translation": [
        0,
        1.75,
        -1.25
      ]
    },
    "thirdperson_lefthand": {
      "translation": [
        0,
        1.75,
        -1.25
      ]
    },
    "firstperson_righthand": {
      "translation": [
        -1.5,
        5,
        0
      ]
    },
    "firstperson_lefthand": {
      "translation": [
        -1.5,
        5,
        0
      ]
    },
    "ground": {
      "rotation": [
        25,
        0,
        0
      ],
      "translation": [
        0,
        8,
        0
      ],
      "scale": [
        0.7,
        0.7,
        0.7
      ]
    },
    "gui": {
      "rotation": [
        90,
        45,
        0
      ]
    },
    "head": {
      "rotation": [
        -35,
        180,
        0
      ]
    },
    "fixed": {
      "rotation": [
        -90,
        0,
        0
      ],
      "translation": [
        0,
        0,
        -6.75
      ],
      "scale": [
        2.5,
        2.5,
        2.5
      ]
    }
  },
  "groups": [
    {
      "name": "crossbow",
      "origin": [
        7.25,
        0,
        0
      ],
      "color": 0,
      "boneType": "",
      "children": [
        0,
        1,
        2,
        3,
        4,
        5,
        6,
        7,
        8,
        9,
        10,
        11,
        12,
        13,
        14,
        15,
        16,
        17,
        18,
        19,
        20,
        21,
        22,
        23,
        24,
        25,
        26,
        27,
        28,
        29,
        30,
        31,
        32,
        33
      ]
    }
  ]
}