{
  "credit": "Made by PolygonMC",
  "textures": {
    "1": "ufoset:animations/animations_ufo",
    "4": "ufoset:fishing_rod",
    "particle": "ufoset:animations/animations_ufo"
  },
  "elements": [
    {
      "from": [
        7.5,
        0.5,
        7.5
      ],
      "to": [
        8.5,
        1.5,
        8.5
      ],
      "rotation": {
        "angle": 0,
        "axis": "y",
        "origin": [
          6.5,
          -0.5,
          7.5
        ]
      },
      "faces": {
        "north": {
          "uv": [
            11,
            5,
            12,
            6
          ],
          "texture": "#4"
        },
        "east": {
          "uv": [
            11,
            6,
            12,
            7
          ],
          "texture": "#4"
        },
        "south": {
          "uv": [
            11,
            7,
            12,
            8
          ],
          "texture": "#4"
        },
        "west": {
          "uv": [
            11,
            8,
            12,
            9
          ],
          "texture": "#4"
        },
        "up": {
          "uv": [
            12,
            10,
            11,
            9
          ],
          "texture": "#4"
        },
        "down": {
          "uv": [
            12,
            10,
            11,
            11
          ],
          "texture": "#4"
        }
      }
    },
    {
      "from": [
        7.5,
        1.75,
        7.5
      ],
      "to": [
        8.5,
        4.25,
        8.5
      ],
      "rotation": {
        "angle": 45,
        "axis": "y",
        "origin": [
          8,
          3,
          8
        ]
      },
      "faces": {
        "north": {
          "uv": [
            11,
            2,
            12,
            4.5
          ],
          "texture": "#4"
        },
        "east": {
          "uv": [
            3,
            11,
            4,
            13.5
          ],
          "texture": "#4"
        },
        "south": {
          "uv": [
            4,
            11,
            5,
            13.5
          ],
          "texture": "#4"
        },
        "west": {
          "uv": [
            5,
            11,
            6,
            13.5
          ],
          "texture": "#4"
        },
        "up": {
          "uv": [
            12,
            12,
            11,
            11
          ],
          "texture": "#4"
        },
        "down": {
          "uv": [
            13,
            0,
            12,
            1
          ],
          "texture": "#4"
        }
      }
    },
    {
      "from": [
        7.4,
        0,
        7.4
      ],
      "to": [
        8.6,
        0.5,
        8.6
      ],
      "rotation": {
        "angle": 0,
        "axis": "y",
        "origin": [
          6.5,
          -0.5,
          7.5
        ]
      },
      "faces": {
        "north": {
          "uv": [
            9,
            14,
            10,
            14.5
          ],
          "texture": "#4"
        },
        "east": {
          "uv": [
            14,
            9,
            15,
            9.5
          ],
          "texture": "#4"
        },
        "south": {
          "uv": [
            10,
            14,
            11,
            14.5
          ],
          "texture": "#4"
        },
        "west": {
          "uv": [
            11,
            14,
            12,
            14.5
          ],
          "texture": "#4"
        },
        "up": {
          "uv": [
            13,
            2,
            12,
            1
          ],
          "texture": "#4"
        },
        "down": {
          "uv": [
            13,
            2,
            12,
            3
          ],
          "texture": "#4"
        }
      }
    },
    {
      "from": [
        7.4,
        1.5,
        7.4
      ],
      "to": [
        8.6,
        2,
        8.6
      ],
      "rotation": {
        "angle": 0,
        "axis": "y",
        "origin": [
          6.5,
          -0.5,
          7.5
        ]
      },
      "faces": {
        "north": {
          "uv": [
            12,
            14,
            13,
            14.5
          ],
          "texture": "#4"
        },
        "east": {
          "uv": [
            13,
            14,
            14,
            14.5
          ],
          "texture": "#4"
        },
        "south": {
          "uv": [
            14,
            13,
            15,
            13.5
          ],
          "texture": "#4"
        },
        "west": {
          "uv": [
            14,
            14,
            15,
            14.5
          ],
          "texture": "#4"
        },
        "up": {
          "uv": [
            13,
            4,
            12,
            3
          ],
          "texture": "#4"
        },
        "down": {
          "uv": [
            13,
            4,
            12,
            5
          ],
          "texture": "#4"
        }
      }
    },
    {
      "from": [
        7.4,
        5.5,
        7.4
      ],
      "to": [
        8.6,
        6,
        8.6
      ],
      "rotation": {
        "angle": 0,
        "axis": "y",
        "origin": [
          6.5,
          -0.5,
          7.5
        ]
      },
      "faces": {
        "north": {
          "uv": [
            1,
            15,
            2,
            15.5
          ],
          "texture": "#4"
        },
        "east": {
          "uv": [
            2,
            15,
            3,
            15.5
          ],
          "texture": "#4"
        },
        "south": {
          "uv": [
            15,
            2,
            16,
            2.5
          ],
          "texture": "#4"
        },
        "west": {
          "uv": [
            3,
            15,
            4,
            15.5
          ],
          "texture": "#4"
        },
        "up": {
          "uv": [
            13,
            6,
            12,
            5
          ],
          "texture": "#4"
        },
        "down": {
          "uv": [
            13,
            6,
            12,
            7
          ],
          "texture": "#4"
        }
      }
    },
    {
      "from": [
        7.5,
        4.5,
        7.5
      ],
      "to": [
        8.5,
        5.5,
        8.5
      ],
      "rotation": {
        "angle": 0,
        "axis": "y",
        "origin": [
          6.5,
          -0.5,
          7.5
        ]
      },
      "faces": {
        "north": {
          "uv": [
            12,
            7,
            13,
            8
          ],
          "texture": "#4"
        },
        "east": {
          "uv": [
            12,
            8,
            13,
            9
          ],
          "texture": "#4"
        },
        "south": {
          "uv": [
            12,
            9,
            13,
            10
          ],
          "texture": "#4"
        },
        "west": {
          "uv": [
            10,
            12,
            11,
            13
          ],
          "texture": "#4"
        },
        "up": {
          "uv": [
            13,
            11,
            12,
            10
          ],
          "texture": "#4"
        },
        "down": {
          "uv": [
            12,
            12,
            11,
            13
          ],
          "texture": "#4"
        }
      }
    },
    {
      "from": [
        7.4,
        4,
        7.4
      ],
      "to": [
        8.6,
        4.5,
        8.6
      ],
      "rotation": {
        "angle": 0,
        "axis": "y",
        "origin": [
          6.5,
          -0.5,
          7.5
        ]
      },
      "faces": {
        "north": {
          "uv": [
            15,
            3,
            16,
            3.5
          ],
          "texture": "#4"
        },
        "east": {
          "uv": [
            4,
            15,
            5,
            15.5
          ],
          "texture": "#4"
        },
        "south": {
          "uv": [
            15,
            4,
            16,
            4.5
          ],
          "texture": "#4"
        },
        "west": {
          "uv": [
            5,
            15,
            6,
            15.5
          ],
          "texture": "#4"
        },
        "up": {
          "uv": [
            13,
            12,
            12,
            11
          ],
          "texture": "#4"
        },
        "down": {
          "uv": [
            13,
            12,
            12,
            13
          ],
          "texture": "#4"
        }
      }
    },
    {
      "from": [
        7.5,
        8,
        7.5
      ],
      "to": [
        8.5,
        13,
        8.5
      ],
      "rotation": {
        "angle": 0,
        "axis": "y",
        "origin": [
          6.5,
          1,
          7.5
        ]
      },
      "faces": {
        "north": {
          "uv": [
            1,
            11,
            0,
            16
          ],
          "texture": "#4"
        },
        "east": {
          "uv": [
            0,
            11,
            1,
            16
          ],
          "texture": "#4"
        },
        "south": {
          "uv": [
            1,
            11,
            0,
            16
          ],
          "texture": "#4"
        },
        "west": {
          "uv": [
            0,
            11,
            1,
            16
          ],
          "texture": "#4"
        },
        "up": {
          "uv": [
            14,
            9,
            13,
            8
          ],
          "texture": "#4"
        },
        "down": {
          "uv": [
            10,
            13,
            9,
            14
          ],
          "texture": "#4"
        }
      }
    },
    {
      "from": [
        7.6,
        13,
        7.6
      ],
      "to": [
        8.4,
        18.75,
        8.4
      ],
      "rotation": {
        "angle": 0,
        "axis": "y",
        "origin": [
          6.5,
          1,
          7.5
        ]
      },
      "faces": {
        "north": {
          "uv": [
            9,
            9,
            8,
            15
          ],
          "texture": "#4"
        },
        "east": {
          "uv": [
            8,
            9,
            9,
            15
          ],
          "texture": "#4"
        },
        "south": {
          "uv": [
            9,
            9,
            8,
            15
          ],
          "texture": "#4"
        },
        "west": {
          "uv": [
            8,
            9,
            9,
            15
          ],
          "texture": "#4"
        },
        "up": {
          "uv": [
            14,
            10,
            13,
            9
          ],
          "texture": "#4"
        }
      }
    },
    {
      "from": [
        7.5,
        -1,
        8
      ],
      "to": [
        8.5,
        0,
        9
      ],
      "rotation": {
        "angle": -45,
        "axis": "x",
        "origin": [
          7.5,
          -1,
          8
        ]
      },
      "faces": {
        "north": {
          "uv": [
            13,
            0,
            14,
            1
          ],
          "texture": "#4"
        },
        "east": {
          "uv": [
            1,
            13,
            2,
            14
          ],
          "texture": "#4"
        },
        "south": {
          "uv": [
            13,
            1,
            14,
            2
          ],
          "texture": "#4"
        },
        "west": {
          "uv": [
            2,
            13,
            3,
            14
          ],
          "texture": "#4"
        },
        "up": {
          "uv": [
            14,
            3,
            13,
            2
          ],
          "texture": "#4"
        },
        "down": {
          "uv": [
            14,
            3,
            13,
            4
          ],
          "texture": "#4"
        }
      }
    },
    {
      "from": [
        7,
        6,
        7
      ],
      "to": [
        9,
        6.5,
        9
      ],
      "rotation": {
        "angle": 0,
        "axis": "y",
        "origin": [
          7,
          6,
          7
        ]
      },
      "faces": {
        "north": {
          "uv": [
            13,
            4,
            15,
            4.5
          ],
          "texture": "#4"
        },
        "east": {
          "uv": [
            13,
            5,
            15,
            5.5
          ],
          "texture": "#4"
        },
        "south": {
          "uv": [
            13,
            6,
            15,
            6.5
          ],
          "texture": "#4"
        },
        "west": {
          "uv": [
            13,
            7,
            15,
            7.5
          ],
          "texture": "#4"
        },
        "down": {
          "uv": [
            3,
            11,
            1,
            13
          ],
          "texture": "#4"
        }
      }
    },
    {
      "from": [
        6,
        6.5,
        6
      ],
      "to": [
        10,
        8,
        10
      ],
      "rotation": {
        "angle": 0,
        "axis": "y",
        "origin": [
          7,
          6.5,
          7
        ]
      },
      "faces": {
        "north": {
          "uv": [
            8,
            0,
            16,
            3
          ],
          "texture": "#1"
        },
        "east": {
          "uv": [
            8,
            4,
            16,
            7
          ],
          "texture": "#1"
        },
        "south": {
          "uv": [
            8,
            8,
            16,
            11
          ],
          "texture": "#1"
        },
        "west": {
          "uv": [
            8,
            12,
            16,
            15
          ],
          "texture": "#1"
        },
        "up": {
          "uv": [
            8,
            8,
            0,
            0
          ],
          "texture": "#1"
        },
        "down": {
          "uv": [
            8,
            8,
            0,
            16
          ],
          "texture": "#1"
        }
      }
    },
    {
      "from": [
        6.5,
        8,
        6.5
      ],
      "to": [
        9.5,
        10,
        9.5
      ],
      "rotation": {
        "angle": 0,
        "axis": "y",
        "origin": [
          7,
          8,
          7
        ]
      },
      "faces": {
        "north": {
          "uv": [
            6,
            3,
            9,
            5
          ],
          "texture": "#4"
        },
        "east": {
          "uv": [
            6,
            5,
            9,
            7
          ],
          "texture": "#4"
        },
        "south": {
          "uv": [
            6,
            7,
            9,
            9
          ],
          "texture": "#4"
        },
        "west": {
          "uv": [
            9,
            0,
            12,
            2
          ],
          "texture": "#4"
        },
        "up": {
          "uv": [
            9,
            3,
            6,
            0
          ],
          "texture": "#4"
        }
      }
    },
    {
      "from": [
        7,
        11,
        7.25
      ],
      "to": [
        9,
        11.5,
        7.75
      ],
      "rotation": {
        "angle": 0,
        "axis": "y",
        "origin": [
          7,
          0,
          0
        ]
      },
      "faces": {
        "north": {
          "uv": [
            10,
            13,
            12,
            13.5
          ],
          "texture": "#4"
        },
        "east": {
          "uv": [
            15,
            9,
            15.5,
            9.5
          ],
          "texture": "#4"
        },
        "south": {
          "uv": [
            13,
            10,
            15,
            10.5
          ],
          "texture": "#4"
        },
        "west": {
          "uv": [
            10,
            15,
            10.5,
            15.5
          ],
          "texture": "#4"
        },
        "up": {
          "uv": [
            15,
            11.5,
            13,
            11
          ],
          "texture": "#4"
        },
        "down": {
          "uv": [
            14,
            13,
            12,
            13.5
          ],
          "texture": "#4"
        }
      }
    },
    {
      "from": [
        7,
        11,
        5.75
      ],
      "to": [
        9,
        11.5,
        6.25
      ],
      "rotation": {
        "angle": 0,
        "axis": "y",
        "origin": [
          7,
          0,
          0
        ]
      },
      "faces": {
        "north": {
          "uv": [
            13,
            12,
            15,
            12.5
          ],
          "texture": "#4"
        },
        "east": {
          "uv": [
            15,
            10,
            15.5,
            10.5
          ],
          "texture": "#4"
        },
        "south": {
          "uv": [
            14,
            0,
            16,
            0.5
          ],
          "texture": "#4"
        },
        "west": {
          "uv": [
            11,
            15,
            11.5,
            15.5
          ],
          "texture": "#4"
        },
        "up": {
          "uv": [
            3,
            14.5,
            1,
            14
          ],
          "texture": "#4"
        },
        "down": {
          "uv": [
            16,
            1,
            14,
            1.5
          ],
          "texture": "#4"
        }
      }
    },
    {
      "from": [
        8.5,
        11,
        6.25
      ],
      "to": [
        9,
        11.5,
        7.25
      ],
      "rotation": {
        "angle": 0,
        "axis": "y",
        "origin": [
          7,
          0,
          0
        ]
      },
      "faces": {
        "east": {
          "uv": [
            15,
            5,
            16,
            5.5
          ],
          "texture": "#4"
        },
        "west": {
          "uv": [
            6,
            15,
            7,
            15.5
          ],
          "texture": "#4"
        },
        "up": {
          "uv": [
            15.5,
            7,
            15,
            6
          ],
          "texture": "#4"
        },
        "down": {
          "uv": [
            7.5,
            15,
            7,
            16
          ],
          "texture": "#4"
        }
      }
    },
    {
      "from": [
        7,
        11,
        6.25
      ],
      "to": [
        7.5,
        11.5,
        7.25
      ],
      "rotation": {
        "angle": 0,
        "axis": "y",
        "origin": [
          7,
          0,
          0
        ]
      },
      "faces": {
        "east": {
          "uv": [
            15,
            7,
            16,
            7.5
          ],
          "texture": "#4"
        },
        "west": {
          "uv": [
            8,
            15,
            9,
            15.5
          ],
          "texture": "#4"
        },
        "up": {
          "uv": [
            15.5,
            9,
            15,
            8
          ],
          "texture": "#4"
        },
        "down": {
          "uv": [
            9.5,
            15,
            9,
            16
          ],
          "texture": "#4"
        }
      }
    },
    {
      "from": [
        7,
        14,
        7.25
      ],
      "to": [
        9,
        14.5,
        7.75
      ],
      "rotation": {
        "angle": 0,
        "axis": "y",
        "origin": [
          7,
          0,
          0
        ]
      },
      "faces": {
        "north": {
          "uv": [
            10,
            13,
            12,
            13.5
          ],
          "texture": "#4"
        },
        "east": {
          "uv": [
            15,
            9,
            15.5,
            9.5
          ],
          "texture": "#4"
        },
        "south": {
          "uv": [
            13,
            10,
            15,
            10.5
          ],
          "texture": "#4"
        },
        "west": {
          "uv": [
            10,
            15,
            10.5,
            15.5
          ],
          "texture": "#4"
        },
        "up": {
          "uv": [
            15,
            11.5,
            13,
            11
          ],
          "texture": "#4"
        },
        "down": {
          "uv": [
            14,
            13,
            12,
            13.5
          ],
          "texture": "#4"
        }
      }
    },
    {
      "from": [
        7,
        14,
        6.25
      ],
      "to": [
        7.5,
        14.5,
        7.25
      ],
      "rotation": {
        "angle": 0,
        "axis": "y",
        "origin": [
          7,
          0,
          0
        ]
      },
      "faces": {
        "east": {
          "uv": [
            15,
            7,
            16,
            7.5
          ],
          "texture": "#4"
        },
        "west": {
          "uv": [
            8,
            15,
            9,
            15.5
          ],
          "texture": "#4"
        },
        "up": {
          "uv": [
            15.5,
            9,
            15,
            8
          ],
          "texture": "#4"
        },
        "down": {
          "uv": [
            9.5,
            15,
            9,
            16
          ],
          "texture": "#4"
        }
      }
    },
    {
      "from": [
        7,
        14,
        5.75
      ],
      "to": [
        9,
        14.5,
        6.25
      ],
      "rotation": {
        "angle": 0,
        "axis": "y",
        "origin": [
          7,
          0,
          0
        ]
      },
      "faces": {
        "north": {
          "uv": [
            13,
            12,
            15,
            12.5
          ],
          "texture": "#4"
        },
        "east": {
          "uv": [
            15,
            10,
            15.5,
            10.5
          ],
          "texture": "#4"
        },
        "south": {
          "uv": [
            14,
            0,
            16,
            0.5
          ],
          "texture": "#4"
        },
        "west": {
          "uv": [
            11,
            15,
            11.5,
            15.5
          ],
          "texture": "#4"
        },
        "up": {
          "uv": [
            3,
            14.5,
            1,
            14
          ],
          "texture": "#4"
        },
        "down": {
          "uv": [
            16,
            1,
            14,
            1.5
          ],
          "texture": "#4"
        }
      }
    },
    {
      "from": [
        8.5,
        14,
        6.25
      ],
      "to": [
        9,
        14.5,
        7.25
      ],
      "rotation": {
        "angle": 0,
        "axis": "y",
        "origin": [
          7,
          0,
          0
        ]
      },
      "faces": {
        "east": {
          "uv": [
            15,
            5,
            16,
            5.5
          ],
          "texture": "#4"
        },
        "west": {
          "uv": [
            6,
            15,
            7,
            15.5
          ],
          "texture": "#4"
        },
        "up": {
          "uv": [
            15.5,
            7,
            15,
            6
          ],
          "texture": "#4"
        },
        "down": {
          "uv": [
            7.5,
            15,
            7,
            16
          ],
          "texture": "#4"
        }
      }
    },
    {
      "from": [
        7,
        17,
        7.25
      ],
      "to": [
        9,
        17.5,
        7.75
      ],
      "rotation": {
        "angle": 0,
        "axis": "y",
        "origin": [
          7,
          0,
          0
        ]
      },
      "faces": {
        "north": {
          "uv": [
            10,
            13,
            12,
            13.5
          ],
          "texture": "#4"
        },
        "east": {
          "uv": [
            15,
            9,
            15.5,
            9.5
          ],
          "texture": "#4"
        },
        "south": {
          "uv": [
            13,
            10,
            15,
            10.5
          ],
          "texture": "#4"
        },
        "west": {
          "uv": [
            10,
            15,
            10.5,
            15.5
          ],
          "texture": "#4"
        },
        "up": {
          "uv": [
            15,
            11.5,
            13,
            11
          ],
          "texture": "#4"
        },
        "down": {
          "uv": [
            14,
            13,
            12,
            13.5
          ],
          "texture": "#4"
        }
      }
    },
    {
      "from": [
        7,
        17,
        6.25
      ],
      "to": [
        7.5,
        17.5,
        7.25
      ],
      "rotation": {
        "angle": 0,
        "axis": "y",
        "origin": [
          7,
          0,
          0
        ]
      },
      "faces": {
        "east": {
          "uv": [
            15,
            7,
            16,
            7.5
          ],
          "texture": "#4"
        },
        "west": {
          "uv": [
            8,
            15,
            9,
            15.5
          ],
          "texture": "#4"
        },
        "up": {
          "uv": [
            15.5,
            9,
            15,
            8
          ],
          "texture": "#4"
        },
        "down": {
          "uv": [
            9.5,
            15,
            9,
            16
          ],
          "texture": "#4"
        }
      }
    },
    {
      "from": [
        7,
        17,
        5.75
      ],
      "to": [
        9,
        17.5,
        6.25
      ],
      "rotation": {
        "angle": 0,
        "axis": "y",
        "origin": [
          7,
          0,
          0
        ]
      },
      "faces": {
        "north": {
          "uv": [
            13,
            12,
            15,
            12.5
          ],
          "texture": "#4"
        },
        "east": {
          "uv": [
            15,
            10,
            15.5,
            10.5
          ],
          "texture": "#4"
        },
        "south": {
          "uv": [
            14,
            0,
            16,
            0.5
          ],
          "texture": "#4"
        },
        "west": {
          "uv": [
            11,
            15,
            11.5,
            15.5
          ],
          "texture": "#4"
        },
        "up": {
          "uv": [
            3,
            14.5,
            1,
            14
          ],
          "texture": "#4"
        },
        "down": {
          "uv": [
            16,
            1,
            14,
            1.5
          ],
          "texture": "#4"
        }
      }
    },
    {
      "from": [
        8.5,
        17,
        6.25
      ],
      "to": [
        9,
        17.5,
        7.25
      ],
      "rotation": {
        "angle": 0,
        "axis": "y",
        "origin": [
          7,
          0,
          0
        ]
      },
      "faces": {
        "east": {
          "uv": [
            15,
            5,
            16,
            5.5
          ],
          "texture": "#4"
        },
        "west": {
          "uv": [
            6,
            15,
            7,
            15.5
          ],
          "texture": "#4"
        },
        "up": {
          "uv": [
            15.5,
            7,
            15,
            6
          ],
          "texture": "#4"
        },
        "down": {
          "uv": [
            7.5,
            15,
            7,
            16
          ],
          "texture": "#4"
        }
      }
    },
    {
      "from": [
        7.5,
        14.5,
        3.25
      ],
      "to": [
        8.5,
        15.5,
        4.25
      ],
      "rotation": {
        "angle": 0,
        "axis": "y",
        "origin": [
          7.5,
          0,
          0
        ]
      },
      "faces": {
        "north": {
          "uv": [
            14,
            2,
            15,
            3
          ],
          "texture": "#4"
        },
        "east": {
          "uv": [
            3,
            14,
            4,
            15
          ],
          "texture": "#4"
        },
        "south": {
          "uv": [
            14,
            3,
            15,
            4
          ],
          "texture": "#4"
        },
        "west": {
          "uv": [
            4,
            14,
            5,
            15
          ],
          "texture": "#4"
        },
        "up": {
          "uv": [
            6,
            15,
            5,
            14
          ],
          "texture": "#4"
        },
        "down": {
          "uv": [
            15,
            8,
            14,
            9
          ],
          "texture": "#4"
        }
      }
    },
    {
      "from": [
        7.985,
        8,
        2.5
      ],
      "to": [
        8.015,
        19,
        8
      ],
      "rotation": {
        "angle": 0,
        "axis": "y",
        "origin": [
          7.985,
          0,
          0
        ]
      },
      "faces": {
        "east": {
          "uv": [
            5.5,
            0,
            0,
            11
          ],
          "texture": "#4"
        },
        "west": {
          "uv": [
            0,
            0,
            5.5,
            11
          ],
          "texture": "#4"
        }
      }
    }
  ],
  "gui_light": "front",
  "display": {
    "thirdperson_righthand": {
      "translation": [
        0,
        2.5,
        1
      ]
    },
    "thirdperson_lefthand": {
      "translation": [
        0,
        2.5,
        1
      ]
    },
    "firstperson_righthand": {
      "rotation": [
        -10,
        0,
        0
      ],
      "translation": [
        0,
        2.75,
        0
      ]
    },
    "firstperson_lefthand": {
      "rotation": [
        -10,
        0,
        0
      ],
      "translation": [
        0,
        2.75,
        0
      ]
    },
    "ground": {
      "rotation": [
        -45,
        0,
        0
      ],
      "translation": [
        0,
        5.5,
        0
      ],
      "scale": [
        0.7,
        0.7,
        0.7
      ]
    },
    "gui": {
      "rotation": [
        -90,
        45,
        90
      ],
      "translation": [
        2,
        -0.75,
        0
      ]
    },
    "head": {
      "rotation": [
        0,
        -90,
        0
      ]
    },
    "fixed": {
      "translation": [
        0,
        -6.25,
        -1.25
      ],
      "scale": [
        2.5,
        2.5,
        2.5
      ]
    }
  },
  "groups": [
    {
      "name": "fishing_rod",
      "origin": [
        7.985,
        0,
        0
      ],
      "color": 0,
      "boneType": "",
      "children": [
        0,
        1,
        2,
        3,
        4,
        5,
        6,
        7,
        8,
        9,
        10,
        11,
        12,
        13,
        14,
        15,
        16,
        17,
        18,
        19,
        20,
        21,
        22,
        23,
        24,
        25,
        26
      ]
    }
  ]
}