{
  "credit": "Made by PolygonMC",
  "texture_size": [
    24,
    24
  ],
  "textures": {
    "1": "ufoset:animations/animations_ufo",
    "3": "ufoset:animations/animations_sword",
    "4": "ufoset:greatsword",
    "particle": "ufoset:animations/animations_ufo"
  },
  "elements": [
    {
      "from": [
        7.5,
        0.5,
        7.5
      ],
      "to": [
        8.5,
        1.5,
        8.5
      ],
      "rotation": {
        "angle": 0,
        "axis": "y",
        "origin": [
          6.5,
          -0.5,
          7.5
        ]
      },
      "faces": {
        "north": {
          "uv": [
            7.33333,
            1.33333,
            8,
            2
          ],
          "texture": "#4"
        },
        "east": {
          "uv": [
            8,
            1.33333,
            8.66667,
            2
          ],
          "texture": "#4"
        },
        "south": {
          "uv": [
            8.66667,
            2,
            9.33333,
            2.66667
          ],
          "texture": "#4"
        },
        "west": {
          "uv": [
            8.66667,
            2.66667,
            9.33333,
            3.33333
          ],
          "texture": "#4"
        },
        "up": {
          "uv": [
            9.33333,
            4,
            8.66667,
            3.33333
          ],
          "texture": "#4"
        },
        "down": {
          "uv": [
            4.66667,
            8.66667,
            4,
            9.33333
          ],
          "texture": "#4"
        }
      }
    },
    {
      "from": [
        7.5,
        1.75,
        7.5
      ],
      "to": [
        8.5,
        4.25,
        8.5
      ],
      "rotation": {
        "angle": 45,
        "axis": "y",
        "origin": [
          8,
          3,
          8
        ]
      },
      "faces": {
        "north": {
          "uv": [
            6.66667,
            7.33333,
            7.33333,
            9
          ],
          "texture": "#4"
        },
        "east": {
          "uv": [
            7.33333,
            7.33333,
            8,
            9
          ],
          "texture": "#4"
        },
        "south": {
          "uv": [
            8,
            7.33333,
            8.66667,
            9
          ],
          "texture": "#4"
        },
        "west": {
          "uv": [
            8.66667,
            0,
            9.33333,
            1.66667
          ],
          "texture": "#4"
        },
        "up": {
          "uv": [
            9.33333,
            4.66667,
            8.66667,
            4
          ],
          "texture": "#4"
        },
        "down": {
          "uv": [
            5.33333,
            8.66667,
            4.66667,
            9.33333
          ],
          "texture": "#4"
        }
      }
    },
    {
      "from": [
        7.4,
        0,
        7.4
      ],
      "to": [
        8.6,
        0.5,
        8.6
      ],
      "rotation": {
        "angle": 0,
        "axis": "y",
        "origin": [
          6.5,
          -0.5,
          7.5
        ]
      },
      "faces": {
        "north": {
          "uv": [
            8.66667,
            9.33333,
            9.33333,
            9.66667
          ],
          "texture": "#4"
        },
        "east": {
          "uv": [
            9.33333,
            8.66667,
            10,
            9
          ],
          "texture": "#4"
        },
        "south": {
          "uv": [
            9.33333,
            9.33333,
            10,
            9.66667
          ],
          "texture": "#4"
        },
        "west": {
          "uv": [
            10,
            0,
            10.66667,
            0.33333
          ],
          "texture": "#4"
        },
        "up": {
          "uv": [
            9.33333,
            5.33333,
            8.66667,
            4.66667
          ],
          "texture": "#4"
        },
        "down": {
          "uv": [
            9.33333,
            5.33333,
            8.66667,
            6
          ],
          "texture": "#4"
        }
      }
    },
    {
      "from": [
        7.4,
        1.5,
        7.4
      ],
      "to": [
        8.6,
        2,
        8.6
      ],
      "rotation": {
        "angle": 0,
        "axis": "y",
        "origin": [
          6.5,
          -0.5,
          7.5
        ]
      },
      "faces": {
        "north": {
          "uv": [
            10,
            0.66667,
            10.66667,
            1
          ],
          "texture": "#4"
        },
        "east": {
          "uv": [
            10,
            1.33333,
            10.66667,
            1.66667
          ],
          "texture": "#4"
        },
        "south": {
          "uv": [
            10,
            2,
            10.66667,
            2.33333
          ],
          "texture": "#4"
        },
        "west": {
          "uv": [
            2.66667,
            10,
            3.33333,
            10.33333
          ],
          "texture": "#4"
        },
        "up": {
          "uv": [
            9.33333,
            6.66667,
            8.66667,
            6
          ],
          "texture": "#4"
        },
        "down": {
          "uv": [
            9.33333,
            6.66667,
            8.66667,
            7.33333
          ],
          "texture": "#4"
        }
      }
    },
    {
      "from": [
        7.4,
        5.5,
        7.4
      ],
      "to": [
        8.6,
        6,
        8.6
      ],
      "rotation": {
        "angle": 0,
        "axis": "y",
        "origin": [
          6.5,
          -0.5,
          7.5
        ]
      },
      "faces": {
        "north": {
          "uv": [
            10,
            2.66667,
            10.66667,
            3
          ],
          "texture": "#4"
        },
        "east": {
          "uv": [
            3.33333,
            10,
            4,
            10.33333
          ],
          "texture": "#4"
        },
        "south": {
          "uv": [
            10,
            3.33333,
            10.66667,
            3.66667
          ],
          "texture": "#4"
        },
        "west": {
          "uv": [
            4,
            10,
            4.66667,
            10.33333
          ],
          "texture": "#4"
        },
        "up": {
          "uv": [
            9.33333,
            8,
            8.66667,
            7.33333
          ],
          "texture": "#4"
        },
        "down": {
          "uv": [
            9.33333,
            8,
            8.66667,
            8.66667
          ],
          "texture": "#4"
        }
      }
    },
    {
      "from": [
        7.5,
        4.5,
        7.5
      ],
      "to": [
        8.5,
        5.5,
        8.5
      ],
      "rotation": {
        "angle": 0,
        "axis": "y",
        "origin": [
          6.5,
          -0.5,
          7.5
        ]
      },
      "faces": {
        "north": {
          "uv": [
            8.66667,
            8.66667,
            9.33333,
            9.33333
          ],
          "texture": "#4"
        },
        "east": {
          "uv": [
            9.33333,
            0,
            10,
            0.66667
          ],
          "texture": "#4"
        },
        "south": {
          "uv": [
            9.33333,
            0.66667,
            10,
            1.33333
          ],
          "texture": "#4"
        },
        "west": {
          "uv": [
            9.33333,
            1.33333,
            10,
            2
          ],
          "texture": "#4"
        },
        "up": {
          "uv": [
            10,
            2.66667,
            9.33333,
            2
          ],
          "texture": "#4"
        },
        "down": {
          "uv": [
            3.33333,
            9.33333,
            2.66667,
            10
          ],
          "texture": "#4"
        }
      }
    },
    {
      "from": [
        7.4,
        4,
        7.4
      ],
      "to": [
        8.6,
        4.5,
        8.6
      ],
      "rotation": {
        "angle": 0,
        "axis": "y",
        "origin": [
          6.5,
          -0.5,
          7.5
        ]
      },
      "faces": {
        "north": {
          "uv": [
            10,
            4,
            10.66667,
            4.33333
          ],
          "texture": "#4"
        },
        "east": {
          "uv": [
            4.66667,
            10,
            5.33333,
            10.33333
          ],
          "texture": "#4"
        },
        "south": {
          "uv": [
            10,
            4.66667,
            10.66667,
            5
          ],
          "texture": "#4"
        },
        "west": {
          "uv": [
            10,
            5.33333,
            10.66667,
            5.66667
          ],
          "texture": "#4"
        },
        "up": {
          "uv": [
            10,
            3.33333,
            9.33333,
            2.66667
          ],
          "texture": "#4"
        },
        "down": {
          "uv": [
            4,
            9.33333,
            3.33333,
            10
          ],
          "texture": "#4"
        }
      }
    },
    {
      "from": [
        7.25,
        10.25,
        7.25
      ],
      "to": [
        8.75,
        24.25,
        8.75
      ],
      "rotation": {
        "angle": 45,
        "axis": "y",
        "origin": [
          8,
          17.25,
          8
        ]
      },
      "faces": {
        "north": {
          "uv": [
            0,
            0,
            1.5,
            14
          ],
          "texture": "#3"
        },
        "east": {
          "uv": [
            0,
            0,
            1.5,
            14
          ],
          "texture": "#3"
        },
        "south": {
          "uv": [
            0,
            0,
            1.5,
            14
          ],
          "texture": "#3"
        },
        "west": {
          "uv": [
            0,
            0,
            1.5,
            14
          ],
          "texture": "#3"
        }
      }
    },
    {
      "from": [
        7.25,
        10.25,
        5.75
      ],
      "to": [
        8.75,
        24.25,
        7.25
      ],
      "rotation": {
        "angle": 0,
        "axis": "y",
        "origin": [
          8,
          17.25,
          6.5
        ]
      },
      "faces": {
        "north": {
          "uv": [
            0,
            0,
            1.5,
            14
          ],
          "texture": "#3"
        },
        "east": {
          "uv": [
            0,
            0,
            1.5,
            14
          ],
          "texture": "#3"
        },
        "west": {
          "uv": [
            0,
            0,
            1.5,
            14
          ],
          "texture": "#3"
        }
      }
    },
    {
      "from": [
        7.25,
        10.25,
        8.75
      ],
      "to": [
        8.75,
        24.25,
        10.25
      ],
      "rotation": {
        "angle": 0,
        "axis": "y",
        "origin": [
          8,
          17.25,
          9.5
        ]
      },
      "faces": {
        "east": {
          "uv": [
            1.5,
            0,
            0,
            14
          ],
          "texture": "#3"
        },
        "south": {
          "uv": [
            1.5,
            0,
            0,
            14
          ],
          "texture": "#3"
        },
        "west": {
          "uv": [
            1.5,
            0,
            0,
            14
          ],
          "texture": "#3"
        }
      }
    },
    {
      "from": [
        7.5,
        8,
        7.5
      ],
      "to": [
        8.5,
        24,
        8.5
      ],
      "rotation": {
        "angle": 0,
        "axis": "y",
        "origin": [
          6.5,
          -3,
          9.5
        ]
      },
      "faces": {
        "north": {
          "uv": [
            0,
            0,
            0.66667,
            10.66667
          ],
          "texture": "#4"
        },
        "east": {
          "uv": [
            0.66667,
            0,
            1.33333,
            10.66667
          ],
          "texture": "#4"
        },
        "south": {
          "uv": [
            1.33333,
            0,
            2,
            10.66667
          ],
          "texture": "#4"
        },
        "west": {
          "uv": [
            2,
            0,
            2.66667,
            10.66667
          ],
          "texture": "#4"
        },
        "up": {
          "uv": [
            10,
            4,
            9.33333,
            3.33333
          ],
          "texture": "#4"
        },
        "down": {
          "uv": [
            4.66667,
            9.33333,
            4,
            10
          ],
          "texture": "#4"
        }
      }
    },
    {
      "from": [
        7.5,
        -1,
        8
      ],
      "to": [
        8.5,
        0,
        9
      ],
      "rotation": {
        "angle": -45,
        "axis": "x",
        "origin": [
          7.5,
          -1,
          8
        ]
      },
      "faces": {
        "north": {
          "uv": [
            9.33333,
            4,
            10,
            4.66667
          ],
          "texture": "#4"
        },
        "east": {
          "uv": [
            4.66667,
            9.33333,
            5.33333,
            10
          ],
          "texture": "#4"
        },
        "south": {
          "uv": [
            9.33333,
            4.66667,
            10,
            5.33333
          ],
          "texture": "#4"
        },
        "west": {
          "uv": [
            9.33333,
            5.33333,
            10,
            6
          ],
          "texture": "#4"
        },
        "up": {
          "uv": [
            10,
            6.66667,
            9.33333,
            6
          ],
          "texture": "#4"
        },
        "down": {
          "uv": [
            7.33333,
            9.33333,
            6.66667,
            10
          ],
          "texture": "#4"
        }
      }
    },
    {
      "from": [
        7,
        6,
        7
      ],
      "to": [
        9,
        6.5,
        9
      ],
      "rotation": {
        "angle": 0,
        "axis": "y",
        "origin": [
          7,
          6,
          7
        ]
      },
      "faces": {
        "north": {
          "uv": [
            9.33333,
            6.66667,
            10.66667,
            7
          ],
          "texture": "#4"
        },
        "east": {
          "uv": [
            7.33333,
            9.33333,
            8.66667,
            9.66667
          ],
          "texture": "#4"
        },
        "south": {
          "uv": [
            9.33333,
            7.33333,
            10.66667,
            7.66667
          ],
          "texture": "#4"
        },
        "west": {
          "uv": [
            9.33333,
            8,
            10.66667,
            8.33333
          ],
          "texture": "#4"
        },
        "down": {
          "uv": [
            8.66667,
            0,
            7.33333,
            1.33333
          ],
          "texture": "#4"
        }
      }
    },
    {
      "from": [
        6,
        6.5,
        6
      ],
      "to": [
        10,
        8,
        10
      ],
      "rotation": {
        "angle": 0,
        "axis": "y",
        "origin": [
          7,
          6.5,
          7
        ]
      },
      "faces": {
        "north": {
          "uv": [
            8,
            0,
            16,
            3
          ],
          "texture": "#1"
        },
        "east": {
          "uv": [
            8,
            4,
            16,
            7
          ],
          "texture": "#1"
        },
        "south": {
          "uv": [
            8,
            8,
            16,
            11
          ],
          "texture": "#1"
        },
        "west": {
          "uv": [
            8,
            12,
            16,
            15
          ],
          "texture": "#1"
        },
        "up": {
          "uv": [
            8,
            8,
            0,
            0
          ],
          "texture": "#1"
        },
        "down": {
          "uv": [
            8,
            8,
            0,
            16
          ],
          "texture": "#1"
        }
      }
    },
    {
      "from": [
        6.5,
        8,
        6.5
      ],
      "to": [
        9.5,
        10,
        9.5
      ],
      "rotation": {
        "angle": 0,
        "axis": "y",
        "origin": [
          7,
          8,
          7
        ]
      },
      "faces": {
        "north": {
          "uv": [
            6.66667,
            2,
            8.66667,
            3.33333
          ],
          "texture": "#4"
        },
        "east": {
          "uv": [
            6.66667,
            3.33333,
            8.66667,
            4.66667
          ],
          "texture": "#4"
        },
        "south": {
          "uv": [
            6.66667,
            4.66667,
            8.66667,
            6
          ],
          "texture": "#4"
        },
        "west": {
          "uv": [
            6.66667,
            6,
            8.66667,
            7.33333
          ],
          "texture": "#4"
        },
        "up": {
          "uv": [
            7.33333,
            2,
            5.33333,
            0
          ],
          "texture": "#4"
        }
      }
    },
    {
      "from": [
        7.7,
        10.75,
        6.7
      ],
      "to": [
        8.3,
        23.5,
        7.5
      ],
      "rotation": {
        "angle": 0,
        "axis": "y",
        "origin": [
          7.25,
          10.5,
          7.5
        ]
      },
      "faces": {
        "east": {
          "uv": [
            4,
            0,
            4.66667,
            8.66667
          ],
          "texture": "#4"
        },
        "west": {
          "uv": [
            4.66667,
            0,
            5.33333,
            8.66667
          ],
          "texture": "#4"
        },
        "up": {
          "uv": [
            7.66667,
            10.66667,
            7.33333,
            10
          ],
          "texture": "#4"
        },
        "down": {
          "uv": [
            8.33333,
            10,
            8,
            10.66667
          ],
          "texture": "#4"
        }
      }
    },
    {
      "from": [
        7.5,
        10.25,
        6.15
      ],
      "to": [
        8.5,
        24,
        6.7
      ],
      "rotation": {
        "angle": 0,
        "axis": "y",
        "origin": [
          7.5,
          8,
          6.7
        ]
      },
      "faces": {
        "north": {
          "uv": [
            2.66667,
            0,
            3.33333,
            9
          ],
          "texture": "#4"
        },
        "east": {
          "uv": [
            5.33333,
            2,
            5.66667,
            11
          ],
          "texture": "#4"
        },
        "south": {
          "uv": [
            3.33333,
            0,
            4,
            9
          ],
          "texture": "#4"
        },
        "west": {
          "uv": [
            6,
            2,
            6.33333,
            11
          ],
          "texture": "#4"
        },
        "up": {
          "uv": [
            10.66667,
            6.33333,
            10,
            6
          ],
          "texture": "#4"
        },
        "down": {
          "uv": [
            7.33333,
            10,
            6.66667,
            10.33333
          ],
          "texture": "#4"
        }
      }
    },
    {
      "from": [
        7.7,
        10.75,
        8.5
      ],
      "to": [
        8.3,
        23.5,
        9.3
      ],
      "rotation": {
        "angle": 0,
        "axis": "y",
        "origin": [
          7.25,
          10.5,
          8.5
        ]
      },
      "faces": {
        "east": {
          "uv": [
            4.66667,
            0,
            4,
            8.66667
          ],
          "texture": "#4"
        },
        "west": {
          "uv": [
            5.33333,
            0,
            4.66667,
            8.66667
          ],
          "texture": "#4"
        },
        "up": {
          "uv": [
            7.66667,
            10,
            7.33333,
            10.66667
          ],
          "texture": "#4"
        },
        "down": {
          "uv": [
            8.33333,
            10.66667,
            8,
            10
          ],
          "texture": "#4"
        }
      }
    },
    {
      "from": [
        7.5,
        10.25,
        9.3
      ],
      "to": [
        8.5,
        24,
        9.85
      ],
      "rotation": {
        "angle": 0,
        "axis": "y",
        "origin": [
          7.5,
          8,
          9.3
        ]
      },
      "faces": {
        "north": {
          "uv": [
            4,
            0,
            3.33333,
            9
          ],
          "texture": "#4"
        },
        "east": {
          "uv": [
            5.66667,
            2,
            5.33333,
            11
          ],
          "texture": "#4"
        },
        "south": {
          "uv": [
            3.33333,
            0,
            2.66667,
            9
          ],
          "texture": "#4"
        },
        "west": {
          "uv": [
            6.33333,
            2,
            6,
            11
          ],
          "texture": "#4"
        },
        "up": {
          "uv": [
            10.66667,
            6,
            10,
            6.33333
          ],
          "texture": "#4"
        },
        "down": {
          "uv": [
            7.33333,
            10.33333,
            6.66667,
            10
          ],
          "texture": "#4"
        }
      }
    }
  ],
  "gui_light": "front",
  "display": {
    "thirdperson_righthand": {
      "translation": [
        0,
        2.5,
        1
      ]
    },
    "thirdperson_lefthand": {
      "translation": [
        0,
        2.5,
        1
      ]
    },
    "firstperson_righthand": {
      "rotation": [
        -10,
        0,
        0
      ],
      "translation": [
        0,
        2.75,
        0
      ]
    },
    "firstperson_lefthand": {
      "rotation": [
        -10,
        0,
        0
      ],
      "translation": [
        0,
        2.75,
        0
      ]
    },
    "ground": {
      "rotation": [
        45,
        0,
        0
      ],
      "translation": [
        0,
        5.5,
        0
      ],
      "scale": [
        0.7,
        0.7,
        0.7
      ]
    },
    "gui": {
      "rotation": [
        90,
        -45,
        90
      ],
      "translation": [
        3,
        -3,
        0
      ]
    },
    "head": {
      "rotation": [
        0,
        90,
        0
      ]
    },
    "fixed": {
      "rotation": [
        0,
        -90,
        0
      ],
      "translation": [
        0,
        -6.25,
        -1.25
      ],
      "scale": [
        2.5,
        2.5,
        2.5
      ]
    }
  },
  "groups": [
    {
      "name": "greatsword",
      "origin": [
        7.5,
        8,
        9.3
      ],
      "color": 0,
      "boneType": "",
      "children": [
        0,
        1,
        2,
        3,
        4,
        5,
        6,
        7,
        8,
        9,
        10,
        11,
        12,
        13,
        14,
        15,
        16,
        17,
        18
      ]
    }
  ]
}