{
  "credit": "Made by PolygonMC",
  "texture_size": [
    24,
    24
  ],
  "textures": {
    "1": "ufoset:animations/animations_ufo",
    "2": "ufoset:animations/animations_axe",
    "3": "ufoset:hammer",
    "particle": "ufoset:animations/animations_ufo"
  },
  "elements": [
    {
      "from": [
        7.5,
        0.5,
        7.5
      ],
      "to": [
        8.5,
        1.5,
        8.5
      ],
      "rotation": {
        "angle": 0,
        "axis": "y",
        "origin": [
          6.5,
          -0.5,
          7.5
        ]
      },
      "faces": {
        "north": {
          "uv": [
            0,
            10,
            0.66667,
            10.66667
          ],
          "texture": "#3"
        },
        "east": {
          "uv": [
            4,
            10,
            4.66667,
            10.66667
          ],
          "texture": "#3"
        },
        "south": {
          "uv": [
            10,
            4,
            10.66667,
            4.66667
          ],
          "texture": "#3"
        },
        "west": {
          "uv": [
            4.66667,
            10,
            5.33333,
            10.66667
          ],
          "texture": "#3"
        },
        "up": {
          "uv": [
            10.66667,
            5.33333,
            10,
            4.66667
          ],
          "texture": "#3"
        },
        "down": {
          "uv": [
            6,
            10,
            5.33333,
            10.66667
          ],
          "texture": "#3"
        }
      }
    },
    {
      "from": [
        7.5,
        7.75,
        7.5
      ],
      "to": [
        8.5,
        10.25,
        8.5
      ],
      "rotation": {
        "angle": 45,
        "axis": "y",
        "origin": [
          8,
          9,
          8
        ]
      },
      "faces": {
        "north": {
          "uv": [
            7.33333,
            8,
            8,
            9.66667
          ],
          "texture": "#3"
        },
        "east": {
          "uv": [
            2,
            8.66667,
            2.66667,
            10.33333
          ],
          "texture": "#3"
        },
        "south": {
          "uv": [
            8.66667,
            5.33333,
            9.33333,
            7
          ],
          "texture": "#3"
        },
        "west": {
          "uv": [
            8.66667,
            7.33333,
            9.33333,
            9
          ],
          "texture": "#3"
        },
        "up": {
          "uv": [
            6.66667,
            10.66667,
            6,
            10
          ],
          "texture": "#3"
        },
        "down": {
          "uv": [
            7.33333,
            10,
            6.66667,
            10.66667
          ],
          "texture": "#3"
        }
      }
    },
    {
      "from": [
        7.4,
        0,
        7.4
      ],
      "to": [
        8.6,
        0.5,
        8.6
      ],
      "rotation": {
        "angle": 0,
        "axis": "y",
        "origin": [
          6.5,
          -0.5,
          7.5
        ]
      },
      "faces": {
        "north": {
          "uv": [
            4,
            11.33333,
            4.66667,
            11.66667
          ],
          "texture": "#3"
        },
        "east": {
          "uv": [
            11.33333,
            4,
            12,
            4.33333
          ],
          "texture": "#3"
        },
        "south": {
          "uv": [
            4.66667,
            11.33333,
            5.33333,
            11.66667
          ],
          "texture": "#3"
        },
        "west": {
          "uv": [
            11.33333,
            4.66667,
            12,
            5
          ],
          "texture": "#3"
        },
        "up": {
          "uv": [
            10.66667,
            7.33333,
            10,
            6.66667
          ],
          "texture": "#3"
        },
        "down": {
          "uv": [
            8,
            10,
            7.33333,
            10.66667
          ],
          "texture": "#3"
        }
      }
    },
    {
      "from": [
        7.4,
        7.5,
        7.4
      ],
      "to": [
        8.6,
        8,
        8.6
      ],
      "rotation": {
        "angle": 0,
        "axis": "y",
        "origin": [
          6.5,
          5.5,
          7.5
        ]
      },
      "faces": {
        "north": {
          "uv": [
            5.33333,
            11.33333,
            6,
            11.66667
          ],
          "texture": "#3"
        },
        "east": {
          "uv": [
            6,
            11.33333,
            6.66667,
            11.66667
          ],
          "texture": "#3"
        },
        "south": {
          "uv": [
            6.66667,
            11.33333,
            7.33333,
            11.66667
          ],
          "texture": "#3"
        },
        "west": {
          "uv": [
            11.33333,
            6.66667,
            12,
            7
          ],
          "texture": "#3"
        },
        "up": {
          "uv": [
            10.66667,
            8,
            10,
            7.33333
          ],
          "texture": "#3"
        },
        "down": {
          "uv": [
            8.66667,
            10,
            8,
            10.66667
          ],
          "texture": "#3"
        }
      }
    },
    {
      "from": [
        7.4,
        17.5,
        7.4
      ],
      "to": [
        8.6,
        18,
        8.6
      ],
      "rotation": {
        "angle": 0,
        "axis": "y",
        "origin": [
          6.5,
          2.5,
          7.5
        ]
      },
      "faces": {
        "north": {
          "uv": [
            7.33333,
            11.33333,
            8,
            11.66667
          ],
          "texture": "#3"
        },
        "east": {
          "uv": [
            11.33333,
            7.33333,
            12,
            7.66667
          ],
          "texture": "#3"
        },
        "south": {
          "uv": [
            8,
            11.33333,
            8.66667,
            11.66667
          ],
          "texture": "#3"
        },
        "west": {
          "uv": [
            11.33333,
            8,
            12,
            8.33333
          ],
          "texture": "#3"
        },
        "up": {
          "uv": [
            9.33333,
            10.66667,
            8.66667,
            10
          ],
          "texture": "#3"
        },
        "down": {
          "uv": [
            10,
            10,
            9.33333,
            10.66667
          ],
          "texture": "#3"
        }
      }
    },
    {
      "from": [
        7.5,
        10.5,
        7.5
      ],
      "to": [
        8.5,
        11.5,
        8.5
      ],
      "rotation": {
        "angle": 0,
        "axis": "y",
        "origin": [
          6.5,
          5.5,
          7.5
        ]
      },
      "faces": {
        "north": {
          "uv": [
            10,
            9.33333,
            10.66667,
            10
          ],
          "texture": "#3"
        },
        "east": {
          "uv": [
            10,
            10,
            10.66667,
            10.66667
          ],
          "texture": "#3"
        },
        "south": {
          "uv": [
            0,
            10.66667,
            0.66667,
            11.33333
          ],
          "texture": "#3"
        },
        "west": {
          "uv": [
            0.66667,
            10.66667,
            1.33333,
            11.33333
          ],
          "texture": "#3"
        },
        "up": {
          "uv": [
            2,
            11.33333,
            1.33333,
            10.66667
          ],
          "texture": "#3"
        },
        "down": {
          "uv": [
            2.66667,
            10.66667,
            2,
            11.33333
          ],
          "texture": "#3"
        }
      }
    },
    {
      "from": [
        7.5,
        6.5,
        7.5
      ],
      "to": [
        8.5,
        7.5,
        8.5
      ],
      "rotation": {
        "angle": 0,
        "axis": "y",
        "origin": [
          6.5,
          -7.5,
          7.5
        ]
      },
      "faces": {
        "north": {
          "uv": [
            8,
            10.66667,
            8.66667,
            11.33333
          ],
          "texture": "#3"
        },
        "east": {
          "uv": [
            10.66667,
            8,
            11.33333,
            8.66667
          ],
          "texture": "#3"
        },
        "south": {
          "uv": [
            8.66667,
            10.66667,
            9.33333,
            11.33333
          ],
          "texture": "#3"
        },
        "west": {
          "uv": [
            10.66667,
            8.66667,
            11.33333,
            9.33333
          ],
          "texture": "#3"
        },
        "up": {
          "uv": [
            10,
            11.33333,
            9.33333,
            10.66667
          ],
          "texture": "#3"
        },
        "down": {
          "uv": [
            11.33333,
            9.33333,
            10.66667,
            10
          ],
          "texture": "#3"
        }
      }
    },
    {
      "from": [
        7.4,
        10,
        7.4
      ],
      "to": [
        8.6,
        10.5,
        8.6
      ],
      "rotation": {
        "angle": 0,
        "axis": "y",
        "origin": [
          6.5,
          5.5,
          7.5
        ]
      },
      "faces": {
        "north": {
          "uv": [
            8.66667,
            11.33333,
            9.33333,
            11.66667
          ],
          "texture": "#3"
        },
        "east": {
          "uv": [
            11.33333,
            8.66667,
            12,
            9
          ],
          "texture": "#3"
        },
        "south": {
          "uv": [
            9.33333,
            11.33333,
            10,
            11.66667
          ],
          "texture": "#3"
        },
        "west": {
          "uv": [
            11.33333,
            9.33333,
            12,
            9.66667
          ],
          "texture": "#3"
        },
        "up": {
          "uv": [
            3.33333,
            11.33333,
            2.66667,
            10.66667
          ],
          "texture": "#3"
        },
        "down": {
          "uv": [
            11.33333,
            2.66667,
            10.66667,
            3.33333
          ],
          "texture": "#3"
        }
      }
    },
    {
      "from": [
        7.5,
        -1,
        8
      ],
      "to": [
        8.5,
        0,
        9
      ],
      "rotation": {
        "angle": -45,
        "axis": "x",
        "origin": [
          7.5,
          -1,
          8
        ]
      },
      "faces": {
        "north": {
          "uv": [
            3.33333,
            10.66667,
            4,
            11.33333
          ],
          "texture": "#3"
        },
        "east": {
          "uv": [
            10.66667,
            3.33333,
            11.33333,
            4
          ],
          "texture": "#3"
        },
        "south": {
          "uv": [
            4,
            10.66667,
            4.66667,
            11.33333
          ],
          "texture": "#3"
        },
        "west": {
          "uv": [
            10.66667,
            4,
            11.33333,
            4.66667
          ],
          "texture": "#3"
        },
        "up": {
          "uv": [
            5.33333,
            11.33333,
            4.66667,
            10.66667
          ],
          "texture": "#3"
        },
        "down": {
          "uv": [
            11.33333,
            4.66667,
            10.66667,
            5.33333
          ],
          "texture": "#3"
        }
      }
    },
    {
      "from": [
        7,
        18,
        7
      ],
      "to": [
        9,
        18.5,
        9
      ],
      "rotation": {
        "angle": 0,
        "axis": "y",
        "origin": [
          7,
          9,
          7
        ]
      },
      "faces": {
        "north": {
          "uv": [
            5.33333,
            10.66667,
            6.66667,
            11
          ],
          "texture": "#3"
        },
        "east": {
          "uv": [
            10.66667,
            5.33333,
            12,
            5.66667
          ],
          "texture": "#3"
        },
        "south": {
          "uv": [
            10.66667,
            6,
            12,
            6.33333
          ],
          "texture": "#3"
        },
        "west": {
          "uv": [
            6.66667,
            10.66667,
            8,
            11
          ],
          "texture": "#3"
        },
        "down": {
          "uv": [
            8,
            0,
            6.66667,
            1.33333
          ],
          "texture": "#3"
        }
      }
    },
    {
      "from": [
        6,
        18.5,
        6
      ],
      "to": [
        10,
        20,
        10
      ],
      "rotation": {
        "angle": 0,
        "axis": "y",
        "origin": [
          7,
          9.5,
          7
        ]
      },
      "faces": {
        "north": {
          "uv": [
            8,
            0,
            16,
            3
          ],
          "texture": "#1"
        },
        "east": {
          "uv": [
            8,
            4,
            16,
            7
          ],
          "texture": "#1"
        },
        "south": {
          "uv": [
            8,
            8,
            16,
            11
          ],
          "texture": "#1"
        },
        "west": {
          "uv": [
            8,
            12,
            16,
            15
          ],
          "texture": "#1"
        },
        "up": {
          "uv": [
            8,
            8,
            0,
            0
          ],
          "texture": "#1"
        },
        "down": {
          "uv": [
            8,
            8,
            0,
            16
          ],
          "texture": "#1"
        }
      }
    },
    {
      "from": [
        6.5,
        20,
        6.5
      ],
      "to": [
        9.5,
        22,
        9.5
      ],
      "rotation": {
        "angle": 0,
        "axis": "y",
        "origin": [
          7,
          11,
          7
        ]
      },
      "faces": {
        "north": {
          "uv": [
            4.66667,
            2,
            6.66667,
            3.33333
          ],
          "texture": "#3"
        },
        "east": {
          "uv": [
            4.66667,
            3.33333,
            6.66667,
            4.66667
          ],
          "texture": "#3"
        },
        "south": {
          "uv": [
            4.66667,
            4.66667,
            6.66667,
            6
          ],
          "texture": "#3"
        },
        "west": {
          "uv": [
            0,
            5.33333,
            2,
            6.66667
          ],
          "texture": "#3"
        },
        "up": {
          "uv": [
            4.66667,
            2,
            2.66667,
            0
          ],
          "texture": "#3"
        }
      }
    },
    {
      "from": [
        7.4,
        1.5,
        7.4
      ],
      "to": [
        8.6,
        6.5,
        8.6
      ],
      "rotation": {
        "angle": 0,
        "axis": "y",
        "origin": [
          7.5,
          1.5,
          7.5
        ]
      },
      "faces": {
        "north": {
          "uv": [
            2,
            5.33333,
            2.66667,
            8.66667
          ],
          "texture": "#3"
        },
        "east": {
          "uv": [
            2.66667,
            6,
            3.33333,
            9.33333
          ],
          "texture": "#3"
        },
        "south": {
          "uv": [
            3.33333,
            6,
            4,
            9.33333
          ],
          "texture": "#3"
        },
        "west": {
          "uv": [
            4,
            6,
            4.66667,
            9.33333
          ],
          "texture": "#3"
        },
        "up": {
          "uv": [
            11.33333,
            7.33333,
            10.66667,
            6.66667
          ],
          "texture": "#3"
        },
        "down": {
          "uv": [
            11.33333,
            7.33333,
            10.66667,
            8
          ],
          "texture": "#3"
        }
      }
    },
    {
      "from": [
        7.4,
        11.5,
        7.4
      ],
      "to": [
        8.6,
        16.5,
        8.6
      ],
      "rotation": {
        "angle": 0,
        "axis": "y",
        "origin": [
          7.5,
          11.5,
          7.5
        ]
      },
      "faces": {
        "north": {
          "uv": [
            4.66667,
            6,
            5.33333,
            9.33333
          ],
          "texture": "#3"
        },
        "east": {
          "uv": [
            5.33333,
            6,
            6,
            9.33333
          ],
          "texture": "#3"
        },
        "south": {
          "uv": [
            6,
            6,
            6.66667,
            9.33333
          ],
          "texture": "#3"
        },
        "west": {
          "uv": [
            0,
            6.66667,
            0.66667,
            10
          ],
          "texture": "#3"
        },
        "up": {
          "uv": [
            12,
            1.33333,
            11.33333,
            0.66667
          ],
          "texture": "#3"
        },
        "down": {
          "uv": [
            2,
            11.33333,
            1.33333,
            12
          ],
          "texture": "#3"
        }
      }
    },
    {
      "from": [
        7.5,
        16.5,
        7.5
      ],
      "to": [
        8.5,
        17.5,
        8.5
      ],
      "rotation": {
        "angle": 0,
        "axis": "y",
        "origin": [
          6.5,
          2.5,
          7.5
        ]
      },
      "faces": {
        "north": {
          "uv": [
            10,
            10.66667,
            10.66667,
            11.33333
          ],
          "texture": "#3"
        },
        "east": {
          "uv": [
            10.66667,
            10,
            11.33333,
            10.66667
          ],
          "texture": "#3"
        },
        "south": {
          "uv": [
            10.66667,
            10.66667,
            11.33333,
            11.33333
          ],
          "texture": "#3"
        },
        "west": {
          "uv": [
            0,
            11.33333,
            0.66667,
            12
          ],
          "texture": "#3"
        },
        "up": {
          "uv": [
            12,
            0.66667,
            11.33333,
            0
          ],
          "texture": "#3"
        },
        "down": {
          "uv": [
            1.33333,
            11.33333,
            0.66667,
            12
          ],
          "texture": "#3"
        }
      }
    },
    {
      "from": [
        7.5,
        19.25347,
        2.5
      ],
      "to": [
        8.5,
        20.25347,
        5.5
      ],
      "rotation": {
        "angle": 0,
        "axis": "x",
        "origin": [
          8,
          19.74653,
          6
        ]
      },
      "faces": {
        "north": {
          "uv": [
            11.33333,
            1.33333,
            12,
            2
          ],
          "texture": "#3"
        },
        "east": {
          "uv": [
            8,
            0,
            10,
            0.66667
          ],
          "texture": "#3"
        },
        "west": {
          "uv": [
            8,
            0.66667,
            10,
            1.33333
          ],
          "texture": "#3"
        },
        "up": {
          "uv": [
            8.66667,
            4.66667,
            8,
            2.66667
          ],
          "texture": "#3"
        },
        "down": {
          "uv": [
            8.66667,
            4.66667,
            8,
            6.66667
          ],
          "texture": "#3"
        }
      }
    },
    {
      "from": [
        7.25,
        19.00347,
        2
      ],
      "to": [
        8.75,
        20.50347,
        2.5
      ],
      "rotation": {
        "angle": 0,
        "axis": "x",
        "origin": [
          8,
          19.74653,
          1.5
        ]
      },
      "faces": {
        "east": {
          "uv": [
            2,
            11.33333,
            2.33333,
            12.33333
          ],
          "texture": "#3"
        },
        "west": {
          "uv": [
            11.33333,
            2,
            11.66667,
            3
          ],
          "texture": "#3"
        },
        "up": {
          "uv": [
            3.66667,
            11.66667,
            2.66667,
            11.33333
          ],
          "texture": "#3"
        },
        "down": {
          "uv": [
            12.33333,
            3.33333,
            11.33333,
            3.66667
          ],
          "texture": "#3"
        }
      }
    },
    {
      "from": [
        7,
        18.75347,
        2.5
      ],
      "to": [
        9,
        20.75347,
        3.5
      ],
      "rotation": {
        "angle": 0,
        "axis": "x",
        "origin": [
          8,
          19.74653,
          1
        ]
      },
      "faces": {
        "north": {
          "uv": [
            6.66667,
            2.66667,
            8,
            4
          ],
          "texture": "#3"
        },
        "east": {
          "uv": [
            8,
            8.66667,
            8.66667,
            10
          ],
          "texture": "#3"
        },
        "south": {
          "uv": [
            6.66667,
            4,
            8,
            5.33333
          ],
          "texture": "#3"
        },
        "west": {
          "uv": [
            0.66667,
            9.33333,
            1.33333,
            10.66667
          ],
          "texture": "#3"
        },
        "up": {
          "uv": [
            10.66667,
            6,
            9.33333,
            5.33333
          ],
          "texture": "#3"
        },
        "down": {
          "uv": [
            10.66667,
            6,
            9.33333,
            6.66667
          ],
          "texture": "#3"
        }
      }
    },
    {
      "from": [
        7,
        18.75347,
        5.5
      ],
      "to": [
        9,
        20.75347,
        6.5
      ],
      "rotation": {
        "angle": 0,
        "axis": "x",
        "origin": [
          8,
          19.74653,
          4
        ]
      },
      "faces": {
        "north": {
          "uv": [
            6.66667,
            5.33333,
            8,
            6.66667
          ],
          "texture": "#3"
        },
        "east": {
          "uv": [
            1.33333,
            9.33333,
            2,
            10.66667
          ],
          "texture": "#3"
        },
        "south": {
          "uv": [
            6.66667,
            6.66667,
            8,
            8
          ],
          "texture": "#3"
        },
        "west": {
          "uv": [
            9.33333,
            6.66667,
            10,
            8
          ],
          "texture": "#3"
        },
        "up": {
          "uv": [
            10.66667,
            8.66667,
            9.33333,
            8
          ],
          "texture": "#3"
        },
        "down": {
          "uv": [
            10,
            9.33333,
            8.66667,
            10
          ],
          "texture": "#3"
        }
      }
    },
    {
      "from": [
        7.25,
        18.99307,
        2.02346
      ],
      "to": [
        8.75,
        20.49307,
        5.52346
      ],
      "rotation": {
        "angle": 0,
        "axis": "x",
        "origin": [
          8,
          19.75,
          6
        ]
      },
      "faces": {
        "east": {
          "uv": [
            3,
            0,
            0,
            7
          ],
          "rotation": 90,
          "texture": "#2"
        },
        "west": {
          "uv": [
            3,
            0,
            0,
            7
          ],
          "rotation": 270,
          "texture": "#2"
        },
        "up": {
          "uv": [
            3,
            0,
            0,
            7
          ],
          "texture": "#2"
        },
        "down": {
          "uv": [
            3,
            0,
            0,
            7
          ],
          "rotation": 180,
          "texture": "#2"
        }
      }
    },
    {
      "from": [
        6.5,
        18.24653,
        1
      ],
      "to": [
        9.5,
        21.24653,
        2
      ],
      "rotation": {
        "angle": 0,
        "axis": "y",
        "origin": [
          6.5,
          18.24653,
          1
        ]
      },
      "faces": {
        "east": {
          "uv": [
            6.66667,
            8,
            7.33333,
            10
          ],
          "texture": "#3"
        },
        "south": {
          "uv": [
            2.66667,
            2,
            4.66667,
            4
          ],
          "texture": "#3"
        },
        "west": {
          "uv": [
            8,
            6.66667,
            8.66667,
            8.66667
          ],
          "texture": "#3"
        },
        "up": {
          "uv": [
            10.66667,
            3.33333,
            8.66667,
            2.66667
          ],
          "texture": "#3"
        },
        "down": {
          "uv": [
            10.66667,
            3.33333,
            8.66667,
            4
          ],
          "texture": "#3"
        }
      }
    },
    {
      "from": [
        6,
        17.74653,
        0.25
      ],
      "to": [
        10,
        21.74653,
        1
      ],
      "rotation": {
        "angle": 0,
        "axis": "y",
        "origin": [
          6.5,
          18.24653,
          0
        ]
      },
      "faces": {
        "north": {
          "uv": [
            0,
            0,
            2.66667,
            2.66667
          ],
          "texture": "#3"
        },
        "east": {
          "uv": [
            0.66667,
            6.66667,
            1.33333,
            9.33333
          ],
          "texture": "#3"
        },
        "south": {
          "uv": [
            0,
            2.66667,
            2.66667,
            5.33333
          ],
          "texture": "#3"
        },
        "west": {
          "uv": [
            1.33333,
            6.66667,
            2,
            9.33333
          ],
          "texture": "#3"
        },
        "up": {
          "uv": [
            9.33333,
            2,
            6.66667,
            1.33333
          ],
          "texture": "#3"
        },
        "down": {
          "uv": [
            9.33333,
            2,
            6.66667,
            2.66667
          ],
          "texture": "#3"
        }
      }
    },
    {
      "from": [
        7.2,
        20.37389,
        -0.46812
      ],
      "to": [
        8.8,
        21.37389,
        1.53188
      ],
      "rotation": {
        "angle": 22.5,
        "axis": "x",
        "origin": [
          8,
          19.75,
          1.57952
        ]
      },
      "faces": {
        "north": {
          "uv": [
            10,
            0.66667,
            11,
            1.33333
          ],
          "texture": "#3"
        },
        "east": {
          "uv": [
            9.33333,
            8.66667,
            10.66667,
            9.33333
          ],
          "texture": "#3"
        },
        "south": {
          "uv": [
            2.66667,
            10,
            3.66667,
            10.66667
          ],
          "texture": "#3"
        },
        "west": {
          "uv": [
            10,
            0,
            11.33333,
            0.66667
          ],
          "texture": "#3"
        },
        "down": {
          "uv": [
            9.66667,
            4,
            8.66667,
            5.33333
          ],
          "texture": "#3"
        }
      }
    },
    {
      "from": [
        6.67,
        21.37389,
        -0.46812
      ],
      "to": [
        9.333,
        22.37389,
        2.03188
      ],
      "rotation": {
        "angle": 22.5,
        "axis": "x",
        "origin": [
          7.995,
          19.75,
          1.57952
        ]
      },
      "faces": {
        "north": {
          "uv": [
            9.33333,
            1.33333,
            11,
            2
          ],
          "texture": "#3"
        },
        "east": {
          "uv": [
            9.33333,
            2,
            11,
            2.66667
          ],
          "texture": "#3"
        },
        "south": {
          "uv": [
            2.66667,
            9.33333,
            4.33333,
            10
          ],
          "texture": "#3"
        },
        "west": {
          "uv": [
            4.66667,
            9.33333,
            6.33333,
            10
          ],
          "texture": "#3"
        },
        "up": {
          "uv": [
            4.33333,
            5.66667,
            2.66667,
            4
          ],
          "texture": "#3"
        },
        "down": {
          "uv": [
            6.33333,
            0,
            4.66667,
            1.66667
          ],
          "texture": "#3"
        }
      }
    },
    {
      "from": [
        6.37611,
        18.95,
        -0.46812
      ],
      "to": [
        7.37611,
        20.55,
        1.53188
      ],
      "rotation": {
        "angle": 22.5,
        "axis": "y",
        "origin": [
          8,
          19.75,
          1.57952
        ]
      },
      "faces": {
        "north": {
          "uv": [
            10,
            0.66667,
            11,
            1.33333
          ],
          "rotation": 90,
          "texture": "#3"
        },
        "east": {
          "uv": [
            9.66667,
            4,
            8.66667,
            5.33333
          ],
          "rotation": 270,
          "texture": "#3"
        },
        "south": {
          "uv": [
            2.66667,
            10,
            3.66667,
            10.66667
          ],
          "rotation": 270,
          "texture": "#3"
        },
        "up": {
          "uv": [
            9.33333,
            8.66667,
            10.66667,
            9.33333
          ],
          "rotation": 270,
          "texture": "#3"
        },
        "down": {
          "uv": [
            10,
            0,
            11.33333,
            0.66667
          ],
          "rotation": 270,
          "texture": "#3"
        }
      }
    },
    {
      "from": [
        5.37611,
        18.42,
        -0.46812
      ],
      "to": [
        6.37611,
        21.083,
        2.03188
      ],
      "rotation": {
        "angle": 22.5,
        "axis": "y",
        "origin": [
          8,
          19.745,
          1.57952
        ]
      },
      "faces": {
        "north": {
          "uv": [
            9.33333,
            1.33333,
            11,
            2
          ],
          "rotation": 90,
          "texture": "#3"
        },
        "east": {
          "uv": [
            6.33333,
            0,
            4.66667,
            1.66667
          ],
          "rotation": 270,
          "texture": "#3"
        },
        "south": {
          "uv": [
            2.66667,
            9.33333,
            4.33333,
            10
          ],
          "rotation": 270,
          "texture": "#3"
        },
        "west": {
          "uv": [
            4.33333,
            5.66667,
            2.66667,
            4
          ],
          "rotation": 270,
          "texture": "#3"
        },
        "up": {
          "uv": [
            9.33333,
            2,
            11,
            2.66667
          ],
          "rotation": 270,
          "texture": "#3"
        },
        "down": {
          "uv": [
            4.66667,
            9.33333,
            6.33333,
            10
          ],
          "rotation": 270,
          "texture": "#3"
        }
      }
    },
    {
      "from": [
        7.2,
        18.12611,
        -0.46812
      ],
      "to": [
        8.8,
        19.12611,
        1.53188
      ],
      "rotation": {
        "angle": -22.5,
        "axis": "x",
        "origin": [
          8,
          19.75,
          1.57952
        ]
      },
      "faces": {
        "north": {
          "uv": [
            10,
            0.66667,
            11,
            1.33333
          ],
          "rotation": 180,
          "texture": "#3"
        },
        "east": {
          "uv": [
            10,
            0,
            11.33333,
            0.66667
          ],
          "rotation": 180,
          "texture": "#3"
        },
        "south": {
          "uv": [
            2.66667,
            10,
            3.66667,
            10.66667
          ],
          "rotation": 180,
          "texture": "#3"
        },
        "west": {
          "uv": [
            9.33333,
            8.66667,
            10.66667,
            9.33333
          ],
          "rotation": 180,
          "texture": "#3"
        },
        "up": {
          "uv": [
            9.66667,
            4,
            8.66667,
            5.33333
          ],
          "rotation": 180,
          "texture": "#3"
        }
      }
    },
    {
      "from": [
        6.667,
        17.12611,
        -0.46812
      ],
      "to": [
        9.33,
        18.12611,
        2.03188
      ],
      "rotation": {
        "angle": -22.5,
        "axis": "x",
        "origin": [
          8.005,
          19.75,
          1.57952
        ]
      },
      "faces": {
        "north": {
          "uv": [
            9.33333,
            1.33333,
            11,
            2
          ],
          "rotation": 180,
          "texture": "#3"
        },
        "east": {
          "uv": [
            4.66667,
            9.33333,
            6.33333,
            10
          ],
          "rotation": 180,
          "texture": "#3"
        },
        "south": {
          "uv": [
            2.66667,
            9.33333,
            4.33333,
            10
          ],
          "rotation": 180,
          "texture": "#3"
        },
        "west": {
          "uv": [
            9.33333,
            2,
            11,
            2.66667
          ],
          "rotation": 180,
          "texture": "#3"
        },
        "up": {
          "uv": [
            6.33333,
            0,
            4.66667,
            1.66667
          ],
          "rotation": 180,
          "texture": "#3"
        },
        "down": {
          "uv": [
            4.33333,
            5.66667,
            2.66667,
            4
          ],
          "rotation": 180,
          "texture": "#3"
        }
      }
    },
    {
      "from": [
        8.62389,
        18.95,
        -0.46812
      ],
      "to": [
        9.62389,
        20.55,
        1.53188
      ],
      "rotation": {
        "angle": -22.5,
        "axis": "y",
        "origin": [
          8,
          19.75,
          1.57952
        ]
      },
      "faces": {
        "north": {
          "uv": [
            10,
            0.66667,
            11,
            1.33333
          ],
          "rotation": 270,
          "texture": "#3"
        },
        "south": {
          "uv": [
            2.66667,
            10,
            3.66667,
            10.66667
          ],
          "rotation": 90,
          "texture": "#3"
        },
        "west": {
          "uv": [
            9.66667,
            4,
            8.66667,
            5.33333
          ],
          "rotation": 90,
          "texture": "#3"
        },
        "up": {
          "uv": [
            10,
            0,
            11.33333,
            0.66667
          ],
          "rotation": 90,
          "texture": "#3"
        },
        "down": {
          "uv": [
            9.33333,
            8.66667,
            10.66667,
            9.33333
          ],
          "rotation": 90,
          "texture": "#3"
        }
      }
    },
    {
      "from": [
        9.62389,
        18.417,
        -0.46812
      ],
      "to": [
        10.62389,
        21.08,
        2.03188
      ],
      "rotation": {
        "angle": -22.5,
        "axis": "y",
        "origin": [
          8,
          19.755,
          1.57952
        ]
      },
      "faces": {
        "north": {
          "uv": [
            9.33333,
            1.33333,
            11,
            2
          ],
          "rotation": 270,
          "texture": "#3"
        },
        "east": {
          "uv": [
            4.33333,
            5.66667,
            2.66667,
            4
          ],
          "rotation": 90,
          "texture": "#3"
        },
        "south": {
          "uv": [
            2.66667,
            9.33333,
            4.33333,
            10
          ],
          "rotation": 90,
          "texture": "#3"
        },
        "west": {
          "uv": [
            6.33333,
            0,
            4.66667,
            1.66667
          ],
          "rotation": 90,
          "texture": "#3"
        },
        "up": {
          "uv": [
            4.66667,
            9.33333,
            6.33333,
            10
          ],
          "rotation": 90,
          "texture": "#3"
        },
        "down": {
          "uv": [
            9.33333,
            2,
            11,
            2.66667
          ],
          "rotation": 90,
          "texture": "#3"
        }
      }
    },
    {
      "from": [
        6,
        17.74653,
        15
      ],
      "to": [
        10,
        21.74653,
        15.75
      ],
      "rotation": {
        "angle": 0,
        "axis": "y",
        "origin": [
          6.5,
          18.24653,
          16
        ]
      },
      "faces": {
        "north": {
          "uv": [
            2.66667,
            2.66667,
            0,
            5.33333
          ],
          "texture": "#3"
        },
        "east": {
          "uv": [
            1.33333,
            6.66667,
            0.66667,
            9.33333
          ],
          "texture": "#3"
        },
        "south": {
          "uv": [
            2.66667,
            0,
            0,
            2.66667
          ],
          "texture": "#3"
        },
        "west": {
          "uv": [
            2,
            6.66667,
            1.33333,
            9.33333
          ],
          "texture": "#3"
        },
        "up": {
          "uv": [
            9.33333,
            1.33333,
            6.66667,
            2
          ],
          "texture": "#3"
        },
        "down": {
          "uv": [
            9.33333,
            2.66667,
            6.66667,
            2
          ],
          "texture": "#3"
        }
      }
    },
    {
      "from": [
        7.25,
        18.99307,
        10.47654
      ],
      "to": [
        8.75,
        20.49307,
        13.97654
      ],
      "rotation": {
        "angle": 0,
        "axis": "x",
        "origin": [
          8,
          19.75,
          10
        ]
      },
      "faces": {
        "east": {
          "uv": [
            3,
            7,
            0,
            0
          ],
          "rotation": 90,
          "texture": "#2"
        },
        "west": {
          "uv": [
            3,
            7,
            0,
            0
          ],
          "rotation": 270,
          "texture": "#2"
        },
        "up": {
          "uv": [
            3,
            7,
            0,
            0
          ],
          "texture": "#2"
        },
        "down": {
          "uv": [
            3,
            7,
            0,
            0
          ],
          "rotation": 180,
          "texture": "#2"
        }
      }
    },
    {
      "from": [
        7,
        18.75347,
        12.5
      ],
      "to": [
        9,
        20.75347,
        13.5
      ],
      "rotation": {
        "angle": 0,
        "axis": "x",
        "origin": [
          8,
          19.74653,
          15
        ]
      },
      "faces": {
        "north": {
          "uv": [
            8,
            4,
            6.66667,
            5.33333
          ],
          "texture": "#3"
        },
        "east": {
          "uv": [
            8.66667,
            8.66667,
            8,
            10
          ],
          "texture": "#3"
        },
        "south": {
          "uv": [
            8,
            2.66667,
            6.66667,
            4
          ],
          "texture": "#3"
        },
        "west": {
          "uv": [
            1.33333,
            9.33333,
            0.66667,
            10.66667
          ],
          "texture": "#3"
        },
        "up": {
          "uv": [
            10.66667,
            5.33333,
            9.33333,
            6
          ],
          "texture": "#3"
        },
        "down": {
          "uv": [
            10.66667,
            6.66667,
            9.33333,
            6
          ],
          "texture": "#3"
        }
      }
    },
    {
      "from": [
        7.25,
        19.00347,
        13.5
      ],
      "to": [
        8.75,
        20.50347,
        14
      ],
      "rotation": {
        "angle": 0,
        "axis": "x",
        "origin": [
          8,
          19.74653,
          14.5
        ]
      },
      "faces": {
        "east": {
          "uv": [
            2.33333,
            11.33333,
            2,
            12.33333
          ],
          "texture": "#3"
        },
        "west": {
          "uv": [
            11.66667,
            2,
            11.33333,
            3
          ],
          "texture": "#3"
        },
        "up": {
          "uv": [
            3.66667,
            11.33333,
            2.66667,
            11.66667
          ],
          "texture": "#3"
        },
        "down": {
          "uv": [
            12.33333,
            3.66667,
            11.33333,
            3.33333
          ],
          "texture": "#3"
        }
      }
    },
    {
      "from": [
        7.5,
        19.25347,
        10.5
      ],
      "to": [
        8.5,
        20.25347,
        13.5
      ],
      "rotation": {
        "angle": 0,
        "axis": "x",
        "origin": [
          8,
          19.74653,
          10
        ]
      },
      "faces": {
        "east": {
          "uv": [
            10,
            0,
            8,
            0.66667
          ],
          "texture": "#3"
        },
        "south": {
          "uv": [
            12,
            1.33333,
            11.33333,
            2
          ],
          "texture": "#3"
        },
        "west": {
          "uv": [
            10,
            0.66667,
            8,
            1.33333
          ],
          "texture": "#3"
        },
        "up": {
          "uv": [
            8.66667,
            2.66667,
            8,
            4.66667
          ],
          "texture": "#3"
        },
        "down": {
          "uv": [
            8.66667,
            6.66667,
            8,
            4.66667
          ],
          "texture": "#3"
        }
      }
    },
    {
      "from": [
        7,
        18.75347,
        9.5
      ],
      "to": [
        9,
        20.75347,
        10.5
      ],
      "rotation": {
        "angle": 0,
        "axis": "x",
        "origin": [
          8,
          19.74653,
          12
        ]
      },
      "faces": {
        "north": {
          "uv": [
            8,
            6.66667,
            6.66667,
            8
          ],
          "texture": "#3"
        },
        "east": {
          "uv": [
            2,
            9.33333,
            1.33333,
            10.66667
          ],
          "texture": "#3"
        },
        "south": {
          "uv": [
            8,
            5.33333,
            6.66667,
            6.66667
          ],
          "texture": "#3"
        },
        "west": {
          "uv": [
            10,
            6.66667,
            9.33333,
            8
          ],
          "texture": "#3"
        },
        "up": {
          "uv": [
            10.66667,
            8,
            9.33333,
            8.66667
          ],
          "texture": "#3"
        },
        "down": {
          "uv": [
            10,
            10,
            8.66667,
            9.33333
          ],
          "texture": "#3"
        }
      }
    },
    {
      "from": [
        6.5,
        18.24653,
        14
      ],
      "to": [
        9.5,
        21.24653,
        15
      ],
      "rotation": {
        "angle": 0,
        "axis": "y",
        "origin": [
          6.5,
          18.24653,
          15
        ]
      },
      "faces": {
        "north": {
          "uv": [
            4.66667,
            2,
            2.66667,
            4
          ],
          "texture": "#3"
        },
        "east": {
          "uv": [
            7.33333,
            8,
            6.66667,
            10
          ],
          "texture": "#3"
        },
        "west": {
          "uv": [
            8.66667,
            6.66667,
            8,
            8.66667
          ],
          "texture": "#3"
        },
        "up": {
          "uv": [
            10.66667,
            2.66667,
            8.66667,
            3.33333
          ],
          "texture": "#3"
        },
        "down": {
          "uv": [
            10.66667,
            4,
            8.66667,
            3.33333
          ],
          "texture": "#3"
        }
      }
    },
    {
      "from": [
        7.2,
        20.37389,
        14.46812
      ],
      "to": [
        8.8,
        21.37389,
        16.46812
      ],
      "rotation": {
        "angle": -22.5,
        "axis": "x",
        "origin": [
          8,
          19.75,
          14.42048
        ]
      },
      "faces": {
        "north": {
          "uv": [
            3.66667,
            10,
            2.66667,
            10.66667
          ],
          "texture": "#3"
        },
        "east": {
          "uv": [
            10.66667,
            8.66667,
            9.33333,
            9.33333
          ],
          "texture": "#3"
        },
        "south": {
          "uv": [
            11,
            0.66667,
            10,
            1.33333
          ],
          "texture": "#3"
        },
        "west": {
          "uv": [
            11.33333,
            0,
            10,
            0.66667
          ],
          "texture": "#3"
        },
        "down": {
          "uv": [
            9.66667,
            5.33333,
            8.66667,
            4
          ],
          "texture": "#3"
        }
      }
    },
    {
      "from": [
        6.67,
        21.37389,
        13.96812
      ],
      "to": [
        9.333,
        22.37389,
        16.46812
      ],
      "rotation": {
        "angle": -22.5,
        "axis": "x",
        "origin": [
          7.995,
          19.75,
          14.42048
        ]
      },
      "faces": {
        "north": {
          "uv": [
            4.33333,
            9.33333,
            2.66667,
            10
          ],
          "texture": "#3"
        },
        "east": {
          "uv": [
            11,
            2,
            9.33333,
            2.66667
          ],
          "texture": "#3"
        },
        "south": {
          "uv": [
            11,
            1.33333,
            9.33333,
            2
          ],
          "texture": "#3"
        },
        "west": {
          "uv": [
            6.33333,
            9.33333,
            4.66667,
            10
          ],
          "texture": "#3"
        },
        "up": {
          "uv": [
            4.33333,
            4,
            2.66667,
            5.66667
          ],
          "texture": "#3"
        },
        "down": {
          "uv": [
            6.33333,
            1.66667,
            4.66667,
            0
          ],
          "texture": "#3"
        }
      }
    },
    {
      "from": [
        5.37611,
        18.42,
        13.96812
      ],
      "to": [
        6.37611,
        21.083,
        16.46812
      ],
      "rotation": {
        "angle": -22.5,
        "axis": "y",
        "origin": [
          8,
          19.745,
          14.42048
        ]
      },
      "faces": {
        "north": {
          "uv": [
            2.66667,
            10,
            4.33333,
            9.33333
          ],
          "rotation": 270,
          "texture": "#3"
        },
        "east": {
          "uv": [
            6.33333,
            1.66667,
            4.66667,
            0
          ],
          "rotation": 270,
          "texture": "#3"
        },
        "south": {
          "uv": [
            9.33333,
            2,
            11,
            1.33333
          ],
          "rotation": 90,
          "texture": "#3"
        },
        "west": {
          "uv": [
            4.33333,
            4,
            2.66667,
            5.66667
          ],
          "rotation": 270,
          "texture": "#3"
        },
        "up": {
          "uv": [
            11,
            2,
            9.33333,
            2.66667
          ],
          "rotation": 270,
          "texture": "#3"
        },
        "down": {
          "uv": [
            6.33333,
            9.33333,
            4.66667,
            10
          ],
          "rotation": 270,
          "texture": "#3"
        }
      }
    },
    {
      "from": [
        6.37611,
        18.95,
        14.46812
      ],
      "to": [
        7.37611,
        20.55,
        16.46812
      ],
      "rotation": {
        "angle": -22.5,
        "axis": "y",
        "origin": [
          8,
          19.75,
          14.42048
        ]
      },
      "faces": {
        "north": {
          "uv": [
            2.66667,
            10.66667,
            3.66667,
            10
          ],
          "rotation": 270,
          "texture": "#3"
        },
        "east": {
          "uv": [
            9.66667,
            5.33333,
            8.66667,
            4
          ],
          "rotation": 270,
          "texture": "#3"
        },
        "south": {
          "uv": [
            10,
            1.33333,
            11,
            0.66667
          ],
          "rotation": 90,
          "texture": "#3"
        },
        "up": {
          "uv": [
            10.66667,
            8.66667,
            9.33333,
            9.33333
          ],
          "rotation": 270,
          "texture": "#3"
        },
        "down": {
          "uv": [
            11.33333,
            0,
            10,
            0.66667
          ],
          "rotation": 270,
          "texture": "#3"
        }
      }
    },
    {
      "from": [
        6.667,
        17.12611,
        13.96812
      ],
      "to": [
        9.33,
        18.12611,
        16.46812
      ],
      "rotation": {
        "angle": 22.5,
        "axis": "x",
        "origin": [
          8.005,
          19.75,
          14.42048
        ]
      },
      "faces": {
        "north": {
          "uv": [
            4.33333,
            9.33333,
            2.66667,
            10
          ],
          "rotation": 180,
          "texture": "#3"
        },
        "east": {
          "uv": [
            6.33333,
            9.33333,
            4.66667,
            10
          ],
          "rotation": 180,
          "texture": "#3"
        },
        "south": {
          "uv": [
            11,
            1.33333,
            9.33333,
            2
          ],
          "rotation": 180,
          "texture": "#3"
        },
        "west": {
          "uv": [
            11,
            2,
            9.33333,
            2.66667
          ],
          "rotation": 180,
          "texture": "#3"
        },
        "up": {
          "uv": [
            6.33333,
            1.66667,
            4.66667,
            0
          ],
          "rotation": 180,
          "texture": "#3"
        },
        "down": {
          "uv": [
            4.33333,
            4,
            2.66667,
            5.66667
          ],
          "rotation": 180,
          "texture": "#3"
        }
      }
    },
    {
      "from": [
        7.2,
        18.12611,
        14.46812
      ],
      "to": [
        8.8,
        19.12611,
        16.46812
      ],
      "rotation": {
        "angle": 22.5,
        "axis": "x",
        "origin": [
          8,
          19.75,
          14.42048
        ]
      },
      "faces": {
        "north": {
          "uv": [
            3.66667,
            10,
            2.66667,
            10.66667
          ],
          "rotation": 180,
          "texture": "#3"
        },
        "east": {
          "uv": [
            11.33333,
            0,
            10,
            0.66667
          ],
          "rotation": 180,
          "texture": "#3"
        },
        "south": {
          "uv": [
            11,
            0.66667,
            10,
            1.33333
          ],
          "rotation": 180,
          "texture": "#3"
        },
        "west": {
          "uv": [
            10.66667,
            8.66667,
            9.33333,
            9.33333
          ],
          "rotation": 180,
          "texture": "#3"
        },
        "up": {
          "uv": [
            9.66667,
            5.33333,
            8.66667,
            4
          ],
          "rotation": 180,
          "texture": "#3"
        }
      }
    },
    {
      "from": [
        9.62389,
        18.417,
        13.96812
      ],
      "to": [
        10.62389,
        21.08,
        16.46812
      ],
      "rotation": {
        "angle": 22.5,
        "axis": "y",
        "origin": [
          8,
          19.755,
          14.42048
        ]
      },
      "faces": {
        "north": {
          "uv": [
            2.66667,
            10,
            4.33333,
            9.33333
          ],
          "rotation": 90,
          "texture": "#3"
        },
        "east": {
          "uv": [
            4.33333,
            4,
            2.66667,
            5.66667
          ],
          "rotation": 90,
          "texture": "#3"
        },
        "south": {
          "uv": [
            9.33333,
            2,
            11,
            1.33333
          ],
          "rotation": 270,
          "texture": "#3"
        },
        "west": {
          "uv": [
            6.33333,
            1.66667,
            4.66667,
            0
          ],
          "rotation": 90,
          "texture": "#3"
        },
        "up": {
          "uv": [
            6.33333,
            9.33333,
            4.66667,
            10
          ],
          "rotation": 90,
          "texture": "#3"
        },
        "down": {
          "uv": [
            11,
            2,
            9.33333,
            2.66667
          ],
          "rotation": 90,
          "texture": "#3"
        }
      }
    },
    {
      "from": [
        8.62389,
        18.95,
        14.46812
      ],
      "to": [
        9.62389,
        20.55,
        16.46812
      ],
      "rotation": {
        "angle": 22.5,
        "axis": "y",
        "origin": [
          8,
          19.75,
          14.42048
        ]
      },
      "faces": {
        "north": {
          "uv": [
            2.66667,
            10.66667,
            3.66667,
            10
          ],
          "rotation": 90,
          "texture": "#3"
        },
        "south": {
          "uv": [
            10,
            1.33333,
            11,
            0.66667
          ],
          "rotation": 270,
          "texture": "#3"
        },
        "west": {
          "uv": [
            9.66667,
            5.33333,
            8.66667,
            4
          ],
          "rotation": 90,
          "texture": "#3"
        },
        "up": {
          "uv": [
            11.33333,
            0,
            10,
            0.66667
          ],
          "rotation": 90,
          "texture": "#3"
        },
        "down": {
          "uv": [
            10.66667,
            8.66667,
            9.33333,
            9.33333
          ],
          "rotation": 90,
          "texture": "#3"
        }
      }
    }
  ],
  "gui_light": "front",
  "display": {
    "thirdperson_righthand": {
      "translation": [
        0,
        -3,
        1
      ]
    },
    "thirdperson_lefthand": {
      "translation": [
        0,
        -3,
        1
      ]
    },
    "firstperson_righthand": {
      "rotation": [
        -10,
        0,
        0
      ],
      "translation": [
        0,
        -2.75,
        0.75
      ]
    },
    "firstperson_lefthand": {
      "rotation": [
        -10,
        0,
        0
      ],
      "translation": [
        0,
        -2.75,
        0.75
      ]
    },
    "ground": {
      "rotation": [
        45,
        0,
        0
      ],
      "translation": [
        0,
        5.5,
        0
      ],
      "scale": [
        0.7,
        0.7,
        0.7
      ]
    },
    "gui": {
      "rotation": [
        90,
        -45,
        90
      ],
      "translation": [
        3.75,
        -3.75,
        0
      ],
      "scale": [
        0.8,
        0.8,
        0.8
      ]
    },
    "head": {
      "rotation": [
        0,
        90,
        0
      ]
    },
    "fixed": {
      "rotation": [
        0,
        -90,
        0
      ],
      "translation": [
        0,
        -8.75,
        -1.25
      ],
      "scale": [
        2.5,
        2.5,
        2.5
      ]
    }
  },
  "groups": [
    {
      "name": "hammer",
      "origin": [
        8,
        19.75,
        14.42048
      ],
      "color": 0,
      "boneType": "",
      "children": [
        0,
        1,
        2,
        3,
        4,
        5,
        6,
        7,
        8,
        9,
        10,
        11,
        12,
        13,
        14,
        15,
        16,
        17,
        18,
        19,
        20,
        21,
        22,
        23,
        24,
        25,
        26,
        27,
        28,
        29,
        30,
        31,
        32,
        33,
        34,
        35,
        36,
        37,
        38,
        39,
        40,
        41,
        42,
        43,
        44
      ]
    }
  ]
}