{
  "credit": "Made by PolygonMC",
  "textures": {
    "1": "ufoset:animations/animations_ufo",
    "2": "ufoset:animations/animations_axe",
    "4": "ufoset:spear",
    "particle": "ufoset:animations/animations_ufo"
  },
  "elements": [
    {
      "from": [
        7.5,
        0.5,
        7.5
      ],
      "to": [
        8.5,
        1.5,
        8.5
      ],
      "rotation": {
        "angle": 0,
        "axis": "y",
        "origin": [
          6.5,
          -0.5,
          7.5
        ]
      },
      "faces": {
        "north": {
          "uv": [
            13,
            2,
            14,
            3
          ],
          "texture": "#4"
        },
        "east": {
          "uv": [
            4,
            13,
            5,
            14
          ],
          "texture": "#4"
        },
        "south": {
          "uv": [
            5,
            13,
            6,
            14
          ],
          "texture": "#4"
        },
        "west": {
          "uv": [
            13,
            5,
            14,
            6
          ],
          "texture": "#4"
        },
        "up": {
          "uv": [
            7,
            14,
            6,
            13
          ],
          "texture": "#4"
        },
        "down": {
          "uv": [
            14,
            6,
            13,
            7
          ],
          "texture": "#4"
        }
      }
    },
    {
      "from": [
        7.5,
        7.75,
        7.5
      ],
      "to": [
        8.5,
        10.25,
        8.5
      ],
      "rotation": {
        "angle": 45,
        "axis": "y",
        "origin": [
          8,
          9,
          8
        ]
      },
      "faces": {
        "north": {
          "uv": [
            0,
            11,
            1,
            13.5
          ],
          "texture": "#4"
        },
        "east": {
          "uv": [
            1,
            11,
            2,
            13.5
          ],
          "texture": "#4"
        },
        "south": {
          "uv": [
            2,
            11,
            3,
            13.5
          ],
          "texture": "#4"
        },
        "west": {
          "uv": [
            3,
            11,
            4,
            13.5
          ],
          "texture": "#4"
        },
        "up": {
          "uv": [
            14,
            8,
            13,
            7
          ],
          "texture": "#4"
        },
        "down": {
          "uv": [
            14,
            8,
            13,
            9
          ],
          "texture": "#4"
        }
      }
    },
    {
      "from": [
        7.4,
        0,
        7.4
      ],
      "to": [
        8.6,
        0.5,
        8.6
      ],
      "rotation": {
        "angle": 0,
        "axis": "y",
        "origin": [
          6.5,
          -0.5,
          7.5
        ]
      },
      "faces": {
        "north": {
          "uv": [
            4,
            15,
            5,
            15.5
          ],
          "texture": "#4"
        },
        "east": {
          "uv": [
            15,
            4,
            16,
            4.5
          ],
          "texture": "#4"
        },
        "south": {
          "uv": [
            5,
            15,
            6,
            15.5
          ],
          "texture": "#4"
        },
        "west": {
          "uv": [
            15,
            5,
            16,
            5.5
          ],
          "texture": "#4"
        },
        "up": {
          "uv": [
            10,
            14,
            9,
            13
          ],
          "texture": "#4"
        },
        "down": {
          "uv": [
            14,
            9,
            13,
            10
          ],
          "texture": "#4"
        }
      }
    },
    {
      "from": [
        7.4,
        7.5,
        7.4
      ],
      "to": [
        8.6,
        8,
        8.6
      ],
      "rotation": {
        "angle": 0,
        "axis": "y",
        "origin": [
          6.5,
          5.5,
          7.5
        ]
      },
      "faces": {
        "north": {
          "uv": [
            6,
            15,
            7,
            15.5
          ],
          "texture": "#4"
        },
        "east": {
          "uv": [
            7,
            15,
            8,
            15.5
          ],
          "texture": "#4"
        },
        "south": {
          "uv": [
            8,
            15,
            9,
            15.5
          ],
          "texture": "#4"
        },
        "west": {
          "uv": [
            9,
            15,
            10,
            15.5
          ],
          "texture": "#4"
        },
        "up": {
          "uv": [
            11,
            14,
            10,
            13
          ],
          "texture": "#4"
        },
        "down": {
          "uv": [
            14,
            10,
            13,
            11
          ],
          "texture": "#4"
        }
      }
    },
    {
      "from": [
        7.4,
        17.5,
        7.4
      ],
      "to": [
        8.6,
        18,
        8.6
      ],
      "rotation": {
        "angle": 0,
        "axis": "y",
        "origin": [
          6.5,
          2.5,
          7.5
        ]
      },
      "faces": {
        "north": {
          "uv": [
            15,
            9,
            16,
            9.5
          ],
          "texture": "#4"
        },
        "east": {
          "uv": [
            10,
            15,
            11,
            15.5
          ],
          "texture": "#4"
        },
        "south": {
          "uv": [
            15,
            10,
            16,
            10.5
          ],
          "texture": "#4"
        },
        "west": {
          "uv": [
            11,
            15,
            12,
            15.5
          ],
          "texture": "#4"
        },
        "up": {
          "uv": [
            12,
            14,
            11,
            13
          ],
          "texture": "#4"
        },
        "down": {
          "uv": [
            14,
            12,
            13,
            13
          ],
          "texture": "#4"
        }
      }
    },
    {
      "from": [
        7.5,
        10.5,
        7.5
      ],
      "to": [
        8.5,
        11.5,
        8.5
      ],
      "rotation": {
        "angle": 0,
        "axis": "y",
        "origin": [
          6.5,
          5.5,
          7.5
        ]
      },
      "faces": {
        "north": {
          "uv": [
            13,
            13,
            14,
            14
          ],
          "texture": "#4"
        },
        "east": {
          "uv": [
            0,
            14,
            1,
            15
          ],
          "texture": "#4"
        },
        "south": {
          "uv": [
            14,
            0,
            15,
            1
          ],
          "texture": "#4"
        },
        "west": {
          "uv": [
            1,
            14,
            2,
            15
          ],
          "texture": "#4"
        },
        "up": {
          "uv": [
            15,
            2,
            14,
            1
          ],
          "texture": "#4"
        },
        "down": {
          "uv": [
            3,
            14,
            2,
            15
          ],
          "texture": "#4"
        }
      }
    },
    {
      "from": [
        7.5,
        6.5,
        7.5
      ],
      "to": [
        8.5,
        7.5,
        8.5
      ],
      "rotation": {
        "angle": 0,
        "axis": "y",
        "origin": [
          6.5,
          -7.5,
          7.5
        ]
      },
      "faces": {
        "north": {
          "uv": [
            10,
            14,
            11,
            15
          ],
          "texture": "#4"
        },
        "east": {
          "uv": [
            14,
            10,
            15,
            11
          ],
          "texture": "#4"
        },
        "south": {
          "uv": [
            11,
            14,
            12,
            15
          ],
          "texture": "#4"
        },
        "west": {
          "uv": [
            14,
            11,
            15,
            12
          ],
          "texture": "#4"
        },
        "up": {
          "uv": [
            13,
            15,
            12,
            14
          ],
          "texture": "#4"
        },
        "down": {
          "uv": [
            15,
            12,
            14,
            13
          ],
          "texture": "#4"
        }
      }
    },
    {
      "from": [
        7.4,
        10,
        7.4
      ],
      "to": [
        8.6,
        10.5,
        8.6
      ],
      "rotation": {
        "angle": 0,
        "axis": "y",
        "origin": [
          6.5,
          5.5,
          7.5
        ]
      },
      "faces": {
        "north": {
          "uv": [
            15,
            11,
            16,
            11.5
          ],
          "texture": "#4"
        },
        "east": {
          "uv": [
            12,
            15,
            13,
            15.5
          ],
          "texture": "#4"
        },
        "south": {
          "uv": [
            15,
            12,
            16,
            12.5
          ],
          "texture": "#4"
        },
        "west": {
          "uv": [
            13,
            15,
            14,
            15.5
          ],
          "texture": "#4"
        },
        "up": {
          "uv": [
            15,
            3,
            14,
            2
          ],
          "texture": "#4"
        },
        "down": {
          "uv": [
            4,
            14,
            3,
            15
          ],
          "texture": "#4"
        }
      }
    },
    {
      "from": [
        7.5,
        -1,
        8
      ],
      "to": [
        8.5,
        0,
        9
      ],
      "rotation": {
        "angle": -45,
        "axis": "x",
        "origin": [
          7.5,
          -1,
          8
        ]
      },
      "faces": {
        "north": {
          "uv": [
            14,
            3,
            15,
            4
          ],
          "texture": "#4"
        },
        "east": {
          "uv": [
            4,
            14,
            5,
            15
          ],
          "texture": "#4"
        },
        "south": {
          "uv": [
            14,
            4,
            15,
            5
          ],
          "texture": "#4"
        },
        "west": {
          "uv": [
            5,
            14,
            6,
            15
          ],
          "texture": "#4"
        },
        "up": {
          "uv": [
            15,
            6,
            14,
            5
          ],
          "texture": "#4"
        },
        "down": {
          "uv": [
            7,
            14,
            6,
            15
          ],
          "texture": "#4"
        }
      }
    },
    {
      "from": [
        7,
        18,
        7
      ],
      "to": [
        9,
        18.5,
        9
      ],
      "rotation": {
        "angle": 0,
        "axis": "y",
        "origin": [
          7,
          9,
          7
        ]
      },
      "faces": {
        "north": {
          "uv": [
            14,
            6,
            16,
            6.5
          ],
          "texture": "#4"
        },
        "east": {
          "uv": [
            7,
            14,
            9,
            14.5
          ],
          "texture": "#4"
        },
        "south": {
          "uv": [
            14,
            7,
            16,
            7.5
          ],
          "texture": "#4"
        },
        "west": {
          "uv": [
            14,
            8,
            16,
            8.5
          ],
          "texture": "#4"
        },
        "down": {
          "uv": [
            9,
            0,
            7,
            2
          ],
          "texture": "#4"
        }
      }
    },
    {
      "from": [
        6,
        18.5,
        6
      ],
      "to": [
        10,
        20,
        10
      ],
      "rotation": {
        "angle": 0,
        "axis": "y",
        "origin": [
          7,
          9.5,
          7
        ]
      },
      "faces": {
        "north": {
          "uv": [
            8,
            0,
            16,
            3
          ],
          "texture": "#1"
        },
        "east": {
          "uv": [
            8,
            4,
            16,
            7
          ],
          "texture": "#1"
        },
        "south": {
          "uv": [
            8,
            8,
            16,
            11
          ],
          "texture": "#1"
        },
        "west": {
          "uv": [
            8,
            12,
            16,
            15
          ],
          "texture": "#1"
        },
        "up": {
          "uv": [
            8,
            8,
            0,
            0
          ],
          "texture": "#1"
        },
        "down": {
          "uv": [
            8,
            8,
            0,
            16
          ],
          "texture": "#1"
        }
      }
    },
    {
      "from": [
        6.5,
        20,
        6.5
      ],
      "to": [
        9.5,
        22,
        9.5
      ],
      "rotation": {
        "angle": 0,
        "axis": "y",
        "origin": [
          7,
          11,
          7
        ]
      },
      "faces": {
        "north": {
          "uv": [
            0,
            3,
            3,
            5
          ],
          "texture": "#4"
        },
        "east": {
          "uv": [
            3,
            0,
            6,
            2
          ],
          "texture": "#4"
        },
        "south": {
          "uv": [
            3,
            2,
            6,
            4
          ],
          "texture": "#4"
        },
        "west": {
          "uv": [
            3,
            4,
            6,
            6
          ],
          "texture": "#4"
        },
        "up": {
          "uv": [
            3,
            3,
            0,
            0
          ],
          "texture": "#4"
        }
      }
    },
    {
      "from": [
        7.4,
        1.5,
        7.4
      ],
      "to": [
        8.6,
        6.5,
        8.6
      ],
      "rotation": {
        "angle": 0,
        "axis": "y",
        "origin": [
          7.5,
          1.5,
          7.5
        ]
      },
      "faces": {
        "north": {
          "uv": [
            0,
            5,
            1,
            10
          ],
          "texture": "#4"
        },
        "east": {
          "uv": [
            1,
            5,
            2,
            10
          ],
          "texture": "#4"
        },
        "south": {
          "uv": [
            2,
            5,
            3,
            10
          ],
          "texture": "#4"
        },
        "west": {
          "uv": [
            6,
            0,
            7,
            5
          ],
          "texture": "#4"
        },
        "up": {
          "uv": [
            10,
            15,
            9,
            14
          ],
          "texture": "#4"
        },
        "down": {
          "uv": [
            15,
            9,
            14,
            10
          ],
          "texture": "#4"
        }
      }
    },
    {
      "from": [
        7.4,
        11.5,
        7.4
      ],
      "to": [
        8.6,
        16.5,
        8.6
      ],
      "rotation": {
        "angle": 0,
        "axis": "y",
        "origin": [
          7.5,
          11.5,
          7.5
        ]
      },
      "faces": {
        "north": {
          "uv": [
            3,
            6,
            4,
            11
          ],
          "texture": "#4"
        },
        "east": {
          "uv": [
            4,
            6,
            5,
            11
          ],
          "texture": "#4"
        },
        "south": {
          "uv": [
            5,
            6,
            6,
            11
          ],
          "texture": "#4"
        },
        "west": {
          "uv": [
            6,
            5,
            7,
            10
          ],
          "texture": "#4"
        },
        "up": {
          "uv": [
            4,
            16,
            3,
            15
          ],
          "texture": "#4"
        },
        "down": {
          "uv": [
            16,
            3,
            15,
            4
          ],
          "texture": "#4"
        }
      }
    },
    {
      "from": [
        7.5,
        16.5,
        7.5
      ],
      "to": [
        8.5,
        17.5,
        8.5
      ],
      "rotation": {
        "angle": 0,
        "axis": "y",
        "origin": [
          6.5,
          2.5,
          7.5
        ]
      },
      "faces": {
        "north": {
          "uv": [
            0,
            15,
            1,
            16
          ],
          "texture": "#4"
        },
        "east": {
          "uv": [
            15,
            0,
            16,
            1
          ],
          "texture": "#4"
        },
        "south": {
          "uv": [
            1,
            15,
            2,
            16
          ],
          "texture": "#4"
        },
        "west": {
          "uv": [
            15,
            1,
            16,
            2
          ],
          "texture": "#4"
        },
        "up": {
          "uv": [
            3,
            16,
            2,
            15
          ],
          "texture": "#4"
        },
        "down": {
          "uv": [
            16,
            2,
            15,
            3
          ],
          "texture": "#4"
        }
      }
    },
    {
      "from": [
        7.25,
        24.98553,
        7.24307
      ],
      "to": [
        8.75,
        28.98553,
        8.74307
      ],
      "rotation": {
        "angle": 0,
        "axis": "y",
        "origin": [
          8,
          25.00899,
          8.00693
        ]
      },
      "faces": {
        "north": {
          "uv": [
            3,
            0,
            0,
            8
          ],
          "texture": "#2"
        },
        "east": {
          "uv": [
            3,
            0,
            0,
            8
          ],
          "texture": "#2"
        },
        "south": {
          "uv": [
            3,
            0,
            0,
            8
          ],
          "texture": "#2"
        },
        "west": {
          "uv": [
            3,
            0,
            0,
            8
          ],
          "texture": "#2"
        }
      }
    },
    {
      "from": [
        7,
        22.50899,
        7.00693
      ],
      "to": [
        9,
        23.50899,
        9.00693
      ],
      "rotation": {
        "angle": 0,
        "axis": "y",
        "origin": [
          8,
          25.00899,
          8.00693
        ]
      },
      "faces": {
        "north": {
          "uv": [
            11,
            6,
            13,
            5
          ],
          "texture": "#4"
        },
        "east": {
          "uv": [
            11,
            5,
            12,
            3
          ],
          "rotation": 270,
          "texture": "#4"
        },
        "south": {
          "uv": [
            11,
            10,
            13,
            11
          ],
          "rotation": 180,
          "texture": "#4"
        },
        "west": {
          "uv": [
            4,
            13,
            5,
            11
          ],
          "rotation": 90,
          "texture": "#4"
        },
        "up": {
          "uv": [
            7,
            4,
            9,
            2
          ],
          "rotation": 180,
          "texture": "#4"
        },
        "down": {
          "uv": [
            7,
            6,
            9,
            4
          ],
          "texture": "#4"
        }
      }
    },
    {
      "from": [
        7,
        24.50899,
        7.00693
      ],
      "to": [
        9,
        25.50899,
        9.00693
      ],
      "rotation": {
        "angle": 0,
        "axis": "y",
        "origin": [
          8,
          25.00899,
          8.00693
        ]
      },
      "faces": {
        "north": {
          "uv": [
            12,
            4,
            14,
            3
          ],
          "texture": "#4"
        },
        "east": {
          "uv": [
            5,
            13,
            6,
            11
          ],
          "rotation": 270,
          "texture": "#4"
        },
        "south": {
          "uv": [
            12,
            4,
            14,
            5
          ],
          "rotation": 180,
          "texture": "#4"
        },
        "west": {
          "uv": [
            11,
            13,
            12,
            11
          ],
          "rotation": 90,
          "texture": "#4"
        },
        "up": {
          "uv": [
            7,
            8,
            9,
            6
          ],
          "rotation": 180,
          "texture": "#4"
        },
        "down": {
          "uv": [
            7,
            10,
            9,
            8
          ],
          "texture": "#4"
        }
      }
    },
    {
      "from": [
        7.25,
        23.50899,
        7.25693
      ],
      "to": [
        8.75,
        24.50899,
        8.75693
      ],
      "rotation": {
        "angle": 0,
        "axis": "y",
        "origin": [
          8,
          25.00899,
          8.00693
        ]
      },
      "faces": {
        "north": {
          "uv": [
            9,
            13,
            10.5,
            12
          ],
          "texture": "#4"
        },
        "east": {
          "uv": [
            8,
            13.5,
            9,
            12
          ],
          "rotation": 270,
          "texture": "#4"
        },
        "south": {
          "uv": [
            12,
            11,
            13.5,
            12
          ],
          "rotation": 180,
          "texture": "#4"
        },
        "west": {
          "uv": [
            12,
            9.5,
            13,
            8
          ],
          "rotation": 90,
          "texture": "#4"
        }
      }
    },
    {
      "from": [
        7.5,
        25.50899,
        7.50693
      ],
      "to": [
        8.5,
        28.50899,
        8.50693
      ],
      "rotation": {
        "angle": 0,
        "axis": "y",
        "origin": [
          8,
          25.00899,
          8.00693
        ]
      },
      "faces": {
        "north": {
          "uv": [
            10,
            6,
            11,
            3
          ],
          "texture": "#4"
        },
        "east": {
          "uv": [
            0,
            11,
            3,
            10
          ],
          "rotation": 270,
          "texture": "#4"
        },
        "south": {
          "uv": [
            6,
            10,
            7,
            13
          ],
          "rotation": 180,
          "texture": "#4"
        },
        "west": {
          "uv": [
            10,
            3,
            13,
            2
          ],
          "rotation": 90,
          "texture": "#4"
        },
        "up": {
          "uv": [
            14,
            15,
            15,
            14
          ],
          "rotation": 180,
          "texture": "#4"
        }
      }
    },
    {
      "from": [
        7.25,
        22.98553,
        4.24307
      ],
      "to": [
        8.75,
        26.98553,
        5.74307
      ],
      "rotation": {
        "angle": 0,
        "axis": "y",
        "origin": [
          8,
          23.00899,
          5.00693
        ]
      },
      "faces": {
        "north": {
          "uv": [
            3,
            0,
            0,
            8
          ],
          "texture": "#2"
        },
        "east": {
          "uv": [
            3,
            0,
            0,
            8
          ],
          "texture": "#2"
        },
        "south": {
          "uv": [
            3,
            0,
            0,
            8
          ],
          "texture": "#2"
        },
        "west": {
          "uv": [
            3,
            0,
            0,
            8
          ],
          "texture": "#2"
        }
      }
    },
    {
      "from": [
        7,
        20.93399,
        4.50693
      ],
      "to": [
        9,
        21.93399,
        6.50693
      ],
      "rotation": {
        "angle": -22.5,
        "axis": "x",
        "origin": [
          8,
          22.43399,
          5.50693
        ]
      },
      "faces": {
        "north": {
          "uv": [
            11,
            6,
            13,
            5
          ],
          "texture": "#4"
        },
        "east": {
          "uv": [
            11,
            5,
            12,
            3
          ],
          "rotation": 270,
          "texture": "#4"
        },
        "south": {
          "uv": [
            11,
            10,
            13,
            11
          ],
          "rotation": 180,
          "texture": "#4"
        },
        "west": {
          "uv": [
            4,
            13,
            5,
            11
          ],
          "rotation": 90,
          "texture": "#4"
        },
        "up": {
          "uv": [
            7,
            4,
            9,
            2
          ],
          "rotation": 180,
          "texture": "#4"
        },
        "down": {
          "uv": [
            7,
            6,
            9,
            4
          ],
          "texture": "#4"
        }
      }
    },
    {
      "from": [
        7,
        22.93399,
        4.50693
      ],
      "to": [
        9,
        23.93399,
        6.50693
      ],
      "rotation": {
        "angle": -22.5,
        "axis": "x",
        "origin": [
          8,
          22.43399,
          5.50693
        ]
      },
      "faces": {
        "north": {
          "uv": [
            12,
            4,
            14,
            3
          ],
          "texture": "#4"
        },
        "east": {
          "uv": [
            5,
            13,
            6,
            11
          ],
          "rotation": 270,
          "texture": "#4"
        },
        "south": {
          "uv": [
            12,
            4,
            14,
            5
          ],
          "rotation": 180,
          "texture": "#4"
        },
        "west": {
          "uv": [
            11,
            13,
            12,
            11
          ],
          "rotation": 90,
          "texture": "#4"
        },
        "up": {
          "uv": [
            7,
            8,
            9,
            6
          ],
          "rotation": 180,
          "texture": "#4"
        },
        "down": {
          "uv": [
            7,
            10,
            9,
            8
          ],
          "texture": "#4"
        }
      }
    },
    {
      "from": [
        7.25,
        21.93399,
        4.75693
      ],
      "to": [
        8.75,
        22.93399,
        6.25693
      ],
      "rotation": {
        "angle": -22.5,
        "axis": "x",
        "origin": [
          8,
          22.43399,
          5.50693
        ]
      },
      "faces": {
        "north": {
          "uv": [
            9,
            13,
            10.5,
            12
          ],
          "texture": "#4"
        },
        "east": {
          "uv": [
            8,
            13.5,
            9,
            12
          ],
          "rotation": 270,
          "texture": "#4"
        },
        "south": {
          "uv": [
            12,
            11,
            13.5,
            12
          ],
          "rotation": 180,
          "texture": "#4"
        },
        "west": {
          "uv": [
            12,
            9.5,
            13,
            8
          ],
          "rotation": 90,
          "texture": "#4"
        }
      }
    },
    {
      "from": [
        7.5,
        23.50899,
        4.50693
      ],
      "to": [
        8.5,
        26.50899,
        5.50693
      ],
      "rotation": {
        "angle": 0,
        "axis": "y",
        "origin": [
          8,
          23.00899,
          5.00693
        ]
      },
      "faces": {
        "north": {
          "uv": [
            10,
            6,
            11,
            3
          ],
          "texture": "#4"
        },
        "east": {
          "uv": [
            0,
            11,
            3,
            10
          ],
          "rotation": 270,
          "texture": "#4"
        },
        "south": {
          "uv": [
            6,
            10,
            7,
            13
          ],
          "rotation": 180,
          "texture": "#4"
        },
        "west": {
          "uv": [
            10,
            3,
            13,
            2
          ],
          "rotation": 90,
          "texture": "#4"
        },
        "up": {
          "uv": [
            14,
            15,
            15,
            14
          ],
          "rotation": 180,
          "texture": "#4"
        }
      }
    },
    {
      "from": [
        7.5,
        23.50899,
        10.49307
      ],
      "to": [
        8.5,
        26.50899,
        11.49307
      ],
      "rotation": {
        "angle": 0,
        "axis": "y",
        "origin": [
          8,
          23.00899,
          10.99307
        ]
      },
      "faces": {
        "north": {
          "uv": [
            7,
            10,
            6,
            13
          ],
          "rotation": 180,
          "texture": "#4"
        },
        "east": {
          "uv": [
            0,
            10,
            3,
            11
          ],
          "rotation": 270,
          "texture": "#4"
        },
        "south": {
          "uv": [
            11,
            6,
            10,
            3
          ],
          "texture": "#4"
        },
        "west": {
          "uv": [
            10,
            2,
            13,
            3
          ],
          "rotation": 90,
          "texture": "#4"
        },
        "up": {
          "uv": [
            14,
            14,
            15,
            15
          ],
          "rotation": 180,
          "texture": "#4"
        }
      }
    },
    {
      "from": [
        7.25,
        21.93399,
        9.74307
      ],
      "to": [
        8.75,
        22.93399,
        11.24307
      ],
      "rotation": {
        "angle": 22.5,
        "axis": "x",
        "origin": [
          8,
          22.43399,
          10.49307
        ]
      },
      "faces": {
        "north": {
          "uv": [
            13.5,
            11,
            12,
            12
          ],
          "rotation": 180,
          "texture": "#4"
        },
        "east": {
          "uv": [
            8,
            12,
            9,
            13.5
          ],
          "rotation": 270,
          "texture": "#4"
        },
        "south": {
          "uv": [
            10.5,
            13,
            9,
            12
          ],
          "texture": "#4"
        },
        "west": {
          "uv": [
            12,
            8,
            13,
            9.5
          ],
          "rotation": 90,
          "texture": "#4"
        }
      }
    },
    {
      "from": [
        7,
        22.93399,
        9.49307
      ],
      "to": [
        9,
        23.93399,
        11.49307
      ],
      "rotation": {
        "angle": 22.5,
        "axis": "x",
        "origin": [
          8,
          22.43399,
          10.49307
        ]
      },
      "faces": {
        "north": {
          "uv": [
            14,
            4,
            12,
            5
          ],
          "rotation": 180,
          "texture": "#4"
        },
        "east": {
          "uv": [
            5,
            11,
            6,
            13
          ],
          "rotation": 270,
          "texture": "#4"
        },
        "south": {
          "uv": [
            14,
            4,
            12,
            3
          ],
          "texture": "#4"
        },
        "west": {
          "uv": [
            11,
            11,
            12,
            13
          ],
          "rotation": 90,
          "texture": "#4"
        },
        "up": {
          "uv": [
            7,
            6,
            9,
            8
          ],
          "rotation": 180,
          "texture": "#4"
        },
        "down": {
          "uv": [
            7,
            8,
            9,
            10
          ],
          "texture": "#4"
        }
      }
    },
    {
      "from": [
        7,
        20.93399,
        9.49307
      ],
      "to": [
        9,
        21.93399,
        11.49307
      ],
      "rotation": {
        "angle": 22.5,
        "axis": "x",
        "origin": [
          8,
          22.43399,
          10.49307
        ]
      },
      "faces": {
        "north": {
          "uv": [
            13,
            10,
            11,
            11
          ],
          "rotation": 180,
          "texture": "#4"
        },
        "east": {
          "uv": [
            11,
            3,
            12,
            5
          ],
          "rotation": 270,
          "texture": "#4"
        },
        "south": {
          "uv": [
            13,
            6,
            11,
            5
          ],
          "texture": "#4"
        },
        "west": {
          "uv": [
            4,
            11,
            5,
            13
          ],
          "rotation": 90,
          "texture": "#4"
        },
        "up": {
          "uv": [
            7,
            2,
            9,
            4
          ],
          "rotation": 180,
          "texture": "#4"
        },
        "down": {
          "uv": [
            7,
            4,
            9,
            6
          ],
          "texture": "#4"
        }
      }
    },
    {
      "from": [
        7.25,
        22.98553,
        10.25693
      ],
      "to": [
        8.75,
        26.98553,
        11.75693
      ],
      "rotation": {
        "angle": 0,
        "axis": "y",
        "origin": [
          8,
          23.00899,
          10.99307
        ]
      },
      "faces": {
        "north": {
          "uv": [
            0,
            0,
            3,
            8
          ],
          "texture": "#2"
        },
        "east": {
          "uv": [
            0,
            0,
            3,
            8
          ],
          "texture": "#2"
        },
        "south": {
          "uv": [
            0,
            0,
            3,
            8
          ],
          "texture": "#2"
        },
        "west": {
          "uv": [
            0,
            0,
            3,
            8
          ],
          "texture": "#2"
        }
      }
    },
    {
      "from": [
        7.985,
        21.50899,
        5.50693
      ],
      "to": [
        8.015,
        23.50899,
        7.00693
      ],
      "rotation": {
        "angle": 45,
        "axis": "y",
        "origin": [
          8,
          22.50899,
          8
        ]
      },
      "faces": {
        "east": {
          "uv": [
            10,
            8,
            12,
            9.5
          ],
          "rotation": 270,
          "texture": "#4"
        },
        "west": {
          "uv": [
            9,
            10,
            11,
            11.5
          ],
          "rotation": 90,
          "texture": "#4"
        }
      }
    },
    {
      "from": [
        7.985,
        21.50899,
        8.99307
      ],
      "to": [
        8.015,
        23.50899,
        10.49307
      ],
      "rotation": {
        "angle": 45,
        "axis": "y",
        "origin": [
          8,
          22.50899,
          8
        ]
      },
      "faces": {
        "east": {
          "uv": [
            10,
            9.5,
            12,
            8
          ],
          "rotation": 270,
          "texture": "#4"
        },
        "west": {
          "uv": [
            9,
            11.5,
            11,
            10
          ],
          "rotation": 90,
          "texture": "#4"
        }
      }
    },
    {
      "from": [
        8.99307,
        21.50899,
        7.985
      ],
      "to": [
        10.49307,
        23.50899,
        8.015
      ],
      "rotation": {
        "angle": 45,
        "axis": "y",
        "origin": [
          8,
          22.50899,
          8
        ]
      },
      "faces": {
        "north": {
          "uv": [
            10,
            9.5,
            12,
            8
          ],
          "rotation": 270,
          "texture": "#4"
        },
        "south": {
          "uv": [
            9,
            11.5,
            11,
            10
          ],
          "rotation": 90,
          "texture": "#4"
        }
      }
    },
    {
      "from": [
        5.50693,
        21.50899,
        7.985
      ],
      "to": [
        7.00693,
        23.50899,
        8.015
      ],
      "rotation": {
        "angle": 45,
        "axis": "y",
        "origin": [
          8,
          22.50899,
          8
        ]
      },
      "faces": {
        "north": {
          "uv": [
            10,
            8,
            12,
            9.5
          ],
          "rotation": 270,
          "texture": "#4"
        },
        "south": {
          "uv": [
            9,
            10,
            11,
            11.5
          ],
          "rotation": 90,
          "texture": "#4"
        }
      }
    }
  ],
  "gui_light": "front",
  "display": {
    "thirdperson_righthand": {
      "translation": [
        0,
        -3,
        1
      ]
    },
    "thirdperson_lefthand": {
      "translation": [
        0,
        -3,
        1
      ]
    },
    "firstperson_righthand": {
      "rotation": [
        -10,
        0,
        0
      ],
      "translation": [
        0,
        -2.75,
        0.75
      ]
    },
    "firstperson_lefthand": {
      "rotation": [
        -10,
        0,
        0
      ],
      "translation": [
        0,
        -2.75,
        0.75
      ]
    },
    "ground": {
      "rotation": [
        45,
        0,
        0
      ],
      "translation": [
        0,
        5.5,
        0
      ],
      "scale": [
        0.7,
        0.7,
        0.7
      ]
    },
    "gui": {
      "rotation": [
        90,
        -45,
        90
      ],
      "translation": [
        3.75,
        -3.75,
        0
      ],
      "scale": [
        0.8,
        0.8,
        0.8
      ]
    },
    "head": {
      "rotation": [
        0,
        90,
        0
      ]
    },
    "fixed": {
      "rotation": [
        0,
        -90,
        0
      ],
      "translation": [
        0,
        -8.75,
        -1.25
      ],
      "scale": [
        2.5,
        2.5,
        2.5
      ]
    }
  },
  "groups": [
    {
      "name": "trident",
      "origin": [
        8,
        22.50899,
        8
      ],
      "color": 0,
      "boneType": "",
      "children": [
        0,
        1,
        2,
        3,
        4,
        5,
        6,
        7,
        8,
        9,
        10,
        11,
        12,
        13,
        14,
        15,
        16,
        17,
        18,
        19,
        20,
        21,
        22,
        23,
        24,
        25,
        26,
        27,
        28,
        29,
        30,
        31,
        32,
        33
      ]
    }
  ]
}