{
	"credit": "Made with Blockbench",
	"texture_size": [32, 32],
	"textures": {
		"0": "lunar_studios:enderkariz/cupid_set/love_bow",
		"particle": "lunar_studios:enderkariz/cupid_set/love_bow"
	},
	"elements": [
		{
			"from": [8, 3.97157, 15.41421],
			"to": [8, 11.97157, 18.41421],
			"rotation": {"angle": 0, "axis": "y", "origin": [8, 4.17157, 8.41421]},
			"faces": {
				"north": {"uv": [0, 2, 0, 16], "texture": "#missing"},
				"east": {"uv": [9, 0, 7.5, 4], "texture": "#0"},
				"south": {"uv": [0, 2, 0, 16], "texture": "#missing"},
				"west": {"uv": [7.5, 0, 9, 4], "texture": "#0"},
				"up": {"uv": [6, 0, 0, 0], "rotation": 90, "texture": "#missing"},
				"down": {"uv": [6, 0, 0, 0], "rotation": 270, "texture": "#missing"}
			}
		},
		{
			"from": [7.5, 4.97157, 17.41421],
			"to": [8.5, 10.97157, 18.41421],
			"rotation": {"angle": -45, "axis": "y", "origin": [8, 7.97157, 17.91421]},
			"faces": {
				"north": {"uv": [7, 4.25, 7.5, 7.25], "texture": "#0"},
				"east": {"uv": [7.5, 4.25, 7, 7.25], "texture": "#0"},
				"south": {"uv": [7, 4.25, 7.5, 7.25], "texture": "#0"},
				"west": {"uv": [7.5, 4.25, 7, 7.25], "texture": "#0"},
				"up": {"uv": [7.5, 4.25, 7.25, 4.5], "rotation": 90, "texture": "#0"},
				"down": {"uv": [7.5, 4.25, 7.25, 4.5], "rotation": 270, "texture": "#0"}
			}
		},
		{
			"from": [8, 0.97157, 9.91421],
			"to": [8, 14.97157, 15.91421],
			"rotation": {"angle": 0, "axis": "y", "origin": [8, 4.17157, 8.41421]},
			"faces": {
				"north": {"uv": [0, 2, 0, 16], "texture": "#missing"},
				"east": {"uv": [3, 0, 0, 7], "texture": "#0"},
				"south": {"uv": [0, 2, 0, 16], "texture": "#missing"},
				"west": {"uv": [0, 0, 3, 7], "texture": "#0"},
				"up": {"uv": [6, 0, 0, 0], "rotation": 90, "texture": "#missing"},
				"down": {"uv": [6, 0, 0, 0], "rotation": 270, "texture": "#missing"}
			}
		},
		{
			"from": [8, 14.47157, 10.91421],
			"to": [8, 28.47157, 24.91421],
			"rotation": {"angle": 0, "axis": "y", "origin": [8, 23.37157, 17.91421]},
			"faces": {
				"north": {"uv": [0, 2, 0, 16], "texture": "#missing"},
				"east": {"uv": [14.75, 9, 7.75, 16], "texture": "#0"},
				"south": {"uv": [0, 2, 0, 16], "texture": "#missing"},
				"west": {"uv": [7.75, 9, 14.75, 16], "texture": "#0"},
				"up": {"uv": [6, 0, 0, 0], "rotation": 90, "texture": "#missing"},
				"down": {"uv": [6, 0, 0, 0], "rotation": 270, "texture": "#missing"}
			}
		},
		{
			"from": [8, -12.47157, 10.91421],
			"to": [8, 1.52843, 24.91421],
			"rotation": {"angle": 0, "axis": "y", "origin": [8, -7.37157, 17.91421]},
			"faces": {
				"north": {"uv": [0, 16, 0, 2], "texture": "#missing"},
				"east": {"uv": [14.75, 16, 7.75, 9], "texture": "#0"},
				"south": {"uv": [0, 16, 0, 2], "texture": "#missing"},
				"west": {"uv": [7.75, 16, 14.75, 9], "texture": "#0"},
				"up": {"uv": [6, 0, 0, 0], "rotation": 90, "texture": "#missing"},
				"down": {"uv": [6, 0, 0, 0], "rotation": 270, "texture": "#missing"}
			}
		},
		{
			"from": [7.5, 14, 8],
			"to": [8.5, 22, 11],
			"rotation": {"angle": 22.5, "axis": "x", "origin": [8, 14.60133, 9.98646]},
			"faces": {
				"north": {"uv": [3.25, 4.25, 3.5, 8.25], "texture": "#0"},
				"east": {"uv": [4.75, 4.25, 3.25, 8.25], "texture": "#0"},
				"south": {"uv": [4.5, 4.25, 4.75, 8.25], "texture": "#0"},
				"west": {"uv": [3.25, 4.25, 4.75, 8.25], "texture": "#0"},
				"up": {"uv": [3.25, 4.25, 4.75, 4.5], "rotation": 90, "texture": "#0"},
				"down": {"uv": [3.25, 8, 4.75, 8.25], "rotation": 270, "texture": "#0"}
			}
		},
		{
			"from": [7, 12.15791, 7.07141],
			"to": [9, 15.15791, 10.07141],
			"rotation": {"angle": -22.5, "axis": "x", "origin": [8, 13.65791, 8.57141]},
			"faces": {
				"north": {"uv": [5, 0, 6, 1.5], "texture": "#0"},
				"east": {"uv": [4.75, 2.5, 3.25, 4], "texture": "#0"},
				"south": {"uv": [6.25, 0, 7.25, 1.5], "texture": "#0"},
				"west": {"uv": [3.25, 2.5, 4.75, 4], "texture": "#0"},
				"up": {"uv": [5, 1.75, 6.5, 2.75], "rotation": 90, "texture": "#0"},
				"down": {"uv": [5, 3, 6.5, 4], "rotation": 270, "texture": "#0"}
			}
		},
		{
			"from": [7, 0.84209, 7.07141],
			"to": [9, 3.84209, 10.07141],
			"rotation": {"angle": 22.5, "axis": "x", "origin": [8, 2.34209, 8.57141]},
			"faces": {
				"north": {"uv": [5, 1.5, 6, 0], "texture": "#0"},
				"east": {"uv": [4.75, 4, 3.25, 2.5], "texture": "#0"},
				"south": {"uv": [6.25, 1.5, 7.25, 0], "texture": "#0"},
				"west": {"uv": [3.25, 4, 4.75, 2.5], "texture": "#0"},
				"up": {"uv": [5, 4, 6.5, 3], "rotation": 90, "texture": "#0"},
				"down": {"uv": [5, 2.75, 6.5, 1.75], "rotation": 270, "texture": "#0"}
			}
		},
		{
			"from": [7.5, -6, 8],
			"to": [8.5, 2, 11],
			"rotation": {"angle": -22.5, "axis": "x", "origin": [8, 1.39867, 9.98646]},
			"faces": {
				"north": {"uv": [3.25, 8.25, 3.5, 4.25], "texture": "#0"},
				"east": {"uv": [4.75, 8.25, 3.25, 4.25], "texture": "#0"},
				"south": {"uv": [4.5, 8.25, 4.75, 4.25], "texture": "#0"},
				"west": {"uv": [3.25, 8.25, 4.75, 4.25], "texture": "#0"},
				"up": {"uv": [3.25, 8.25, 4.75, 8], "rotation": 90, "texture": "#0"},
				"down": {"uv": [3.25, 4.5, 4.75, 4.25], "rotation": 270, "texture": "#0"}
			}
		},
		{
			"from": [7, 18.94472, 14.10636],
			"to": [9, 21.94472, 20.10636],
			"rotation": {"angle": -22.5, "axis": "x", "origin": [8, 14.60133, 10.98646]},
			"faces": {
				"north": {"uv": [3.25, 16, 1.75, 15], "rotation": 270, "texture": "#0"},
				"east": {"uv": [2.75, 14.75, 4.25, 11.75], "rotation": 90, "texture": "#0"},
				"south": {"uv": [1.5, 15.5, 0, 14.5], "rotation": 270, "texture": "#0"},
				"west": {"uv": [2.75, 11.75, 4.25, 14.75], "rotation": 90, "texture": "#0"},
				"up": {"uv": [5.75, 7.25, 6.75, 4.25], "texture": "#0"},
				"down": {"uv": [5, 11.5, 6, 8.5], "rotation": 180, "texture": "#0"}
			}
		},
		{
			"from": [6.5, 22.36921, 16.46076],
			"to": [9.5, 24.36921, 18.46076],
			"rotation": {"angle": 22.5, "axis": "x", "origin": [8, 23.06921, 17.06076]},
			"faces": {
				"north": {"uv": [4.5, 15, 3.5, 15.25], "rotation": 270, "texture": "#0"},
				"east": {"uv": [4.5, 16, 3.5, 15], "rotation": 270, "texture": "#0"},
				"south": {"uv": [4.5, 15.75, 3.5, 16], "rotation": 270, "texture": "#0"},
				"west": {"uv": [4.5, 15, 3.5, 16], "rotation": 270, "texture": "#0"},
				"up": {"uv": [3.75, 15, 3.5, 16], "texture": "#0"},
				"down": {"uv": [4.5, 15, 4.25, 16], "rotation": 180, "texture": "#0"}
			}
		},
		{
			"from": [7, 24.18917, 8.46372],
			"to": [9, 28.18917, 10.46372],
			"rotation": {"angle": 45, "axis": "x", "origin": [8, 14.10133, 11.98646]},
			"faces": {
				"north": {"uv": [4.5, 11.75, 5.5, 13.75], "texture": "#0"},
				"east": {"uv": [5.5, 11.75, 4.5, 13.75], "texture": "#0"},
				"south": {"uv": [4.5, 11.75, 5.5, 13.75], "texture": "#0"},
				"west": {"uv": [5.5, 11.75, 4.5, 13.75], "texture": "#0"},
				"up": {"uv": [4.5, 15, 5.5, 14], "rotation": 180, "texture": "#0"},
				"down": {"uv": [4.75, 11.75, 4.5, 12], "rotation": 270, "texture": "#0"}
			}
		},
		{
			"from": [7.5, 23.71893, 17.75611],
			"to": [8.5, 26.71893, 19.75611],
			"rotation": {"angle": -22.5, "axis": "x", "origin": [8.5, 25.21893, 18.75611]},
			"faces": {
				"north": {"uv": [6, 11.75, 5.75, 13.25], "texture": "#0"},
				"east": {"uv": [6.75, 11.75, 5.75, 13.25], "texture": "#0"},
				"south": {"uv": [6.75, 11.75, 6.5, 13.25], "texture": "#0"},
				"west": {"uv": [5.75, 11.75, 6.75, 13.25], "texture": "#0"},
				"up": {"uv": [5.75, 11.75, 6.75, 12], "rotation": 90, "texture": "#0"},
				"down": {"uv": [5.75, 13, 6.75, 13.25], "rotation": 270, "texture": "#0"}
			}
		},
		{
			"from": [8, 23.71893, 13.35611],
			"to": [8, 31.71893, 18.35611],
			"rotation": {"angle": 22.5, "axis": "x", "origin": [8.5, 25.21893, 19.75611]},
			"faces": {
				"north": {"uv": [0, 0, 0, 3], "texture": "#missing"},
				"east": {"uv": [11.75, 0, 9.25, 4], "texture": "#0"},
				"south": {"uv": [0, 0, 0, 3], "texture": "#missing"},
				"west": {"uv": [9.25, 0, 11.75, 4], "texture": "#0"},
				"up": {"uv": [2, 0, 0, 0], "rotation": 90, "texture": "#missing"},
				"down": {"uv": [2, 0, 0, 0], "rotation": 270, "texture": "#missing"}
			}
		},
		{
			"from": [8, 2.81893, -0.74389],
			"to": [8, 7.81893, 7.25611],
			"rotation": {"angle": 0, "axis": "y", "origin": [8.5, 25.21893, 19.75611]},
			"faces": {
				"north": {"uv": [3, 0, 5, 0], "rotation": 90, "texture": "#missing"},
				"east": {"uv": [12.25, 4, 14.75, 0], "rotation": 270, "texture": "#0"},
				"south": {"uv": [3, 0, 5, 0], "rotation": 90, "texture": "#missing"},
				"west": {"uv": [12.25, 0, 14.75, 4], "rotation": 270, "texture": "#0"},
				"up": {"uv": [3, 3, 3, 0], "rotation": 180, "texture": "#missing"},
				"down": {"uv": [3, 3, 3, 0], "texture": "#missing"}
			}
		},
		{
			"from": [8, 8.18107, -0.74389],
			"to": [8, 13.18107, 7.25611],
			"rotation": {"angle": 0, "axis": "y", "origin": [8.5, -9.21893, 19.75611]},
			"faces": {
				"north": {"uv": [5, 0, 3, 0], "rotation": 90, "texture": "#missing"},
				"east": {"uv": [14.75, 4, 12.25, 0], "rotation": 270, "texture": "#0"},
				"south": {"uv": [5, 0, 3, 0], "rotation": 90, "texture": "#missing"},
				"west": {"uv": [14.75, 0, 12.25, 4], "rotation": 270, "texture": "#0"},
				"up": {"uv": [3, 3, 3, 0], "rotation": 180, "texture": "#missing"},
				"down": {"uv": [3, 3, 3, 0], "texture": "#missing"}
			}
		},
		{
			"from": [8, -15.71893, 13.35611],
			"to": [8, -7.71893, 18.35611],
			"rotation": {"angle": -22.5, "axis": "x", "origin": [8.5, -9.21893, 19.75611]},
			"faces": {
				"north": {"uv": [0, 3, 0, 0], "texture": "#missing"},
				"east": {"uv": [11.75, 4, 9.25, 0], "texture": "#0"},
				"south": {"uv": [0, 3, 0, 0], "texture": "#missing"},
				"west": {"uv": [9.25, 4, 11.75, 0], "texture": "#0"},
				"up": {"uv": [2, 0, 0, 0], "rotation": 90, "texture": "#missing"},
				"down": {"uv": [2, 0, 0, 0], "rotation": 270, "texture": "#missing"}
			}
		},
		{
			"from": [6.5, -8.36921, 16.46076],
			"to": [9.5, -6.36921, 18.46076],
			"rotation": {"angle": -22.5, "axis": "x", "origin": [8, -7.06921, 17.06076]},
			"faces": {
				"north": {"uv": [3.5, 15, 4.5, 15.25], "rotation": 270, "texture": "#0"},
				"east": {"uv": [3.5, 16, 4.5, 15], "rotation": 270, "texture": "#0"},
				"south": {"uv": [3.5, 15.75, 4.5, 16], "rotation": 270, "texture": "#0"},
				"west": {"uv": [3.5, 15, 4.5, 16], "rotation": 270, "texture": "#0"},
				"up": {"uv": [4.25, 15, 4.5, 16], "texture": "#0"},
				"down": {"uv": [3.5, 15, 3.75, 16], "rotation": 180, "texture": "#0"}
			}
		},
		{
			"from": [7, -12.18917, 8.46372],
			"to": [9, -8.18917, 10.46372],
			"rotation": {"angle": -45, "axis": "x", "origin": [8, 1.89867, 11.98646]},
			"faces": {
				"north": {"uv": [4.5, 13.75, 5.5, 11.75], "texture": "#0"},
				"east": {"uv": [5.5, 13.75, 4.5, 11.75], "texture": "#0"},
				"south": {"uv": [4.5, 13.75, 5.5, 11.75], "texture": "#0"},
				"west": {"uv": [5.5, 13.75, 4.5, 11.75], "texture": "#0"},
				"up": {"uv": [4.75, 12, 4.5, 11.75], "rotation": 90, "texture": "#0"},
				"down": {"uv": [5.5, 15, 4.5, 14], "texture": "#0"}
			}
		},
		{
			"from": [7.5, -10.71893, 17.75611],
			"to": [8.5, -7.71893, 19.75611],
			"rotation": {"angle": 22.5, "axis": "x", "origin": [8.5, -9.21893, 18.75611]},
			"faces": {
				"north": {"uv": [6, 13.25, 5.75, 11.75], "texture": "#0"},
				"east": {"uv": [6.75, 13.25, 5.75, 11.75], "texture": "#0"},
				"south": {"uv": [6.75, 13.25, 6.5, 11.75], "texture": "#0"},
				"west": {"uv": [5.75, 13.25, 6.75, 11.75], "texture": "#0"},
				"up": {"uv": [5.75, 13.25, 6.75, 13], "rotation": 90, "texture": "#0"},
				"down": {"uv": [5.75, 12, 6.75, 11.75], "rotation": 270, "texture": "#0"}
			}
		},
		{
			"from": [7, -5.94472, 14.10636],
			"to": [9, -2.94472, 20.10636],
			"rotation": {"angle": 22.5, "axis": "x", "origin": [8, 1.39867, 10.98646]},
			"faces": {
				"north": {"uv": [1.75, 16, 3.25, 15], "rotation": 270, "texture": "#0"},
				"east": {"uv": [4.25, 14.75, 2.75, 11.75], "rotation": 90, "texture": "#0"},
				"south": {"uv": [0, 15.5, 1.5, 14.5], "rotation": 270, "texture": "#0"},
				"west": {"uv": [4.25, 11.75, 2.75, 14.75], "rotation": 90, "texture": "#0"},
				"up": {"uv": [6, 11.5, 5, 8.5], "texture": "#0"},
				"down": {"uv": [6.75, 7.25, 5.75, 4.25], "rotation": 180, "texture": "#0"}
			}
		},
		{
			"from": [6.5, 11, 5],
			"to": [9.5, 13, 10],
			"rotation": {"angle": -45, "axis": "x", "origin": [8, 12, 8]},
			"faces": {
				"north": {"uv": [0, 13.25, 1.5, 14.25], "texture": "#0"},
				"east": {"uv": [2.5, 8.5, 0, 9.5], "texture": "#0"},
				"south": {"uv": [3, 0, 0, 2], "texture": "#missing"},
				"west": {"uv": [0, 8.5, 2.5, 9.5], "texture": "#0"},
				"up": {"uv": [0, 9.75, 2.5, 11.25], "rotation": 90, "texture": "#0"},
				"down": {"uv": [0, 11.5, 2.5, 13], "rotation": 270, "texture": "#0"}
			}
		},
		{
			"from": [7, 7.44437, 14.13675],
			"to": [9, 11.44437, 15.13675],
			"rotation": {"angle": 22.5, "axis": "x", "origin": [8, 8.03015, 14.63675]},
			"faces": {
				"north": {"uv": [6.75, 13.5, 5.75, 15.5], "texture": "#0"},
				"east": {"uv": [6.75, 7.5, 6.25, 9.5], "texture": "#0"},
				"south": {"uv": [7.25, 9.75, 6.25, 11.75], "texture": "#0"},
				"west": {"uv": [6.25, 7.5, 6.75, 9.5], "texture": "#0"},
				"up": {"uv": [7, 12, 7.5, 13], "rotation": 90, "texture": "#0"},
				"down": {"uv": [6.75, 11, 7, 11.5], "rotation": 270, "texture": "#0"}
			}
		},
		{
			"from": [7, 4.55563, 14.13675],
			"to": [9, 8.55563, 15.13675],
			"rotation": {"angle": -22.5, "axis": "x", "origin": [8, 7.96985, 14.63675]},
			"faces": {
				"north": {"uv": [6.75, 15.5, 5.75, 13.5], "texture": "#0"},
				"east": {"uv": [6.75, 9.5, 6.25, 7.5], "texture": "#0"},
				"south": {"uv": [7.25, 11.75, 6.25, 9.75], "texture": "#0"},
				"west": {"uv": [6.25, 9.5, 6.75, 7.5], "texture": "#0"},
				"up": {"uv": [6.75, 11.5, 7, 11], "rotation": 90, "texture": "#0"},
				"down": {"uv": [7, 13, 7.5, 12], "rotation": 270, "texture": "#0"}
			}
		},
		{
			"from": [6.5, 7.4509, 14.10392],
			"to": [9.5, 8.4509, 15.10392],
			"rotation": {"angle": 45, "axis": "x", "origin": [8, 7.9509, 14.60392]},
			"faces": {
				"north": {"uv": [5, 15.75, 4.75, 15.25], "texture": "#0"},
				"east": {"uv": [4.75, 15.75, 5.25, 15.25], "rotation": 270, "texture": "#0"},
				"south": {"uv": [4.75, 15.75, 5.25, 15.5], "rotation": 270, "texture": "#0"},
				"west": {"uv": [4.75, 15.75, 5.25, 15.25], "rotation": 270, "texture": "#0"},
				"up": {"uv": [5, 15.25, 5.25, 15.75], "texture": "#0"},
				"down": {"uv": [4.75, 15.25, 5, 15.75], "rotation": 180, "texture": "#0"}
			}
		},
		{
			"from": [7, 12.82843, 9.41421],
			"to": [9, 14.82843, 12.41421],
			"rotation": {"angle": -45, "axis": "z", "origin": [8, 13.82843, 10.91421]},
			"faces": {
				"north": {"uv": [4.25, 1.25, 3.25, 2.25], "texture": "#0"},
				"east": {"uv": [4.75, 0, 3.25, 1], "texture": "#0"},
				"south": {"uv": [4.25, 1.25, 3.25, 2.25], "texture": "#0"},
				"west": {"uv": [3.25, 1, 4.75, 0], "texture": "#0"},
				"up": {"uv": [3.25, 0, 4.75, 1], "rotation": 90, "texture": "#0"},
				"down": {"uv": [3.25, 0, 4.75, 1], "rotation": 270, "texture": "#0"}
			}
		},
		{
			"from": [6.5, 3, 5],
			"to": [9.5, 5, 10],
			"rotation": {"angle": 45, "axis": "x", "origin": [8, 4, 8]},
			"faces": {
				"north": {"uv": [0, 14.25, 1.5, 13.25], "texture": "#0"},
				"east": {"uv": [2.5, 9.5, 0, 8.5], "texture": "#0"},
				"south": {"uv": [3, 2, 0, 0], "texture": "#missing"},
				"west": {"uv": [0, 9.5, 2.5, 8.5], "texture": "#0"},
				"up": {"uv": [0, 13, 2.5, 11.5], "rotation": 90, "texture": "#0"},
				"down": {"uv": [0, 11.25, 2.5, 9.75], "rotation": 270, "texture": "#0"}
			}
		},
		{
			"from": [7, 1.17157, 9.41421],
			"to": [9, 3.17157, 12.41421],
			"rotation": {"angle": 45, "axis": "z", "origin": [8, 2.17157, 10.91421]},
			"faces": {
				"north": {"uv": [4.25, 2.25, 3.25, 1.25], "texture": "#0"},
				"east": {"uv": [4.75, 1, 3.25, 0], "texture": "#0"},
				"south": {"uv": [4.25, 2.25, 3.25, 1.25], "texture": "#0"},
				"west": {"uv": [3.25, 0, 4.75, 1], "texture": "#0"},
				"up": {"uv": [3.25, 1, 4.75, 0], "rotation": 90, "texture": "#0"},
				"down": {"uv": [3.25, 1, 4.75, 0], "rotation": 270, "texture": "#0"}
			}
		},
		{
			"from": [5.2, 7.7, -3],
			"to": [7.7, 7.7, 15],
			"rotation": {"angle": -22.5, "axis": "z", "origin": [8, 8, 9.5]},
			"faces": {
				"north": {"uv": [0, 0, 0, 2], "rotation": 90, "texture": "#missing"},
				"east": {"uv": [0, 0, 0, 2], "rotation": 270, "texture": "#missing"},
				"south": {"uv": [0, 0, 0, 2], "rotation": 270, "texture": "#missing"},
				"west": {"uv": [0, 0, 0, 2], "rotation": 270, "texture": "#missing"},
				"up": {"uv": [7, 8.75, 16, 7.5], "rotation": 90, "texture": "#0"},
				"down": {"uv": [16, 8.75, 7, 7.5], "rotation": 90, "texture": "#0"}
			}
		},
		{
			"from": [6.5, 6.4, -3],
			"to": [6.5, 8.9, 15],
			"rotation": {"angle": -22.5, "axis": "z", "origin": [8, 8, 9.5]},
			"faces": {
				"north": {"uv": [0, 0, 0, 2], "texture": "#missing"},
				"east": {"uv": [16, 7.5, 7, 8.75], "texture": "#0"},
				"south": {"uv": [0, 0, 0, 2], "texture": "#missing"},
				"west": {"uv": [7, 7.5, 16, 8.75], "texture": "#0"},
				"up": {"uv": [0, 0, 0, 2], "texture": "#missing"},
				"down": {"uv": [0, 0, 0, 2], "texture": "#missing"}
			}
		}
	],
	"display": {
		"thirdperson_righthand": {
			"translation": [0, -2, -7.75]
		},
		"thirdperson_lefthand": {
			"translation": [0, -2, -7.75]
		},
		"firstperson_righthand": {
			"rotation": [2.28, 5.65, 0],
			"translation": [4, 2.75, -10.75]
		},
		"firstperson_lefthand": {
			"rotation": [2.28, 5.65, 0],
			"translation": [4, 2.75, -10.75]
		},
		"ground": {
			"translation": [0, 21, 0]
		},
		"gui": {
			"rotation": [-163.5, -59, 180],
			"translation": [2, 0, 0],
			"scale": [0.31641, 0.31641, 0.31641]
		},
		"fixed": {
			"rotation": [0, 90, 0],
			"translation": [-7.25, 0, -3],
			"scale": [2, 2, 2]
		}
	},
	"groups": [
		{
			"name": "group",
			"origin": [8, 8, 8],
			"color": 0,
			"children": [
				{
					"name": "group",
					"origin": [4.52146, 19.96281, 8],
					"color": 0,
					"children": [0, 1, 2, 3, 4]
				},
				{
					"name": "group",
					"origin": [4.52146, 19.96281, 8],
					"color": 0,
					"children": [5, 6, 7, 8, 9, 10, 11, 12, 13, 14, 15, 16, 17, 18, 19, 20, 21, 22, 23, 24, 25, 26, 27]
				}
			]
		},
		28,
		29
	]
}