{
  "credit": "MadewithBlockbench",
  "texture_size": [
    64,
    64
  ],
  "textures": {
    "0": "elitecreatures:darkflame_animated_weapon_set/darkflame_01_texture",
    "1": "elitecreatures:darkflame_animated_weapon_set/darkflame_animation_01texture",
    "2": "elitecreatures:darkflame_animated_weapon_set/drakflame_animation_02texture",
    "particle": "elitecreatures:darkflame_animated_weapon_set/darkflame_01_texture"
  },
  "elements": [
    {
      "from": [
        7.1,
        2,
        6.5
      ],
      "to": [
        10.1,
        4,
        9.5
      ],
      "rotation": {
        "angle": 0,
        "axis": "y",
        "origin": [
          8.5,
          5.81499,
          8
        ]
      },
      "faces": {
        "north": {
          "uv": [
            0.75,
            1.75,
            0,
            2.25
          ],
          "texture": "#0"
        },
        "east": {
          "uv": [
            0.8125,
            1.0125,
            0.0625,
            1.5125
          ],
          "texture": "#0"
        },
        "south": {
          "uv": [
            0.75,
            1.75,
            0,
            2.25
          ],
          "texture": "#0"
        },
        "west": {
          "uv": [
            0.8125,
            1.0125,
            0.0625,
            1.5125
          ],
          "texture": "#0"
        },
        "up": {
          "uv": [
            2.4375,
            4.875,
            1.6875,
            4.125
          ],
          "rotation": 90,
          "texture": "#0"
        },
        "down": {
          "uv": [
            1.25,
            4.125,
            0.5,
            3.375
          ],
          "rotation": 270,
          "texture": "#0"
        }
      }
    },
    {
      "from": [
        7.6,
        2,
        5.5
      ],
      "to": [
        9.6,
        3,
        10.5
      ],
      "rotation": {
        "angle": 0,
        "axis": "y",
        "origin": [
          8.5,
          5.81499,
          8
        ]
      },
      "faces": {
        "north": {
          "uv": [
            3.25,
            3.125,
            2.75,
            3.375
          ],
          "texture": "#0"
        },
        "east": {
          "uv": [
            2.9375,
            3.3875,
            1.6875,
            3.6375
          ],
          "texture": "#0"
        },
        "south": {
          "uv": [
            3.25,
            3.125,
            2.75,
            3.375
          ],
          "texture": "#0"
        },
        "west": {
          "uv": [
            2.9375,
            3.3875,
            1.6875,
            3.6375
          ],
          "texture": "#0"
        },
        "up": {
          "uv": [
            2.875,
            4.125,
            1.625,
            3.625
          ],
          "rotation": 90,
          "texture": "#0"
        },
        "down": {
          "uv": [
            2.875,
            4.125,
            1.625,
            3.625
          ],
          "rotation": 270,
          "texture": "#0"
        }
      }
    },
    {
      "from": [
        7.75,
        -5,
        7
      ],
      "to": [
        9.25,
        -3,
        9
      ],
      "rotation": {
        "angle": 0,
        "axis": "y",
        "origin": [
          8.5,
          5.81499,
          8
        ]
      },
      "faces": {
        "north": {
          "uv": [
            0,
            2.25,
            0.5,
            2.75
          ],
          "texture": "#0"
        },
        "east": {
          "uv": [
            0,
            2.25,
            0.5,
            2.75
          ],
          "texture": "#0"
        },
        "south": {
          "uv": [
            0,
            2.25,
            0.5,
            2.75
          ],
          "texture": "#0"
        },
        "west": {
          "uv": [
            0,
            2.25,
            0.5,
            2.75
          ],
          "texture": "#0"
        },
        "up": {
          "uv": [
            0,
            2.75,
            0.5,
            3.125
          ],
          "rotation": 90,
          "texture": "#0"
        },
        "down": {
          "uv": [
            0,
            2.75,
            0.5,
            3.125
          ],
          "rotation": 270,
          "texture": "#0"
        }
      }
    },
    {
      "from": [
        7.25,
        -6,
        6.5
      ],
      "to": [
        9.75,
        -4,
        9.5
      ],
      "rotation": {
        "angle": 0,
        "axis": "y",
        "origin": [
          8.5,
          5.81499,
          8
        ]
      },
      "faces": {
        "north": {
          "uv": [
            0.5,
            2.25,
            1.25,
            2.75
          ],
          "texture": "#0"
        },
        "east": {
          "uv": [
            0.5,
            2.25,
            1.25,
            2.75
          ],
          "texture": "#0"
        },
        "south": {
          "uv": [
            0.5,
            2.25,
            1.25,
            2.75
          ],
          "texture": "#0"
        },
        "west": {
          "uv": [
            0.5,
            2.25,
            1.25,
            2.75
          ],
          "texture": "#0"
        },
        "up": {
          "uv": [
            0.5,
            2.75,
            1.25,
            3.375
          ],
          "rotation": 90,
          "texture": "#0"
        },
        "down": {
          "uv": [
            0.5,
            2.75,
            1.25,
            3.375
          ],
          "rotation": 270,
          "texture": "#0"
        }
      }
    },
    {
      "from": [
        7.15,
        -3,
        6.5
      ],
      "to": [
        9.85,
        -1,
        9.5
      ],
      "rotation": {
        "angle": 0,
        "axis": "y",
        "origin": [
          8.5,
          5.81499,
          8
        ]
      },
      "faces": {
        "north": {
          "uv": [
            0.75,
            1.75,
            1.5,
            2.25
          ],
          "texture": "#0"
        },
        "east": {
          "uv": [
            0.75,
            1.75,
            1.5,
            2.25
          ],
          "texture": "#0"
        },
        "south": {
          "uv": [
            0.75,
            1.75,
            1.5,
            2.25
          ],
          "texture": "#0"
        },
        "west": {
          "uv": [
            0.75,
            1.75,
            1.5,
            2.25
          ],
          "texture": "#0"
        },
        "up": {
          "uv": [
            1.25,
            1.0375,
            2,
            1.7125
          ],
          "rotation": 90,
          "texture": "#0"
        },
        "down": {
          "uv": [
            1.25,
            1.0375,
            2,
            1.7125
          ],
          "rotation": 270,
          "texture": "#0"
        }
      }
    },
    {
      "from": [
        7.5,
        -9,
        7
      ],
      "to": [
        9.5,
        -7,
        9
      ],
      "rotation": {
        "angle": 0,
        "axis": "y",
        "origin": [
          8.5,
          5.81499,
          8
        ]
      },
      "faces": {
        "north": {
          "uv": [
            1.5,
            1.75,
            2,
            2.25
          ],
          "texture": "#0"
        },
        "east": {
          "uv": [
            1.5,
            1.75,
            2,
            2.25
          ],
          "texture": "#0"
        },
        "south": {
          "uv": [
            1.5,
            1.75,
            2,
            2.25
          ],
          "texture": "#0"
        },
        "west": {
          "uv": [
            1.5,
            1.75,
            2,
            2.25
          ],
          "texture": "#0"
        },
        "up": {
          "uv": [
            0,
            3.5,
            0.5,
            4
          ],
          "rotation": 90,
          "texture": "#0"
        },
        "down": {
          "uv": [
            0,
            3.5,
            0.5,
            4
          ],
          "rotation": 270,
          "texture": "#0"
        }
      }
    },
    {
      "from": [
        7.5,
        -12,
        7
      ],
      "to": [
        9.5,
        -10,
        9
      ],
      "rotation": {
        "angle": 0,
        "axis": "y",
        "origin": [
          8.5,
          5.81499,
          8
        ]
      },
      "faces": {
        "north": {
          "uv": [
            1.5,
            1.75,
            2,
            2.25
          ],
          "texture": "#0"
        },
        "east": {
          "uv": [
            1.5,
            1.75,
            2,
            2.25
          ],
          "texture": "#0"
        },
        "south": {
          "uv": [
            1.5,
            1.75,
            2,
            2.25
          ],
          "texture": "#0"
        },
        "west": {
          "uv": [
            1.5,
            1.75,
            2,
            2.25
          ],
          "texture": "#0"
        },
        "up": {
          "uv": [
            0,
            3.5,
            0.5,
            4
          ],
          "rotation": 90,
          "texture": "#0"
        },
        "down": {
          "uv": [
            0,
            3.5,
            0.5,
            4
          ],
          "rotation": 270,
          "texture": "#0"
        }
      }
    },
    {
      "from": [
        7.25,
        -7.98922,
        -5.80421
      ],
      "to": [
        9.75,
        -5.98922,
        -3.80421
      ],
      "rotation": {
        "angle": -45,
        "axis": "x",
        "origin": [
          8.5,
          5.81499,
          8
        ]
      },
      "faces": {
        "north": {
          "uv": [
            2,
            1.5,
            2.625,
            1
          ],
          "texture": "#0"
        },
        "east": {
          "uv": [
            1.625,
            2.25,
            2.125,
            2.75
          ],
          "texture": "#0"
        },
        "south": {
          "uv": [
            2,
            1,
            2.625,
            1.5
          ],
          "texture": "#0"
        },
        "west": {
          "uv": [
            2.125,
            2.25,
            1.625,
            2.75
          ],
          "texture": "#0"
        },
        "up": {
          "uv": [
            1.625,
            2.75,
            2.125,
            3.375
          ],
          "rotation": 90,
          "texture": "#0"
        },
        "down": {
          "uv": [
            2.125,
            2.75,
            1.625,
            3.375
          ],
          "rotation": 270,
          "texture": "#0"
        }
      }
    },
    {
      "from": [
        7.75,
        -11,
        7.25
      ],
      "to": [
        9.25,
        -6,
        8.75
      ],
      "rotation": {
        "angle": 0,
        "axis": "y",
        "origin": [
          8.5,
          5.81499,
          8
        ]
      },
      "faces": {
        "north": {
          "uv": [
            1.25,
            2.25,
            1.625,
            3.5
          ],
          "texture": "#0"
        },
        "east": {
          "uv": [
            1.25,
            2.25,
            1.625,
            3.5
          ],
          "texture": "#0"
        },
        "south": {
          "uv": [
            1.25,
            2.25,
            1.625,
            3.5
          ],
          "texture": "#0"
        },
        "west": {
          "uv": [
            1.25,
            2.25,
            1.625,
            3.5
          ],
          "texture": "#0"
        },
        "up": {
          "uv": [
            0,
            3.125,
            0.375,
            3.5
          ],
          "rotation": 90,
          "texture": "#0"
        },
        "down": {
          "uv": [
            0,
            3.125,
            0.375,
            3.5
          ],
          "rotation": 270,
          "texture": "#0"
        }
      }
    },
    {
      "from": [
        6.5,
        -2,
        5.25
      ],
      "to": [
        10.5,
        2,
        10.75
      ],
      "rotation": {
        "angle": 0,
        "axis": "y",
        "origin": [
          8.5,
          5.81499,
          8
        ]
      },
      "faces": {
        "north": {
          "uv": [
            1.375,
            1,
            2.375,
            0
          ],
          "texture": "#0"
        },
        "east": {
          "uv": [
            0,
            1,
            1.375,
            0
          ],
          "texture": "#0"
        },
        "south": {
          "uv": [
            1.375,
            1,
            2.375,
            0
          ],
          "texture": "#0"
        },
        "west": {
          "uv": [
            0,
            1,
            1.375,
            0
          ],
          "texture": "#0"
        },
        "up": {
          "uv": [
            3.75,
            1,
            2.375,
            0
          ],
          "rotation": 90,
          "texture": "#0"
        },
        "down": {
          "uv": [
            3.75,
            1,
            2.375,
            0
          ],
          "rotation": 270,
          "texture": "#0"
        }
      }
    },
    {
      "from": [
        6.4,
        -2,
        5.25
      ],
      "to": [
        6.4,
        2,
        10.75
      ],
      "rotation": {
        "angle": 0,
        "axis": "y",
        "origin": [
          8.5,
          5.81499,
          8
        ]
      },
      "faces": {
        "east": {
          "uv": [
            0,
            0,
            11,
            8
          ],
          "texture": "#1"
        },
        "west": {
          "uv": [
            0,
            0,
            11,
            8
          ],
          "texture": "#1"
        }
      }
    },
    {
      "from": [
        10.6,
        -2,
        5.25
      ],
      "to": [
        10.6,
        2,
        10.75
      ],
      "rotation": {
        "angle": 0,
        "axis": "y",
        "origin": [
          8.5,
          5.81499,
          8
        ]
      },
      "faces": {
        "east": {
          "uv": [
            11,
            0,
            0,
            8
          ],
          "texture": "#1"
        },
        "west": {
          "uv": [
            11,
            0,
            0,
            8
          ],
          "texture": "#1"
        }
      }
    },
    {
      "from": [
        10.5,
        -2,
        5.25
      ],
      "to": [
        11,
        -1,
        10.75
      ],
      "rotation": {
        "angle": 0,
        "axis": "y",
        "origin": [
          8.5,
          5.81499,
          8
        ]
      },
      "faces": {
        "north": {
          "uv": [
            1.375,
            4.375,
            1.5,
            4.125
          ],
          "texture": "#0"
        },
        "east": {
          "uv": [
            0,
            4.375,
            1.375,
            4.125
          ],
          "texture": "#0"
        },
        "south": {
          "uv": [
            1.375,
            4.375,
            1.5,
            4.125
          ],
          "texture": "#0"
        },
        "west": {
          "uv": [
            0,
            4.375,
            1.375,
            4.125
          ],
          "texture": "#0"
        },
        "up": {
          "uv": [
            1.375,
            4.5,
            0,
            4.375
          ],
          "rotation": 90,
          "texture": "#0"
        },
        "down": {
          "uv": [
            1.375,
            4.5,
            0,
            4.375
          ],
          "rotation": 270,
          "texture": "#0"
        }
      }
    },
    {
      "from": [
        10.5,
        -1,
        10.25
      ],
      "to": [
        11,
        0.5,
        10.75
      ],
      "rotation": {
        "angle": 0,
        "axis": "y",
        "origin": [
          8.5,
          5.81499,
          8
        ]
      },
      "faces": {
        "north": {
          "uv": [
            1.375,
            3.875,
            1.5,
            3.5
          ],
          "texture": "#0"
        },
        "east": {
          "uv": [
            1.25,
            3.875,
            1.375,
            3.5
          ],
          "texture": "#0"
        },
        "south": {
          "uv": [
            1.375,
            3.875,
            1.5,
            3.5
          ],
          "texture": "#0"
        },
        "west": {
          "uv": [
            1.25,
            3.875,
            1.375,
            3.5
          ],
          "texture": "#0"
        },
        "up": {
          "uv": [
            1.375,
            4,
            1.25,
            3.875
          ],
          "rotation": 90,
          "texture": "#0"
        },
        "down": {
          "uv": [
            1.375,
            4,
            1.25,
            3.875
          ],
          "rotation": 270,
          "texture": "#0"
        }
      }
    },
    {
      "from": [
        10.5,
        -1,
        5.25
      ],
      "to": [
        11,
        0.5,
        5.75
      ],
      "rotation": {
        "angle": 0,
        "axis": "y",
        "origin": [
          8.5,
          5.81499,
          8
        ]
      },
      "faces": {
        "north": {
          "uv": [
            1.5,
            3.875,
            1.375,
            3.5
          ],
          "texture": "#0"
        },
        "east": {
          "uv": [
            1.375,
            3.875,
            1.25,
            3.5
          ],
          "texture": "#0"
        },
        "south": {
          "uv": [
            1.5,
            3.875,
            1.375,
            3.5
          ],
          "texture": "#0"
        },
        "west": {
          "uv": [
            1.375,
            3.875,
            1.25,
            3.5
          ],
          "texture": "#0"
        },
        "up": {
          "uv": [
            1.25,
            4,
            1.375,
            3.875
          ],
          "rotation": 90,
          "texture": "#0"
        },
        "down": {
          "uv": [
            1.25,
            4,
            1.375,
            3.875
          ],
          "rotation": 270,
          "texture": "#0"
        }
      }
    },
    {
      "from": [
        10.5,
        -1,
        7.25
      ],
      "to": [
        11,
        -0.5,
        8.75
      ],
      "rotation": {
        "angle": 0,
        "axis": "y",
        "origin": [
          8.5,
          5.81499,
          8
        ]
      },
      "faces": {
        "north": {
          "uv": [
            1.25,
            4,
            1.375,
            3.875
          ],
          "rotation": 90,
          "texture": "#0"
        },
        "east": {
          "uv": [
            1.375,
            3.875,
            1.25,
            3.5
          ],
          "rotation": 270,
          "texture": "#0"
        },
        "south": {
          "uv": [
            1.25,
            4,
            1.375,
            3.875
          ],
          "rotation": 90,
          "texture": "#0"
        },
        "west": {
          "uv": [
            1.375,
            3.875,
            1.25,
            3.5
          ],
          "rotation": 90,
          "texture": "#0"
        },
        "up": {
          "uv": [
            1.5,
            3.875,
            1.375,
            3.5
          ],
          "rotation": 180,
          "texture": "#0"
        },
        "down": {
          "uv": [
            1.5,
            3.875,
            1.375,
            3.5
          ],
          "texture": "#0"
        }
      }
    },
    {
      "from": [
        10.5,
        -0.5,
        7.75
      ],
      "to": [
        11,
        1,
        8.25
      ],
      "rotation": {
        "angle": 0,
        "axis": "y",
        "origin": [
          8.5,
          5.81499,
          8
        ]
      },
      "faces": {
        "north": {
          "uv": [
            1.5,
            3.875,
            1.375,
            3.5
          ],
          "texture": "#0"
        },
        "east": {
          "uv": [
            1.625,
            3.875,
            1.5,
            3.5
          ],
          "texture": "#0"
        },
        "south": {
          "uv": [
            1.5,
            3.875,
            1.375,
            3.5
          ],
          "texture": "#0"
        },
        "west": {
          "uv": [
            1.375,
            3.875,
            1.25,
            3.5
          ],
          "texture": "#0"
        },
        "up": {
          "uv": [
            1.25,
            4,
            1.375,
            3.875
          ],
          "rotation": 90,
          "texture": "#0"
        },
        "down": {
          "uv": [
            1.25,
            4,
            1.375,
            3.875
          ],
          "rotation": 270,
          "texture": "#0"
        }
      }
    },
    {
      "from": [
        6,
        -1,
        10.25
      ],
      "to": [
        6.5,
        0.5,
        10.75
      ],
      "rotation": {
        "angle": 0,
        "axis": "y",
        "origin": [
          8.5,
          5.81499,
          8
        ]
      },
      "faces": {
        "north": {
          "uv": [
            1.5,
            3.875,
            1.375,
            3.5
          ],
          "texture": "#0"
        },
        "east": {
          "uv": [
            1.375,
            3.875,
            1.25,
            3.5
          ],
          "texture": "#0"
        },
        "south": {
          "uv": [
            1.5,
            3.875,
            1.375,
            3.5
          ],
          "texture": "#0"
        },
        "west": {
          "uv": [
            1.375,
            3.875,
            1.25,
            3.5
          ],
          "texture": "#0"
        },
        "up": {
          "uv": [
            1.375,
            3.875,
            1.25,
            4
          ],
          "rotation": 90,
          "texture": "#0"
        },
        "down": {
          "uv": [
            1.375,
            3.875,
            1.25,
            4
          ],
          "rotation": 270,
          "texture": "#0"
        }
      }
    },
    {
      "from": [
        6,
        -2,
        5.25
      ],
      "to": [
        6.5,
        -1,
        10.75
      ],
      "rotation": {
        "angle": 0,
        "axis": "y",
        "origin": [
          8.5,
          5.81499,
          8
        ]
      },
      "faces": {
        "north": {
          "uv": [
            1.5,
            4.375,
            1.375,
            4.125
          ],
          "texture": "#0"
        },
        "east": {
          "uv": [
            1.375,
            4.375,
            0,
            4.125
          ],
          "texture": "#0"
        },
        "south": {
          "uv": [
            1.5,
            4.375,
            1.375,
            4.125
          ],
          "texture": "#0"
        },
        "west": {
          "uv": [
            1.375,
            4.375,
            0,
            4.125
          ],
          "texture": "#0"
        },
        "up": {
          "uv": [
            1.375,
            4.375,
            0,
            4.5
          ],
          "rotation": 90,
          "texture": "#0"
        },
        "down": {
          "uv": [
            1.375,
            4.375,
            0,
            4.5
          ],
          "rotation": 270,
          "texture": "#0"
        }
      }
    },
    {
      "from": [
        6,
        -1,
        7.25
      ],
      "to": [
        6.5,
        -0.5,
        8.75
      ],
      "rotation": {
        "angle": 0,
        "axis": "y",
        "origin": [
          8.5,
          5.81499,
          8
        ]
      },
      "faces": {
        "north": {
          "uv": [
            1.25,
            3.875,
            1.375,
            4
          ],
          "rotation": 90,
          "texture": "#0"
        },
        "east": {
          "uv": [
            1.375,
            3.5,
            1.25,
            3.875
          ],
          "rotation": 90,
          "texture": "#0"
        },
        "south": {
          "uv": [
            1.25,
            3.875,
            1.375,
            4
          ],
          "rotation": 90,
          "texture": "#0"
        },
        "west": {
          "uv": [
            1.375,
            3.5,
            1.25,
            3.875
          ],
          "rotation": 270,
          "texture": "#0"
        },
        "up": {
          "uv": [
            1.375,
            3.875,
            1.5,
            3.5
          ],
          "rotation": 180,
          "texture": "#0"
        },
        "down": {
          "uv": [
            1.375,
            3.875,
            1.5,
            3.5
          ],
          "texture": "#0"
        }
      }
    },
    {
      "from": [
        6,
        -0.5,
        7.75
      ],
      "to": [
        6.5,
        1,
        8.25
      ],
      "rotation": {
        "angle": 0,
        "axis": "y",
        "origin": [
          8.5,
          5.81499,
          8
        ]
      },
      "faces": {
        "north": {
          "uv": [
            1.375,
            3.875,
            1.5,
            3.5
          ],
          "texture": "#0"
        },
        "east": {
          "uv": [
            1.25,
            3.875,
            1.375,
            3.5
          ],
          "texture": "#0"
        },
        "south": {
          "uv": [
            1.375,
            3.875,
            1.5,
            3.5
          ],
          "texture": "#0"
        },
        "west": {
          "uv": [
            1.5,
            3.875,
            1.625,
            3.5
          ],
          "texture": "#0"
        },
        "up": {
          "uv": [
            1.25,
            3.875,
            1.375,
            4
          ],
          "rotation": 90,
          "texture": "#0"
        },
        "down": {
          "uv": [
            1.25,
            3.875,
            1.375,
            4
          ],
          "rotation": 270,
          "texture": "#0"
        }
      }
    },
    {
      "from": [
        6,
        -1,
        5.25
      ],
      "to": [
        6.5,
        0.5,
        5.75
      ],
      "rotation": {
        "angle": 0,
        "axis": "y",
        "origin": [
          8.5,
          5.81499,
          8
        ]
      },
      "faces": {
        "north": {
          "uv": [
            1.375,
            3.875,
            1.5,
            3.5
          ],
          "texture": "#0"
        },
        "east": {
          "uv": [
            1.25,
            3.875,
            1.375,
            3.5
          ],
          "texture": "#0"
        },
        "south": {
          "uv": [
            1.375,
            3.875,
            1.5,
            3.5
          ],
          "texture": "#0"
        },
        "west": {
          "uv": [
            1.25,
            3.875,
            1.375,
            3.5
          ],
          "texture": "#0"
        },
        "up": {
          "uv": [
            1.25,
            3.875,
            1.375,
            4
          ],
          "rotation": 90,
          "texture": "#0"
        },
        "down": {
          "uv": [
            1.25,
            3.875,
            1.375,
            4
          ],
          "rotation": 270,
          "texture": "#0"
        }
      }
    },
    {
      "from": [
        7.25,
        -1.11569,
        0.26364
      ],
      "to": [
        9.75,
        2.38431,
        4.26364
      ],
      "rotation": {
        "angle": -22.5,
        "axis": "x",
        "origin": [
          8.5,
          5.81499,
          8
        ]
      },
      "faces": {
        "north": {
          "uv": [
            2.75,
            3.375,
            2.125,
            2.5
          ],
          "texture": "#0"
        },
        "east": {
          "uv": [
            3.625,
            1.875,
            2.625,
            1
          ],
          "texture": "#0"
        },
        "south": {
          "uv": [
            2.75,
            3.375,
            2.125,
            2.5
          ],
          "texture": "#0"
        },
        "west": {
          "uv": [
            2.625,
            1.875,
            3.625,
            1
          ],
          "texture": "#0"
        },
        "up": {
          "uv": [
            3.625,
            2.5,
            2.625,
            1.875
          ],
          "rotation": 90,
          "texture": "#0"
        },
        "down": {
          "uv": [
            3.625,
            2.5,
            2.625,
            1.875
          ],
          "rotation": 270,
          "texture": "#0"
        }
      }
    },
    {
      "from": [
        7.35,
        -4.29651,
        4.30776
      ],
      "to": [
        9.65,
        -1.29651,
        7.30776
      ],
      "rotation": {
        "angle": 22.5,
        "axis": "x",
        "origin": [
          8.5,
          5.81499,
          8
        ]
      },
      "faces": {
        "north": {
          "uv": [
            5.075,
            0,
            4.5,
            0.75
          ],
          "texture": "#0"
        },
        "east": {
          "uv": [
            4.5,
            0,
            3.75,
            0.75
          ],
          "texture": "#0"
        },
        "south": {
          "uv": [
            5.075,
            0,
            4.5,
            0.75
          ],
          "texture": "#0"
        },
        "west": {
          "uv": [
            3.75,
            0,
            4.5,
            0.75
          ],
          "texture": "#0"
        },
        "up": {
          "uv": [
            4.5,
            0.75,
            3.75,
            1.325
          ],
          "rotation": 90,
          "texture": "#0"
        },
        "down": {
          "uv": [
            6.625,
            0,
            5.875,
            0.575
          ],
          "rotation": 270,
          "texture": "#0"
        }
      }
    },
    {
      "from": [
        7.45,
        1.23028,
        -1.69754
      ],
      "to": [
        9.55,
        4.23028,
        0.80246
      ],
      "rotation": {
        "angle": -22.5,
        "axis": "x",
        "origin": [
          8.5,
          5.81499,
          8
        ]
      },
      "faces": {
        "north": {
          "uv": [
            3.625,
            3.05,
            4.375,
            2.525
          ],
          "rotation": 270,
          "texture": "#0"
        },
        "east": {
          "uv": [
            3.625,
            2,
            4.375,
            1.375
          ],
          "rotation": 270,
          "texture": "#0"
        },
        "south": {
          "uv": [
            3.625,
            2.525,
            4.375,
            2
          ],
          "rotation": 270,
          "texture": "#0"
        },
        "west": {
          "uv": [
            3.625,
            1.375,
            4.375,
            2
          ],
          "rotation": 270,
          "texture": "#0"
        },
        "up": {
          "uv": [
            2.75,
            3.125,
            3.275,
            2.5
          ],
          "texture": "#0"
        },
        "down": {
          "uv": [
            2.75,
            3.125,
            3.275,
            2.5
          ],
          "rotation": 180,
          "texture": "#0"
        }
      }
    },
    {
      "from": [
        7.55,
        -2.53129,
        1.0843
      ],
      "to": [
        9.45,
        -0.53129,
        4.0843
      ],
      "rotation": {
        "angle": 22.5,
        "axis": "x",
        "origin": [
          8.5,
          5.81499,
          8
        ]
      },
      "faces": {
        "north": {
          "uv": [
            2,
            2,
            2.475,
            1.5
          ],
          "rotation": 180,
          "texture": "#0"
        },
        "east": {
          "uv": [
            5.125,
            0.5,
            5.875,
            0
          ],
          "texture": "#0"
        },
        "south": {
          "uv": [
            2,
            2,
            2.475,
            1.5
          ],
          "rotation": 180,
          "texture": "#0"
        },
        "west": {
          "uv": [
            5.875,
            0.5,
            5.125,
            0
          ],
          "texture": "#0"
        },
        "up": {
          "uv": [
            5.125,
            0.975,
            5.875,
            0.5
          ],
          "rotation": 270,
          "texture": "#0"
        },
        "down": {
          "uv": [
            5.125,
            0.975,
            5.875,
            0.5
          ],
          "rotation": 90,
          "texture": "#0"
        }
      }
    },
    {
      "from": [
        7.75,
        4.54243,
        -4.90452
      ],
      "to": [
        9.25,
        6.04243,
        -1.40452
      ],
      "rotation": {
        "angle": -22.5,
        "axis": "x",
        "origin": [
          8.5,
          5.81499,
          8
        ]
      },
      "faces": {
        "north": {
          "uv": [
            5.375,
            1.375,
            5.75,
            1
          ],
          "rotation": 180,
          "texture": "#0"
        },
        "east": {
          "uv": [
            4.5,
            1.375,
            5.375,
            1
          ],
          "texture": "#0"
        },
        "south": {
          "uv": [
            5.375,
            1.375,
            5.75,
            1
          ],
          "rotation": 180,
          "texture": "#0"
        },
        "west": {
          "uv": [
            5.375,
            1.375,
            4.5,
            1
          ],
          "texture": "#0"
        },
        "up": {
          "uv": [
            4.5,
            1.75,
            5.375,
            1.375
          ],
          "rotation": 270,
          "texture": "#0"
        },
        "down": {
          "uv": [
            4.5,
            2.125,
            5.375,
            1.75
          ],
          "rotation": 90,
          "texture": "#0"
        }
      }
    },
    {
      "from": [
        7.85,
        3.44243,
        -4.70452
      ],
      "to": [
        9.15,
        4.94243,
        -3.70452
      ],
      "rotation": {
        "angle": -22.5,
        "axis": "x",
        "origin": [
          8.5,
          5.81499,
          8
        ]
      },
      "faces": {
        "north": {
          "uv": [
            4.375,
            2.5,
            4.7,
            2.125
          ],
          "rotation": 180,
          "texture": "#0"
        },
        "east": {
          "uv": [
            2.125,
            2.375,
            2.375,
            2
          ],
          "texture": "#0"
        },
        "south": {
          "uv": [
            4.75,
            2.5,
            5.075,
            2.125
          ],
          "rotation": 180,
          "texture": "#0"
        },
        "west": {
          "uv": [
            2.375,
            2.375,
            2.125,
            2
          ],
          "texture": "#0"
        },
        "up": {
          "uv": [
            4.375,
            2.825,
            4.625,
            2.5
          ],
          "rotation": 270,
          "texture": "#0"
        },
        "down": {
          "uv": [
            4.375,
            2.825,
            4.625,
            2.5
          ],
          "rotation": 90,
          "texture": "#0"
        }
      }
    },
    {
      "from": [
        8.15,
        -6.12195,
        5.85213
      ],
      "to": [
        8.85,
        -5.12195,
        6.35213
      ],
      "rotation": {
        "angle": 45,
        "axis": "x",
        "origin": [
          8.5,
          5.81499,
          8
        ]
      },
      "faces": {
        "north": {
          "uv": [
            5.625,
            2.125,
            5.375,
            2.3
          ],
          "rotation": 270,
          "texture": "#0"
        },
        "east": {
          "uv": [
            5.625,
            2,
            5.375,
            2.125
          ],
          "rotation": 270,
          "texture": "#0"
        },
        "south": {
          "uv": [
            5.625,
            2.125,
            5.375,
            2.3
          ],
          "rotation": 270,
          "texture": "#0"
        },
        "west": {
          "uv": [
            5.625,
            2,
            5.375,
            2.125
          ],
          "rotation": 270,
          "texture": "#0"
        },
        "up": {
          "uv": [
            5.3,
            2.125,
            5.125,
            2.25
          ],
          "texture": "#0"
        },
        "down": {
          "uv": [
            5.3,
            2.125,
            5.125,
            2.25
          ],
          "rotation": 180,
          "texture": "#0"
        }
      }
    },
    {
      "from": [
        8.05,
        -4.72863,
        0.70448
      ],
      "to": [
        8.95,
        -4.02863,
        1.90448
      ],
      "rotation": {
        "angle": 22.5,
        "axis": "x",
        "origin": [
          8.5,
          5.81499,
          8
        ]
      },
      "faces": {
        "north": {
          "uv": [
            5.55,
            1.75,
            5.375,
            1.975
          ],
          "rotation": 270,
          "texture": "#0"
        },
        "east": {
          "uv": [
            5.55,
            1.375,
            5.375,
            1.675
          ],
          "rotation": 270,
          "texture": "#0"
        },
        "south": {
          "uv": [
            5.55,
            1.75,
            5.375,
            1.975
          ],
          "rotation": 270,
          "texture": "#0"
        },
        "west": {
          "uv": [
            5.55,
            1.675,
            5.375,
            1.375
          ],
          "rotation": 270,
          "texture": "#0"
        },
        "up": {
          "uv": [
            5.85,
            1.75,
            5.625,
            2.05
          ],
          "texture": "#0"
        },
        "down": {
          "uv": [
            5.85,
            1.375,
            5.625,
            1.675
          ],
          "rotation": 180,
          "texture": "#0"
        }
      }
    },
    {
      "from": [
        7.25,
        -1.11569,
        11.73636
      ],
      "to": [
        9.75,
        2.38431,
        15.73636
      ],
      "rotation": {
        "angle": 22.5,
        "axis": "x",
        "origin": [
          8.5,
          5.81499,
          8
        ]
      },
      "faces": {
        "north": {
          "uv": [
            2.125,
            3.375,
            2.75,
            2.5
          ],
          "texture": "#0"
        },
        "east": {
          "uv": [
            2.625,
            1.875,
            3.625,
            1
          ],
          "texture": "#0"
        },
        "south": {
          "uv": [
            2.125,
            3.375,
            2.75,
            2.5
          ],
          "texture": "#0"
        },
        "west": {
          "uv": [
            3.625,
            1.875,
            2.625,
            1
          ],
          "texture": "#0"
        },
        "up": {
          "uv": [
            2.625,
            2.5,
            3.625,
            1.875
          ],
          "rotation": 90,
          "texture": "#0"
        },
        "down": {
          "uv": [
            2.625,
            2.5,
            3.625,
            1.875
          ],
          "rotation": 270,
          "texture": "#0"
        }
      }
    },
    {
      "from": [
        7.35,
        -4.29651,
        8.69224
      ],
      "to": [
        9.65,
        -1.29651,
        11.69224
      ],
      "rotation": {
        "angle": -22.5,
        "axis": "x",
        "origin": [
          8.5,
          5.81499,
          8
        ]
      },
      "faces": {
        "north": {
          "uv": [
            4.5,
            0,
            5.075,
            0.75
          ],
          "texture": "#0"
        },
        "east": {
          "uv": [
            3.75,
            0,
            4.5,
            0.75
          ],
          "texture": "#0"
        },
        "south": {
          "uv": [
            4.5,
            0,
            5.075,
            0.75
          ],
          "texture": "#0"
        },
        "west": {
          "uv": [
            4.5,
            0,
            3.75,
            0.75
          ],
          "texture": "#0"
        },
        "up": {
          "uv": [
            3.75,
            0.75,
            4.5,
            1.325
          ],
          "rotation": 90,
          "texture": "#0"
        },
        "down": {
          "uv": [
            5.875,
            0,
            6.625,
            0.575
          ],
          "rotation": 270,
          "texture": "#0"
        }
      }
    },
    {
      "from": [
        7.45,
        1.23028,
        15.19754
      ],
      "to": [
        9.55,
        4.23028,
        17.69754
      ],
      "rotation": {
        "angle": 22.5,
        "axis": "x",
        "origin": [
          8.5,
          5.81499,
          8
        ]
      },
      "faces": {
        "north": {
          "uv": [
            3.625,
            2,
            4.375,
            2.525
          ],
          "rotation": 270,
          "texture": "#0"
        },
        "east": {
          "uv": [
            3.625,
            1.375,
            4.375,
            2
          ],
          "rotation": 270,
          "texture": "#0"
        },
        "south": {
          "uv": [
            3.625,
            2.525,
            4.375,
            3.05
          ],
          "rotation": 270,
          "texture": "#0"
        },
        "west": {
          "uv": [
            3.625,
            2,
            4.375,
            1.375
          ],
          "rotation": 270,
          "texture": "#0"
        },
        "up": {
          "uv": [
            2.75,
            2.5,
            3.275,
            3.125
          ],
          "texture": "#0"
        },
        "down": {
          "uv": [
            2.75,
            2.5,
            3.275,
            3.125
          ],
          "rotation": 180,
          "texture": "#0"
        }
      }
    },
    {
      "from": [
        7.55,
        -2.53129,
        11.9157
      ],
      "to": [
        9.45,
        -0.53129,
        14.9157
      ],
      "rotation": {
        "angle": -22.5,
        "axis": "x",
        "origin": [
          8.5,
          5.81499,
          8
        ]
      },
      "faces": {
        "north": {
          "uv": [
            2.475,
            2,
            2,
            1.5
          ],
          "rotation": 180,
          "texture": "#0"
        },
        "east": {
          "uv": [
            5.875,
            0.5,
            5.125,
            0
          ],
          "texture": "#0"
        },
        "south": {
          "uv": [
            2.475,
            2,
            2,
            1.5
          ],
          "rotation": 180,
          "texture": "#0"
        },
        "west": {
          "uv": [
            5.125,
            0.5,
            5.875,
            0
          ],
          "texture": "#0"
        },
        "up": {
          "uv": [
            5.875,
            0.975,
            5.125,
            0.5
          ],
          "rotation": 270,
          "texture": "#0"
        },
        "down": {
          "uv": [
            5.875,
            0.975,
            5.125,
            0.5
          ],
          "rotation": 90,
          "texture": "#0"
        }
      }
    },
    {
      "from": [
        7.75,
        4.54243,
        17.40452
      ],
      "to": [
        9.25,
        6.04243,
        20.90452
      ],
      "rotation": {
        "angle": 22.5,
        "axis": "x",
        "origin": [
          8.5,
          5.81499,
          8
        ]
      },
      "faces": {
        "north": {
          "uv": [
            5.75,
            1.375,
            5.375,
            1
          ],
          "rotation": 180,
          "texture": "#0"
        },
        "east": {
          "uv": [
            5.375,
            1.375,
            4.5,
            1
          ],
          "texture": "#0"
        },
        "south": {
          "uv": [
            5.75,
            1.375,
            5.375,
            1
          ],
          "rotation": 180,
          "texture": "#0"
        },
        "west": {
          "uv": [
            4.5,
            1.375,
            5.375,
            1
          ],
          "texture": "#0"
        },
        "up": {
          "uv": [
            5.375,
            1.75,
            4.5,
            1.375
          ],
          "rotation": 270,
          "texture": "#0"
        },
        "down": {
          "uv": [
            5.375,
            2.125,
            4.5,
            1.75
          ],
          "rotation": 90,
          "texture": "#0"
        }
      }
    },
    {
      "from": [
        7.85,
        3.44243,
        19.70452
      ],
      "to": [
        9.15,
        4.94243,
        20.70452
      ],
      "rotation": {
        "angle": 22.5,
        "axis": "x",
        "origin": [
          8.5,
          5.81499,
          8
        ]
      },
      "faces": {
        "north": {
          "uv": [
            5.075,
            2.5,
            4.75,
            2.125
          ],
          "rotation": 180,
          "texture": "#0"
        },
        "east": {
          "uv": [
            2.375,
            2.375,
            2.125,
            2
          ],
          "texture": "#0"
        },
        "south": {
          "uv": [
            4.7,
            2.5,
            4.375,
            2.125
          ],
          "rotation": 180,
          "texture": "#0"
        },
        "west": {
          "uv": [
            2.125,
            2.375,
            2.375,
            2
          ],
          "texture": "#0"
        },
        "up": {
          "uv": [
            4.625,
            2.825,
            4.375,
            2.5
          ],
          "rotation": 270,
          "texture": "#0"
        },
        "down": {
          "uv": [
            4.625,
            2.825,
            4.375,
            2.5
          ],
          "rotation": 90,
          "texture": "#0"
        }
      }
    },
    {
      "from": [
        8.15,
        -6.12195,
        9.64787
      ],
      "to": [
        8.85,
        -5.12195,
        10.14787
      ],
      "rotation": {
        "angle": -45,
        "axis": "x",
        "origin": [
          8.5,
          5.81499,
          8
        ]
      },
      "faces": {
        "north": {
          "uv": [
            5.625,
            2.3,
            5.375,
            2.125
          ],
          "rotation": 270,
          "texture": "#0"
        },
        "east": {
          "uv": [
            5.625,
            2.125,
            5.375,
            2
          ],
          "rotation": 270,
          "texture": "#0"
        },
        "south": {
          "uv": [
            5.625,
            2.3,
            5.375,
            2.125
          ],
          "rotation": 270,
          "texture": "#0"
        },
        "west": {
          "uv": [
            5.625,
            2.125,
            5.375,
            2
          ],
          "rotation": 270,
          "texture": "#0"
        },
        "up": {
          "uv": [
            5.3,
            2.25,
            5.125,
            2.125
          ],
          "texture": "#0"
        },
        "down": {
          "uv": [
            5.3,
            2.25,
            5.125,
            2.125
          ],
          "rotation": 180,
          "texture": "#0"
        }
      }
    },
    {
      "from": [
        8.05,
        -4.72863,
        14.09552
      ],
      "to": [
        8.95,
        -4.02863,
        15.29552
      ],
      "rotation": {
        "angle": -22.5,
        "axis": "x",
        "origin": [
          8.5,
          5.81499,
          8
        ]
      },
      "faces": {
        "north": {
          "uv": [
            5.55,
            1.975,
            5.375,
            1.75
          ],
          "rotation": 270,
          "texture": "#0"
        },
        "east": {
          "uv": [
            5.55,
            1.675,
            5.375,
            1.375
          ],
          "rotation": 270,
          "texture": "#0"
        },
        "south": {
          "uv": [
            5.55,
            1.975,
            5.375,
            1.75
          ],
          "rotation": 270,
          "texture": "#0"
        },
        "west": {
          "uv": [
            5.55,
            1.375,
            5.375,
            1.675
          ],
          "rotation": 270,
          "texture": "#0"
        },
        "up": {
          "uv": [
            5.85,
            2.05,
            5.625,
            1.75
          ],
          "texture": "#0"
        },
        "down": {
          "uv": [
            5.85,
            1.675,
            5.625,
            1.375
          ],
          "rotation": 180,
          "texture": "#0"
        }
      }
    },
    {
      "from": [
        8.5,
        1,
        0.5
      ],
      "to": [
        8.5,
        30,
        15.5
      ],
      "rotation": {
        "angle": 0,
        "axis": "y",
        "origin": [
          8.5,
          5.81499,
          8
        ]
      },
      "faces": {
        "north": {
          "uv": [
            0,
            0,
            0,
            29
          ],
          "texture": "#missing"
        },
        "east": {
          "uv": [
            16,
            0,
            12.25,
            7.25
          ],
          "texture": "#0"
        },
        "south": {
          "uv": [
            0,
            0,
            0,
            29
          ],
          "texture": "#missing"
        },
        "west": {
          "uv": [
            12.25,
            0,
            16,
            7.25
          ],
          "texture": "#0"
        },
        "up": {
          "uv": [
            0,
            0,
            13,
            0
          ],
          "rotation": 90,
          "texture": "#missing"
        },
        "down": {
          "uv": [
            0,
            0,
            13,
            0
          ],
          "rotation": 270,
          "texture": "#missing"
        }
      }
    },
    {
      "from": [
        7.5,
        7.38399,
        4.79302
      ],
      "to": [
        9.5,
        9.38399,
        8.29302
      ],
      "rotation": {
        "angle": -22.5,
        "axis": "x",
        "origin": [
          8.5,
          5.81499,
          8
        ]
      },
      "faces": {
        "north": {
          "uv": [
            3.0625,
            3.625,
            3.5625,
            4.125
          ],
          "texture": "#0"
        },
        "east": {
          "uv": [
            4.125,
            3.125,
            3.25,
            3.625
          ],
          "texture": "#0"
        },
        "south": {
          "uv": [
            3.625,
            3.625,
            4.125,
            4.125
          ],
          "texture": "#0"
        },
        "west": {
          "uv": [
            3.25,
            3.125,
            4.125,
            3.625
          ],
          "texture": "#0"
        },
        "up": {
          "uv": [
            4.125,
            3.125,
            5,
            3.625
          ],
          "rotation": 90,
          "texture": "#0"
        },
        "down": {
          "uv": [
            4.125,
            3.125,
            5,
            3.625
          ],
          "rotation": 270,
          "texture": "#0"
        }
      }
    },
    {
      "from": [
        8,
        6.91412,
        5.79445
      ],
      "to": [
        9,
        8.41412,
        7.79445
      ],
      "rotation": {
        "angle": 22.5,
        "axis": "x",
        "origin": [
          8.5,
          5.81499,
          8
        ]
      },
      "faces": {
        "north": {
          "uv": [
            5.5,
            3.125,
            5.75,
            3.5
          ],
          "texture": "#0"
        },
        "east": {
          "uv": [
            5.5,
            3.125,
            5,
            3.5
          ],
          "texture": "#0"
        },
        "south": {
          "uv": [
            5.5,
            3.125,
            5.75,
            3.5
          ],
          "texture": "#0"
        },
        "west": {
          "uv": [
            5,
            3.125,
            5.5,
            3.5
          ],
          "texture": "#0"
        },
        "up": {
          "uv": [
            5,
            3.5,
            5.5,
            3.75
          ],
          "rotation": 90,
          "texture": "#0"
        },
        "down": {
          "uv": [
            5,
            3.5,
            5.5,
            3.75
          ],
          "rotation": 270,
          "texture": "#0"
        }
      }
    },
    {
      "from": [
        8.1,
        6.08399,
        8.39302
      ],
      "to": [
        8.9,
        7.58399,
        9.39302
      ],
      "rotation": {
        "angle": -22.5,
        "axis": "x",
        "origin": [
          8.5,
          5.81499,
          8
        ]
      },
      "faces": {
        "north": {
          "uv": [
            5.875,
            0.875,
            6.25,
            1.075
          ],
          "rotation": 90,
          "texture": "#0"
        },
        "east": {
          "uv": [
            5.875,
            0.875,
            6.25,
            0.625
          ],
          "rotation": 90,
          "texture": "#0"
        },
        "south": {
          "uv": [
            5.875,
            0.875,
            6.25,
            1.075
          ],
          "rotation": 90,
          "texture": "#0"
        },
        "west": {
          "uv": [
            5.875,
            0.625,
            6.25,
            0.875
          ],
          "rotation": 90,
          "texture": "#0"
        },
        "up": {
          "uv": [
            5.75,
            1.125,
            5.95,
            1.375
          ],
          "rotation": 180,
          "texture": "#0"
        },
        "down": {
          "uv": [
            5.75,
            1.125,
            5.95,
            1.375
          ],
          "texture": "#0"
        }
      }
    },
    {
      "from": [
        8.2,
        5.61412,
        7.89445
      ],
      "to": [
        8.8,
        6.61412,
        8.39445
      ],
      "rotation": {
        "angle": 22.5,
        "axis": "x",
        "origin": [
          8.5,
          5.81499,
          8
        ]
      },
      "faces": {
        "north": {
          "uv": [
            5.875,
            1.5,
            6.125,
            1.65
          ],
          "rotation": 90,
          "texture": "#0"
        },
        "east": {
          "uv": [
            5.875,
            1.375,
            6.125,
            1.5
          ],
          "rotation": 90,
          "texture": "#0"
        },
        "south": {
          "uv": [
            5.875,
            1.5,
            6.125,
            1.65
          ],
          "rotation": 90,
          "texture": "#0"
        },
        "west": {
          "uv": [
            5.875,
            1.375,
            6.125,
            1.5
          ],
          "rotation": 90,
          "texture": "#0"
        },
        "up": {
          "uv": [
            5.875,
            1.75,
            6.025,
            1.875
          ],
          "rotation": 180,
          "texture": "#0"
        },
        "down": {
          "uv": [
            5.875,
            1.75,
            6.025,
            1.875
          ],
          "texture": "#0"
        }
      }
    },
    {
      "from": [
        8,
        3.72327,
        12.24786
      ],
      "to": [
        9,
        5.72327,
        13.74786
      ],
      "rotation": {
        "angle": 45,
        "axis": "x",
        "origin": [
          8.5,
          5.81499,
          8
        ]
      },
      "faces": {
        "north": {
          "uv": [
            5.5,
            3.5,
            5,
            3.75
          ],
          "rotation": 90,
          "texture": "#0"
        },
        "east": {
          "uv": [
            5,
            3.125,
            5.5,
            3.5
          ],
          "rotation": 270,
          "texture": "#0"
        },
        "south": {
          "uv": [
            5.5,
            3.5,
            5,
            3.75
          ],
          "rotation": 90,
          "texture": "#0"
        },
        "west": {
          "uv": [
            5.5,
            3.125,
            5,
            3.5
          ],
          "rotation": 90,
          "texture": "#0"
        },
        "up": {
          "uv": [
            5.75,
            3.125,
            5.5,
            3.5
          ],
          "rotation": 180,
          "texture": "#0"
        },
        "down": {
          "uv": [
            5.75,
            3.125,
            5.5,
            3.5
          ],
          "texture": "#0"
        }
      }
    },
    {
      "from": [
        8.1,
        1.9,
        10.7
      ],
      "to": [
        8.9,
        3.4,
        11.7
      ],
      "rotation": {
        "angle": 0,
        "axis": "y",
        "origin": [
          8.5,
          5.81499,
          8
        ]
      },
      "faces": {
        "north": {
          "uv": [
            5.875,
            1.075,
            6.25,
            0.875
          ],
          "rotation": 270,
          "texture": "#0"
        },
        "east": {
          "uv": [
            5.875,
            0.625,
            6.25,
            0.875
          ],
          "rotation": 270,
          "texture": "#0"
        },
        "south": {
          "uv": [
            5.875,
            1.075,
            6.25,
            0.875
          ],
          "rotation": 270,
          "texture": "#0"
        },
        "west": {
          "uv": [
            5.875,
            0.875,
            6.25,
            0.625
          ],
          "rotation": 270,
          "texture": "#0"
        },
        "up": {
          "uv": [
            5.75,
            1.375,
            5.95,
            1.125
          ],
          "texture": "#0"
        },
        "down": {
          "uv": [
            5.75,
            1.375,
            5.95,
            1.125
          ],
          "rotation": 180,
          "texture": "#0"
        }
      }
    },
    {
      "from": [
        8.2,
        5.82327,
        10.94786
      ],
      "to": [
        8.8,
        6.32327,
        11.94786
      ],
      "rotation": {
        "angle": 45,
        "axis": "x",
        "origin": [
          8.5,
          5.81499,
          8
        ]
      },
      "faces": {
        "north": {
          "uv": [
            5.875,
            1.875,
            6.025,
            1.75
          ],
          "rotation": 180,
          "texture": "#0"
        },
        "east": {
          "uv": [
            5.875,
            1.5,
            6.125,
            1.375
          ],
          "texture": "#0"
        },
        "south": {
          "uv": [
            5.875,
            1.875,
            6.025,
            1.75
          ],
          "rotation": 180,
          "texture": "#0"
        },
        "west": {
          "uv": [
            5.875,
            1.5,
            6.125,
            1.375
          ],
          "rotation": 180,
          "texture": "#0"
        },
        "up": {
          "uv": [
            5.875,
            1.65,
            6.125,
            1.5
          ],
          "rotation": 270,
          "texture": "#0"
        },
        "down": {
          "uv": [
            5.875,
            1.65,
            6.125,
            1.5
          ],
          "rotation": 90,
          "texture": "#0"
        }
      }
    },
    {
      "from": [
        8.2,
        -2.01355,
        17.44006
      ],
      "to": [
        8.8,
        -1.01355,
        17.94006
      ],
      "rotation": {
        "angle": 22.5,
        "axis": "x",
        "origin": [
          8.5,
          5.81499,
          8
        ]
      },
      "faces": {
        "north": {
          "uv": [
            5.25,
            3.75,
            5.5,
            3.9
          ],
          "rotation": 90,
          "texture": "#0"
        },
        "east": {
          "uv": [
            5.5,
            4,
            5.25,
            4.125
          ],
          "rotation": 270,
          "texture": "#0"
        },
        "south": {
          "uv": [
            5.25,
            3.75,
            5.5,
            3.9
          ],
          "rotation": 90,
          "texture": "#0"
        },
        "west": {
          "uv": [
            5.25,
            4,
            5.5,
            4.125
          ],
          "rotation": 90,
          "texture": "#0"
        },
        "up": {
          "uv": [
            5.25,
            4.125,
            5.4,
            4.25
          ],
          "rotation": 180,
          "texture": "#0"
        },
        "down": {
          "uv": [
            5.25,
            4.125,
            5.4,
            4.25
          ],
          "texture": "#0"
        }
      }
    },
    {
      "from": [
        8.1,
        -6.05936,
        9.7492
      ],
      "to": [
        8.9,
        -4.55936,
        10.7492
      ],
      "rotation": {
        "angle": -22.5,
        "axis": "x",
        "origin": [
          8.5,
          5.81499,
          8
        ]
      },
      "faces": {
        "north": {
          "uv": [
            5.25,
            3.95,
            4.875,
            3.75
          ],
          "rotation": 270,
          "texture": "#0"
        },
        "east": {
          "uv": [
            5,
            4,
            4.625,
            4.25
          ],
          "rotation": 270,
          "texture": "#0"
        },
        "south": {
          "uv": [
            5.25,
            3.95,
            4.875,
            3.75
          ],
          "rotation": 270,
          "texture": "#0"
        },
        "west": {
          "uv": [
            5,
            4.25,
            4.625,
            4
          ],
          "rotation": 270,
          "texture": "#0"
        },
        "up": {
          "uv": [
            5.2,
            4.25,
            5,
            4
          ],
          "texture": "#0"
        },
        "down": {
          "uv": [
            5.2,
            4.25,
            5,
            4
          ],
          "rotation": 180,
          "texture": "#0"
        }
      }
    },
    {
      "from": [
        8,
        -0.71355,
        15.34006
      ],
      "to": [
        9,
        0.78645,
        17.34006
      ],
      "rotation": {
        "angle": 22.5,
        "axis": "x",
        "origin": [
          8.5,
          5.81499,
          8
        ]
      },
      "faces": {
        "north": {
          "uv": [
            4.625,
            3.625,
            4.875,
            4
          ],
          "texture": "#0"
        },
        "east": {
          "uv": [
            4.125,
            4,
            4.625,
            3.625
          ],
          "rotation": 180,
          "texture": "#0"
        },
        "south": {
          "uv": [
            4.625,
            3.625,
            4.875,
            4
          ],
          "texture": "#0"
        },
        "west": {
          "uv": [
            4.125,
            3.625,
            4.625,
            4
          ],
          "texture": "#0"
        },
        "up": {
          "uv": [
            4.125,
            4,
            4.625,
            4.25
          ],
          "rotation": 90,
          "texture": "#0"
        },
        "down": {
          "uv": [
            4.125,
            4,
            4.625,
            4.25
          ],
          "rotation": 270,
          "texture": "#0"
        }
      }
    },
    {
      "from": [
        8,
        -0.71355,
        -1.34006
      ],
      "to": [
        9,
        0.78645,
        0.65994
      ],
      "rotation": {
        "angle": -22.5,
        "axis": "x",
        "origin": [
          8.5,
          5.81499,
          8
        ]
      },
      "faces": {
        "north": {
          "uv": [
            4.875,
            3.625,
            4.625,
            4
          ],
          "texture": "#0"
        },
        "east": {
          "uv": [
            4.625,
            4,
            4.125,
            3.625
          ],
          "rotation": 180,
          "texture": "#0"
        },
        "south": {
          "uv": [
            4.875,
            3.625,
            4.625,
            4
          ],
          "texture": "#0"
        },
        "west": {
          "uv": [
            4.625,
            3.625,
            4.125,
            4
          ],
          "texture": "#0"
        },
        "up": {
          "uv": [
            4.625,
            4,
            4.125,
            4.25
          ],
          "rotation": 90,
          "texture": "#0"
        },
        "down": {
          "uv": [
            4.625,
            4,
            4.125,
            4.25
          ],
          "rotation": 270,
          "texture": "#0"
        }
      }
    },
    {
      "from": [
        8.1,
        -6.05936,
        5.2508
      ],
      "to": [
        8.9,
        -4.55936,
        6.2508
      ],
      "rotation": {
        "angle": 22.5,
        "axis": "x",
        "origin": [
          8.5,
          5.81499,
          8
        ]
      },
      "faces": {
        "north": {
          "uv": [
            5.25,
            3.75,
            4.875,
            3.95
          ],
          "rotation": 270,
          "texture": "#0"
        },
        "east": {
          "uv": [
            5,
            4.25,
            4.625,
            4
          ],
          "rotation": 270,
          "texture": "#0"
        },
        "south": {
          "uv": [
            5.25,
            3.75,
            4.875,
            3.95
          ],
          "rotation": 270,
          "texture": "#0"
        },
        "west": {
          "uv": [
            5,
            4,
            4.625,
            4.25
          ],
          "rotation": 270,
          "texture": "#0"
        },
        "up": {
          "uv": [
            5.2,
            4,
            5,
            4.25
          ],
          "texture": "#0"
        },
        "down": {
          "uv": [
            5.2,
            4,
            5,
            4.25
          ],
          "rotation": 180,
          "texture": "#0"
        }
      }
    },
    {
      "from": [
        8.2,
        -2.01355,
        -1.94006
      ],
      "to": [
        8.8,
        -1.01355,
        -1.44006
      ],
      "rotation": {
        "angle": -22.5,
        "axis": "x",
        "origin": [
          8.5,
          5.81499,
          8
        ]
      },
      "faces": {
        "north": {
          "uv": [
            5.25,
            3.9,
            5.5,
            3.75
          ],
          "rotation": 90,
          "texture": "#0"
        },
        "east": {
          "uv": [
            5.5,
            4.125,
            5.25,
            4
          ],
          "rotation": 270,
          "texture": "#0"
        },
        "south": {
          "uv": [
            5.25,
            3.9,
            5.5,
            3.75
          ],
          "rotation": 90,
          "texture": "#0"
        },
        "west": {
          "uv": [
            5.25,
            4.125,
            5.5,
            4
          ],
          "rotation": 90,
          "texture": "#0"
        },
        "up": {
          "uv": [
            5.25,
            4.25,
            5.4,
            4.125
          ],
          "rotation": 180,
          "texture": "#0"
        },
        "down": {
          "uv": [
            5.25,
            4.25,
            5.4,
            4.125
          ],
          "texture": "#0"
        }
      }
    },
    {
      "from": [
        7.8,
        6.18399,
        4.99302
      ],
      "to": [
        9.2,
        8.68399,
        6.49302
      ],
      "rotation": {
        "angle": -22.5,
        "axis": "x",
        "origin": [
          8.5,
          5.81499,
          8
        ]
      },
      "faces": {
        "north": {
          "uv": [
            5.25,
            2.3875,
            5.875,
            2.7375
          ],
          "rotation": 270,
          "texture": "#0"
        },
        "east": {
          "uv": [
            4.625,
            2.5,
            5.25,
            2.875
          ],
          "rotation": 270,
          "texture": "#0"
        },
        "south": {
          "uv": [
            5.25,
            2.375,
            5.875,
            2.725
          ],
          "rotation": 270,
          "texture": "#0"
        },
        "west": {
          "uv": [
            4.625,
            2.5,
            5.25,
            2.875
          ],
          "rotation": 270,
          "texture": "#0"
        },
        "up": {
          "uv": [
            5.25,
            2.75,
            5.6,
            3.125
          ],
          "texture": "#0"
        },
        "down": {
          "uv": [
            5.25,
            2.75,
            5.6,
            3.125
          ],
          "rotation": 180,
          "texture": "#0"
        }
      }
    },
    {
      "from": [
        7.8,
        11.04911,
        6.6133
      ],
      "to": [
        9.2,
        13.54911,
        8.1133
      ],
      "rotation": {
        "angle": -45,
        "axis": "x",
        "origin": [
          8.5,
          5.81499,
          8
        ]
      },
      "faces": {
        "north": {
          "uv": [
            5.25,
            2.3875,
            5.875,
            2.7375
          ],
          "rotation": 270,
          "texture": "#0"
        },
        "east": {
          "uv": [
            4.625,
            2.5,
            5.25,
            2.875
          ],
          "rotation": 270,
          "texture": "#0"
        },
        "south": {
          "uv": [
            5.25,
            2.375,
            5.875,
            2.725
          ],
          "rotation": 270,
          "texture": "#0"
        },
        "west": {
          "uv": [
            4.625,
            2.5,
            5.25,
            2.875
          ],
          "rotation": 270,
          "texture": "#0"
        },
        "up": {
          "uv": [
            5.25,
            2.75,
            5.6,
            3.125
          ],
          "texture": "#0"
        },
        "down": {
          "uv": [
            5.25,
            2.75,
            5.6,
            3.125
          ],
          "rotation": 180,
          "texture": "#0"
        }
      }
    },
    {
      "from": [
        8.2,
        -13.2652,
        10.06467
      ],
      "to": [
        8.8,
        -12.2652,
        10.56467
      ],
      "rotation": {
        "angle": 0,
        "axis": "y",
        "origin": [
          8.5,
          5.81499,
          8
        ]
      },
      "faces": {
        "north": {
          "uv": [
            5.25,
            3.75,
            5.5,
            3.9
          ],
          "rotation": 90,
          "texture": "#0"
        },
        "east": {
          "uv": [
            5.5,
            4,
            5.25,
            4.125
          ],
          "rotation": 270,
          "texture": "#0"
        },
        "south": {
          "uv": [
            5.25,
            3.75,
            5.5,
            3.9
          ],
          "rotation": 90,
          "texture": "#0"
        },
        "west": {
          "uv": [
            5.25,
            4,
            5.5,
            4.125
          ],
          "rotation": 90,
          "texture": "#0"
        },
        "up": {
          "uv": [
            5.25,
            4.125,
            5.4,
            4.25
          ],
          "rotation": 180,
          "texture": "#0"
        },
        "down": {
          "uv": [
            5.25,
            4.125,
            5.4,
            4.25
          ],
          "texture": "#0"
        }
      }
    },
    {
      "from": [
        8.1,
        -5.6071,
        21.11528
      ],
      "to": [
        8.9,
        -4.6071,
        22.61528
      ],
      "rotation": {
        "angle": 45,
        "axis": "x",
        "origin": [
          8.5,
          5.81499,
          8
        ]
      },
      "faces": {
        "north": {
          "uv": [
            5,
            4,
            5.2,
            4.25
          ],
          "texture": "#0"
        },
        "east": {
          "uv": [
            4.625,
            4.25,
            5,
            4
          ],
          "rotation": 180,
          "texture": "#0"
        },
        "south": {
          "uv": [
            5,
            4,
            5.2,
            4.25
          ],
          "texture": "#0"
        },
        "west": {
          "uv": [
            4.625,
            4,
            5,
            4.25
          ],
          "texture": "#0"
        },
        "up": {
          "uv": [
            4.875,
            3.75,
            5.25,
            3.95
          ],
          "rotation": 90,
          "texture": "#0"
        },
        "down": {
          "uv": [
            4.875,
            3.75,
            5.25,
            3.95
          ],
          "rotation": 270,
          "texture": "#0"
        }
      }
    },
    {
      "from": [
        8,
        -11.9652,
        7.96467
      ],
      "to": [
        9,
        -10.4652,
        9.96467
      ],
      "rotation": {
        "angle": 0,
        "axis": "y",
        "origin": [
          8.5,
          5.81499,
          8
        ]
      },
      "faces": {
        "north": {
          "uv": [
            4.625,
            3.625,
            4.875,
            4
          ],
          "texture": "#0"
        },
        "east": {
          "uv": [
            4.125,
            4,
            4.625,
            3.625
          ],
          "rotation": 180,
          "texture": "#0"
        },
        "south": {
          "uv": [
            4.625,
            3.625,
            4.875,
            4
          ],
          "texture": "#0"
        },
        "west": {
          "uv": [
            4.125,
            3.625,
            4.625,
            4
          ],
          "texture": "#0"
        },
        "up": {
          "uv": [
            4.125,
            4,
            4.625,
            4.25
          ],
          "rotation": 90,
          "texture": "#0"
        },
        "down": {
          "uv": [
            4.125,
            4,
            4.625,
            4.25
          ],
          "rotation": 270,
          "texture": "#0"
        }
      }
    },
    {
      "from": [
        8.2,
        -13.2652,
        5.43533
      ],
      "to": [
        8.8,
        -12.2652,
        5.93533
      ],
      "rotation": {
        "angle": 0,
        "axis": "y",
        "origin": [
          8.5,
          5.81499,
          8
        ]
      },
      "faces": {
        "north": {
          "uv": [
            5.25,
            3.9,
            5.5,
            3.75
          ],
          "rotation": 90,
          "texture": "#0"
        },
        "east": {
          "uv": [
            5.5,
            4.125,
            5.25,
            4
          ],
          "rotation": 270,
          "texture": "#0"
        },
        "south": {
          "uv": [
            5.25,
            3.9,
            5.5,
            3.75
          ],
          "rotation": 90,
          "texture": "#0"
        },
        "west": {
          "uv": [
            5.25,
            4.125,
            5.5,
            4
          ],
          "rotation": 90,
          "texture": "#0"
        },
        "up": {
          "uv": [
            5.25,
            4.25,
            5.4,
            4.125
          ],
          "rotation": 180,
          "texture": "#0"
        },
        "down": {
          "uv": [
            5.25,
            4.25,
            5.4,
            4.125
          ],
          "texture": "#0"
        }
      }
    },
    {
      "from": [
        8.1,
        -5.6071,
        -6.61528
      ],
      "to": [
        8.9,
        -4.6071,
        -5.11528
      ],
      "rotation": {
        "angle": -45,
        "axis": "x",
        "origin": [
          8.5,
          5.81499,
          8
        ]
      },
      "faces": {
        "north": {
          "uv": [
            5.2,
            4,
            5,
            4.25
          ],
          "texture": "#0"
        },
        "east": {
          "uv": [
            5,
            4.25,
            4.625,
            4
          ],
          "rotation": 180,
          "texture": "#0"
        },
        "south": {
          "uv": [
            5.2,
            4,
            5,
            4.25
          ],
          "texture": "#0"
        },
        "west": {
          "uv": [
            5,
            4,
            4.625,
            4.25
          ],
          "texture": "#0"
        },
        "up": {
          "uv": [
            5.25,
            3.75,
            4.875,
            3.95
          ],
          "rotation": 90,
          "texture": "#0"
        },
        "down": {
          "uv": [
            5.25,
            3.75,
            4.875,
            3.95
          ],
          "rotation": 270,
          "texture": "#0"
        }
      }
    },
    {
      "from": [
        8,
        -11.9652,
        6.03533
      ],
      "to": [
        9,
        -10.4652,
        8.03533
      ],
      "rotation": {
        "angle": 0,
        "axis": "y",
        "origin": [
          8.5,
          5.81499,
          8
        ]
      },
      "faces": {
        "north": {
          "uv": [
            4.875,
            3.625,
            4.625,
            4
          ],
          "texture": "#0"
        },
        "east": {
          "uv": [
            4.625,
            4,
            4.125,
            3.625
          ],
          "rotation": 180,
          "texture": "#0"
        },
        "south": {
          "uv": [
            4.875,
            3.625,
            4.625,
            4
          ],
          "texture": "#0"
        },
        "west": {
          "uv": [
            4.625,
            3.625,
            4.125,
            4
          ],
          "texture": "#0"
        },
        "up": {
          "uv": [
            4.625,
            4,
            4.125,
            4.25
          ],
          "rotation": 90,
          "texture": "#0"
        },
        "down": {
          "uv": [
            4.625,
            4,
            4.125,
            4.25
          ],
          "rotation": 270,
          "texture": "#0"
        }
      }
    },
    {
      "from": [
        7.5,
        12.24911,
        6.4133
      ],
      "to": [
        9.5,
        14.24911,
        9.9133
      ],
      "rotation": {
        "angle": -45,
        "axis": "x",
        "origin": [
          8.5,
          5.81499,
          8
        ]
      },
      "faces": {
        "north": {
          "uv": [
            3.0625,
            3.625,
            3.5625,
            4.125
          ],
          "texture": "#0"
        },
        "east": {
          "uv": [
            4.125,
            3.125,
            3.25,
            3.625
          ],
          "texture": "#0"
        },
        "south": {
          "uv": [
            3.625,
            3.625,
            4.125,
            4.125
          ],
          "texture": "#0"
        },
        "west": {
          "uv": [
            3.25,
            3.125,
            4.125,
            3.625
          ],
          "texture": "#0"
        },
        "up": {
          "uv": [
            4.125,
            3.125,
            5,
            3.625
          ],
          "rotation": 90,
          "texture": "#0"
        },
        "down": {
          "uv": [
            4.125,
            3.125,
            5,
            3.625
          ],
          "rotation": 270,
          "texture": "#0"
        }
      }
    },
    {
      "from": [
        8,
        11.5,
        3.5
      ],
      "to": [
        9,
        13,
        5.5
      ],
      "rotation": {
        "angle": 0,
        "axis": "y",
        "origin": [
          8.5,
          5.81499,
          8
        ]
      },
      "faces": {
        "north": {
          "uv": [
            5.5,
            3.125,
            5.75,
            3.5
          ],
          "texture": "#0"
        },
        "east": {
          "uv": [
            5.5,
            3.125,
            5,
            3.5
          ],
          "texture": "#0"
        },
        "south": {
          "uv": [
            5.5,
            3.125,
            5.75,
            3.5
          ],
          "texture": "#0"
        },
        "west": {
          "uv": [
            5,
            3.125,
            5.5,
            3.5
          ],
          "texture": "#0"
        },
        "up": {
          "uv": [
            5,
            3.5,
            5.5,
            3.75
          ],
          "rotation": 90,
          "texture": "#0"
        },
        "down": {
          "uv": [
            5,
            3.5,
            5.5,
            3.75
          ],
          "rotation": 270,
          "texture": "#0"
        }
      }
    },
    {
      "from": [
        8.2,
        10.2,
        5.6
      ],
      "to": [
        8.8,
        11.2,
        6.1
      ],
      "rotation": {
        "angle": 0,
        "axis": "y",
        "origin": [
          8.5,
          5.81499,
          8
        ]
      },
      "faces": {
        "north": {
          "uv": [
            5.875,
            1.5,
            6.125,
            1.65
          ],
          "rotation": 90,
          "texture": "#0"
        },
        "east": {
          "uv": [
            5.875,
            1.375,
            6.125,
            1.5
          ],
          "rotation": 90,
          "texture": "#0"
        },
        "south": {
          "uv": [
            5.875,
            1.5,
            6.125,
            1.65
          ],
          "rotation": 90,
          "texture": "#0"
        },
        "west": {
          "uv": [
            5.875,
            1.375,
            6.125,
            1.5
          ],
          "rotation": 90,
          "texture": "#0"
        },
        "up": {
          "uv": [
            5.875,
            1.75,
            6.025,
            1.875
          ],
          "rotation": 180,
          "texture": "#0"
        },
        "down": {
          "uv": [
            5.875,
            1.75,
            6.025,
            1.875
          ],
          "texture": "#0"
        }
      }
    },
    {
      "from": [
        8.1,
        10.94911,
        10.0133
      ],
      "to": [
        8.9,
        12.44911,
        11.0133
      ],
      "rotation": {
        "angle": -45,
        "axis": "x",
        "origin": [
          8.5,
          5.81499,
          8
        ]
      },
      "faces": {
        "north": {
          "uv": [
            5.875,
            0.875,
            6.25,
            1.075
          ],
          "rotation": 90,
          "texture": "#0"
        },
        "east": {
          "uv": [
            5.875,
            0.875,
            6.25,
            0.625
          ],
          "rotation": 90,
          "texture": "#0"
        },
        "south": {
          "uv": [
            5.875,
            0.875,
            6.25,
            1.075
          ],
          "rotation": 90,
          "texture": "#0"
        },
        "west": {
          "uv": [
            5.875,
            0.625,
            6.25,
            0.875
          ],
          "rotation": 90,
          "texture": "#0"
        },
        "up": {
          "uv": [
            5.75,
            1.125,
            5.95,
            1.375
          ],
          "rotation": 180,
          "texture": "#0"
        },
        "down": {
          "uv": [
            5.75,
            1.125,
            5.95,
            1.375
          ],
          "texture": "#0"
        }
      }
    },
    {
      "from": [
        7.5,
        3.50369,
        3.18575
      ],
      "to": [
        9.5,
        5.50369,
        6.68575
      ],
      "rotation": {
        "angle": -22.5,
        "axis": "x",
        "origin": [
          8.5,
          5.81499,
          8
        ]
      },
      "faces": {
        "north": {
          "uv": [
            3.0625,
            3.625,
            3.5625,
            4.125
          ],
          "texture": "#0"
        },
        "east": {
          "uv": [
            4.125,
            3.125,
            3.25,
            3.625
          ],
          "texture": "#0"
        },
        "south": {
          "uv": [
            3.625,
            3.625,
            4.125,
            4.125
          ],
          "texture": "#0"
        },
        "west": {
          "uv": [
            3.25,
            3.125,
            4.125,
            3.625
          ],
          "texture": "#0"
        },
        "up": {
          "uv": [
            4.125,
            3.125,
            5,
            3.625
          ],
          "rotation": 90,
          "texture": "#0"
        },
        "down": {
          "uv": [
            4.125,
            3.125,
            5,
            3.625
          ],
          "rotation": 270,
          "texture": "#0"
        }
      }
    },
    {
      "from": [
        7.8,
        2.30369,
        3.38575
      ],
      "to": [
        9.2,
        4.80369,
        4.88575
      ],
      "rotation": {
        "angle": -22.5,
        "axis": "x",
        "origin": [
          8.5,
          5.81499,
          8
        ]
      },
      "faces": {
        "north": {
          "uv": [
            5.25,
            2.3875,
            5.875,
            2.7375
          ],
          "rotation": 270,
          "texture": "#0"
        },
        "east": {
          "uv": [
            4.625,
            2.5,
            5.25,
            2.875
          ],
          "rotation": 270,
          "texture": "#0"
        },
        "south": {
          "uv": [
            5.25,
            2.375,
            5.875,
            2.725
          ],
          "rotation": 270,
          "texture": "#0"
        },
        "west": {
          "uv": [
            4.625,
            2.5,
            5.25,
            2.875
          ],
          "rotation": 270,
          "texture": "#0"
        },
        "up": {
          "uv": [
            5.25,
            2.75,
            5.6,
            3.125
          ],
          "texture": "#0"
        },
        "down": {
          "uv": [
            5.25,
            2.75,
            5.6,
            3.125
          ],
          "rotation": 180,
          "texture": "#0"
        }
      }
    },
    {
      "from": [
        8,
        3.03383,
        7.40172
      ],
      "to": [
        9,
        4.53383,
        9.40172
      ],
      "rotation": {
        "angle": 22.5,
        "axis": "x",
        "origin": [
          8.5,
          5.81499,
          8
        ]
      },
      "faces": {
        "north": {
          "uv": [
            5.5,
            3.125,
            5.75,
            3.5
          ],
          "texture": "#0"
        },
        "east": {
          "uv": [
            5.5,
            3.125,
            5,
            3.5
          ],
          "texture": "#0"
        },
        "south": {
          "uv": [
            5.5,
            3.125,
            5.75,
            3.5
          ],
          "texture": "#0"
        },
        "west": {
          "uv": [
            5,
            3.125,
            5.5,
            3.5
          ],
          "texture": "#0"
        },
        "up": {
          "uv": [
            5,
            3.5,
            5.5,
            3.75
          ],
          "rotation": 90,
          "texture": "#0"
        },
        "down": {
          "uv": [
            5,
            3.5,
            5.5,
            3.75
          ],
          "rotation": 270,
          "texture": "#0"
        }
      }
    },
    {
      "from": [
        8.2,
        1.73383,
        9.50172
      ],
      "to": [
        8.8,
        2.73383,
        10.00172
      ],
      "rotation": {
        "angle": 22.5,
        "axis": "x",
        "origin": [
          8.5,
          5.81499,
          8
        ]
      },
      "faces": {
        "north": {
          "uv": [
            5.875,
            1.5,
            6.125,
            1.65
          ],
          "rotation": 90,
          "texture": "#0"
        },
        "east": {
          "uv": [
            5.875,
            1.375,
            6.125,
            1.5
          ],
          "rotation": 90,
          "texture": "#0"
        },
        "south": {
          "uv": [
            5.875,
            1.5,
            6.125,
            1.65
          ],
          "rotation": 90,
          "texture": "#0"
        },
        "west": {
          "uv": [
            5.875,
            1.375,
            6.125,
            1.5
          ],
          "rotation": 90,
          "texture": "#0"
        },
        "up": {
          "uv": [
            5.875,
            1.75,
            6.025,
            1.875
          ],
          "rotation": 180,
          "texture": "#0"
        },
        "down": {
          "uv": [
            5.875,
            1.75,
            6.025,
            1.875
          ],
          "texture": "#0"
        }
      }
    },
    {
      "from": [
        8.1,
        2.20369,
        6.78575
      ],
      "to": [
        8.9,
        3.70369,
        7.78575
      ],
      "rotation": {
        "angle": -22.5,
        "axis": "x",
        "origin": [
          8.5,
          5.81499,
          8
        ]
      },
      "faces": {
        "north": {
          "uv": [
            5.875,
            0.875,
            6.25,
            1.075
          ],
          "rotation": 90,
          "texture": "#0"
        },
        "east": {
          "uv": [
            5.875,
            0.875,
            6.25,
            0.625
          ],
          "rotation": 90,
          "texture": "#0"
        },
        "south": {
          "uv": [
            5.875,
            0.875,
            6.25,
            1.075
          ],
          "rotation": 90,
          "texture": "#0"
        },
        "west": {
          "uv": [
            5.875,
            0.625,
            6.25,
            0.875
          ],
          "rotation": 90,
          "texture": "#0"
        },
        "up": {
          "uv": [
            5.75,
            1.125,
            5.95,
            1.375
          ],
          "rotation": 180,
          "texture": "#0"
        },
        "down": {
          "uv": [
            5.75,
            1.125,
            5.95,
            1.375
          ],
          "texture": "#0"
        }
      }
    },
    {
      "from": [
        8.3,
        14.89987,
        -8.19148
      ],
      "to": [
        8.3,
        24.89987,
        -0.19148
      ],
      "rotation": {
        "angle": 45,
        "axis": "x",
        "origin": [
          8.5,
          5.81499,
          8
        ]
      },
      "faces": {
        "east": {
          "uv": [
            8,
            0,
            0,
            10
          ],
          "texture": "#2"
        },
        "west": {
          "uv": [
            0,
            0,
            8,
            10
          ],
          "texture": "#2"
        }
      }
    },
    {
      "from": [
        8.5,
        3.07251,
        11.79621
      ],
      "to": [
        8.5,
        11.07251,
        21.79621
      ],
      "rotation": {
        "angle": 22.5,
        "axis": "x",
        "origin": [
          8.5,
          5.81499,
          8
        ]
      },
      "faces": {
        "east": {
          "uv": [
            8,
            0,
            0,
            10
          ],
          "rotation": 90,
          "texture": "#2"
        },
        "west": {
          "uv": [
            0,
            0,
            8,
            10
          ],
          "rotation": 270,
          "texture": "#2"
        }
      }
    },
    {
      "from": [
        8.5,
        3.07251,
        -5.79621
      ],
      "to": [
        8.5,
        11.07251,
        4.20379
      ],
      "rotation": {
        "angle": -22.5,
        "axis": "x",
        "origin": [
          8.5,
          5.81499,
          8
        ]
      },
      "faces": {
        "east": {
          "uv": [
            8,
            10,
            0,
            0
          ],
          "rotation": 90,
          "texture": "#2"
        },
        "west": {
          "uv": [
            0,
            10,
            8,
            0
          ],
          "rotation": 270,
          "texture": "#2"
        }
      }
    },
    {
      "from": [
        8.3,
        10,
        2
      ],
      "to": [
        8.3,
        20,
        10
      ],
      "rotation": {
        "angle": 0,
        "axis": "y",
        "origin": [
          8.5,
          5.81499,
          8
        ]
      },
      "faces": {
        "east": {
          "uv": [
            8,
            0,
            0,
            10
          ],
          "texture": "#2"
        },
        "west": {
          "uv": [
            0,
            0,
            8,
            10
          ],
          "texture": "#2"
        }
      }
    },
    {
      "from": [
        8.7,
        14.89987,
        -8.19148
      ],
      "to": [
        8.7,
        24.89987,
        -0.19148
      ],
      "rotation": {
        "angle": 45,
        "axis": "x",
        "origin": [
          8.5,
          5.81499,
          8
        ]
      },
      "faces": {
        "east": {
          "uv": [
            8,
            0,
            0,
            10
          ],
          "texture": "#2"
        },
        "west": {
          "uv": [
            0,
            0,
            8,
            10
          ],
          "texture": "#2"
        }
      }
    },
    {
      "from": [
        8.7,
        10,
        2
      ],
      "to": [
        8.7,
        20,
        10
      ],
      "rotation": {
        "angle": 0,
        "axis": "y",
        "origin": [
          8.5,
          5.81499,
          8
        ]
      },
      "faces": {
        "east": {
          "uv": [
            8,
            0,
            0,
            10
          ],
          "texture": "#2"
        },
        "west": {
          "uv": [
            0,
            0,
            8,
            10
          ],
          "texture": "#2"
        }
      }
    }
  ],
  "gui_light": "front",
  "display": {
    "thirdperson_righthand": {
      "translation": [
        -0.4,
        9.5,
        1.5
      ],
      "scale": [
        0.8,
        0.8,
        0.8
      ]
    },
    "thirdperson_lefthand": {
      "translation": [
        0.4,
        9.5,
        1.5
      ],
      "scale": [
        0.8,
        0.8,
        0.8
      ]
    },
    "firstperson_righthand": {
      "translation": [
        3,
        6.75,
        0
      ],
      "scale": [
        0.40664,
        0.40664,
        0.40664
      ]
    },
    "firstperson_lefthand": {
      "translation": [
        3,
        6.75,
        0
      ],
      "scale": [
        0.40664,
        0.40664,
        0.40664
      ]
    },
    "ground": {
      "rotation": [
        -45,
        0,
        0
      ],
      "translation": [
        0,
        11,
        0
      ],
      "scale": [
        0.6,
        0.6,
        0.6
      ]
    },
    "gui": {
      "rotation": [
        -90,
        -45,
        -90
      ],
      "translation": [
        0.25,
        0.25,
        -1.5
      ],
      "scale": [
        0.47656,
        0.47656,
        0.47656
      ]
    },
    "head": {
      "rotation": [
        -180,
        0,
        0
      ],
      "translation": [
        0,
        11,
        1.75
      ],
      "scale": [
        0,
        0,
        0
      ]
    },
    "fixed": {
      "rotation": [
        0,
        -90,
        0
      ],
      "translation": [
        0,
        10,
        -1.25
      ],
      "scale": [
        1.6,
        1.6,
        1.6
      ]
    }
  }
}