{"credit":"Made by Wulfy","texture_size":[32,32],"textures":{"0":"corn_items:corn_bow","particle":"corn_items:corn_bow"},"elements":[{"from":[-0.49314,9.10376,7],"to":[7.50686,11.10376,9],"rotation":{"angle":-45,"axis":"z","origin":[5.56752,10.10305,8]},"faces":{"north":{"uv":[3.5,2,7.5,3],"texture":"#0"},"east":{"uv":[3,6,4,7],"texture":"#0"},"south":{"uv":[3.5,3,7.5,4],"texture":"#0"},"west":{"uv":[3,7,4,8],"texture":"#0"},"up":{"uv":[7.5,5,3.5,4],"texture":"#0"},"down":{"uv":[4,5,0,6],"texture":"#0"}}},{"from":[6.35355,5.81802,6.5],"to":[10.35355,8.81802,9.5],"rotation":{"angle":-45,"axis":"z","origin":[8.35355,7.31802,8]},"faces":{"north":{"uv":[6,5,8,6.5],"texture":"#0"},"east":{"uv":[3,8.5,4.5,10],"texture":"#0"},"south":{"uv":[6,6.5,8,8],"texture":"#0"},"west":{"uv":[4.5,8.5,6,10],"texture":"#0"},"up":{"uv":[9.5,3.5,7.5,2],"texture":"#0"},"down":{"uv":[9.5,3.5,7.5,5],"texture":"#0"}}},{"from":[4.50686,8.60376,6.5],"to":[7.50686,11.60376,9.5],"rotation":{"angle":-45,"axis":"z","origin":[5.56752,10.10305,8]},"faces":{"north":{"uv":[6,9,7.5,10.5],"texture":"#0"},"south":{"uv":[9,8,10.5,9.5],"texture":"#0"},"west":{"uv":[0,9.5,1.5,11],"texture":"#0"},"up":{"uv":[11,3.5,9.5,2],"texture":"#0"},"down":{"uv":[11,3.5,9.5,5],"texture":"#0"}}},{"from":[4.50686,8.60376,9.5],"to":[7.50686,11.60376,6.5],"rotation":{"angle":-45,"axis":"z","origin":[5.56752,10.10305,8]},"faces":{"north":{"uv":[10.5,8,9,9.5],"texture":"#0"},"south":{"uv":[7.5,9,6,10.5],"texture":"#0"},"west":{"uv":[1.5,9.5,0,11],"texture":"#0"},"up":{"uv":[11,2,9.5,3.5],"texture":"#0"},"down":{"uv":[11,5,9.5,3.5],"texture":"#0"}}},{"from":[5.87868,11.91321,6.5],"to":[8.87868,11.91321,9.5],"rotation":{"angle":0,"axis":"y","origin":[5.56752,10.10305,8]},"faces":{"north":{"uv":[0,0,1.5,0],"texture":"#0"},"east":{"uv":[0,0,1.5,0],"texture":"#0"},"south":{"uv":[0,0,1.5,0],"texture":"#0"},"west":{"uv":[0,0,1.5,0],"texture":"#0"},"up":{"uv":[10.5,11,9,9.5],"texture":"#0"},"down":{"uv":[4.5,10,3,11.5],"texture":"#0"}}},{"from":[3.75636,6.79289,6.5],"to":[3.75636,9.79289,9.5],"rotation":{"angle":0,"axis":"y","origin":[5.56752,10.10305,8]},"faces":{"north":{"uv":[0,0,0,1.5],"texture":"#0"},"east":{"uv":[4.5,10,6,11.5],"texture":"#0"},"south":{"uv":[0,0,0,1.5],"texture":"#0"},"west":{"uv":[6,10.5,7.5,12],"texture":"#0"},"up":{"uv":[0,1.5,0,0],"texture":"#0"},"down":{"uv":[0,0,0,1.5],"texture":"#0"}}},{"from":[1.75636,0.79289,8],"to":[2.75636,13.79289,8],"rotation":{"angle":0,"axis":"y","origin":[2.25636,13,8]},"faces":{"north":{"uv":[2,6,2.5,12.5],"texture":"#0"},"east":{"uv":[0,0,0,6.5],"texture":"#0"},"south":{"uv":[2.5,6,3,12.5],"texture":"#0"},"west":{"uv":[0,0,0,6.5],"texture":"#0"},"up":{"uv":[0.5,0,0,0],"texture":"#0"},"down":{"uv":[0.5,0,0,0],"texture":"#0"}}},{"from":[-0.49314,-4.10376,7],"to":[7.50686,-2.10376,9],"rotation":{"angle":45,"axis":"z","origin":[5.56752,-3.10305,8]},"faces":{"north":{"uv":[3.5,3,7.5,2],"texture":"#0"},"east":{"uv":[3,7,4,6],"texture":"#0"},"south":{"uv":[3.5,4,7.5,3],"texture":"#0"},"west":{"uv":[3,8,4,7],"texture":"#0"},"up":{"uv":[4,6,0,5],"texture":"#0"},"down":{"uv":[7.5,4,3.5,5],"texture":"#0"}}},{"from":[1.75636,-6.79289,7.975],"to":[2.75636,6.20711,7.975],"rotation":{"angle":0,"axis":"y","origin":[2.25636,-6,8]},"faces":{"north":{"uv":[2,12.5,2.5,6],"texture":"#0"},"east":{"uv":[0,6.5,0,0],"texture":"#0"},"south":{"uv":[2.5,12.5,3,6],"texture":"#0"},"west":{"uv":[0,6.5,0,0],"texture":"#0"},"up":{"uv":[0.5,0,0,0],"texture":"#0"},"down":{"uv":[0.5,0,0,0],"texture":"#0"}}},{"from":[5.87868,-4.91321,6.5],"to":[8.87868,-4.91321,9.5],"rotation":{"angle":0,"axis":"y","origin":[5.56752,-3.10305,8]},"faces":{"north":{"uv":[0,0,1.5,0],"texture":"#0"},"east":{"uv":[0,0,1.5,0],"texture":"#0"},"south":{"uv":[0,0,1.5,0],"texture":"#0"},"west":{"uv":[0,0,1.5,0],"texture":"#0"},"up":{"uv":[4.5,11.5,3,10],"texture":"#0"},"down":{"uv":[10.5,9.5,9,11],"texture":"#0"}}},{"from":[4.50686,-4.60376,6.5],"to":[7.50686,-1.60376,9.5],"rotation":{"angle":45,"axis":"z","origin":[5.56752,-3.10305,8]},"faces":{"north":{"uv":[6,10.5,7.5,9],"texture":"#0"},"south":{"uv":[9,9.5,10.5,8],"texture":"#0"},"west":{"uv":[0,11,1.5,9.5],"texture":"#0"},"up":{"uv":[11,5,9.5,3.5],"texture":"#0"},"down":{"uv":[11,2,9.5,3.5],"texture":"#0"}}},{"from":[4.50686,-4.60376,9.5],"to":[7.50686,-1.60376,6.5],"rotation":{"angle":45,"axis":"z","origin":[5.56752,-3.10305,8]},"faces":{"north":{"uv":[10.5,9.5,9,8],"texture":"#0"},"south":{"uv":[7.5,10.5,6,9],"texture":"#0"},"west":{"uv":[1.5,11,0,9.5],"texture":"#0"},"up":{"uv":[11,3.5,9.5,5],"texture":"#0"},"down":{"uv":[11,3.5,9.5,2],"texture":"#0"}}},{"from":[3.75636,-2.79289,6.5],"to":[3.75636,0.20711,9.5],"rotation":{"angle":0,"axis":"y","origin":[5.56752,-3.10305,8]},"faces":{"north":{"uv":[0,1.5,0,0],"texture":"#0"},"east":{"uv":[4.5,11.5,6,10],"texture":"#0"},"south":{"uv":[0,1.5,0,0],"texture":"#0"},"west":{"uv":[6,12,7.5,10.5],"texture":"#0"},"up":{"uv":[0,1.5,0,0],"texture":"#0"},"down":{"uv":[0,0,0,1.5],"texture":"#0"}}},{"from":[6.35355,-1.81802,6.5],"to":[10.35355,1.18198,9.5],"rotation":{"angle":45,"axis":"z","origin":[8.35355,-0.31802,8]},"faces":{"north":{"uv":[6,6.5,8,5],"texture":"#0"},"east":{"uv":[3,10,4.5,8.5],"texture":"#0"},"south":{"uv":[6,8,8,6.5],"texture":"#0"},"west":{"uv":[4.5,10,6,8.5],"texture":"#0"},"up":{"uv":[9.5,5,7.5,3.5],"texture":"#0"},"down":{"uv":[9.5,2,7.5,3.5],"texture":"#0"}}},{"from":[7,0,7],"to":[9,7,9],"rotation":{"angle":0,"axis":"y","origin":[8,5,8]},"faces":{"north":{"uv":[4,5,5,8.5],"texture":"#0"},"east":{"uv":[5,5,6,8.5],"texture":"#0"},"south":{"uv":[0,6,1,9.5],"texture":"#0"},"west":{"uv":[1,6,2,9.5],"texture":"#0"},"up":{"uv":[8.5,11.5,7.5,10.5],"texture":"#0"},"down":{"uv":[11.5,8,10.5,9],"texture":"#0"}}}],"gui_light":"front","display":{"thirdperson_righthand":{"rotation":[0,90,0],"translation":[-1.75,2.5,1.5]},"thirdperson_lefthand":{"rotation":[0,-90,0],"translation":[-1.75,2.5,1.5]},"firstperson_righthand":{"rotation":[20,115,0],"translation":[1,3,0],"scale":[0.55,0.55,0.55]},"firstperson_lefthand":{"rotation":[20,-65,0],"translation":[1,3,0],"scale":[0.55,0.55,0.55]},"ground":{"rotation":[45,45,0],"translation":[0,2,0],"scale":[0.35,0.35,0.35]},"gui":{"rotation":[15,-30,45],"translation":[0.5,4.5,0],"scale":[0.7,0.7,0.7]},"head":{"rotation":[0,0,90],"translation":[-4.5,9,0]},"fixed":{"rotation":[0,0,135],"translation":[-6,0,0],"scale":[0.9,0.9,0.9]}}}