{
  "credit": "Made by PolygonMC",
  "texture_size": [
    24,
    24
  ],
  "textures": {
    "2": "winterset:fishing_rod",
    "3": "winterset:animations/animations_1",
    "particle": "winterset:fishing_rod"
  },
  "elements": [
    {
      "from": [
        7.5,
        1.2,
        7.5
      ],
      "to": [
        8.5,
        1.7,
        8.5
      ],
      "rotation": {
        "angle": 0,
        "axis": "y",
        "origin": [
          7.5,
          -0.3,
          7.5
        ]
      },
      "faces": {
        "north": {
          "uv": [
            0.66667,
            12.66667,
            1.33333,
            13
          ],
          "texture": "#2"
        },
        "east": {
          "uv": [
            1.33333,
            12.66667,
            2,
            13
          ],
          "texture": "#2"
        },
        "south": {
          "uv": [
            2,
            12.66667,
            2.66667,
            13
          ],
          "texture": "#2"
        },
        "west": {
          "uv": [
            2.66667,
            12.66667,
            3.33333,
            13
          ],
          "texture": "#2"
        }
      }
    },
    {
      "from": [
        7.5,
        6.7,
        7.5
      ],
      "to": [
        8.5,
        7.2,
        8.5
      ],
      "rotation": {
        "angle": 0,
        "axis": "y",
        "origin": [
          7.5,
          5.7,
          7.5
        ]
      },
      "faces": {
        "north": {
          "uv": [
            3.33333,
            12.66667,
            4,
            13
          ],
          "texture": "#2"
        },
        "east": {
          "uv": [
            4,
            12.66667,
            4.66667,
            13
          ],
          "texture": "#2"
        },
        "south": {
          "uv": [
            12.66667,
            4,
            13.33333,
            4.33333
          ],
          "texture": "#2"
        },
        "west": {
          "uv": [
            4.66667,
            12.66667,
            5.33333,
            13
          ],
          "texture": "#2"
        }
      }
    },
    {
      "from": [
        7.5,
        8.8,
        7.5
      ],
      "to": [
        8.5,
        9.3,
        8.5
      ],
      "rotation": {
        "angle": 0,
        "axis": "y",
        "origin": [
          7.5,
          10.3,
          7.5
        ]
      },
      "faces": {
        "north": {
          "uv": [
            9.33333,
            12.66667,
            10,
            13
          ],
          "texture": "#2"
        },
        "east": {
          "uv": [
            12.66667,
            9.33333,
            13.33333,
            9.66667
          ],
          "texture": "#2"
        },
        "south": {
          "uv": [
            10,
            12.66667,
            10.66667,
            13
          ],
          "texture": "#2"
        },
        "west": {
          "uv": [
            12.66667,
            10,
            13.33333,
            10.33333
          ],
          "texture": "#2"
        }
      }
    },
    {
      "from": [
        7.4,
        2.2,
        7.4
      ],
      "to": [
        8.6,
        2.8,
        8.6
      ],
      "rotation": {
        "angle": 0,
        "axis": "y",
        "origin": [
          7.5,
          1.2,
          7.5
        ]
      },
      "faces": {
        "north": {
          "uv": [
            12,
            2.66667,
            12.83333,
            3
          ],
          "texture": "#2"
        },
        "east": {
          "uv": [
            12,
            3.33333,
            12.83333,
            3.66667
          ],
          "texture": "#2"
        },
        "south": {
          "uv": [
            4,
            12,
            4.83333,
            12.33333
          ],
          "texture": "#2"
        },
        "west": {
          "uv": [
            12,
            4.66667,
            12.83333,
            5
          ],
          "texture": "#2"
        },
        "up": {
          "uv": [
            10.83333,
            6.16667,
            10,
            5.33333
          ],
          "texture": "#2"
        }
      }
    },
    {
      "from": [
        7.4,
        5.65,
        7.4
      ],
      "to": [
        8.6,
        6.25,
        8.6
      ],
      "rotation": {
        "angle": 0,
        "axis": "y",
        "origin": [
          7.5,
          4.15,
          7.5
        ]
      },
      "faces": {
        "north": {
          "uv": [
            5.33333,
            12,
            6.16667,
            12.33333
          ],
          "texture": "#2"
        },
        "east": {
          "uv": [
            6.66667,
            12,
            7.5,
            12.33333
          ],
          "texture": "#2"
        },
        "south": {
          "uv": [
            8,
            12,
            8.83333,
            12.33333
          ],
          "texture": "#2"
        },
        "west": {
          "uv": [
            9.33333,
            12,
            10.16667,
            12.33333
          ],
          "texture": "#2"
        },
        "down": {
          "uv": [
            10.83333,
            6.66667,
            10,
            7.5
          ],
          "texture": "#2"
        }
      }
    },
    {
      "from": [
        7.5,
        2.8,
        7.5
      ],
      "to": [
        8.5,
        5.65,
        8.5
      ],
      "rotation": {
        "angle": 0,
        "axis": "y",
        "origin": [
          8,
          4.225,
          8
        ]
      },
      "faces": {
        "north": {
          "uv": [
            7.33333,
            2,
            8,
            3.83333
          ],
          "texture": "#2"
        },
        "east": {
          "uv": [
            3.33333,
            7.33333,
            4,
            9.16667
          ],
          "texture": "#2"
        },
        "south": {
          "uv": [
            4,
            7.33333,
            4.66667,
            9.16667
          ],
          "texture": "#2"
        },
        "west": {
          "uv": [
            7.33333,
            4,
            8,
            5.83333
          ],
          "texture": "#2"
        }
      }
    },
    {
      "from": [
        7.25,
        1.7,
        7.25
      ],
      "to": [
        8.75,
        2.2,
        8.75
      ],
      "rotation": {
        "angle": 0,
        "axis": "y",
        "origin": [
          7.5,
          0.7,
          7.5
        ]
      },
      "faces": {
        "north": {
          "uv": [
            4,
            11.33333,
            5,
            11.66667
          ],
          "texture": "#2"
        },
        "east": {
          "uv": [
            11.33333,
            4,
            12.33333,
            4.33333
          ],
          "texture": "#2"
        },
        "south": {
          "uv": [
            5.33333,
            11.33333,
            6.33333,
            11.66667
          ],
          "texture": "#2"
        },
        "west": {
          "uv": [
            11.33333,
            5.33333,
            12.33333,
            5.66667
          ],
          "texture": "#2"
        },
        "up": {
          "uv": [
            9.66667,
            6.33333,
            8.66667,
            5.33333
          ],
          "texture": "#2"
        },
        "down": {
          "uv": [
            9.66667,
            6.66667,
            8.66667,
            7.66667
          ],
          "texture": "#2"
        }
      }
    },
    {
      "from": [
        7.25,
        6.2,
        7.25
      ],
      "to": [
        8.75,
        6.7,
        8.75
      ],
      "rotation": {
        "angle": 0,
        "axis": "y",
        "origin": [
          7.5,
          0.7,
          7.5
        ]
      },
      "faces": {
        "north": {
          "uv": [
            11.33333,
            10,
            12.33333,
            10.33333
          ],
          "texture": "#2"
        },
        "east": {
          "uv": [
            10.66667,
            11.33333,
            11.66667,
            11.66667
          ],
          "texture": "#2"
        },
        "south": {
          "uv": [
            0,
            12,
            1,
            12.33333
          ],
          "texture": "#2"
        },
        "west": {
          "uv": [
            12,
            0,
            13,
            0.33333
          ],
          "texture": "#2"
        },
        "up": {
          "uv": [
            5,
            10.33333,
            4,
            9.33333
          ],
          "texture": "#2"
        },
        "down": {
          "uv": [
            10.33333,
            4,
            9.33333,
            5
          ],
          "texture": "#2"
        }
      }
    },
    {
      "from": [
        7.25,
        9.25,
        7.25
      ],
      "to": [
        8.75,
        9.75,
        8.75
      ],
      "rotation": {
        "angle": 0,
        "axis": "y",
        "origin": [
          7.5,
          8.25,
          7.5
        ]
      },
      "faces": {
        "north": {
          "uv": [
            11.33333,
            6,
            12.33333,
            6.33333
          ],
          "texture": "#2"
        },
        "east": {
          "uv": [
            11.33333,
            6.66667,
            12.33333,
            7
          ],
          "texture": "#2"
        },
        "south": {
          "uv": [
            7.33333,
            11.33333,
            8.33333,
            11.66667
          ],
          "texture": "#2"
        },
        "west": {
          "uv": [
            11.33333,
            7.33333,
            12.33333,
            7.66667
          ],
          "texture": "#2"
        },
        "up": {
          "uv": [
            8.33333,
            9.66667,
            7.33333,
            8.66667
          ],
          "texture": "#2"
        },
        "down": {
          "uv": [
            9.66667,
            8,
            8.66667,
            9
          ],
          "texture": "#2"
        }
      }
    },
    {
      "from": [
        7.25,
        14,
        7.25
      ],
      "to": [
        8.75,
        14.5,
        8.75
      ],
      "rotation": {
        "angle": 0,
        "axis": "y",
        "origin": [
          7.5,
          6,
          7.5
        ]
      },
      "faces": {
        "north": {
          "uv": [
            11.33333,
            8,
            12.33333,
            8.33333
          ],
          "texture": "#2"
        },
        "east": {
          "uv": [
            11.33333,
            8.66667,
            12.33333,
            9
          ],
          "texture": "#2"
        },
        "south": {
          "uv": [
            9.33333,
            11.33333,
            10.33333,
            11.66667
          ],
          "texture": "#2"
        },
        "west": {
          "uv": [
            11.33333,
            9.33333,
            12.33333,
            9.66667
          ],
          "texture": "#2"
        },
        "up": {
          "uv": [
            10.33333,
            1,
            9.33333,
            0
          ],
          "texture": "#2"
        },
        "down": {
          "uv": [
            10.33333,
            1.33333,
            9.33333,
            2.33333
          ],
          "texture": "#2"
        }
      }
    },
    {
      "from": [
        7.25,
        17.5,
        7.25
      ],
      "to": [
        8.75,
        18,
        8.75
      ],
      "rotation": {
        "angle": 0,
        "axis": "y",
        "origin": [
          7.5,
          6,
          7.5
        ]
      },
      "faces": {
        "north": {
          "uv": [
            12,
            0.66667,
            13,
            1
          ],
          "texture": "#2"
        },
        "east": {
          "uv": [
            1.33333,
            12,
            2.33333,
            12.33333
          ],
          "texture": "#2"
        },
        "south": {
          "uv": [
            12,
            1.33333,
            13,
            1.66667
          ],
          "texture": "#2"
        },
        "west": {
          "uv": [
            12,
            2,
            13,
            2.33333
          ],
          "texture": "#2"
        },
        "up": {
          "uv": [
            6.33333,
            10.33333,
            5.33333,
            9.33333
          ],
          "texture": "#2"
        },
        "down": {
          "uv": [
            9.66667,
            9.33333,
            8.66667,
            10.33333
          ],
          "texture": "#2"
        }
      }
    },
    {
      "from": [
        7.33,
        0.28,
        7.33
      ],
      "to": [
        8.67,
        1.62,
        8.67
      ],
      "rotation": {
        "angle": -45,
        "axis": "x",
        "origin": [
          8,
          0.95,
          8
        ]
      },
      "faces": {
        "north": {
          "uv": [
            7.33333,
            10,
            8.16667,
            10.83333
          ],
          "texture": "#2"
        },
        "east": {
          "uv": [
            10,
            8,
            10.83333,
            8.83333
          ],
          "texture": "#2"
        },
        "south": {
          "uv": [
            10,
            9.33333,
            10.83333,
            10.16667
          ],
          "texture": "#2"
        },
        "west": {
          "uv": [
            0,
            10.66667,
            0.83333,
            11.5
          ],
          "texture": "#2"
        },
        "up": {
          "uv": [
            11.5,
            0.83333,
            10.66667,
            0
          ],
          "texture": "#2"
        },
        "down": {
          "uv": [
            2.16667,
            10.66667,
            1.33333,
            11.5
          ],
          "texture": "#2"
        }
      }
    },
    {
      "from": [
        7.35,
        6.6,
        8
      ],
      "to": [
        8.65,
        8.6,
        10
      ],
      "rotation": {
        "angle": -45,
        "axis": "x",
        "origin": [
          7.25,
          6.6,
          8
        ]
      },
      "faces": {
        "north": {
          "uv": [
            8,
            4,
            8.83333,
            5.33333
          ],
          "texture": "#2"
        },
        "east": {
          "uv": [
            5.33333,
            0,
            6.66667,
            1.33333
          ],
          "texture": "#2"
        },
        "south": {
          "uv": [
            4.66667,
            8,
            5.5,
            9.33333
          ],
          "texture": "#2"
        },
        "west": {
          "uv": [
            5.33333,
            1.33333,
            6.66667,
            2.66667
          ],
          "texture": "#2"
        },
        "up": {
          "uv": [
            6.83333,
            9.33333,
            6,
            8
          ],
          "texture": "#2"
        },
        "down": {
          "uv": [
            0.83333,
            8.66667,
            0,
            10
          ],
          "texture": "#2"
        }
      }
    },
    {
      "from": [
        7.1,
        6.85,
        8.25
      ],
      "to": [
        8.9,
        8.35,
        9.75
      ],
      "rotation": {
        "angle": -45,
        "axis": "x",
        "origin": [
          7.25,
          6.6,
          8
        ]
      },
      "faces": {
        "north": {
          "uv": [
            7.33333,
            6,
            8.5,
            7
          ],
          "texture": "#2"
        },
        "east": {
          "uv": [
            2.66667,
            9.33333,
            3.66667,
            10.33333
          ],
          "texture": "#2"
        },
        "south": {
          "uv": [
            7.33333,
            7.33333,
            8.5,
            8.33333
          ],
          "texture": "#2"
        },
        "west": {
          "uv": [
            9.33333,
            2.66667,
            10.33333,
            3.66667
          ],
          "texture": "#2"
        },
        "up": {
          "uv": [
            9.16667,
            1,
            8,
            0
          ],
          "texture": "#2"
        },
        "down": {
          "uv": [
            9.16667,
            1.33333,
            8,
            2.33333
          ],
          "texture": "#2"
        }
      }
    },
    {
      "from": [
        7.75,
        0.45628,
        5.53731
      ],
      "to": [
        8.25,
        1.45628,
        6.03731
      ],
      "rotation": {
        "angle": 45,
        "axis": "x",
        "origin": [
          8,
          0.33128,
          6.28731
        ]
      },
      "faces": {
        "north": {
          "uv": [
            5.33333,
            12.66667,
            5.66667,
            13.33333
          ],
          "texture": "#2"
        },
        "east": {
          "uv": [
            12.66667,
            5.33333,
            13,
            6
          ],
          "texture": "#2"
        },
        "south": {
          "uv": [
            6,
            12.66667,
            6.33333,
            13.33333
          ],
          "texture": "#2"
        },
        "west": {
          "uv": [
            12.66667,
            6,
            13,
            6.66667
          ],
          "texture": "#2"
        },
        "up": {
          "uv": [
            13.66667,
            0.33333,
            13.33333,
            0
          ],
          "texture": "#2"
        },
        "down": {
          "uv": [
            1,
            13.33333,
            0.66667,
            13.66667
          ],
          "texture": "#2"
        }
      }
    },
    {
      "from": [
        7.75,
        0.45628,
        6.03731
      ],
      "to": [
        8.25,
        0.95628,
        6.53731
      ],
      "rotation": {
        "angle": 45,
        "axis": "x",
        "origin": [
          8,
          0.33128,
          6.28731
        ]
      },
      "faces": {
        "east": {
          "uv": [
            13.33333,
            0.66667,
            13.66667,
            1
          ],
          "texture": "#2"
        },
        "south": {
          "uv": [
            1.33333,
            13.33333,
            1.66667,
            13.66667
          ],
          "texture": "#2"
        },
        "west": {
          "uv": [
            13.33333,
            1.33333,
            13.66667,
            1.66667
          ],
          "texture": "#2"
        },
        "up": {
          "uv": [
            2.33333,
            13.66667,
            2,
            13.33333
          ],
          "texture": "#2"
        },
        "down": {
          "uv": [
            13.66667,
            2,
            13.33333,
            2.33333
          ],
          "texture": "#2"
        }
      }
    },
    {
      "from": [
        7.75,
        0.45628,
        9.96269
      ],
      "to": [
        8.25,
        1.45628,
        10.46269
      ],
      "rotation": {
        "angle": -45,
        "axis": "x",
        "origin": [
          8,
          0.33128,
          9.71269
        ]
      },
      "faces": {
        "north": {
          "uv": [
            6.66667,
            12.66667,
            7,
            13.33333
          ],
          "texture": "#2"
        },
        "east": {
          "uv": [
            12.66667,
            6.66667,
            13,
            7.33333
          ],
          "texture": "#2"
        },
        "south": {
          "uv": [
            7.33333,
            12.66667,
            7.66667,
            13.33333
          ],
          "texture": "#2"
        },
        "west": {
          "uv": [
            12.66667,
            7.33333,
            13,
            8
          ],
          "texture": "#2"
        },
        "up": {
          "uv": [
            3,
            13.66667,
            2.66667,
            13.33333
          ],
          "texture": "#2"
        },
        "down": {
          "uv": [
            13.66667,
            2.66667,
            13.33333,
            3
          ],
          "texture": "#2"
        }
      }
    },
    {
      "from": [
        7.75,
        0.45628,
        9.46269
      ],
      "to": [
        8.25,
        0.95628,
        9.96269
      ],
      "rotation": {
        "angle": -45,
        "axis": "x",
        "origin": [
          8,
          0.33128,
          9.71269
        ]
      },
      "faces": {
        "north": {
          "uv": [
            3.33333,
            13.33333,
            3.66667,
            13.66667
          ],
          "texture": "#2"
        },
        "east": {
          "uv": [
            13.33333,
            3.33333,
            13.66667,
            3.66667
          ],
          "texture": "#2"
        },
        "west": {
          "uv": [
            4,
            13.33333,
            4.33333,
            13.66667
          ],
          "texture": "#2"
        },
        "up": {
          "uv": [
            13.66667,
            4.33333,
            13.33333,
            4
          ],
          "texture": "#2"
        },
        "down": {
          "uv": [
            5,
            13.33333,
            4.66667,
            13.66667
          ],
          "texture": "#2"
        }
      }
    },
    {
      "from": [
        7.5,
        6.89289,
        10.37132
      ],
      "to": [
        8.5,
        7.89289,
        12.37132
      ],
      "rotation": {
        "angle": -45,
        "axis": "x",
        "origin": [
          7.5,
          5.89289,
          9.37132
        ]
      },
      "faces": {
        "north": {
          "uv": [
            4.66667,
            5.33333,
            5.33333,
            6
          ],
          "texture": "#2"
        },
        "east": {
          "uv": [
            0,
            10,
            1.33333,
            10.66667
          ],
          "texture": "#2"
        },
        "south": {
          "uv": [
            8,
            5.33333,
            8.66667,
            6
          ],
          "texture": "#2"
        },
        "west": {
          "uv": [
            1.33333,
            10,
            2.66667,
            10.66667
          ],
          "texture": "#2"
        },
        "up": {
          "uv": [
            6.66667,
            4,
            6,
            2.66667
          ],
          "texture": "#2"
        },
        "down": {
          "uv": [
            7.33333,
            9.33333,
            6.66667,
            10.66667
          ],
          "texture": "#2"
        }
      }
    },
    {
      "from": [
        7.5,
        7.89289,
        11.37132
      ],
      "to": [
        8.5,
        8.39289,
        12.37132
      ],
      "rotation": {
        "angle": -45,
        "axis": "x",
        "origin": [
          7.5,
          5.89289,
          9.37132
        ]
      },
      "faces": {
        "north": {
          "uv": [
            8,
            12.66667,
            8.66667,
            13
          ],
          "texture": "#2"
        },
        "east": {
          "uv": [
            12.66667,
            8,
            13.33333,
            8.33333
          ],
          "texture": "#2"
        },
        "south": {
          "uv": [
            8.66667,
            12.66667,
            9.33333,
            13
          ],
          "texture": "#2"
        },
        "west": {
          "uv": [
            12.66667,
            8.66667,
            13.33333,
            9
          ],
          "texture": "#2"
        },
        "up": {
          "uv": [
            3.33333,
            9.33333,
            2.66667,
            8.66667
          ],
          "texture": "#2"
        }
      }
    },
    {
      "from": [
        7.985,
        7.7,
        9.75
      ],
      "to": [
        8.015,
        9.7,
        13.25
      ],
      "rotation": {
        "angle": 0,
        "axis": "y",
        "origin": [
          7.835,
          5.7,
          17.75
        ]
      },
      "faces": {
        "east": {
          "uv": [
            5.66667,
            2.66667,
            3.33333,
            4
          ],
          "texture": "#2"
        },
        "west": {
          "uv": [
            3.33333,
            2.66667,
            5.66667,
            4
          ],
          "texture": "#2"
        }
      }
    },
    {
      "from": [
        7.95,
        9.7,
        9.1
      ],
      "to": [
        8.05,
        11.3,
        11.9
      ],
      "rotation": {
        "angle": -45,
        "axis": "x",
        "origin": [
          7.875,
          10.25,
          10.5
        ]
      },
      "faces": {
        "east": {
          "uv": [
            5.16667,
            4,
            3.33333,
            5
          ],
          "texture": "#2"
        },
        "west": {
          "uv": [
            3.33333,
            4,
            5.16667,
            5
          ],
          "texture": "#2"
        }
      }
    },
    {
      "from": [
        7.95,
        6.63891,
        9.48805
      ],
      "to": [
        8.05,
        7.83891,
        11.58805
      ],
      "rotation": {
        "angle": 45,
        "axis": "x",
        "origin": [
          7.875,
          6.98891,
          10.53805
        ]
      },
      "faces": {
        "east": {
          "uv": [
            2.66667,
            8.66667,
            1.33333,
            9.5
          ],
          "texture": "#2"
        },
        "west": {
          "uv": [
            1.33333,
            8.66667,
            2.66667,
            9.5
          ],
          "texture": "#2"
        }
      }
    },
    {
      "from": [
        7.985,
        -2.5,
        6.625
      ],
      "to": [
        8.015,
        1.5,
        9.375
      ],
      "rotation": {
        "angle": 45,
        "axis": "y",
        "origin": [
          8,
          -0.5,
          8
        ]
      },
      "faces": {
        "east": {
          "uv": [
            5.16667,
            0,
            3.33333,
            2.66667
          ],
          "texture": "#2"
        },
        "west": {
          "uv": [
            3.33333,
            0,
            5.16667,
            2.66667
          ],
          "texture": "#2"
        }
      }
    },
    {
      "from": [
        7.985,
        -2.5,
        6.625
      ],
      "to": [
        8.015,
        1.5,
        9.375
      ],
      "rotation": {
        "angle": -45,
        "axis": "y",
        "origin": [
          8,
          -0.5,
          8
        ]
      },
      "faces": {
        "east": {
          "uv": [
            5.16667,
            0,
            3.33333,
            2.66667
          ],
          "texture": "#2"
        },
        "west": {
          "uv": [
            3.33333,
            0,
            5.16667,
            2.66667
          ],
          "texture": "#2"
        }
      }
    },
    {
      "from": [
        7.4,
        9.25,
        7.4
      ],
      "to": [
        8.6,
        10.25,
        8.6
      ],
      "rotation": {
        "angle": 0,
        "axis": "y",
        "origin": [
          7.5,
          5.25,
          7.5
        ]
      },
      "faces": {
        "north": {
          "uv": [
            2.66667,
            10.66667,
            3.5,
            11.33333
          ],
          "texture": "#2"
        },
        "east": {
          "uv": [
            10.66667,
            2.66667,
            11.5,
            3.33333
          ],
          "texture": "#2"
        },
        "south": {
          "uv": [
            10.66667,
            3.33333,
            11.5,
            4
          ],
          "texture": "#2"
        },
        "west": {
          "uv": [
            4,
            10.66667,
            4.83333,
            11.33333
          ],
          "texture": "#2"
        },
        "up": {
          "uv": [
            11.5,
            2.16667,
            10.66667,
            1.33333
          ],
          "texture": "#2"
        }
      }
    },
    {
      "from": [
        7.985,
        10.25,
        7.15
      ],
      "to": [
        8.015,
        11.75,
        8.85
      ],
      "rotation": {
        "angle": 45,
        "axis": "y",
        "origin": [
          8,
          11,
          8
        ]
      },
      "faces": {
        "east": {
          "uv": [
            9.16667,
            2.66667,
            8,
            3.66667
          ],
          "texture": "#2"
        },
        "west": {
          "uv": [
            8,
            2.66667,
            9.16667,
            3.66667
          ],
          "texture": "#2"
        }
      }
    },
    {
      "from": [
        7.985,
        10.25,
        7.15
      ],
      "to": [
        8.015,
        11.75,
        8.85
      ],
      "rotation": {
        "angle": -45,
        "axis": "y",
        "origin": [
          8,
          11,
          8
        ]
      },
      "faces": {
        "east": {
          "uv": [
            9.16667,
            2.66667,
            8,
            3.66667
          ],
          "texture": "#2"
        },
        "west": {
          "uv": [
            8,
            2.66667,
            9.16667,
            3.66667
          ],
          "texture": "#2"
        }
      }
    },
    {
      "from": [
        7.985,
        12,
        7.15
      ],
      "to": [
        8.015,
        13.5,
        8.85
      ],
      "rotation": {
        "angle": 45,
        "axis": "y",
        "origin": [
          8,
          12.75,
          8
        ]
      },
      "faces": {
        "east": {
          "uv": [
            9.16667,
            3.66667,
            8,
            2.66667
          ],
          "texture": "#2"
        },
        "west": {
          "uv": [
            8,
            3.66667,
            9.16667,
            2.66667
          ],
          "texture": "#2"
        }
      }
    },
    {
      "from": [
        7.985,
        12,
        7.15
      ],
      "to": [
        8.015,
        13.5,
        8.85
      ],
      "rotation": {
        "angle": -45,
        "axis": "y",
        "origin": [
          8,
          12.75,
          8
        ]
      },
      "faces": {
        "east": {
          "uv": [
            9.16667,
            3.66667,
            8,
            2.66667
          ],
          "texture": "#2"
        },
        "west": {
          "uv": [
            8,
            3.66667,
            9.16667,
            2.66667
          ],
          "texture": "#2"
        }
      }
    },
    {
      "from": [
        7.4,
        13.5,
        7.4
      ],
      "to": [
        8.6,
        14.5,
        8.6
      ],
      "rotation": {
        "angle": 0,
        "axis": "y",
        "origin": [
          7.5,
          18.5,
          7.5
        ]
      },
      "faces": {
        "north": {
          "uv": [
            2.66667,
            11.33333,
            3.5,
            10.66667
          ],
          "texture": "#2"
        },
        "east": {
          "uv": [
            10.66667,
            3.33333,
            11.5,
            2.66667
          ],
          "texture": "#2"
        },
        "south": {
          "uv": [
            10.66667,
            4,
            11.5,
            3.33333
          ],
          "texture": "#2"
        },
        "west": {
          "uv": [
            4,
            11.33333,
            4.83333,
            10.66667
          ],
          "texture": "#2"
        },
        "down": {
          "uv": [
            11.5,
            1.33333,
            10.66667,
            2.16667
          ],
          "texture": "#2"
        }
      }
    },
    {
      "from": [
        8.8,
        5,
        5
      ],
      "to": [
        8.8,
        11,
        11
      ],
      "rotation": {
        "angle": 0,
        "axis": "y",
        "origin": [
          16,
          -0.05,
          5
        ]
      },
      "faces": {
        "east": {
          "uv": [
            14,
            2,
            2,
            14
          ],
          "texture": "#3"
        }
      }
    },
    {
      "from": [
        7.2,
        5,
        5
      ],
      "to": [
        7.2,
        11,
        11
      ],
      "rotation": {
        "angle": 0,
        "axis": "y",
        "origin": [
          0,
          -0.05,
          5
        ]
      },
      "faces": {
        "west": {
          "uv": [
            2,
            2,
            14,
            14
          ],
          "texture": "#3"
        }
      }
    },
    {
      "from": [
        7.4,
        14.5,
        7.4
      ],
      "to": [
        8.6,
        17.5,
        8.6
      ],
      "rotation": {
        "angle": 0,
        "axis": "y",
        "origin": [
          7.5,
          14.5,
          7.5
        ]
      },
      "faces": {
        "north": {
          "uv": [
            3.33333,
            5.33333,
            4.16667,
            7.33333
          ],
          "texture": "#2"
        },
        "east": {
          "uv": [
            5.33333,
            4,
            6.16667,
            6
          ],
          "texture": "#2"
        },
        "south": {
          "uv": [
            4.66667,
            6,
            5.5,
            8
          ],
          "texture": "#2"
        },
        "west": {
          "uv": [
            6,
            6,
            6.83333,
            8
          ],
          "texture": "#2"
        }
      }
    },
    {
      "from": [
        7.5,
        18,
        7.5
      ],
      "to": [
        8.5,
        21,
        8.5
      ],
      "rotation": {
        "angle": 0,
        "axis": "y",
        "origin": [
          7.5,
          14.5,
          7.5
        ]
      },
      "faces": {
        "north": {
          "uv": [
            6.66667,
            0,
            7.33333,
            2
          ],
          "texture": "#2"
        },
        "east": {
          "uv": [
            6.66667,
            2,
            7.33333,
            4
          ],
          "texture": "#2"
        },
        "south": {
          "uv": [
            6.66667,
            4,
            7.33333,
            6
          ],
          "texture": "#2"
        },
        "west": {
          "uv": [
            7.33333,
            0,
            8,
            2
          ],
          "texture": "#2"
        },
        "up": {
          "uv": [
            11.33333,
            4.66667,
            10.66667,
            4
          ],
          "texture": "#2"
        }
      }
    },
    {
      "from": [
        7,
        10,
        5.75
      ],
      "to": [
        7.5,
        10.5,
        7.75
      ],
      "rotation": {
        "angle": 0,
        "axis": "y",
        "origin": [
          7,
          0,
          0
        ]
      },
      "faces": {
        "north": {
          "uv": [
            13.33333,
            4.66667,
            13.66667,
            5
          ],
          "texture": "#2"
        },
        "east": {
          "uv": [
            10.66667,
            4.66667,
            12,
            5
          ],
          "texture": "#2"
        },
        "south": {
          "uv": [
            5.33333,
            13.33333,
            5.66667,
            13.66667
          ],
          "texture": "#2"
        },
        "west": {
          "uv": [
            5.33333,
            10.66667,
            6.66667,
            11
          ],
          "texture": "#2"
        },
        "up": {
          "uv": [
            7,
            12,
            6.66667,
            10.66667
          ],
          "texture": "#2"
        },
        "down": {
          "uv": [
            9,
            10.66667,
            8.66667,
            12
          ],
          "texture": "#2"
        }
      }
    },
    {
      "from": [
        8.5,
        10,
        5.75
      ],
      "to": [
        9,
        10.5,
        7.75
      ],
      "rotation": {
        "angle": 0,
        "axis": "y",
        "origin": [
          7,
          0,
          0
        ]
      },
      "faces": {
        "north": {
          "uv": [
            13.33333,
            5.33333,
            13.66667,
            5.66667
          ],
          "texture": "#2"
        },
        "east": {
          "uv": [
            9.33333,
            10.66667,
            10.66667,
            11
          ],
          "texture": "#2"
        },
        "south": {
          "uv": [
            6,
            13.33333,
            6.33333,
            13.66667
          ],
          "texture": "#2"
        },
        "west": {
          "uv": [
            10.66667,
            10.66667,
            12,
            11
          ],
          "texture": "#2"
        },
        "up": {
          "uv": [
            3,
            12.66667,
            2.66667,
            11.33333
          ],
          "texture": "#2"
        },
        "down": {
          "uv": [
            3.66667,
            11.33333,
            3.33333,
            12.66667
          ],
          "texture": "#2"
        }
      }
    },
    {
      "from": [
        7.5,
        10,
        7.25
      ],
      "to": [
        8.5,
        10.5,
        7.75
      ],
      "rotation": {
        "angle": 0,
        "axis": "y",
        "origin": [
          7,
          0,
          0
        ]
      },
      "faces": {
        "north": {
          "uv": [
            10.66667,
            12.66667,
            11.33333,
            13
          ],
          "texture": "#2"
        },
        "south": {
          "uv": [
            12.66667,
            10.66667,
            13.33333,
            11
          ],
          "texture": "#2"
        },
        "up": {
          "uv": [
            12,
            13,
            11.33333,
            12.66667
          ],
          "texture": "#2"
        },
        "down": {
          "uv": [
            13.33333,
            11.33333,
            12.66667,
            11.66667
          ],
          "texture": "#2"
        }
      }
    },
    {
      "from": [
        7.5,
        10,
        5.75
      ],
      "to": [
        8.5,
        10.5,
        6.25
      ],
      "rotation": {
        "angle": 0,
        "axis": "y",
        "origin": [
          7,
          0,
          0
        ]
      },
      "faces": {
        "north": {
          "uv": [
            12,
            12.66667,
            12.66667,
            13
          ],
          "texture": "#2"
        },
        "south": {
          "uv": [
            12.66667,
            12,
            13.33333,
            12.33333
          ],
          "texture": "#2"
        },
        "up": {
          "uv": [
            13.33333,
            13,
            12.66667,
            12.66667
          ],
          "texture": "#2"
        },
        "down": {
          "uv": [
            0.66667,
            13.33333,
            0,
            13.66667
          ],
          "texture": "#2"
        }
      }
    },
    {
      "from": [
        7.5,
        14.25,
        7.25
      ],
      "to": [
        8.5,
        14.75,
        7.75
      ],
      "rotation": {
        "angle": 0,
        "axis": "y",
        "origin": [
          7,
          0,
          0
        ]
      },
      "faces": {
        "north": {
          "uv": [
            10.66667,
            12.66667,
            11.33333,
            13
          ],
          "texture": "#2"
        },
        "south": {
          "uv": [
            12.66667,
            10.66667,
            13.33333,
            11
          ],
          "texture": "#2"
        },
        "up": {
          "uv": [
            12,
            13,
            11.33333,
            12.66667
          ],
          "texture": "#2"
        },
        "down": {
          "uv": [
            13.33333,
            11.33333,
            12.66667,
            11.66667
          ],
          "texture": "#2"
        }
      }
    },
    {
      "from": [
        7,
        14.25,
        5.75
      ],
      "to": [
        7.5,
        14.75,
        7.75
      ],
      "rotation": {
        "angle": 0,
        "axis": "y",
        "origin": [
          7,
          0,
          0
        ]
      },
      "faces": {
        "north": {
          "uv": [
            13.33333,
            4.66667,
            13.66667,
            5
          ],
          "texture": "#2"
        },
        "east": {
          "uv": [
            10.66667,
            4.66667,
            12,
            5
          ],
          "texture": "#2"
        },
        "south": {
          "uv": [
            5.33333,
            13.33333,
            5.66667,
            13.66667
          ],
          "texture": "#2"
        },
        "west": {
          "uv": [
            5.33333,
            10.66667,
            6.66667,
            11
          ],
          "texture": "#2"
        },
        "up": {
          "uv": [
            7,
            12,
            6.66667,
            10.66667
          ],
          "texture": "#2"
        },
        "down": {
          "uv": [
            9,
            10.66667,
            8.66667,
            12
          ],
          "texture": "#2"
        }
      }
    },
    {
      "from": [
        7.5,
        14.25,
        5.75
      ],
      "to": [
        8.5,
        14.75,
        6.25
      ],
      "rotation": {
        "angle": 0,
        "axis": "y",
        "origin": [
          7,
          0,
          0
        ]
      },
      "faces": {
        "north": {
          "uv": [
            12,
            12.66667,
            12.66667,
            13
          ],
          "texture": "#2"
        },
        "south": {
          "uv": [
            12.66667,
            12,
            13.33333,
            12.33333
          ],
          "texture": "#2"
        },
        "up": {
          "uv": [
            13.33333,
            13,
            12.66667,
            12.66667
          ],
          "texture": "#2"
        },
        "down": {
          "uv": [
            0.66667,
            13.33333,
            0,
            13.66667
          ],
          "texture": "#2"
        }
      }
    },
    {
      "from": [
        8.5,
        14.25,
        5.75
      ],
      "to": [
        9,
        14.75,
        7.75
      ],
      "rotation": {
        "angle": 0,
        "axis": "y",
        "origin": [
          7,
          0,
          0
        ]
      },
      "faces": {
        "north": {
          "uv": [
            13.33333,
            5.33333,
            13.66667,
            5.66667
          ],
          "texture": "#2"
        },
        "east": {
          "uv": [
            9.33333,
            10.66667,
            10.66667,
            11
          ],
          "texture": "#2"
        },
        "south": {
          "uv": [
            6,
            13.33333,
            6.33333,
            13.66667
          ],
          "texture": "#2"
        },
        "west": {
          "uv": [
            10.66667,
            10.66667,
            12,
            11
          ],
          "texture": "#2"
        },
        "up": {
          "uv": [
            3,
            12.66667,
            2.66667,
            11.33333
          ],
          "texture": "#2"
        },
        "down": {
          "uv": [
            3.66667,
            11.33333,
            3.33333,
            12.66667
          ],
          "texture": "#2"
        }
      }
    },
    {
      "from": [
        7.5,
        18.25,
        7.25
      ],
      "to": [
        8.5,
        18.75,
        7.75
      ],
      "rotation": {
        "angle": 0,
        "axis": "y",
        "origin": [
          7,
          0,
          0
        ]
      },
      "faces": {
        "north": {
          "uv": [
            10.66667,
            12.66667,
            11.33333,
            13
          ],
          "texture": "#2"
        },
        "south": {
          "uv": [
            12.66667,
            10.66667,
            13.33333,
            11
          ],
          "texture": "#2"
        },
        "up": {
          "uv": [
            12,
            13,
            11.33333,
            12.66667
          ],
          "texture": "#2"
        },
        "down": {
          "uv": [
            13.33333,
            11.33333,
            12.66667,
            11.66667
          ],
          "texture": "#2"
        }
      }
    },
    {
      "from": [
        7,
        18.25,
        5.75
      ],
      "to": [
        7.5,
        18.75,
        7.75
      ],
      "rotation": {
        "angle": 0,
        "axis": "y",
        "origin": [
          7,
          0,
          0
        ]
      },
      "faces": {
        "north": {
          "uv": [
            13.33333,
            4.66667,
            13.66667,
            5
          ],
          "texture": "#2"
        },
        "east": {
          "uv": [
            10.66667,
            4.66667,
            12,
            5
          ],
          "texture": "#2"
        },
        "south": {
          "uv": [
            5.33333,
            13.33333,
            5.66667,
            13.66667
          ],
          "texture": "#2"
        },
        "west": {
          "uv": [
            5.33333,
            10.66667,
            6.66667,
            11
          ],
          "texture": "#2"
        },
        "up": {
          "uv": [
            7,
            12,
            6.66667,
            10.66667
          ],
          "texture": "#2"
        },
        "down": {
          "uv": [
            9,
            10.66667,
            8.66667,
            12
          ],
          "texture": "#2"
        }
      }
    },
    {
      "from": [
        7.5,
        18.25,
        5.75
      ],
      "to": [
        8.5,
        18.75,
        6.25
      ],
      "rotation": {
        "angle": 0,
        "axis": "y",
        "origin": [
          7,
          0,
          0
        ]
      },
      "faces": {
        "north": {
          "uv": [
            12,
            12.66667,
            12.66667,
            13
          ],
          "texture": "#2"
        },
        "south": {
          "uv": [
            12.66667,
            12,
            13.33333,
            12.33333
          ],
          "texture": "#2"
        },
        "up": {
          "uv": [
            13.33333,
            13,
            12.66667,
            12.66667
          ],
          "texture": "#2"
        },
        "down": {
          "uv": [
            0.66667,
            13.33333,
            0,
            13.66667
          ],
          "texture": "#2"
        }
      }
    },
    {
      "from": [
        8.5,
        18.25,
        5.75
      ],
      "to": [
        9,
        18.75,
        7.75
      ],
      "rotation": {
        "angle": 0,
        "axis": "y",
        "origin": [
          7,
          0,
          0
        ]
      },
      "faces": {
        "north": {
          "uv": [
            13.33333,
            5.33333,
            13.66667,
            5.66667
          ],
          "texture": "#2"
        },
        "east": {
          "uv": [
            9.33333,
            10.66667,
            10.66667,
            11
          ],
          "texture": "#2"
        },
        "south": {
          "uv": [
            6,
            13.33333,
            6.33333,
            13.66667
          ],
          "texture": "#2"
        },
        "west": {
          "uv": [
            10.66667,
            10.66667,
            12,
            11
          ],
          "texture": "#2"
        },
        "up": {
          "uv": [
            3,
            12.66667,
            2.66667,
            11.33333
          ],
          "texture": "#2"
        },
        "down": {
          "uv": [
            3.66667,
            11.33333,
            3.33333,
            12.66667
          ],
          "texture": "#2"
        }
      }
    },
    {
      "from": [
        8,
        8,
        3
      ],
      "to": [
        8,
        21,
        8
      ],
      "rotation": {
        "angle": 0,
        "axis": "y",
        "origin": [
          7,
          0,
          0
        ]
      },
      "faces": {
        "east": {
          "uv": [
            3.33333,
            0,
            0,
            8.66667
          ],
          "texture": "#2"
        },
        "west": {
          "uv": [
            0,
            0,
            3.33333,
            8.66667
          ],
          "texture": "#2"
        }
      }
    },
    {
      "from": [
        7.6,
        16.25,
        4.1
      ],
      "to": [
        8.4,
        17.05,
        4.9
      ],
      "rotation": {
        "angle": 0,
        "axis": "y",
        "origin": [
          7.5,
          0,
          0
        ]
      },
      "faces": {
        "north": {
          "uv": [
            10.66667,
            12,
            11.16667,
            12.5
          ],
          "texture": "#2"
        },
        "east": {
          "uv": [
            12,
            10.66667,
            12.5,
            11.16667
          ],
          "texture": "#2"
        },
        "south": {
          "uv": [
            11.33333,
            12,
            11.83333,
            12.5
          ],
          "texture": "#2"
        },
        "west": {
          "uv": [
            12,
            11.33333,
            12.5,
            11.83333
          ],
          "texture": "#2"
        },
        "up": {
          "uv": [
            12.5,
            12.5,
            12,
            12
          ],
          "texture": "#2"
        },
        "down": {
          "uv": [
            0.5,
            12.66667,
            0,
            13.16667
          ],
          "texture": "#2"
        }
      }
    }
  ],
  "gui_light": "front",
  "display": {
    "thirdperson_righthand": {
      "translation": [
        0,
        1.75,
        1
      ]
    },
    "thirdperson_lefthand": {
      "translation": [
        0,
        1.75,
        1
      ]
    },
    "firstperson_righthand": {
      "rotation": [
        -10,
        0,
        0
      ],
      "translation": [
        0,
        2,
        0
      ]
    },
    "firstperson_lefthand": {
      "rotation": [
        -10,
        0,
        0
      ],
      "translation": [
        0,
        2,
        0
      ]
    },
    "ground": {
      "rotation": [
        -45,
        0,
        0
      ],
      "translation": [
        0,
        4.25,
        0
      ],
      "scale": [
        0.7,
        0.7,
        0.7
      ]
    },
    "gui": {
      "rotation": [
        -90,
        45,
        90
      ],
      "translation": [
        1,
        -1,
        0
      ],
      "scale": [
        0.9,
        0.9,
        0.9
      ]
    },
    "head": {
      "rotation": [
        0,
        -90,
        0
      ]
    },
    "fixed": {
      "rotation": [
        0,
        -90,
        0
      ],
      "translation": [
        0,
        0,
        -1.25
      ],
      "scale": [
        2,
        2,
        2
      ]
    }
  }
}