{
  "credit": "Made by PolygonMC",
  "texture_size": [
    20,
    20
  ],
  "textures": {
    "2": "winterset:hoe",
    "3": "winterset:animations/animations_1",
    "particle": "winterset:hoe"
  },
  "elements": [
    {
      "from": [
        7.5,
        1.2,
        7.5
      ],
      "to": [
        8.5,
        1.7,
        8.5
      ],
      "rotation": {
        "angle": 0,
        "axis": "y",
        "origin": [
          7.5,
          -0.3,
          7.5
        ]
      },
      "faces": {
        "north": {
          "uv": [
            7.2,
            13.6,
            8,
            14
          ],
          "texture": "#2"
        },
        "east": {
          "uv": [
            8,
            13.6,
            8.8,
            14
          ],
          "texture": "#2"
        },
        "south": {
          "uv": [
            8.8,
            13.6,
            9.6,
            14
          ],
          "texture": "#2"
        },
        "west": {
          "uv": [
            9.6,
            13.6,
            10.4,
            14
          ],
          "texture": "#2"
        }
      }
    },
    {
      "from": [
        7.5,
        12.75,
        7.5
      ],
      "to": [
        8.5,
        13.25,
        8.5
      ],
      "rotation": {
        "angle": 0,
        "axis": "y",
        "origin": [
          7.5,
          11.75,
          7.5
        ]
      },
      "faces": {
        "north": {
          "uv": [
            13.6,
            9.6,
            14.4,
            10
          ],
          "texture": "#2"
        },
        "east": {
          "uv": [
            10.4,
            13.6,
            11.2,
            14
          ],
          "texture": "#2"
        },
        "south": {
          "uv": [
            11.2,
            13.6,
            12,
            14
          ],
          "texture": "#2"
        },
        "west": {
          "uv": [
            13.6,
            12,
            14.4,
            12.4
          ],
          "texture": "#2"
        }
      }
    },
    {
      "from": [
        7.4,
        2.2,
        7.4
      ],
      "to": [
        8.6,
        2.8,
        8.6
      ],
      "rotation": {
        "angle": 0,
        "axis": "y",
        "origin": [
          7.5,
          1.2,
          7.5
        ]
      },
      "faces": {
        "north": {
          "uv": [
            0,
            13.6,
            1,
            14
          ],
          "texture": "#2"
        },
        "east": {
          "uv": [
            13.6,
            0,
            14.6,
            0.4
          ],
          "texture": "#2"
        },
        "south": {
          "uv": [
            13.6,
            0.8,
            14.6,
            1.2
          ],
          "texture": "#2"
        },
        "west": {
          "uv": [
            1.6,
            13.6,
            2.6,
            14
          ],
          "texture": "#2"
        },
        "up": {
          "uv": [
            11.4,
            10.6,
            10.4,
            9.6
          ],
          "texture": "#2"
        }
      }
    },
    {
      "from": [
        7.4,
        5.65,
        7.4
      ],
      "to": [
        8.6,
        6.25,
        8.6
      ],
      "rotation": {
        "angle": 0,
        "axis": "y",
        "origin": [
          7.5,
          4.15,
          7.5
        ]
      },
      "faces": {
        "north": {
          "uv": [
            13.6,
            1.6,
            14.6,
            2
          ],
          "texture": "#2"
        },
        "east": {
          "uv": [
            13.6,
            2.4,
            14.6,
            2.8
          ],
          "texture": "#2"
        },
        "south": {
          "uv": [
            13.6,
            3.2,
            14.6,
            3.6
          ],
          "texture": "#2"
        },
        "west": {
          "uv": [
            13.6,
            4,
            14.6,
            4.4
          ],
          "texture": "#2"
        },
        "down": {
          "uv": [
            12.2,
            0.8,
            11.2,
            1.8
          ],
          "texture": "#2"
        }
      }
    },
    {
      "from": [
        7.5,
        2.8,
        7.5
      ],
      "to": [
        8.5,
        5.65,
        8.5
      ],
      "rotation": {
        "angle": 0,
        "axis": "y",
        "origin": [
          8,
          4.225,
          8
        ]
      },
      "faces": {
        "north": {
          "uv": [
            1.6,
            6.4,
            2.4,
            8.6
          ],
          "texture": "#2"
        },
        "east": {
          "uv": [
            2.4,
            6.4,
            3.2,
            8.6
          ],
          "texture": "#2"
        },
        "south": {
          "uv": [
            3.2,
            6.4,
            4,
            8.6
          ],
          "texture": "#2"
        },
        "west": {
          "uv": [
            4,
            6.4,
            4.8,
            8.6
          ],
          "texture": "#2"
        }
      }
    },
    {
      "from": [
        7.25,
        1.7,
        7.25
      ],
      "to": [
        8.75,
        2.2,
        8.75
      ],
      "rotation": {
        "angle": 0,
        "axis": "y",
        "origin": [
          7.5,
          0.7,
          7.5
        ]
      },
      "faces": {
        "north": {
          "uv": [
            12.8,
            4.8,
            14,
            5.2
          ],
          "texture": "#2"
        },
        "east": {
          "uv": [
            5.6,
            12.8,
            6.8,
            13.2
          ],
          "texture": "#2"
        },
        "south": {
          "uv": [
            12.8,
            5.6,
            14,
            6
          ],
          "texture": "#2"
        },
        "west": {
          "uv": [
            12.8,
            6.4,
            14,
            6.8
          ],
          "texture": "#2"
        },
        "up": {
          "uv": [
            5.2,
            10,
            4,
            8.8
          ],
          "texture": "#2"
        },
        "down": {
          "uv": [
            6.8,
            8.8,
            5.6,
            10
          ],
          "texture": "#2"
        }
      }
    },
    {
      "from": [
        7.25,
        6.25,
        7.25
      ],
      "to": [
        8.75,
        6.75,
        8.75
      ],
      "rotation": {
        "angle": 0,
        "axis": "y",
        "origin": [
          7.5,
          5.25,
          7.5
        ]
      },
      "faces": {
        "north": {
          "uv": [
            7.2,
            12.8,
            8.4,
            13.2
          ],
          "texture": "#2"
        },
        "east": {
          "uv": [
            12.8,
            7.2,
            14,
            7.6
          ],
          "texture": "#2"
        },
        "south": {
          "uv": [
            12.8,
            8,
            14,
            8.4
          ],
          "texture": "#2"
        },
        "west": {
          "uv": [
            8.8,
            12.8,
            10,
            13.2
          ],
          "texture": "#2"
        },
        "up": {
          "uv": [
            10.8,
            2.8,
            9.6,
            1.6
          ],
          "texture": "#2"
        },
        "down": {
          "uv": [
            10.8,
            3.2,
            9.6,
            4.4
          ],
          "texture": "#2"
        }
      }
    },
    {
      "from": [
        7.25,
        12.25,
        7.25
      ],
      "to": [
        8.75,
        12.75,
        8.75
      ],
      "rotation": {
        "angle": 0,
        "axis": "y",
        "origin": [
          7.5,
          4.25,
          7.5
        ]
      },
      "faces": {
        "north": {
          "uv": [
            12.8,
            8.8,
            14,
            9.2
          ],
          "texture": "#2"
        },
        "east": {
          "uv": [
            10.4,
            12.8,
            11.6,
            13.2
          ],
          "texture": "#2"
        },
        "south": {
          "uv": [
            12.8,
            10.4,
            14,
            10.8
          ],
          "texture": "#2"
        },
        "west": {
          "uv": [
            12.8,
            11.2,
            14,
            11.6
          ],
          "texture": "#2"
        },
        "up": {
          "uv": [
            8.4,
            10.8,
            7.2,
            9.6
          ],
          "texture": "#2"
        },
        "down": {
          "uv": [
            10.8,
            8,
            9.6,
            9.2
          ],
          "texture": "#2"
        }
      }
    },
    {
      "from": [
        7.33,
        0.28,
        7.33
      ],
      "to": [
        8.67,
        1.62,
        8.67
      ],
      "rotation": {
        "angle": -45,
        "axis": "x",
        "origin": [
          8,
          0.95,
          8
        ]
      },
      "faces": {
        "north": {
          "uv": [
            11.2,
            2.4,
            12.2,
            3.4
          ],
          "texture": "#2"
        },
        "east": {
          "uv": [
            11.2,
            4,
            12.2,
            5
          ],
          "texture": "#2"
        },
        "south": {
          "uv": [
            11.2,
            5.6,
            12.2,
            6.6
          ],
          "texture": "#2"
        },
        "west": {
          "uv": [
            7.2,
            11.2,
            8.2,
            12.2
          ],
          "texture": "#2"
        },
        "up": {
          "uv": [
            12.2,
            8.2,
            11.2,
            7.2
          ],
          "texture": "#2"
        },
        "down": {
          "uv": [
            9.8,
            11.2,
            8.8,
            12.2
          ],
          "texture": "#2"
        }
      }
    },
    {
      "from": [
        7.35,
        12.65,
        8
      ],
      "to": [
        8.65,
        14.65,
        10
      ],
      "rotation": {
        "angle": -45,
        "axis": "x",
        "origin": [
          7.25,
          12.65,
          8
        ]
      },
      "faces": {
        "north": {
          "uv": [
            8,
            6.4,
            9,
            8
          ],
          "texture": "#2"
        },
        "east": {
          "uv": [
            4,
            4.8,
            5.6,
            6.4
          ],
          "texture": "#2"
        },
        "south": {
          "uv": [
            8,
            8,
            9,
            9.6
          ],
          "texture": "#2"
        },
        "west": {
          "uv": [
            5.6,
            3.2,
            7.2,
            4.8
          ],
          "texture": "#2"
        },
        "up": {
          "uv": [
            1,
            10.4,
            0,
            8.8
          ],
          "texture": "#2"
        },
        "down": {
          "uv": [
            9.8,
            0,
            8.8,
            1.6
          ],
          "texture": "#2"
        }
      }
    },
    {
      "from": [
        7.1,
        12.9,
        8.25
      ],
      "to": [
        8.9,
        14.4,
        9.75
      ],
      "rotation": {
        "angle": -45,
        "axis": "x",
        "origin": [
          7.25,
          12.65,
          8
        ]
      },
      "faces": {
        "north": {
          "uv": [
            7.2,
            1.6,
            8.6,
            2.8
          ],
          "texture": "#2"
        },
        "east": {
          "uv": [
            9.6,
            4.8,
            10.8,
            6
          ],
          "texture": "#2"
        },
        "south": {
          "uv": [
            7.2,
            3.2,
            8.6,
            4.4
          ],
          "texture": "#2"
        },
        "west": {
          "uv": [
            9.6,
            6.4,
            10.8,
            7.6
          ],
          "texture": "#2"
        },
        "up": {
          "uv": [
            6.2,
            8.4,
            4.8,
            7.2
          ],
          "texture": "#2"
        },
        "down": {
          "uv": [
            8.6,
            4.8,
            7.2,
            6
          ],
          "texture": "#2"
        }
      }
    },
    {
      "from": [
        7.75,
        0.45628,
        5.53731
      ],
      "to": [
        8.25,
        1.45628,
        6.03731
      ],
      "rotation": {
        "angle": 45,
        "axis": "x",
        "origin": [
          8,
          0.33128,
          6.28731
        ]
      },
      "faces": {
        "north": {
          "uv": [
            12.8,
            13.6,
            13.2,
            14.4
          ],
          "texture": "#2"
        },
        "east": {
          "uv": [
            13.6,
            12.8,
            14,
            13.6
          ],
          "texture": "#2"
        },
        "south": {
          "uv": [
            13.6,
            13.6,
            14,
            14.4
          ],
          "texture": "#2"
        },
        "west": {
          "uv": [
            0,
            14.4,
            0.4,
            15.2
          ],
          "texture": "#2"
        },
        "up": {
          "uv": [
            8.4,
            14.8,
            8,
            14.4
          ],
          "texture": "#2"
        },
        "down": {
          "uv": [
            14.8,
            8,
            14.4,
            8.4
          ],
          "texture": "#2"
        }
      }
    },
    {
      "from": [
        7.75,
        0.45628,
        6.03731
      ],
      "to": [
        8.25,
        0.95628,
        6.53731
      ],
      "rotation": {
        "angle": 45,
        "axis": "x",
        "origin": [
          8,
          0.33128,
          6.28731
        ]
      },
      "faces": {
        "east": {
          "uv": [
            8.8,
            14.4,
            9.2,
            14.8
          ],
          "texture": "#2"
        },
        "south": {
          "uv": [
            14.4,
            8.8,
            14.8,
            9.2
          ],
          "texture": "#2"
        },
        "west": {
          "uv": [
            9.6,
            14.4,
            10,
            14.8
          ],
          "texture": "#2"
        },
        "up": {
          "uv": [
            14.8,
            10,
            14.4,
            9.6
          ],
          "texture": "#2"
        },
        "down": {
          "uv": [
            10.8,
            14.4,
            10.4,
            14.8
          ],
          "texture": "#2"
        }
      }
    },
    {
      "from": [
        7.75,
        0.45628,
        9.96269
      ],
      "to": [
        8.25,
        1.45628,
        10.46269
      ],
      "rotation": {
        "angle": -45,
        "axis": "x",
        "origin": [
          8,
          0.33128,
          9.71269
        ]
      },
      "faces": {
        "north": {
          "uv": [
            0.8,
            14.4,
            1.2,
            15.2
          ],
          "texture": "#2"
        },
        "east": {
          "uv": [
            1.6,
            14.4,
            2,
            15.2
          ],
          "texture": "#2"
        },
        "south": {
          "uv": [
            2.4,
            14.4,
            2.8,
            15.2
          ],
          "texture": "#2"
        },
        "west": {
          "uv": [
            4,
            14.4,
            4.4,
            15.2
          ],
          "texture": "#2"
        },
        "up": {
          "uv": [
            14.8,
            10.8,
            14.4,
            10.4
          ],
          "texture": "#2"
        },
        "down": {
          "uv": [
            11.6,
            14.4,
            11.2,
            14.8
          ],
          "texture": "#2"
        }
      }
    },
    {
      "from": [
        7.75,
        0.45628,
        9.46269
      ],
      "to": [
        8.25,
        0.95628,
        9.96269
      ],
      "rotation": {
        "angle": -45,
        "axis": "x",
        "origin": [
          8,
          0.33128,
          9.71269
        ]
      },
      "faces": {
        "north": {
          "uv": [
            14.4,
            11.2,
            14.8,
            11.6
          ],
          "texture": "#2"
        },
        "east": {
          "uv": [
            12,
            14.4,
            12.4,
            14.8
          ],
          "texture": "#2"
        },
        "west": {
          "uv": [
            14.4,
            12,
            14.8,
            12.4
          ],
          "texture": "#2"
        },
        "up": {
          "uv": [
            13.2,
            14.8,
            12.8,
            14.4
          ],
          "texture": "#2"
        },
        "down": {
          "uv": [
            14.8,
            12.8,
            14.4,
            13.2
          ],
          "texture": "#2"
        }
      }
    },
    {
      "from": [
        7.5,
        13.65,
        10.41421
      ],
      "to": [
        8.5,
        14.65,
        11.41421
      ],
      "rotation": {
        "angle": -45,
        "axis": "x",
        "origin": [
          7.5,
          12.65,
          9.41421
        ]
      },
      "faces": {
        "east": {
          "uv": [
            1.6,
            4,
            2.4,
            4.8
          ],
          "texture": "#2"
        },
        "south": {
          "uv": [
            4.8,
            6.4,
            5.6,
            7.2
          ],
          "texture": "#2"
        },
        "west": {
          "uv": [
            7.2,
            6.4,
            8,
            7.2
          ],
          "texture": "#2"
        },
        "up": {
          "uv": [
            9.6,
            6.4,
            8.8,
            5.6
          ],
          "texture": "#2"
        },
        "down": {
          "uv": [
            8,
            8.8,
            7.2,
            9.6
          ],
          "texture": "#2"
        }
      }
    },
    {
      "from": [
        7.5,
        12.65,
        9.41421
      ],
      "to": [
        8.5,
        13.65,
        10.41421
      ],
      "rotation": {
        "angle": -45,
        "axis": "x",
        "origin": [
          7.5,
          12.65,
          9.41421
        ]
      },
      "faces": {
        "north": {
          "uv": [
            10.4,
            0.8,
            11.2,
            1.6
          ],
          "texture": "#2"
        },
        "east": {
          "uv": [
            12,
            10.4,
            12.8,
            11.2
          ],
          "texture": "#2"
        },
        "south": {
          "uv": [
            12,
            11.2,
            12.8,
            12
          ],
          "texture": "#2"
        },
        "west": {
          "uv": [
            12,
            12,
            12.8,
            12.8
          ],
          "texture": "#2"
        },
        "down": {
          "uv": [
            13.6,
            0.8,
            12.8,
            1.6
          ],
          "texture": "#2"
        }
      }
    },
    {
      "from": [
        7.5,
        12.94289,
        11.62132
      ],
      "to": [
        8.5,
        13.94289,
        13.62132
      ],
      "rotation": {
        "angle": -45,
        "axis": "x",
        "origin": [
          7.5,
          11.94289,
          10.62132
        ]
      },
      "faces": {
        "north": {
          "uv": [
            12.8,
            1.6,
            13.6,
            2.4
          ],
          "texture": "#2"
        },
        "east": {
          "uv": [
            0,
            4,
            1.6,
            4.8
          ],
          "texture": "#2"
        },
        "south": {
          "uv": [
            12.8,
            2.4,
            13.6,
            3.2
          ],
          "texture": "#2"
        },
        "west": {
          "uv": [
            10.4,
            0,
            12,
            0.8
          ],
          "texture": "#2"
        },
        "up": {
          "uv": [
            2.4,
            12,
            1.6,
            10.4
          ],
          "texture": "#2"
        },
        "down": {
          "uv": [
            3.2,
            10.4,
            2.4,
            12
          ],
          "texture": "#2"
        }
      }
    },
    {
      "from": [
        7.75,
        12.94289,
        11.12132
      ],
      "to": [
        8.25,
        13.94289,
        12.12132
      ],
      "rotation": {
        "angle": -45,
        "axis": "x",
        "origin": [
          7.5,
          11.94289,
          10.12132
        ]
      },
      "faces": {
        "east": {
          "uv": [
            3.2,
            12.8,
            4,
            13.6
          ],
          "texture": "#2"
        },
        "south": {
          "uv": [
            4.8,
            14.4,
            5.2,
            15.2
          ],
          "texture": "#2"
        },
        "west": {
          "uv": [
            12.8,
            3.2,
            13.6,
            4
          ],
          "texture": "#2"
        },
        "down": {
          "uv": [
            14.8,
            4.8,
            14.4,
            5.6
          ],
          "texture": "#2"
        }
      }
    },
    {
      "from": [
        7.5,
        13.94289,
        12.62132
      ],
      "to": [
        8.5,
        14.44289,
        13.62132
      ],
      "rotation": {
        "angle": -45,
        "axis": "x",
        "origin": [
          7.5,
          11.94289,
          10.62132
        ]
      },
      "faces": {
        "north": {
          "uv": [
            14.4,
            5.6,
            15.2,
            6
          ],
          "texture": "#2"
        },
        "east": {
          "uv": [
            14.4,
            6.4,
            15.2,
            6.8
          ],
          "texture": "#2"
        },
        "south": {
          "uv": [
            7.2,
            14.4,
            8,
            14.8
          ],
          "texture": "#2"
        },
        "west": {
          "uv": [
            14.4,
            7.2,
            15.2,
            7.6
          ],
          "texture": "#2"
        },
        "up": {
          "uv": [
            13.6,
            4.8,
            12.8,
            4
          ],
          "texture": "#2"
        }
      }
    },
    {
      "from": [
        7.985,
        13.75,
        11
      ],
      "to": [
        8.015,
        15.75,
        14.5
      ],
      "rotation": {
        "angle": 0,
        "axis": "y",
        "origin": [
          7.835,
          11.75,
          19
        ]
      },
      "faces": {
        "east": {
          "uv": [
            5.2,
            3.2,
            2.4,
            4.8
          ],
          "texture": "#2"
        },
        "west": {
          "uv": [
            2.4,
            3.2,
            5.2,
            4.8
          ],
          "texture": "#2"
        }
      }
    },
    {
      "from": [
        7.95,
        15.75,
        10.35
      ],
      "to": [
        8.05,
        17.35,
        13.15
      ],
      "rotation": {
        "angle": -45,
        "axis": "x",
        "origin": [
          7.875,
          16.3,
          11.75
        ]
      },
      "faces": {
        "east": {
          "uv": [
            7,
            1.6,
            4.8,
            2.8
          ],
          "texture": "#2"
        },
        "west": {
          "uv": [
            4.8,
            1.6,
            7,
            2.8
          ],
          "texture": "#2"
        }
      }
    },
    {
      "from": [
        7.95,
        12.68891,
        10.73805
      ],
      "to": [
        8.05,
        13.88891,
        12.83805
      ],
      "rotation": {
        "angle": 45,
        "axis": "x",
        "origin": [
          7.875,
          13.03891,
          11.78805
        ]
      },
      "faces": {
        "east": {
          "uv": [
            3.2,
            8.8,
            1.6,
            9.8
          ],
          "texture": "#2"
        },
        "west": {
          "uv": [
            1.6,
            8.8,
            3.2,
            9.8
          ],
          "texture": "#2"
        }
      }
    },
    {
      "from": [
        7.66,
        14.59994,
        3.75118
      ],
      "to": [
        7.69,
        18.09994,
        5.75118
      ],
      "rotation": {
        "angle": 22.5,
        "axis": "x",
        "origin": [
          7.675,
          15.61379,
          4.91933
        ]
      },
      "faces": {
        "east": {
          "uv": [
            5.2,
            3.2,
            2.4,
            4.8
          ],
          "rotation": 90,
          "texture": "#2"
        },
        "west": {
          "uv": [
            2.4,
            3.2,
            5.2,
            4.8
          ],
          "rotation": 270,
          "texture": "#2"
        }
      }
    },
    {
      "from": [
        7.625,
        14.38698,
        2.97732
      ],
      "to": [
        7.725,
        17.18698,
        4.59732
      ],
      "rotation": {
        "angle": 0,
        "axis": "x",
        "origin": [
          7.675,
          15.71379,
          5.11933
        ]
      },
      "faces": {
        "east": {
          "uv": [
            7,
            1.6,
            4.8,
            2.8
          ],
          "rotation": 90,
          "texture": "#2"
        },
        "west": {
          "uv": [
            4.8,
            1.6,
            7,
            2.8
          ],
          "rotation": 270,
          "texture": "#2"
        }
      }
    },
    {
      "from": [
        7.625,
        14.37435,
        4.90135
      ],
      "to": [
        7.725,
        15.57435,
        7.00135
      ],
      "rotation": {
        "angle": -22.5,
        "axis": "x",
        "origin": [
          7.675,
          15.71379,
          5.11933
        ]
      },
      "faces": {
        "east": {
          "uv": [
            3.2,
            8.8,
            1.6,
            9.8
          ],
          "texture": "#2"
        },
        "west": {
          "uv": [
            1.6,
            8.8,
            3.2,
            9.8
          ],
          "texture": "#2"
        }
      }
    },
    {
      "from": [
        8.275,
        14.38698,
        2.97732
      ],
      "to": [
        8.375,
        17.18698,
        4.59732
      ],
      "rotation": {
        "angle": 0,
        "axis": "x",
        "origin": [
          8.325,
          15.71379,
          5.11933
        ]
      },
      "faces": {
        "east": {
          "uv": [
            4.8,
            2.8,
            7,
            1.6
          ],
          "rotation": 270,
          "texture": "#2"
        },
        "west": {
          "uv": [
            7,
            2.8,
            4.8,
            1.6
          ],
          "rotation": 90,
          "texture": "#2"
        }
      }
    },
    {
      "from": [
        8.31,
        14.59994,
        3.75118
      ],
      "to": [
        8.34,
        18.09994,
        5.75118
      ],
      "rotation": {
        "angle": 22.5,
        "axis": "x",
        "origin": [
          8.325,
          15.61379,
          4.91933
        ]
      },
      "faces": {
        "east": {
          "uv": [
            2.4,
            4.8,
            5.2,
            3.2
          ],
          "rotation": 270,
          "texture": "#2"
        },
        "west": {
          "uv": [
            5.2,
            4.8,
            2.4,
            3.2
          ],
          "rotation": 90,
          "texture": "#2"
        }
      }
    },
    {
      "from": [
        8.275,
        14.37435,
        4.90135
      ],
      "to": [
        8.375,
        15.57435,
        7.00135
      ],
      "rotation": {
        "angle": -22.5,
        "axis": "x",
        "origin": [
          8.325,
          15.71379,
          5.11933
        ]
      },
      "faces": {
        "east": {
          "uv": [
            3.2,
            8.8,
            1.6,
            9.8
          ],
          "texture": "#2"
        },
        "west": {
          "uv": [
            1.6,
            8.8,
            3.2,
            9.8
          ],
          "texture": "#2"
        }
      }
    },
    {
      "from": [
        7.985,
        -2.5,
        6.625
      ],
      "to": [
        8.015,
        1.5,
        9.375
      ],
      "rotation": {
        "angle": 45,
        "axis": "y",
        "origin": [
          8,
          -0.5,
          8
        ]
      },
      "faces": {
        "east": {
          "uv": [
            4.6,
            0,
            2.4,
            3.2
          ],
          "texture": "#2"
        },
        "west": {
          "uv": [
            2.4,
            0,
            4.6,
            3.2
          ],
          "texture": "#2"
        }
      }
    },
    {
      "from": [
        7.985,
        -2.5,
        6.625
      ],
      "to": [
        8.015,
        1.5,
        9.375
      ],
      "rotation": {
        "angle": -45,
        "axis": "y",
        "origin": [
          8,
          -0.5,
          8
        ]
      },
      "faces": {
        "east": {
          "uv": [
            4.6,
            0,
            2.4,
            3.2
          ],
          "texture": "#2"
        },
        "west": {
          "uv": [
            2.4,
            0,
            4.6,
            3.2
          ],
          "texture": "#2"
        }
      }
    },
    {
      "from": [
        7.4,
        6.75,
        7.4
      ],
      "to": [
        8.6,
        7.75,
        8.6
      ],
      "rotation": {
        "angle": 0,
        "axis": "y",
        "origin": [
          7.5,
          2.75,
          7.5
        ]
      },
      "faces": {
        "north": {
          "uv": [
            11.2,
            8.8,
            12.2,
            9.6
          ],
          "texture": "#2"
        },
        "east": {
          "uv": [
            12,
            0,
            13,
            0.8
          ],
          "texture": "#2"
        },
        "south": {
          "uv": [
            5.6,
            12,
            6.6,
            12.8
          ],
          "texture": "#2"
        },
        "west": {
          "uv": [
            12,
            9.6,
            13,
            10.4
          ],
          "texture": "#2"
        },
        "up": {
          "uv": [
            11.4,
            12.2,
            10.4,
            11.2
          ],
          "texture": "#2"
        }
      }
    },
    {
      "from": [
        7.985,
        7.75,
        7.15
      ],
      "to": [
        8.015,
        9.25,
        8.85
      ],
      "rotation": {
        "angle": 45,
        "axis": "y",
        "origin": [
          8,
          8.5,
          8
        ]
      },
      "faces": {
        "east": {
          "uv": [
            7.8,
            7.2,
            6.4,
            8.4
          ],
          "texture": "#2"
        },
        "west": {
          "uv": [
            6.4,
            7.2,
            7.8,
            8.4
          ],
          "texture": "#2"
        }
      }
    },
    {
      "from": [
        7.985,
        7.75,
        7.15
      ],
      "to": [
        8.015,
        9.25,
        8.85
      ],
      "rotation": {
        "angle": -45,
        "axis": "y",
        "origin": [
          8,
          8.5,
          8
        ]
      },
      "faces": {
        "east": {
          "uv": [
            7.8,
            7.2,
            6.4,
            8.4
          ],
          "texture": "#2"
        },
        "west": {
          "uv": [
            6.4,
            7.2,
            7.8,
            8.4
          ],
          "texture": "#2"
        }
      }
    },
    {
      "from": [
        7.4,
        11.25,
        7.4
      ],
      "to": [
        8.6,
        12.25,
        8.6
      ],
      "rotation": {
        "angle": 0,
        "axis": "y",
        "origin": [
          7.5,
          16.25,
          7.5
        ]
      },
      "faces": {
        "north": {
          "uv": [
            11.2,
            9.6,
            12.2,
            8.8
          ],
          "texture": "#2"
        },
        "east": {
          "uv": [
            12,
            0.8,
            13,
            0
          ],
          "texture": "#2"
        },
        "south": {
          "uv": [
            5.6,
            12.8,
            6.6,
            12
          ],
          "texture": "#2"
        },
        "west": {
          "uv": [
            12,
            10.4,
            13,
            9.6
          ],
          "texture": "#2"
        },
        "down": {
          "uv": [
            11.4,
            11.2,
            10.4,
            12.2
          ],
          "texture": "#2"
        }
      }
    },
    {
      "from": [
        7.985,
        9.75,
        7.15
      ],
      "to": [
        8.015,
        11.25,
        8.85
      ],
      "rotation": {
        "angle": 45,
        "axis": "y",
        "origin": [
          8,
          10.5,
          8
        ]
      },
      "faces": {
        "east": {
          "uv": [
            7.8,
            8.4,
            6.4,
            7.2
          ],
          "texture": "#2"
        },
        "west": {
          "uv": [
            6.4,
            8.4,
            7.8,
            7.2
          ],
          "texture": "#2"
        }
      }
    },
    {
      "from": [
        7.985,
        9.75,
        7.15
      ],
      "to": [
        8.015,
        11.25,
        8.85
      ],
      "rotation": {
        "angle": -45,
        "axis": "y",
        "origin": [
          8,
          10.5,
          8
        ]
      },
      "faces": {
        "east": {
          "uv": [
            7.8,
            8.4,
            6.4,
            7.2
          ],
          "texture": "#2"
        },
        "west": {
          "uv": [
            6.4,
            8.4,
            7.8,
            7.2
          ],
          "texture": "#2"
        }
      }
    },
    {
      "from": [
        7.5,
        13.7485,
        3.8441
      ],
      "to": [
        8.5,
        15.2485,
        5.3441
      ],
      "rotation": {
        "angle": -22.5,
        "axis": "x",
        "origin": [
          8,
          14.4985,
          4.5941
        ]
      },
      "faces": {
        "north": {
          "uv": [
            3.2,
            12,
            2.4,
            13.2
          ],
          "rotation": 180,
          "texture": "#2"
        },
        "east": {
          "uv": [
            8.8,
            9.6,
            10,
            10.8
          ],
          "rotation": 270,
          "texture": "#2"
        },
        "south": {
          "uv": [
            2.4,
            13.2,
            1.6,
            12
          ],
          "texture": "#2"
        },
        "west": {
          "uv": [
            0,
            10.4,
            1.2,
            11.6
          ],
          "rotation": 90,
          "texture": "#2"
        },
        "up": {
          "uv": [
            0,
            12,
            0.8,
            13.2
          ],
          "rotation": 180,
          "texture": "#2"
        },
        "down": {
          "uv": [
            0.8,
            12,
            1.6,
            13.2
          ],
          "texture": "#2"
        }
      }
    },
    {
      "from": [
        7.75,
        14.22843,
        5
      ],
      "to": [
        8.25,
        15.47843,
        8
      ],
      "rotation": {
        "angle": 0,
        "axis": "x",
        "origin": [
          8,
          14.67979,
          6.79419
        ]
      },
      "faces": {
        "east": {
          "uv": [
            0,
            4.8,
            2.6,
            5.8
          ],
          "texture": "#2"
        },
        "south": {
          "uv": [
            3.2,
            13.6,
            3.6,
            14.6
          ],
          "texture": "#2"
        },
        "west": {
          "uv": [
            6.2,
            0,
            8.8,
            1
          ],
          "texture": "#2"
        },
        "up": {
          "uv": [
            9.2,
            4.2,
            8.8,
            1.6
          ],
          "texture": "#2"
        },
        "down": {
          "uv": [
            3.6,
            8.8,
            3.2,
            11.4
          ],
          "texture": "#2"
        }
      }
    },
    {
      "from": [
        7.75,
        11.66259,
        2.60139
      ],
      "to": [
        8.25,
        14.66259,
        3.85139
      ],
      "rotation": {
        "angle": 22.5,
        "axis": "x",
        "origin": [
          8,
          12.23766,
          3.71563
        ]
      },
      "faces": {
        "north": {
          "uv": [
            4,
            12,
            4.4,
            14.4
          ],
          "texture": "#2"
        },
        "east": {
          "uv": [
            5.6,
            4.8,
            6.6,
            7.2
          ],
          "texture": "#2"
        },
        "south": {
          "uv": [
            4.8,
            12,
            5.2,
            14.4
          ],
          "texture": "#2"
        },
        "west": {
          "uv": [
            0,
            6.4,
            1,
            8.8
          ],
          "texture": "#2"
        },
        "down": {
          "uv": [
            6.8,
            13.6,
            6.4,
            14.6
          ],
          "texture": "#2"
        }
      }
    },
    {
      "from": [
        7.7535,
        11.11891,
        2.5211
      ],
      "to": [
        8.2465,
        12.61891,
        3.7711
      ],
      "rotation": {
        "angle": -22.5,
        "axis": "x",
        "origin": [
          8,
          12.23766,
          3.71563
        ]
      },
      "faces": {
        "north": {
          "uv": [
            13.2,
            12,
            12.8,
            13.2
          ],
          "rotation": 180,
          "texture": "#2"
        },
        "east": {
          "uv": [
            4,
            10.4,
            5.2,
            11.4
          ],
          "rotation": 270,
          "texture": "#2"
        },
        "south": {
          "uv": [
            12.4,
            14,
            12,
            12.8
          ],
          "texture": "#2"
        },
        "west": {
          "uv": [
            5.6,
            10.4,
            6.8,
            11.4
          ],
          "rotation": 90,
          "texture": "#2"
        },
        "down": {
          "uv": [
            5.6,
            13.6,
            6,
            14.6
          ],
          "texture": "#2"
        }
      }
    },
    {
      "from": [
        8.8,
        11.05,
        5
      ],
      "to": [
        8.8,
        17.05,
        11
      ],
      "rotation": {
        "angle": 0,
        "axis": "y",
        "origin": [
          16,
          6,
          5
        ]
      },
      "faces": {
        "east": {
          "uv": [
            14,
            2,
            2,
            14
          ],
          "texture": "#3"
        }
      }
    },
    {
      "from": [
        7.2,
        11.05,
        5
      ],
      "to": [
        7.2,
        17.05,
        11
      ],
      "rotation": {
        "angle": 0,
        "axis": "y",
        "origin": [
          0,
          6,
          5
        ]
      },
      "faces": {
        "west": {
          "uv": [
            2,
            2,
            14,
            14
          ],
          "texture": "#3"
        }
      }
    },
    {
      "from": [
        7.985,
        9.08856,
        2.84057
      ],
      "to": [
        8.015,
        14.08856,
        5.59057
      ],
      "rotation": {
        "angle": 22.5,
        "axis": "x",
        "origin": [
          8,
          12.23766,
          3.71563
        ]
      },
      "faces": {
        "east": {
          "uv": [
            2.2,
            0,
            0,
            4
          ],
          "texture": "#2"
        },
        "west": {
          "uv": [
            0,
            0,
            2.2,
            4
          ],
          "texture": "#2"
        }
      }
    }
  ],
  "gui_light": "front",
  "display": {
    "thirdperson_righthand": {
      "translation": [
        0,
        1.75,
        1
      ]
    },
    "thirdperson_lefthand": {
      "translation": [
        0,
        1.75,
        1
      ]
    },
    "firstperson_righthand": {
      "rotation": [
        -10,
        0,
        0
      ],
      "translation": [
        0,
        2,
        0
      ]
    },
    "firstperson_lefthand": {
      "rotation": [
        -10,
        0,
        0
      ],
      "translation": [
        0,
        2,
        0
      ]
    },
    "ground": {
      "rotation": [
        -45,
        0,
        0
      ],
      "translation": [
        0,
        4.25,
        0
      ],
      "scale": [
        0.7,
        0.7,
        0.7
      ]
    },
    "gui": {
      "rotation": [
        -90,
        45,
        90
      ],
      "translation": [
        1,
        -1,
        0
      ],
      "scale": [
        0.9,
        0.9,
        0.9
      ]
    },
    "head": {
      "rotation": [
        0,
        -90,
        0
      ]
    },
    "fixed": {
      "rotation": [
        0,
        -90,
        0
      ],
      "translation": [
        0,
        0,
        -1.25
      ],
      "scale": [
        2,
        2,
        2
      ]
    }
  }
}