{"credit":"Made by PolygonMC","texture_size":[24,24],"textures":{"0":"winterset:wings","1":"winterset:animations/animations_1","particle":"winterset:wings"},"elements":[{"from":[9,-10.7071,7.625],"to":[10,-9.7071,8.375],"rotation":{"angle":45,"axis":"z","origin":[9,-10.7071,7.625]},"faces":{"north":{"uv":[10.33333,7.66667,11.66667,9],"texture":"#0","tintindex":0},"east":{"uv":[10.33333,10.33333,11.33333,11.66667],"texture":"#0","tintindex":0},"south":{"uv":[10.33333,9,11.66667,10.33333],"texture":"#0","tintindex":0},"west":{"uv":[7.66667,11.66667,8.66667,13],"texture":"#0","tintindex":0},"up":{"uv":[13,8.66667,11.66667,7.66667],"texture":"#0","tintindex":0},"down":{"uv":[10.33333,11.66667,9,12.66667],"texture":"#0","tintindex":0}}},{"from":[9,-11.2071,7.875],"to":[11,-9.2071,8.125],"rotation":{"angle":45,"axis":"z","origin":[9.5,-10.7071,7.625]},"faces":{"north":{"uv":[7.66667,9,10.33333,11.66667],"texture":"#0","tintindex":0},"east":{"uv":[11.66667,9,12,11.66667],"texture":"#0","tintindex":0},"south":{"uv":[10.33333,5,13,7.66667],"texture":"#0","tintindex":0},"west":{"uv":[10.33333,11.66667,10.66667,14.33333],"texture":"#0","tintindex":0},"up":{"uv":[13.66667,12,11,11.66667],"texture":"#0","tintindex":0},"down":{"uv":[3,12.33333,0.33333,12.66667],"texture":"#0","tintindex":0}}},{"from":[9.63388,-10.05773,7.95],"to":[19.13389,-6.55773,7.965],"rotation":{"angle":22.5,"axis":"z","origin":[12.13389,-9.30773,7.7]},"faces":{"north":{"uv":[0,0,12.66667,4.66667],"texture":"#0","tintindex":0},"south":{"uv":[12.66667,0,0,4.66667],"texture":"#0","tintindex":0}}},{"from":[10.00888,-11.5,8],"to":[17.50889,-8.5,8.015],"rotation":{"angle":0,"axis":"z","origin":[12.50889,-10.75,7.75]},"faces":{"north":{"uv":[0,4.66667,10,8.66667],"texture":"#0","tintindex":0},"south":{"uv":[10,4.66667,0,8.66667],"texture":"#0","tintindex":0}}},{"from":[9.05619,-13.38373,8.1],"to":[14.5562,-10.88373,8.1],"rotation":{"angle":-22.5,"axis":"z","origin":[11.8062,-12.13373,8.1]},"faces":{"north":{"uv":[0,8.83333,7.33333,12.16667],"texture":"#0","tintindex":0},"south":{"uv":[7.33333,8.83333,0,12.16667],"texture":"#0","tintindex":0}}},{"from":[6,-10.7071,7.625],"to":[7,-9.7071,8.375],"rotation":{"angle":-45,"axis":"z","origin":[7,-10.7071,7.625]},"faces":{"north":{"uv":[11.66667,7.66667,10.33333,9],"texture":"#0","tintindex":0},"east":{"uv":[8.66667,11.66667,7.66667,13],"texture":"#0","tintindex":0},"south":{"uv":[11.66667,9,10.33333,10.33333],"texture":"#0","tintindex":0},"west":{"uv":[11.33333,10.33333,10.33333,11.66667],"texture":"#0","tintindex":0},"up":{"uv":[11.66667,8.66667,13,7.66667],"texture":"#0","tintindex":0},"down":{"uv":[9,11.66667,10.33333,12.66667],"texture":"#0","tintindex":0}}},{"from":[-3.13388,-10.05773,7.95],"to":[6.36612,-6.55773,7.965],"rotation":{"angle":-22.5,"axis":"z","origin":[3.86612,-9.30773,7.7]},"faces":{"north":{"uv":[12.66667,0,0,4.66667],"texture":"#0","tintindex":0},"south":{"uv":[0,0,12.66667,4.66667],"texture":"#0","tintindex":0}}},{"from":[-1.50888,-11.5,8],"to":[5.99112,-8.5,8.015],"rotation":{"angle":0,"axis":"z","origin":[3.49112,-10.75,7.75]},"faces":{"north":{"uv":[10,4.66667,0,8.66667],"texture":"#0","tintindex":0},"south":{"uv":[0,4.66667,10,8.66667],"texture":"#0","tintindex":0}}},{"from":[1.4438,-13.38373,8.1],"to":[6.9438,-10.88373,8.1],"rotation":{"angle":22.5,"axis":"z","origin":[4.19381,-12.13373,8.1]},"faces":{"north":{"uv":[7.33333,8.83333,0,12.16667],"texture":"#0","tintindex":0},"south":{"uv":[0,8.83333,7.33333,12.16667],"texture":"#0","tintindex":0}}},{"from":[5,-11.2071,7.875],"to":[7,-9.2071,8.125],"rotation":{"angle":-45,"axis":"z","origin":[6.5,-10.7071,7.625]},"faces":{"north":{"uv":[10.33333,9,7.66667,11.66667],"texture":"#0","tintindex":0},"east":{"uv":[10.66667,11.66667,10.33333,14.33333],"texture":"#0","tintindex":0},"south":{"uv":[13,5,10.33333,7.66667],"texture":"#0","tintindex":0},"west":{"uv":[12,9,11.66667,11.66667],"texture":"#0","tintindex":0},"up":{"uv":[11,12,13.66667,11.66667],"texture":"#0","tintindex":0},"down":{"uv":[0.33333,12.33333,3,12.66667],"texture":"#0","tintindex":0}}},{"from":[7.875,-12,7.9925],"to":[11.875,-8,8.0075],"rotation":{"angle":-45,"axis":"y","origin":[9.875,-10,8]},"faces":{"north":{"uv":[14.33333,1.5,1.5,14.33333],"texture":"#1","tintindex":0},"south":{"uv":[1.5,1.5,14.33333,14.33333],"texture":"#1","tintindex":0}}},{"from":[7.875,-12,7.9925],"to":[11.875,-8,8.0075],"rotation":{"angle":45,"axis":"y","origin":[9.875,-10,8]},"faces":{"north":{"uv":[14.33333,1.5,1.5,14.33333],"texture":"#1","tintindex":0},"south":{"uv":[1.5,1.5,14.33333,14.33333],"texture":"#1","tintindex":0}}},{"from":[4.125,-12,7.9925],"to":[8.125,-8,8.0075],"rotation":{"angle":45,"axis":"y","origin":[6.125,-10,8]},"faces":{"north":{"uv":[1.5,1.5,14.33333,14.33333],"texture":"#1","tintindex":0},"south":{"uv":[14.33333,1.5,1.5,14.33333],"texture":"#1","tintindex":0}}},{"from":[4.125,-12,7.9925],"to":[8.125,-8,8.0075],"rotation":{"angle":-45,"axis":"y","origin":[6.125,-10,8]},"faces":{"north":{"uv":[1.5,1.5,14.33333,14.33333],"texture":"#1","tintindex":0},"south":{"uv":[14.33333,1.5,1.5,14.33333],"texture":"#1","tintindex":0}}}],"gui_light":"front","display":{"thirdperson_righthand":{"rotation":[37.5,0,0],"translation":[0,0.25,1],"scale":[0.47852,0.47852,0.47852]},"thirdperson_lefthand":{"rotation":[67.5,0,0],"translation":[-5.5,-6,9.75],"scale":[1.3,1.3,1.3]},"firstperson_righthand":{"rotation":[-15.75,0,0],"translation":[0,1.25,0],"scale":[0.60156,0.60156,0.60156]},"firstperson_lefthand":{"rotation":[-15.75,0,0],"translation":[0,1.25,0],"scale":[0,0,0]},"ground":{"rotation":[-45,0,0],"translation":[0,6.5,0],"scale":[0.7,0.7,0.7]},"gui":{"translation":[0,15.5,0],"scale":[0.84,0.84,0.84]},"head":{"translation":[0,-40.5,5.5],"scale":[3.6,3.6,3.6]},"fixed":{"translation":[0,0,-2],"scale":[2,2,2]}}}