{
  "credit": "Made with Blockbench by yungwilder",
  "texture_size": [
    32,
    32
  ],
  "textures": {
    "1": "halloween:headstone_shield"
  },
  "elements": [
    {
      "from": [
        3,
        0,
        6
      ],
      "to": [
        13,
        2,
        10
      ],
      "faces": {
        "north": {
          "uv": [
            9,
            10,
            14,
            11
          ],
          "texture": "#1"
        },
        "east": {
          "uv": [
            11,
            9,
            13,
            10
          ],
          "texture": "#1"
        },
        "south": {
          "uv": [
            9,
            10,
            14,
            11
          ],
          "texture": "#1"
        },
        "west": {
          "uv": [
            13,
            9,
            11,
            10
          ],
          "texture": "#1"
        },
        "up": {
          "uv": [
            13,
            2,
            8,
            0
          ],
          "texture": "#1"
        },
        "down": {
          "uv": [
            13,
            2,
            8,
            4
          ],
          "texture": "#1"
        }
      }
    },
    {
      "from": [
        4,
        2,
        7
      ],
      "to": [
        12,
        14,
        9
      ],
      "faces": {
        "north": {
          "uv": [
            0,
            0,
            4,
            6
          ],
          "texture": "#1"
        },
        "east": {
          "uv": [
            8,
            4,
            9,
            10
          ],
          "texture": "#1"
        },
        "south": {
          "uv": [
            4,
            0,
            8,
            6
          ],
          "texture": "#1"
        },
        "west": {
          "uv": [
            9,
            4,
            10,
            10
          ],
          "texture": "#1"
        },
        "up": {
          "uv": [
            15,
            8,
            11,
            7
          ],
          "texture": "#1"
        }
      }
    },
    {
      "from": [
        7.975,
        5,
        9
      ],
      "to": [
        8.025,
        11,
        12
      ],
      "rotation": {
        "angle": 0,
        "axis": "z",
        "origin": [
          8,
          8,
          10.5
        ]
      },
      "faces": {
        "east": {
          "uv": [
            11,
            4,
            12.5,
            7
          ],
          "texture": "#1"
        },
        "west": {
          "uv": [
            12.5,
            4,
            11,
            7
          ],
          "texture": "#1"
        }
      }
    }
  ],
  "gui_light": "front",
  "display": {
    "thirdperson_righthand": {
      "rotation": [
        70,
        -20,
        0
      ],
      "translation": [
        1,
        2.5,
        0
      ],
      "scale": [
        1.2,
        1.2,
        1.2
      ]
    },
    "thirdperson_lefthand": {
      "rotation": [
        70,
        -20,
        0
      ],
      "translation": [
        1,
        2.5,
        0
      ],
      "scale": [
        1.2,
        1.2,
        1.2
      ]
    },
    "ground": {
      "scale": [
        0.4,
        0.4,
        0.4
      ]
    },
    "gui": {
      "rotation": [
        15,
        -150,
        0
      ],
      "translation": [
        0,
        1,
        0
      ],
      "scale": [
        0.9,
        0.9,
        0.9
      ]
    },
    "head": {
      "translation": [
        0,
        16.75,
        0
      ],
      "scale": [
        1.3,
        1.3,
        1.3
      ]
    },
    "fixed": {
      "translation": [
        0,
        1,
        0
      ],
      "scale": [
        1.1,
        1.1,
        1.1
      ]
    }
  }
}