{"credit":"Made by Wulfy","texture_size":[32,32],"textures":{"0":"thanksgiving:corn_pickaxe","particle":"thanksgiving:corn_pickaxe"},"elements":[{"from":[7,0,7],"to":[9,18,9],"faces":{"north":{"uv":[0,0,1,9],"texture":"#0"},"east":{"uv":[1,0,2,9],"texture":"#0"},"south":{"uv":[2,0,3,9],"texture":"#0"},"west":{"uv":[3,0,4,9],"texture":"#0"},"up":{"uv":[11.5,5,10.5,4],"texture":"#0"},"down":{"uv":[11.5,5,10.5,6],"texture":"#0"}}},{"from":[6.5,1,6.5],"to":[9.5,3,9.5],"rotation":{"angle":0,"axis":"y","origin":[8,1.5,8]},"faces":{"north":{"uv":[9,7,10.5,8],"texture":"#0"},"east":{"uv":[10,8,11.5,9],"texture":"#0"},"south":{"uv":[0,10.5,1.5,11.5],"texture":"#0"},"west":{"uv":[1.5,10.5,3,11.5],"texture":"#0"},"up":{"uv":[10.5,7,9,5.5],"texture":"#0"},"down":{"uv":[5,9.5,3.5,11],"texture":"#0"}}},{"from":[5,18,6],"to":[11,22,10],"rotation":{"angle":0,"axis":"y","origin":[8,1.5,8]},"faces":{"north":{"uv":[4,0,7,2],"texture":"#0"},"east":{"uv":[7,4,9,6],"texture":"#0"},"south":{"uv":[4,2,7,4],"texture":"#0"},"west":{"uv":[7,6,9,8],"texture":"#0"},"up":{"uv":[7,6,4,4],"texture":"#0"},"down":{"uv":[7,6,4,8],"texture":"#0"}}},{"from":[9.84568,18.72417,6.5],"to":[13.84568,21.72417,9.5],"rotation":{"angle":-22.5,"axis":"z","origin":[10.84568,20.22417,8]},"faces":{"north":{"uv":[4,8,6,9.5],"texture":"#0"},"east":{"uv":[2,9,3.5,10.5],"texture":"#0"},"south":{"uv":[6,8,8,9.5],"texture":"#0"},"west":{"uv":[9,4,10.5,5.5],"texture":"#0"},"up":{"uv":[10,9.5,8,8],"texture":"#0"},"down":{"uv":[2,9,0,10.5],"texture":"#0"}}},{"from":[13.61639,20.34738,6.5],"to":[13.61639,23.34738,9.5],"rotation":{"angle":22.5,"axis":"z","origin":[13.61639,21.84738,8]},"faces":{"north":{"uv":[0,0,0,1.5],"texture":"#0"},"east":{"uv":[5,9.5,6.5,11],"texture":"#0"},"south":{"uv":[0,0,0,1.5],"texture":"#0"},"west":{"uv":[6.5,9.5,8,11],"texture":"#0"},"up":{"uv":[0,1.5,0,0],"texture":"#0"},"down":{"uv":[0,0,0,1.5],"texture":"#0"}}},{"from":[10.15785,17.11535,6.5],"to":[13.15785,17.11535,9.5],"rotation":{"angle":22.5,"axis":"z","origin":[11.65785,17.11535,8]},"faces":{"north":{"uv":[0,0,1.5,0],"texture":"#0"},"east":{"uv":[0,0,1.5,0],"texture":"#0"},"south":{"uv":[0,0,1.5,0],"texture":"#0"},"west":{"uv":[0,0,1.5,0],"texture":"#0"},"up":{"uv":[9.5,11,8,9.5],"texture":"#0"},"down":{"uv":[11,9.5,9.5,11],"texture":"#0"}}},{"from":[10,18,7],"to":[18,20,9],"rotation":{"angle":-22.5,"axis":"z","origin":[14,20,8]},"faces":{"north":{"uv":[7,0,11,1],"texture":"#0"},"east":{"uv":[10.5,6,11.5,7],"texture":"#0"},"south":{"uv":[7,1,11,2],"texture":"#0"},"west":{"uv":[10.5,7,11.5,8],"texture":"#0"},"up":{"uv":[11,3,7,2],"texture":"#0"},"down":{"uv":[11,3,7,4],"texture":"#0"}}},{"from":[2.38361,20.34738,6.5],"to":[2.38361,23.34738,9.5],"rotation":{"angle":-22.5,"axis":"z","origin":[2.38361,21.84738,8]},"faces":{"north":{"uv":[0,0,0,1.5],"texture":"#0"},"east":{"uv":[8,9.5,6.5,11],"texture":"#0"},"south":{"uv":[0,0,0,1.5],"texture":"#0"},"west":{"uv":[6.5,9.5,5,11],"texture":"#0"},"up":{"uv":[0,1.5,0,0],"texture":"#0"},"down":{"uv":[0,0,0,1.5],"texture":"#0"}}},{"from":[2.15432,18.72417,6.5],"to":[6.15432,21.72417,9.5],"rotation":{"angle":22.5,"axis":"z","origin":[5.15432,20.22417,8]},"faces":{"north":{"uv":[6,8,4,9.5],"texture":"#0"},"east":{"uv":[10.5,4,9,5.5],"texture":"#0"},"south":{"uv":[8,8,6,9.5],"texture":"#0"},"west":{"uv":[3.5,9,2,10.5],"texture":"#0"},"up":{"uv":[8,9.5,10,8],"texture":"#0"},"down":{"uv":[0,9,2,10.5],"texture":"#0"}}},{"from":[2.15432,18.72417,9.5],"to":[6.15432,21.72417,6.5],"rotation":{"angle":22.5,"axis":"z","origin":[5.15432,20.22417,11]},"faces":{"north":{"uv":[6,8,4,9.5],"texture":"#0"},"east":{"uv":[10.5,4,9,5.5],"texture":"#0"},"south":{"uv":[8,8,6,9.5],"texture":"#0"},"west":{"uv":[3.5,9,2,10.5],"texture":"#0"},"up":{"uv":[8,9.5,10,8],"texture":"#0"},"down":{"uv":[0,9,2,10.5],"texture":"#0"}}},{"from":[9.84568,18.72417,9.5],"to":[13.84568,21.72417,6.5],"rotation":{"angle":-22.5,"axis":"z","origin":[10.84568,20.22417,11]},"faces":{"north":{"uv":[4,8,6,9.5],"texture":"#0"},"east":{"uv":[2,9,3.5,10.5],"texture":"#0"},"south":{"uv":[6,8,8,9.5],"texture":"#0"},"west":{"uv":[9,4,10.5,5.5],"texture":"#0"},"up":{"uv":[10,9.5,8,8],"texture":"#0"},"down":{"uv":[2,9,0,10.5],"texture":"#0"}}},{"from":[-2,18,7],"to":[6,20,9],"rotation":{"angle":22.5,"axis":"z","origin":[2,20,8]},"faces":{"north":{"uv":[11,0,7,1],"texture":"#0"},"east":{"uv":[11.5,7,10.5,8],"texture":"#0"},"south":{"uv":[11,1,7,2],"texture":"#0"},"west":{"uv":[11.5,6,10.5,7],"texture":"#0"},"up":{"uv":[7,3,11,2],"texture":"#0"},"down":{"uv":[7,3,11,4],"texture":"#0"}}},{"from":[2.84215,17.11535,6.5],"to":[5.84215,17.11535,9.5],"rotation":{"angle":-22.5,"axis":"z","origin":[4.34215,17.11535,8]},"faces":{"north":{"uv":[1.5,0,0,0],"texture":"#0"},"east":{"uv":[1.5,0,0,0],"texture":"#0"},"south":{"uv":[1.5,0,0,0],"texture":"#0"},"west":{"uv":[1.5,0,0,0],"texture":"#0"},"up":{"uv":[8,11,9.5,9.5],"texture":"#0"},"down":{"uv":[9.5,9.5,11,11],"texture":"#0"}}}],"gui_light":"front","display":{"thirdperson_righthand":{"rotation":[0,90,0],"translation":[0,-0.5,1.5],"scale":[0.9,0.9,0.9]},"thirdperson_lefthand":{"rotation":[0,-90,0],"translation":[0,-0.5,1.5],"scale":[0.9,0.9,0.9]},"firstperson_righthand":{"rotation":[16,105,0],"translation":[1,0,0],"scale":[0.45,0.45,0.45]},"firstperson_lefthand":{"rotation":[16,105,0],"translation":[1,0,0],"scale":[0.45,0.45,0.45]},"ground":{"rotation":[45,45,0],"scale":[0.35,0.35,0.35]},"gui":{"rotation":[20,-20,-45],"translation":[-2.5,-2.5,0],"scale":[0.7,0.7,0.7]},"head":{"rotation":[0,0,-125],"translation":[-4,14,0]},"fixed":{"rotation":[0,0,45],"translation":[3,-3,-0.25],"scale":[0.8,0.8,0.8]}}}