{"credit":"Made by Wulfy","texture_size":[64,64],"textures":{"0":"thanksgiving:pie_fork_axe","particle":"thanksgiving:pie_fork_axe"},"elements":[{"from":[7,-2,7],"to":[9,22,9],"faces":{"north":{"uv":[0,3,0.5,9],"texture":"#0"},"east":{"uv":[0.5,3,1,9],"texture":"#0"},"south":{"uv":[1,3,1.5,9],"texture":"#0"},"west":{"uv":[1.5,3,2,9],"texture":"#0"},"up":{"uv":[6.25,1.5,5.75,1],"texture":"#0"},"down":{"uv":[6.25,1.5,5.75,2],"texture":"#0"}}},{"from":[4.12183,24.81678,6.475],"to":[13.12183,28.81678,9.5],"rotation":{"angle":-22.5,"axis":"z","origin":[6.48046,25.20096,7.5]},"faces":{"north":{"uv":[3.5,1,5.75,2],"texture":"#0"},"east":{"uv":[2.75,6.25,3.5,7.25],"texture":"#0"},"south":{"uv":[3.5,2,5.75,3],"texture":"#0"},"west":{"uv":[3.5,6.25,4.25,7.25],"texture":"#0"},"up":{"uv":[6.25,5.5,4,4.75],"texture":"#0"},"down":{"uv":[6.25,5.5,4,6.25],"texture":"#0"}}},{"from":[2.12183,20.81678,5.5],"to":[5.12183,29.81678,9.55],"rotation":{"angle":-22.5,"axis":"z","origin":[6.48046,25.20096,7.5]},"faces":{"north":{"uv":[6.25,0,7,2.25],"texture":"#0"},"east":{"uv":[2,4,3,6.25],"texture":"#0"},"south":{"uv":[2,6.25,2.75,8.5],"texture":"#0"},"west":{"uv":[3,4,4,6.25],"texture":"#0"},"up":{"uv":[5.75,7.25,5,6.25],"texture":"#0"},"down":{"uv":[6.5,6.25,5.75,7.25],"texture":"#0"}}},{"from":[3,22,6.5],"to":[14,26,9.525],"rotation":{"angle":0,"axis":"y","origin":[6.48046,25.20096,7.5]},"faces":{"north":{"uv":[2,3,4.75,4],"texture":"#0"},"east":{"uv":[4.25,6.25,5,7.25],"texture":"#0"},"south":{"uv":[3.5,0,6.25,1],"texture":"#0"},"west":{"uv":[6.25,4.75,7,5.75],"texture":"#0"},"up":{"uv":[6.75,4.75,4,4],"texture":"#0"},"down":{"uv":[7.5,3,4.75,3.75],"texture":"#0"}}},{"from":[4.5,20,7.975],"to":[11.5,32,8.025],"rotation":{"angle":0,"axis":"y","origin":[-4,-1,-5]},"faces":{"north":{"uv":[0,0,1.75,3],"texture":"#0"},"south":{"uv":[1.75,0,3.5,3],"texture":"#0"}}}],"gui_light":"front","display":{"thirdperson_righthand":{"rotation":[0,90,0],"translation":[0,-3.5,1.5],"scale":[0.8,0.8,0.8]},"thirdperson_lefthand":{"rotation":[0,-90,0],"translation":[0,-3.5,1.5],"scale":[0.8,0.8,0.8]},"firstperson_righthand":{"rotation":[16,105,0],"translation":[1,0,0],"scale":[0.45,0.45,0.45]},"firstperson_lefthand":{"rotation":[16,-75,0],"translation":[1,0,0],"scale":[0.45,0.45,0.45]},"ground":{"rotation":[45,45,0],"scale":[0.35,0.35,0.35]},"gui":{"rotation":[20,-180,45],"translation":[-3,-2.5,0],"scale":[0.55,0.55,0.55]},"head":{"rotation":[0,0,-125],"translation":[-4,17,0]},"fixed":{"rotation":[180,-180,-135],"translation":[4,-4,-0.5],"scale":[0.7,0.7,0.7]}}}