{
  "credit": "MadewithBlockbench",
  "texture_size": [
    8,
    8
  ],
  "textures": {
    "0": "elitecreatures:easterbunny_animated_weapon_set/texture_01",
    "1": "elitecreatures:easterbunny_animated_weapon_set/texture_animation_01",
    "2": "elitecreatures:easterbunny_animated_weapon_set/texture_animation_02",
    "particle": "elitecreatures:easterbunny_animated_weapon_set/texture_01"
  },
  "elements": [
    {
      "from": [
        8.6,
        16,
        12
      ],
      "to": [
        10.6,
        18,
        16
      ],
      "rotation": {
        "angle": 22.5,
        "axis": "x",
        "origin": [
          1.1,
          25,
          0
        ]
      },
      "faces": {
        "north": {
          "uv": [
            2.5,
            9,
            3,
            8.5
          ],
          "texture": "#0"
        },
        "east": {
          "uv": [
            2.25,
            8.5,
            3.25,
            8
          ],
          "texture": "#0"
        },
        "south": {
          "uv": [
            2.5,
            9,
            3,
            8.5
          ],
          "texture": "#0"
        },
        "west": {
          "uv": [
            2.25,
            8.5,
            3.25,
            8
          ],
          "texture": "#0"
        },
        "up": {
          "uv": [
            2,
            6.75,
            1.5,
            7.75
          ],
          "texture": "#0"
        },
        "down": {
          "uv": [
            2,
            6.75,
            1.5,
            7.75
          ],
          "texture": "#0"
        }
      }
    },
    {
      "from": [
        8.6,
        16,
        0
      ],
      "to": [
        10.6,
        18,
        4
      ],
      "rotation": {
        "angle": -22.5,
        "axis": "x",
        "origin": [
          0.1,
          25,
          16
        ]
      },
      "faces": {
        "north": {
          "uv": [
            3,
            9,
            2.5,
            8.5
          ],
          "texture": "#0"
        },
        "east": {
          "uv": [
            3.25,
            8.5,
            2.25,
            8
          ],
          "texture": "#0"
        },
        "south": {
          "uv": [
            3,
            9,
            2.5,
            8.5
          ],
          "texture": "#0"
        },
        "west": {
          "uv": [
            3.25,
            8.5,
            2.25,
            8
          ],
          "texture": "#0"
        },
        "up": {
          "uv": [
            2,
            7.75,
            1.5,
            6.75
          ],
          "texture": "#0"
        },
        "down": {
          "uv": [
            2,
            7.75,
            1.5,
            6.75
          ],
          "texture": "#0"
        }
      }
    },
    {
      "from": [
        8,
        8,
        2.5
      ],
      "to": [
        10,
        12,
        6.5
      ],
      "rotation": {
        "angle": 22.5,
        "axis": "x",
        "origin": [
          9,
          8.5,
          4.5
        ]
      },
      "faces": {
        "north": {
          "uv": [
            4,
            10,
            4.5,
            9
          ],
          "rotation": 180,
          "texture": "#0"
        },
        "east": {
          "uv": [
            3,
            9,
            4,
            10
          ],
          "rotation": 90,
          "texture": "#0"
        },
        "south": {
          "uv": [
            4,
            10,
            4.5,
            9
          ],
          "texture": "#0"
        },
        "west": {
          "uv": [
            4,
            9,
            3,
            10
          ],
          "rotation": 270,
          "texture": "#0"
        },
        "up": {
          "uv": [
            4.5,
            9,
            4,
            10
          ],
          "texture": "#0"
        },
        "down": {
          "uv": [
            4.5,
            9,
            4,
            10
          ],
          "rotation": 180,
          "texture": "#0"
        }
      }
    },
    {
      "from": [
        8.25,
        4.5,
        3
      ],
      "to": [
        9.75,
        9.5,
        6
      ],
      "rotation": {
        "angle": 0,
        "axis": "y",
        "origin": [
          9,
          8.5,
          4.5
        ]
      },
      "faces": {
        "north": {
          "uv": [
            3.875,
            9,
            4.25,
            7.75
          ],
          "rotation": 180,
          "texture": "#0"
        },
        "east": {
          "uv": [
            4.5,
            9.25,
            5.75,
            10
          ],
          "rotation": 90,
          "texture": "#0"
        },
        "south": {
          "uv": [
            3.875,
            9,
            4.25,
            7.75
          ],
          "texture": "#0"
        },
        "west": {
          "uv": [
            5.75,
            9.25,
            4.5,
            10
          ],
          "rotation": 270,
          "texture": "#0"
        },
        "up": {
          "uv": [
            2.875,
            9.75,
            2.5,
            10.5
          ],
          "texture": "#0"
        },
        "down": {
          "uv": [
            2.875,
            9.75,
            2.5,
            10.5
          ],
          "rotation": 180,
          "texture": "#0"
        }
      }
    },
    {
      "from": [
        8.25,
        4.5,
        10
      ],
      "to": [
        9.75,
        9.5,
        13
      ],
      "rotation": {
        "angle": 0,
        "axis": "y",
        "origin": [
          9,
          8.5,
          11.5
        ]
      },
      "faces": {
        "north": {
          "uv": [
            4.25,
            9,
            3.875,
            7.75
          ],
          "texture": "#0"
        },
        "east": {
          "uv": [
            4.5,
            10,
            5.75,
            9.25
          ],
          "rotation": 90,
          "texture": "#0"
        },
        "south": {
          "uv": [
            4.25,
            9,
            3.875,
            7.75
          ],
          "rotation": 180,
          "texture": "#0"
        },
        "west": {
          "uv": [
            5.75,
            10,
            4.5,
            9.25
          ],
          "rotation": 270,
          "texture": "#0"
        },
        "up": {
          "uv": [
            2.875,
            10.5,
            2.5,
            9.75
          ],
          "texture": "#0"
        },
        "down": {
          "uv": [
            2.875,
            10.5,
            2.5,
            9.75
          ],
          "rotation": 180,
          "texture": "#0"
        }
      }
    },
    {
      "from": [
        8,
        8,
        9.5
      ],
      "to": [
        10,
        12,
        13.5
      ],
      "rotation": {
        "angle": -22.5,
        "axis": "x",
        "origin": [
          9,
          8.5,
          11.5
        ]
      },
      "faces": {
        "north": {
          "uv": [
            4.5,
            10,
            4,
            9
          ],
          "texture": "#0"
        },
        "east": {
          "uv": [
            3,
            10,
            4,
            9
          ],
          "rotation": 90,
          "texture": "#0"
        },
        "south": {
          "uv": [
            4.5,
            10,
            4,
            9
          ],
          "rotation": 180,
          "texture": "#0"
        },
        "west": {
          "uv": [
            4,
            10,
            3,
            9
          ],
          "rotation": 270,
          "texture": "#0"
        },
        "up": {
          "uv": [
            4.5,
            10,
            4,
            9
          ],
          "texture": "#0"
        },
        "down": {
          "uv": [
            4.5,
            10,
            4,
            9
          ],
          "rotation": 180,
          "texture": "#0"
        }
      }
    },
    {
      "from": [
        7.7,
        11.5,
        6.75
      ],
      "to": [
        11.7,
        14,
        9.25
      ],
      "rotation": {
        "angle": 0,
        "axis": "y",
        "origin": [
          2.2,
          25,
          0
        ]
      },
      "faces": {
        "north": {
          "uv": [
            4.625,
            0.125,
            5.625,
            0.75
          ],
          "texture": "#0"
        },
        "east": {
          "uv": [
            4,
            2.125,
            4.625,
            1.5
          ],
          "texture": "#0"
        },
        "south": {
          "uv": [
            4.625,
            0.125,
            5.625,
            0.75
          ],
          "texture": "#0"
        },
        "west": {
          "uv": [
            4,
            2.125,
            4.625,
            1.5
          ],
          "texture": "#0"
        },
        "up": {
          "uv": [
            4,
            1.5,
            5,
            0.875
          ],
          "texture": "#0"
        },
        "down": {
          "uv": [
            4,
            1.5,
            5,
            0.875
          ],
          "texture": "#0"
        }
      }
    },
    {
      "from": [
        7.7,
        0.5,
        3.75
      ],
      "to": [
        9.7,
        8,
        11.25
      ],
      "rotation": {
        "angle": -45,
        "axis": "x",
        "origin": [
          9.7,
          4.75,
          8
        ]
      },
      "faces": {
        "north": {
          "uv": [
            6.125,
            9,
            6.625,
            7.125
          ],
          "texture": "#0"
        },
        "east": {
          "uv": [
            4.25,
            9,
            6.125,
            7.125
          ],
          "texture": "#0"
        },
        "south": {
          "uv": [
            6.125,
            9,
            6.625,
            7.125
          ],
          "texture": "#0"
        },
        "west": {
          "uv": [
            4.25,
            9,
            6.125,
            7.125
          ],
          "texture": "#0"
        },
        "up": {
          "uv": [
            6.125,
            9,
            6.625,
            7.125
          ],
          "texture": "#0"
        },
        "down": {
          "uv": [
            6.625,
            9,
            6.125,
            7.125
          ],
          "texture": "#0"
        }
      }
    },
    {
      "from": [
        9.5,
        3.5,
        6.5
      ],
      "to": [
        11.7,
        6.5,
        9.5
      ],
      "rotation": {
        "angle": 0,
        "axis": "y",
        "origin": [
          8,
          29,
          5
        ]
      },
      "faces": {
        "north": {
          "uv": [
            2.25,
            7,
            2.75,
            7.75
          ],
          "texture": "#0"
        },
        "east": {
          "uv": [
            2.25,
            6.25,
            3,
            7
          ],
          "texture": "#0"
        },
        "south": {
          "uv": [
            2.25,
            7,
            2.75,
            7.75
          ],
          "texture": "#0"
        },
        "west": {
          "uv": [
            2.25,
            6.25,
            3,
            7
          ],
          "texture": "#0"
        },
        "up": {
          "uv": [
            3,
            9,
            2.5,
            9.75
          ],
          "texture": "#0"
        },
        "down": {
          "uv": [
            3.25,
            7,
            2.75,
            7.75
          ],
          "texture": "#0"
        }
      }
    },
    {
      "from": [
        10,
        6.5,
        7
      ],
      "to": [
        11.5,
        7,
        9
      ],
      "rotation": {
        "angle": 0,
        "axis": "y",
        "origin": [
          8,
          29,
          5
        ]
      },
      "faces": {
        "north": {
          "uv": [
            0.375,
            6.75,
            0.875,
            6.875
          ],
          "texture": "#0"
        },
        "east": {
          "uv": [
            0.375,
            6.75,
            0.875,
            6.875
          ],
          "texture": "#0"
        },
        "south": {
          "uv": [
            0.375,
            6.75,
            0.875,
            6.875
          ],
          "texture": "#0"
        },
        "west": {
          "uv": [
            0.375,
            6.75,
            0.875,
            6.875
          ],
          "texture": "#0"
        },
        "up": {
          "uv": [
            2.625,
            9.125,
            3,
            9.625
          ],
          "texture": "#0"
        },
        "down": {
          "uv": [
            2.625,
            9.125,
            3,
            9.625
          ],
          "texture": "#0"
        }
      }
    },
    {
      "from": [
        10,
        3,
        7
      ],
      "to": [
        11.5,
        3.5,
        9
      ],
      "rotation": {
        "angle": 0,
        "axis": "y",
        "origin": [
          8,
          29,
          5
        ]
      },
      "faces": {
        "north": {
          "uv": [
            0.25,
            2.875,
            0.75,
            3
          ],
          "texture": "#0"
        },
        "east": {
          "uv": [
            0.25,
            2.875,
            0.75,
            3
          ],
          "texture": "#0"
        },
        "south": {
          "uv": [
            0.25,
            2.875,
            0.75,
            3
          ],
          "texture": "#0"
        },
        "west": {
          "uv": [
            0.25,
            2.875,
            0.75,
            3
          ],
          "texture": "#0"
        },
        "up": {
          "uv": [
            3.375,
            6.5,
            3,
            7
          ],
          "texture": "#0"
        },
        "down": {
          "uv": [
            3.375,
            6.5,
            3,
            7
          ],
          "texture": "#0"
        }
      }
    },
    {
      "from": [
        9.3,
        3.5,
        8.9
      ],
      "to": [
        10.4,
        7.5,
        10.4
      ],
      "rotation": {
        "angle": 0,
        "axis": "y",
        "origin": [
          8,
          33,
          9
        ]
      },
      "faces": {
        "north": {
          "uv": [
            0.375,
            7,
            0.625,
            8
          ],
          "rotation": 180,
          "texture": "#0"
        },
        "east": {
          "uv": [
            0.375,
            7,
            0,
            8
          ],
          "rotation": 180,
          "texture": "#0"
        },
        "south": {
          "uv": [
            0.625,
            7,
            0.375,
            8
          ],
          "rotation": 180,
          "texture": "#0"
        },
        "west": {
          "uv": [
            0.375,
            7,
            0,
            8
          ],
          "rotation": 180,
          "texture": "#0"
        },
        "up": {
          "uv": [
            0.875,
            7,
            0.625,
            7.375
          ],
          "rotation": 180,
          "texture": "#0"
        },
        "down": {
          "uv": [
            0.875,
            7,
            0.625,
            7.375
          ],
          "rotation": 180,
          "texture": "#0"
        }
      }
    },
    {
      "from": [
        9.3,
        3.5,
        5.6
      ],
      "to": [
        10.4,
        7.5,
        7.1
      ],
      "rotation": {
        "angle": 0,
        "axis": "y",
        "origin": [
          8,
          33,
          9
        ]
      },
      "faces": {
        "north": {
          "uv": [
            0.375,
            7,
            0.625,
            8
          ],
          "rotation": 180,
          "texture": "#0"
        },
        "east": {
          "uv": [
            0,
            7,
            0.375,
            8
          ],
          "rotation": 180,
          "texture": "#0"
        },
        "south": {
          "uv": [
            0.625,
            7,
            0.375,
            8
          ],
          "rotation": 180,
          "texture": "#0"
        },
        "west": {
          "uv": [
            0,
            7,
            0.375,
            8
          ],
          "rotation": 180,
          "texture": "#0"
        },
        "up": {
          "uv": [
            0.875,
            7.375,
            0.625,
            7
          ],
          "rotation": 180,
          "texture": "#0"
        },
        "down": {
          "uv": [
            0.875,
            7.375,
            0.625,
            7
          ],
          "rotation": 180,
          "texture": "#0"
        }
      }
    },
    {
      "from": [
        9.3,
        7.5,
        5.6
      ],
      "to": [
        11.4,
        11.5,
        10.4
      ],
      "rotation": {
        "angle": 0,
        "axis": "y",
        "origin": [
          8,
          33,
          9
        ]
      },
      "faces": {
        "north": {
          "uv": [
            0.5,
            5.75,
            0,
            6.75
          ],
          "rotation": 180,
          "texture": "#0"
        },
        "east": {
          "uv": [
            0.5,
            5.75,
            1.75,
            6.75
          ],
          "rotation": 180,
          "texture": "#0"
        },
        "south": {
          "uv": [
            0,
            5.75,
            0.5,
            6.75
          ],
          "rotation": 180,
          "texture": "#0"
        },
        "west": {
          "uv": [
            0.5,
            5.75,
            1.75,
            6.75
          ],
          "rotation": 180,
          "texture": "#0"
        },
        "up": {
          "uv": [
            1.375,
            8,
            0.875,
            6.75
          ],
          "rotation": 180,
          "texture": "#0"
        },
        "down": {
          "uv": [
            1.375,
            8,
            0.875,
            6.75
          ],
          "rotation": 180,
          "texture": "#0"
        }
      }
    },
    {
      "from": [
        7.8,
        8,
        10.4
      ],
      "to": [
        10.8,
        11,
        10.9
      ],
      "rotation": {
        "angle": 0,
        "axis": "y",
        "origin": [
          8,
          33,
          9
        ]
      },
      "faces": {
        "north": {
          "uv": [
            4.125,
            6.5,
            3.375,
            7.25
          ],
          "rotation": 180,
          "texture": "#0"
        },
        "east": {
          "uv": [
            4.25,
            6.5,
            4.125,
            7.25
          ],
          "rotation": 180,
          "texture": "#0"
        },
        "south": {
          "uv": [
            4.125,
            6.5,
            3.375,
            7.25
          ],
          "rotation": 180,
          "texture": "#0"
        },
        "west": {
          "uv": [
            4.25,
            6.5,
            4.125,
            7.25
          ],
          "rotation": 180,
          "texture": "#0"
        },
        "up": {
          "uv": [
            4.25,
            6.5,
            4.125,
            7.25
          ],
          "rotation": 180,
          "texture": "#0"
        },
        "down": {
          "uv": [
            4.25,
            6.5,
            4.125,
            7.25
          ],
          "rotation": 180,
          "texture": "#0"
        }
      }
    },
    {
      "from": [
        7.2,
        7.5,
        5.6
      ],
      "to": [
        9.3,
        11.5,
        10.4
      ],
      "rotation": {
        "angle": 0,
        "axis": "y",
        "origin": [
          8,
          33,
          9
        ]
      },
      "faces": {
        "north": {
          "uv": [
            0,
            5.75,
            0.5,
            6.75
          ],
          "rotation": 180,
          "texture": "#0"
        },
        "east": {
          "uv": [
            1.75,
            5.75,
            0.5,
            6.75
          ],
          "rotation": 180,
          "texture": "#0"
        },
        "south": {
          "uv": [
            0.5,
            5.75,
            0,
            6.75
          ],
          "rotation": 180,
          "texture": "#0"
        },
        "west": {
          "uv": [
            6,
            5.75,
            4.75,
            6.75
          ],
          "rotation": 180,
          "texture": "#0"
        },
        "up": {
          "uv": [
            0.875,
            8,
            1.375,
            6.75
          ],
          "rotation": 180,
          "texture": "#0"
        },
        "down": {
          "uv": [
            0.875,
            8,
            1.375,
            6.75
          ],
          "rotation": 180,
          "texture": "#0"
        }
      }
    },
    {
      "from": [
        7.8,
        8,
        5.1
      ],
      "to": [
        10.8,
        11,
        5.6
      ],
      "rotation": {
        "angle": 0,
        "axis": "y",
        "origin": [
          8,
          33,
          9
        ]
      },
      "faces": {
        "north": {
          "uv": [
            3.375,
            6.5,
            4.125,
            7.25
          ],
          "rotation": 180,
          "texture": "#0"
        },
        "east": {
          "uv": [
            4.125,
            6.5,
            4.25,
            7.25
          ],
          "rotation": 180,
          "texture": "#0"
        },
        "south": {
          "uv": [
            3.375,
            6.5,
            4.125,
            7.25
          ],
          "rotation": 180,
          "texture": "#0"
        },
        "west": {
          "uv": [
            4.125,
            6.5,
            4.25,
            7.25
          ],
          "rotation": 180,
          "texture": "#0"
        },
        "up": {
          "uv": [
            4.125,
            6.5,
            4.25,
            7.25
          ],
          "rotation": 180,
          "texture": "#0"
        },
        "down": {
          "uv": [
            4.125,
            6.5,
            4.25,
            7.25
          ],
          "rotation": 180,
          "texture": "#0"
        }
      }
    },
    {
      "from": [
        9,
        -8,
        9
      ],
      "to": [
        9,
        4,
        13
      ],
      "rotation": {
        "angle": 0,
        "axis": "y",
        "origin": [
          0,
          12,
          0
        ]
      },
      "faces": {
        "north": {
          "uv": [
            0,
            0,
            0,
            3
          ],
          "texture": "#missing"
        },
        "east": {
          "uv": [
            9.875,
            11.75,
            10.875,
            14.75
          ],
          "texture": "#0"
        },
        "south": {
          "uv": [
            0,
            0,
            0,
            3
          ],
          "texture": "#missing"
        },
        "west": {
          "uv": [
            10.875,
            11.75,
            9.875,
            14.75
          ],
          "texture": "#0"
        },
        "up": {
          "uv": [
            0,
            0,
            0,
            1
          ],
          "texture": "#missing"
        },
        "down": {
          "uv": [
            0,
            0,
            0,
            1
          ],
          "texture": "#missing"
        }
      }
    },
    {
      "from": [
        9,
        -8,
        3
      ],
      "to": [
        9,
        4,
        7
      ],
      "rotation": {
        "angle": 0,
        "axis": "y",
        "origin": [
          0,
          12,
          16
        ]
      },
      "faces": {
        "north": {
          "uv": [
            0,
            0,
            0,
            3
          ],
          "texture": "#missing"
        },
        "east": {
          "uv": [
            10.875,
            11.75,
            9.875,
            14.75
          ],
          "texture": "#0"
        },
        "south": {
          "uv": [
            0,
            0,
            0,
            3
          ],
          "texture": "#missing"
        },
        "west": {
          "uv": [
            9.875,
            11.75,
            10.875,
            14.75
          ],
          "texture": "#0"
        },
        "up": {
          "uv": [
            0,
            1,
            0,
            0
          ],
          "texture": "#missing"
        },
        "down": {
          "uv": [
            0,
            1,
            0,
            0
          ],
          "texture": "#missing"
        }
      }
    },
    {
      "from": [
        3.5,
        7,
        4
      ],
      "to": [
        8.5,
        9,
        5
      ],
      "rotation": {
        "angle": 0,
        "axis": "y",
        "origin": [
          16.5,
          0,
          16
        ]
      },
      "faces": {
        "north": {
          "uv": [
            3.25,
            2,
            3.75,
            0.75
          ],
          "rotation": 90,
          "texture": "#0"
        },
        "east": {
          "uv": [
            4.5,
            2.375,
            4,
            2.125
          ],
          "rotation": 90,
          "texture": "#0"
        },
        "south": {
          "uv": [
            3.25,
            2,
            3.75,
            0.75
          ],
          "rotation": 270,
          "texture": "#0"
        },
        "west": {
          "uv": [
            4.5,
            2.375,
            4,
            2.125
          ],
          "rotation": 90,
          "texture": "#0"
        },
        "up": {
          "uv": [
            4,
            2,
            3.75,
            0.75
          ],
          "rotation": 270,
          "texture": "#0"
        },
        "down": {
          "uv": [
            4,
            2,
            3.75,
            0.75
          ],
          "rotation": 270,
          "texture": "#0"
        }
      }
    },
    {
      "from": [
        3.5,
        7,
        5
      ],
      "to": [
        4.5,
        9,
        11
      ],
      "rotation": {
        "angle": 0,
        "axis": "y",
        "origin": [
          16.5,
          0,
          0
        ]
      },
      "faces": {
        "north": {
          "uv": [
            0,
            0.25,
            0.5,
            0
          ],
          "rotation": 90,
          "texture": "#0"
        },
        "east": {
          "uv": [
            9.625,
            1.25,
            9.125,
            2.75
          ],
          "rotation": 90,
          "texture": "#0"
        },
        "south": {
          "uv": [
            0,
            0.25,
            0.5,
            0
          ],
          "rotation": 270,
          "texture": "#0"
        },
        "west": {
          "uv": [
            9.125,
            1.25,
            9.625,
            2.75
          ],
          "rotation": 270,
          "texture": "#0"
        },
        "up": {
          "uv": [
            9.125,
            1.25,
            8.875,
            2.75
          ],
          "texture": "#0"
        },
        "down": {
          "uv": [
            8.875,
            1.25,
            8.625,
            2.75
          ],
          "rotation": 180,
          "texture": "#0"
        }
      }
    },
    {
      "from": [
        3.5,
        7,
        11
      ],
      "to": [
        8.5,
        9,
        12
      ],
      "rotation": {
        "angle": 0,
        "axis": "y",
        "origin": [
          16.5,
          0,
          0
        ]
      },
      "faces": {
        "north": {
          "uv": [
            3.75,
            2,
            3.25,
            0.75
          ],
          "rotation": 90,
          "texture": "#0"
        },
        "east": {
          "uv": [
            4.5,
            2.125,
            4,
            2.375
          ],
          "rotation": 90,
          "texture": "#0"
        },
        "south": {
          "uv": [
            3.75,
            2,
            3.25,
            0.75
          ],
          "rotation": 270,
          "texture": "#0"
        },
        "west": {
          "uv": [
            4.5,
            2.125,
            4,
            2.375
          ],
          "rotation": 90,
          "texture": "#0"
        },
        "up": {
          "uv": [
            3.75,
            2,
            4,
            0.75
          ],
          "rotation": 270,
          "texture": "#0"
        },
        "down": {
          "uv": [
            3.75,
            2,
            4,
            0.75
          ],
          "rotation": 270,
          "texture": "#0"
        }
      }
    },
    {
      "from": [
        3.5,
        3,
        4
      ],
      "to": [
        8.5,
        5,
        5
      ],
      "rotation": {
        "angle": 0,
        "axis": "y",
        "origin": [
          16.5,
          0,
          16
        ]
      },
      "faces": {
        "north": {
          "uv": [
            3.25,
            2,
            3.75,
            0.75
          ],
          "rotation": 90,
          "texture": "#0"
        },
        "east": {
          "uv": [
            4.5,
            2.375,
            4,
            2.125
          ],
          "rotation": 90,
          "texture": "#0"
        },
        "south": {
          "uv": [
            3.25,
            2,
            3.75,
            0.75
          ],
          "rotation": 270,
          "texture": "#0"
        },
        "west": {
          "uv": [
            4.5,
            2.375,
            4,
            2.125
          ],
          "rotation": 90,
          "texture": "#0"
        },
        "up": {
          "uv": [
            4,
            2,
            3.75,
            0.75
          ],
          "rotation": 270,
          "texture": "#0"
        },
        "down": {
          "uv": [
            4,
            2,
            3.75,
            0.75
          ],
          "rotation": 270,
          "texture": "#0"
        }
      }
    },
    {
      "from": [
        3.5,
        3,
        11
      ],
      "to": [
        8.5,
        5,
        12
      ],
      "rotation": {
        "angle": 0,
        "axis": "y",
        "origin": [
          16.5,
          0,
          0
        ]
      },
      "faces": {
        "north": {
          "uv": [
            3.75,
            2,
            3.25,
            0.75
          ],
          "rotation": 90,
          "texture": "#0"
        },
        "east": {
          "uv": [
            4.5,
            2.125,
            4,
            2.375
          ],
          "rotation": 90,
          "texture": "#0"
        },
        "south": {
          "uv": [
            3.75,
            2,
            3.25,
            0.75
          ],
          "rotation": 270,
          "texture": "#0"
        },
        "west": {
          "uv": [
            4.5,
            2.125,
            4,
            2.375
          ],
          "rotation": 90,
          "texture": "#0"
        },
        "up": {
          "uv": [
            3.75,
            2,
            4,
            0.75
          ],
          "rotation": 270,
          "texture": "#0"
        },
        "down": {
          "uv": [
            3.75,
            2,
            4,
            0.75
          ],
          "rotation": 270,
          "texture": "#0"
        }
      }
    },
    {
      "from": [
        3.5,
        3,
        5
      ],
      "to": [
        4.5,
        5,
        11
      ],
      "rotation": {
        "angle": 0,
        "axis": "y",
        "origin": [
          16.5,
          0,
          0
        ]
      },
      "faces": {
        "north": {
          "uv": [
            0,
            0.25,
            0.5,
            0
          ],
          "rotation": 90,
          "texture": "#0"
        },
        "east": {
          "uv": [
            9.625,
            1.25,
            9.125,
            2.75
          ],
          "rotation": 90,
          "texture": "#0"
        },
        "south": {
          "uv": [
            0,
            0.25,
            0.5,
            0
          ],
          "rotation": 270,
          "texture": "#0"
        },
        "west": {
          "uv": [
            9.125,
            1.25,
            9.625,
            2.75
          ],
          "rotation": 270,
          "texture": "#0"
        },
        "up": {
          "uv": [
            9.125,
            1.25,
            8.875,
            2.75
          ],
          "texture": "#0"
        },
        "down": {
          "uv": [
            8.875,
            1.25,
            8.625,
            2.75
          ],
          "rotation": 180,
          "texture": "#0"
        }
      }
    },
    {
      "from": [
        10.1,
        6.5,
        5
      ],
      "to": [
        10.1,
        27.5,
        11
      ],
      "faces": {
        "north": {
          "uv": [
            0.125,
            0,
            0.125,
            5.25
          ],
          "texture": "#0"
        },
        "east": {
          "uv": [
            14.375,
            0,
            15.875,
            5.25
          ],
          "texture": "#0"
        },
        "south": {
          "uv": [
            0.125,
            0,
            0.125,
            5.25
          ],
          "texture": "#0"
        },
        "west": {
          "uv": [
            15.875,
            0,
            14.375,
            5.25
          ],
          "texture": "#0"
        },
        "up": {
          "uv": [
            0.125,
            0,
            0.125,
            1.5
          ],
          "texture": "#0"
        },
        "down": {
          "uv": [
            0.125,
            0,
            0.125,
            1.5
          ],
          "texture": "#0"
        }
      }
    },
    {
      "from": [
        9,
        8,
        1
      ],
      "to": [
        11,
        10,
        5
      ],
      "rotation": {
        "angle": 22.5,
        "axis": "x",
        "origin": [
          1.5,
          1,
          16
        ]
      },
      "faces": {
        "north": {
          "uv": [
            3,
            8.5,
            2.5,
            9
          ],
          "texture": "#0"
        },
        "east": {
          "uv": [
            3.25,
            8,
            2.25,
            8.5
          ],
          "texture": "#0"
        },
        "south": {
          "uv": [
            3,
            8.5,
            2.5,
            9
          ],
          "texture": "#0"
        },
        "west": {
          "uv": [
            3.25,
            8,
            2.25,
            8.5
          ],
          "texture": "#0"
        },
        "up": {
          "uv": [
            2,
            6.75,
            1.5,
            7.75
          ],
          "texture": "#0"
        },
        "down": {
          "uv": [
            2,
            6.75,
            1.5,
            7.75
          ],
          "texture": "#0"
        }
      }
    },
    {
      "from": [
        9,
        8,
        11
      ],
      "to": [
        11,
        10,
        15
      ],
      "rotation": {
        "angle": -22.5,
        "axis": "x",
        "origin": [
          1.5,
          1,
          0
        ]
      },
      "faces": {
        "north": {
          "uv": [
            2.5,
            8.5,
            3,
            9
          ],
          "texture": "#0"
        },
        "east": {
          "uv": [
            2.25,
            8,
            3.25,
            8.5
          ],
          "texture": "#0"
        },
        "south": {
          "uv": [
            2.5,
            8.5,
            3,
            9
          ],
          "texture": "#0"
        },
        "west": {
          "uv": [
            2.25,
            8,
            3.25,
            8.5
          ],
          "texture": "#0"
        },
        "up": {
          "uv": [
            2,
            7.75,
            1.5,
            6.75
          ],
          "texture": "#0"
        },
        "down": {
          "uv": [
            2,
            7.75,
            1.5,
            6.75
          ],
          "texture": "#0"
        }
      }
    },
    {
      "from": [
        9.5,
        5.5,
        10.5
      ],
      "to": [
        9.5,
        12,
        13.5
      ],
      "rotation": {
        "angle": 22.5,
        "axis": "x",
        "origin": [
          8.5,
          9,
          27
        ]
      },
      "faces": {
        "north": {
          "uv": [
            0,
            0,
            0,
            1.625
          ],
          "texture": "#missing"
        },
        "east": {
          "uv": [
            4.625,
            15.25,
            3,
            16
          ],
          "rotation": 270,
          "texture": "#0"
        },
        "south": {
          "uv": [
            0,
            0,
            0,
            1.625
          ],
          "rotation": 180,
          "texture": "#missing"
        },
        "west": {
          "uv": [
            3,
            16,
            4.625,
            15.25
          ],
          "rotation": 90,
          "texture": "#0"
        },
        "up": {
          "uv": [
            0,
            0.75,
            0,
            0
          ],
          "rotation": 180,
          "texture": "#missing"
        },
        "down": {
          "uv": [
            0,
            0.75,
            0,
            0
          ],
          "texture": "#missing"
        }
      }
    },
    {
      "from": [
        9.5,
        5.5,
        2.5
      ],
      "to": [
        9.5,
        12,
        5.5
      ],
      "rotation": {
        "angle": -22.5,
        "axis": "x",
        "origin": [
          8.5,
          9,
          -11
        ]
      },
      "faces": {
        "north": {
          "uv": [
            0,
            0,
            0,
            1.625
          ],
          "rotation": 180,
          "texture": "#missing"
        },
        "east": {
          "uv": [
            4.625,
            16,
            3,
            15.25
          ],
          "rotation": 270,
          "texture": "#0"
        },
        "south": {
          "uv": [
            0,
            0,
            0,
            1.625
          ],
          "texture": "#missing"
        },
        "west": {
          "uv": [
            3,
            15.25,
            4.625,
            16
          ],
          "rotation": 90,
          "texture": "#0"
        },
        "up": {
          "uv": [
            0,
            0,
            0,
            0.75
          ],
          "rotation": 180,
          "texture": "#missing"
        },
        "down": {
          "uv": [
            0,
            0,
            0,
            0.75
          ],
          "texture": "#missing"
        }
      }
    },
    {
      "from": [
        9,
        3.7,
        -1.2
      ],
      "to": [
        9,
        6.7,
        0.8
      ],
      "rotation": {
        "angle": 22.5,
        "axis": "x",
        "origin": [
          5.5,
          0,
          5
        ]
      },
      "faces": {
        "north": {
          "uv": [
            0,
            0,
            0,
            0.75
          ],
          "texture": "#missing"
        },
        "east": {
          "uv": [
            0.75,
            14,
            1.25,
            13.25
          ],
          "texture": "#0"
        },
        "south": {
          "uv": [
            0,
            0,
            0,
            0.75
          ],
          "texture": "#missing"
        },
        "west": {
          "uv": [
            1.25,
            14,
            0.75,
            13.25
          ],
          "texture": "#0"
        },
        "up": {
          "uv": [
            0,
            0.5,
            0,
            0
          ],
          "texture": "#missing"
        },
        "down": {
          "uv": [
            0,
            0.5,
            0,
            0
          ],
          "texture": "#missing"
        }
      }
    },
    {
      "from": [
        9,
        8.5,
        9.5
      ],
      "to": [
        9,
        11.5,
        13.5
      ],
      "rotation": {
        "angle": 22.5,
        "axis": "x",
        "origin": [
          5.5,
          0,
          1
        ]
      },
      "faces": {
        "north": {
          "uv": [
            0,
            0,
            0,
            0.75
          ],
          "rotation": 180,
          "texture": "#missing"
        },
        "east": {
          "uv": [
            0.75,
            13,
            0,
            14
          ],
          "rotation": 270,
          "texture": "#0"
        },
        "south": {
          "uv": [
            0,
            0,
            0,
            0.75
          ],
          "texture": "#missing"
        },
        "west": {
          "uv": [
            0,
            13,
            0.75,
            14
          ],
          "rotation": 90,
          "texture": "#0"
        },
        "up": {
          "uv": [
            0,
            0,
            0,
            1
          ],
          "rotation": 180,
          "texture": "#missing"
        },
        "down": {
          "uv": [
            0,
            0,
            0,
            1
          ],
          "texture": "#missing"
        }
      }
    },
    {
      "from": [
        11.5,
        7.5,
        5
      ],
      "to": [
        11.5,
        11.5,
        11
      ],
      "rotation": {
        "angle": 0,
        "axis": "y",
        "origin": [
          0,
          16,
          0
        ]
      },
      "faces": {
        "north": {
          "uv": [
            0,
            8,
            0,
            0
          ],
          "texture": "#1"
        },
        "east": {
          "uv": [
            0,
            8,
            12,
            0
          ],
          "texture": "#1"
        },
        "south": {
          "uv": [
            0,
            8,
            0,
            0
          ],
          "texture": "#1"
        },
        "west": {
          "uv": [
            0,
            8,
            12,
            0
          ],
          "texture": "#1"
        },
        "up": {
          "uv": [
            0,
            12,
            0,
            0
          ],
          "texture": "#1"
        },
        "down": {
          "uv": [
            0,
            12,
            0,
            0
          ],
          "texture": "#1"
        }
      }
    },
    {
      "from": [
        11.8,
        10,
        5.25
      ],
      "to": [
        11.8,
        16,
        11.25
      ],
      "rotation": {
        "angle": 0,
        "axis": "y",
        "origin": [
          16,
          0,
          0
        ]
      },
      "faces": {
        "north": {
          "uv": [
            0,
            0,
            0,
            12
          ],
          "texture": "#2"
        },
        "east": {
          "uv": [
            0,
            12,
            12,
            0
          ],
          "texture": "#2"
        },
        "south": {
          "uv": [
            0,
            0,
            0,
            12
          ],
          "texture": "#2"
        },
        "west": {
          "uv": [
            12,
            12,
            0,
            0
          ],
          "texture": "#2"
        },
        "up": {
          "uv": [
            0,
            0,
            0,
            12
          ],
          "rotation": 180,
          "texture": "#2"
        },
        "down": {
          "uv": [
            0,
            0,
            0,
            12
          ],
          "rotation": 180,
          "texture": "#2"
        }
      }
    }
  ],
  "gui_light": "front",
  "display": {
    "thirdperson_righthand": {
      "rotation": [
        -90,
        0,
        0
      ],
      "translation": [
        2.25,
        -2,
        3.5
      ],
      "scale": [
        0.7,
        0.7,
        0.7
      ]
    },
    "thirdperson_lefthand": {
      "rotation": [
        -90,
        180,
        0
      ],
      "translation": [
        2.25,
        -2,
        3.5
      ],
      "scale": [
        0.7,
        0.7,
        0.7
      ]
    },
    "firstperson_righthand": {
      "rotation": [
        -90,
        0,
        0
      ],
      "translation": [
        2.75,
        4,
        -0.25
      ],
      "scale": [
        0.5375,
        0.5375,
        0.5375
      ]
    },
    "firstperson_lefthand": {
      "rotation": [
        90,
        0,
        180
      ],
      "translation": [
        2.75,
        4,
        -0.25
      ],
      "scale": [
        0.5375,
        0.5375,
        0.5375
      ]
    },
    "ground": {
      "rotation": [
        -180,
        0,
        0
      ],
      "translation": [
        0,
        10,
        0
      ],
      "scale": [
        0.55,
        0.55,
        0.55
      ]
    },
    "gui": {
      "rotation": [
        -90,
        90,
        -90
      ],
      "translation": [
        0.25,
        0.75,
        0
      ],
      "scale": [
        0.43515,
        0.43515,
        0.43515
      ]
    },
    "head": {
      "scale": [
        0,
        0,
        0
      ]
    },
    "fixed": {
      "rotation": [
        90,
        -90,
        -90
      ],
      "translation": [
        0,
        7.75,
        -0.5
      ],
      "scale": [
        1.61523,
        1.61523,
        1.61523
      ]
    }
  }
}