{
  "credit": "Made by PolygonMC",
  "texture_size": [
    48,
    48
  ],
  "textures": {
    "3": "merry_christmasset:backpack"
  },
  "elements": [
    {
      "from": [
        5,
        9,
        5
      ],
      "to": [
        11,
        12,
        11
      ],
      "rotation": {
        "angle": 0,
        "axis": "y",
        "origin": [
          4,
          5,
          4
        ]
      },
      "faces": {
        "north": {
          "uv": [
            5,
            7.33333,
            7,
            8.33333
          ],
          "texture": "#3",
          "tintindex": 0
        },
        "east": {
          "uv": [
            2.66667,
            7.66667,
            4.66667,
            8.66667
          ],
          "texture": "#3",
          "tintindex": 0
        },
        "south": {
          "uv": [
            7.66667,
            2.66667,
            9.66667,
            3.66667
          ],
          "texture": "#3",
          "tintindex": 0
        },
        "west": {
          "uv": [
            7.66667,
            3.66667,
            9.66667,
            4.66667
          ],
          "texture": "#3",
          "tintindex": 0
        },
        "up": {
          "uv": [
            7,
            7.33333,
            5,
            5.33333
          ],
          "texture": "#3",
          "tintindex": 0
        },
        "down": {
          "uv": [
            9,
            5,
            7,
            7
          ],
          "texture": "#3",
          "tintindex": 0
        }
      }
    },
    {
      "from": [
        4.5,
        12,
        4.5
      ],
      "to": [
        11.5,
        14,
        11.5
      ],
      "rotation": {
        "angle": 0,
        "axis": "y",
        "origin": [
          4,
          5,
          4
        ]
      },
      "faces": {
        "north": {
          "uv": [
            7.33333,
            8.33333,
            9.66667,
            9
          ],
          "texture": "#3",
          "tintindex": 0
        },
        "east": {
          "uv": [
            9,
            4.66667,
            11.33333,
            5.33333
          ],
          "texture": "#3",
          "tintindex": 0
        },
        "south": {
          "uv": [
            9,
            5.33333,
            11.33333,
            6
          ],
          "texture": "#3",
          "tintindex": 0
        },
        "west": {
          "uv": [
            9,
            6,
            11.33333,
            6.66667
          ],
          "texture": "#3",
          "tintindex": 0
        },
        "up": {
          "uv": [
            5,
            7.66667,
            2.66667,
            5.33333
          ],
          "texture": "#3",
          "tintindex": 0
        },
        "down": {
          "uv": [
            7.66667,
            2.66667,
            5.33333,
            5
          ],
          "texture": "#3",
          "tintindex": 0
        }
      }
    },
    {
      "from": [
        11.39035,
        14.9197,
        6.375
      ],
      "to": [
        11.42035,
        16.2197,
        9.625
      ],
      "rotation": {
        "angle": 0,
        "axis": "z",
        "origin": [
          11.39035,
          13.6197,
          7.025
        ]
      },
      "faces": {
        "east": {
          "uv": [
            9.66667,
            4,
            10.83333,
            4.5
          ],
          "texture": "#3",
          "tintindex": 0
        },
        "west": {
          "uv": [
            10.83333,
            4,
            9.66667,
            4.5
          ],
          "texture": "#3",
          "tintindex": 0
        }
      }
    },
    {
      "from": [
        10.50111,
        14.00046,
        6.375
      ],
      "to": [
        11.80111,
        14.03046,
        9.625
      ],
      "rotation": {
        "angle": 45,
        "axis": "z",
        "origin": [
          10.50111,
          14.00046,
          7.025
        ]
      },
      "faces": {
        "up": {
          "uv": [
            7.5,
            11.5,
            7,
            10.33333
          ],
          "texture": "#3",
          "tintindex": 0
        },
        "down": {
          "uv": [
            7.5,
            10.33333,
            7,
            11.5
          ],
          "texture": "#3",
          "tintindex": 0
        }
      }
    },
    {
      "from": [
        9.20111,
        17.10894,
        6.375
      ],
      "to": [
        10.50111,
        17.13894,
        9.625
      ],
      "rotation": {
        "angle": 0,
        "axis": "z",
        "origin": [
          10.40615,
          16.87968,
          8
        ]
      },
      "faces": {
        "up": {
          "uv": [
            8.16667,
            11.5,
            7.66667,
            10.33333
          ],
          "texture": "#3",
          "tintindex": 0
        },
        "down": {
          "uv": [
            8.16667,
            10.33333,
            7.66667,
            11.5
          ],
          "texture": "#3",
          "tintindex": 0
        }
      }
    },
    {
      "from": [
        10.28905,
        17.11773,
        6.375
      ],
      "to": [
        11.58905,
        17.14773,
        9.625
      ],
      "rotation": {
        "angle": -45,
        "axis": "z",
        "origin": [
          10.38447,
          16.88736,
          8
        ]
      },
      "faces": {
        "up": {
          "uv": [
            8.83333,
            11.5,
            8.33333,
            10.33333
          ],
          "texture": "#3",
          "tintindex": 0
        },
        "down": {
          "uv": [
            8.83333,
            10.33333,
            8.33333,
            11.5
          ],
          "texture": "#3",
          "tintindex": 0
        }
      }
    },
    {
      "from": [
        8.11317,
        17.11773,
        6.375
      ],
      "to": [
        9.41317,
        17.14773,
        9.625
      ],
      "rotation": {
        "angle": 45,
        "axis": "z",
        "origin": [
          9.31775,
          16.88736,
          8
        ]
      },
      "faces": {
        "up": {
          "uv": [
            9.5,
            11.5,
            9,
            10.33333
          ],
          "texture": "#3",
          "tintindex": 0
        },
        "down": {
          "uv": [
            9.5,
            10.33333,
            9,
            11.5
          ],
          "texture": "#3",
          "tintindex": 0
        }
      }
    },
    {
      "from": [
        8.28187,
        13.9447,
        6.375
      ],
      "to": [
        8.31187,
        16.2197,
        9.625
      ],
      "rotation": {
        "angle": 0,
        "axis": "z",
        "origin": [
          8.28187,
          13.6197,
          7.025
        ]
      },
      "faces": {
        "east": {
          "uv": [
            10.83333,
            3,
            9.66667,
            3.83333
          ],
          "texture": "#3",
          "tintindex": 0
        },
        "west": {
          "uv": [
            9.66667,
            3,
            10.83333,
            3.83333
          ],
          "texture": "#3",
          "tintindex": 0
        }
      }
    },
    {
      "from": [
        11.37001,
        15.16738,
        5.4
      ],
      "to": [
        12.67001,
        15.19738,
        10.6
      ],
      "rotation": {
        "angle": 22.5,
        "axis": "z",
        "origin": [
          12.02001,
          15.16738,
          6.7
        ]
      },
      "faces": {
        "up": {
          "uv": [
            4.5,
            10.33333,
            4,
            8.66667
          ],
          "texture": "#3",
          "tintindex": 0
        },
        "down": {
          "uv": [
            4.5,
            8.66667,
            4,
            10.33333
          ],
          "texture": "#3",
          "tintindex": 0
        }
      }
    },
    {
      "from": [
        12.60905,
        15.41384,
        5.4
      ],
      "to": [
        13.90905,
        15.44384,
        10.6
      ],
      "rotation": {
        "angle": 0,
        "axis": "z",
        "origin": [
          11.30905,
          15.41384,
          6.7
        ]
      },
      "faces": {
        "up": {
          "uv": [
            5.16667,
            11.33333,
            4.66667,
            9.66667
          ],
          "texture": "#3",
          "tintindex": 0
        },
        "down": {
          "uv": [
            5.16667,
            9.66667,
            4.66667,
            11.33333
          ],
          "texture": "#3",
          "tintindex": 0
        }
      }
    },
    {
      "from": [
        13.82335,
        15.04301,
        5.4
      ],
      "to": [
        15.12335,
        15.07301,
        10.6
      ],
      "rotation": {
        "angle": -22.5,
        "axis": "z",
        "origin": [
          14.79835,
          15.04301,
          8
        ]
      },
      "faces": {
        "up": {
          "uv": [
            5.83333,
            11.33333,
            5.33333,
            9.66667
          ],
          "texture": "#3",
          "tintindex": 0
        },
        "down": {
          "uv": [
            5.83333,
            9.66667,
            5.33333,
            11.33333
          ],
          "texture": "#3",
          "tintindex": 0
        }
      }
    },
    {
      "from": [
        15.77831,
        13.26071,
        5.4
      ],
      "to": [
        15.80831,
        15.21071,
        10.6
      ],
      "rotation": {
        "angle": 45,
        "axis": "z",
        "origin": [
          15.77831,
          14.23571,
          8
        ]
      },
      "faces": {
        "east": {
          "uv": [
            9.33333,
            0,
            11,
            0.66667
          ],
          "texture": "#3",
          "tintindex": 0
        },
        "west": {
          "uv": [
            11,
            0,
            9.33333,
            0.66667
          ],
          "texture": "#3",
          "tintindex": 0
        }
      }
    },
    {
      "from": [
        7.68813,
        13.9447,
        6.375
      ],
      "to": [
        7.71813,
        16.2197,
        9.625
      ],
      "rotation": {
        "angle": 0,
        "axis": "z",
        "origin": [
          7.71813,
          13.6197,
          7.025
        ]
      },
      "faces": {
        "east": {
          "uv": [
            10.83333,
            3,
            9.66667,
            3.83333
          ],
          "texture": "#3",
          "tintindex": 0
        },
        "west": {
          "uv": [
            9.66667,
            3,
            10.83333,
            3.83333
          ],
          "texture": "#3",
          "tintindex": 0
        }
      }
    },
    {
      "from": [
        6.58683,
        17.11773,
        6.375
      ],
      "to": [
        7.88683,
        17.14773,
        9.625
      ],
      "rotation": {
        "angle": -45,
        "axis": "z",
        "origin": [
          6.68225,
          16.88736,
          8
        ]
      },
      "faces": {
        "up": {
          "uv": [
            9,
            11.5,
            9.5,
            10.33333
          ],
          "texture": "#3",
          "tintindex": 0
        },
        "down": {
          "uv": [
            9,
            10.33333,
            9.5,
            11.5
          ],
          "texture": "#3",
          "tintindex": 0
        }
      }
    },
    {
      "from": [
        5.49889,
        17.10894,
        6.375
      ],
      "to": [
        6.79889,
        17.13894,
        9.625
      ],
      "rotation": {
        "angle": 0,
        "axis": "z",
        "origin": [
          5.59385,
          16.87968,
          8
        ]
      },
      "faces": {
        "up": {
          "uv": [
            7.66667,
            11.5,
            8.16667,
            10.33333
          ],
          "texture": "#3",
          "tintindex": 0
        },
        "down": {
          "uv": [
            7.66667,
            10.33333,
            8.16667,
            11.5
          ],
          "texture": "#3",
          "tintindex": 0
        }
      }
    },
    {
      "from": [
        4.41095,
        17.11773,
        6.375
      ],
      "to": [
        5.71095,
        17.14773,
        9.625
      ],
      "rotation": {
        "angle": 45,
        "axis": "z",
        "origin": [
          5.61553,
          16.88736,
          8
        ]
      },
      "faces": {
        "up": {
          "uv": [
            8.33333,
            11.5,
            8.83333,
            10.33333
          ],
          "texture": "#3",
          "tintindex": 0
        },
        "down": {
          "uv": [
            8.33333,
            10.33333,
            8.83333,
            11.5
          ],
          "texture": "#3",
          "tintindex": 0
        }
      }
    },
    {
      "from": [
        4.57965,
        14.9197,
        6.375
      ],
      "to": [
        4.60965,
        16.2197,
        9.625
      ],
      "rotation": {
        "angle": 0,
        "axis": "z",
        "origin": [
          4.60965,
          13.6197,
          7.025
        ]
      },
      "faces": {
        "east": {
          "uv": [
            9.66667,
            4,
            10.83333,
            4.5
          ],
          "texture": "#3",
          "tintindex": 0
        },
        "west": {
          "uv": [
            10.83333,
            4,
            9.66667,
            4.5
          ],
          "texture": "#3",
          "tintindex": 0
        }
      }
    },
    {
      "from": [
        4.19889,
        14.00046,
        6.375
      ],
      "to": [
        5.49889,
        14.03046,
        9.625
      ],
      "rotation": {
        "angle": -45,
        "axis": "z",
        "origin": [
          5.49889,
          14.00046,
          7.025
        ]
      },
      "faces": {
        "up": {
          "uv": [
            7,
            11.5,
            7.5,
            10.33333
          ],
          "texture": "#3",
          "tintindex": 0
        },
        "down": {
          "uv": [
            7,
            10.33333,
            7.5,
            11.5
          ],
          "texture": "#3",
          "tintindex": 0
        }
      }
    },
    {
      "from": [
        3.32999,
        15.16738,
        5.4
      ],
      "to": [
        4.62999,
        15.19738,
        10.6
      ],
      "rotation": {
        "angle": -22.5,
        "axis": "z",
        "origin": [
          3.97999,
          15.16738,
          6.7
        ]
      },
      "faces": {
        "up": {
          "uv": [
            4,
            10.33333,
            4.5,
            8.66667
          ],
          "texture": "#3",
          "tintindex": 0
        },
        "down": {
          "uv": [
            4,
            8.66667,
            4.5,
            10.33333
          ],
          "texture": "#3",
          "tintindex": 0
        }
      }
    },
    {
      "from": [
        2.09095,
        15.41384,
        5.4
      ],
      "to": [
        3.39095,
        15.44384,
        10.6
      ],
      "rotation": {
        "angle": 0,
        "axis": "z",
        "origin": [
          4.69095,
          15.41384,
          6.7
        ]
      },
      "faces": {
        "up": {
          "uv": [
            4.66667,
            11.33333,
            5.16667,
            9.66667
          ],
          "texture": "#3",
          "tintindex": 0
        },
        "down": {
          "uv": [
            4.66667,
            9.66667,
            5.16667,
            11.33333
          ],
          "texture": "#3",
          "tintindex": 0
        }
      }
    },
    {
      "from": [
        0.87665,
        15.04301,
        5.4
      ],
      "to": [
        2.17665,
        15.07301,
        10.6
      ],
      "rotation": {
        "angle": 22.5,
        "axis": "z",
        "origin": [
          1.20165,
          15.04301,
          8
        ]
      },
      "faces": {
        "up": {
          "uv": [
            5.33333,
            11.33333,
            5.83333,
            9.66667
          ],
          "texture": "#3",
          "tintindex": 0
        },
        "down": {
          "uv": [
            5.33333,
            9.66667,
            5.83333,
            11.33333
          ],
          "texture": "#3",
          "tintindex": 0
        }
      }
    },
    {
      "from": [
        0.19169,
        13.26071,
        5.4
      ],
      "to": [
        0.22169,
        15.21071,
        10.6
      ],
      "rotation": {
        "angle": -45,
        "axis": "z",
        "origin": [
          0.22169,
          14.23571,
          8
        ]
      },
      "faces": {
        "east": {
          "uv": [
            9.33333,
            0,
            11,
            0.66667
          ],
          "texture": "#3",
          "tintindex": 0
        },
        "west": {
          "uv": [
            11,
            0,
            9.33333,
            0.66667
          ],
          "texture": "#3",
          "tintindex": 0
        }
      }
    },
    {
      "from": [
        4,
        1,
        4
      ],
      "to": [
        12,
        9,
        12
      ],
      "rotation": {
        "angle": 0,
        "axis": "y",
        "origin": [
          3,
          0,
          3
        ]
      },
      "faces": {
        "north": {
          "uv": [
            0,
            0,
            2.66667,
            2.66667
          ],
          "texture": "#3",
          "tintindex": 0
        },
        "east": {
          "uv": [
            0,
            2.66667,
            2.66667,
            5.33333
          ],
          "texture": "#3",
          "tintindex": 0
        },
        "south": {
          "uv": [
            2.66667,
            0,
            5.33333,
            2.66667
          ],
          "texture": "#3",
          "tintindex": 0
        },
        "west": {
          "uv": [
            2.66667,
            2.66667,
            5.33333,
            5.33333
          ],
          "texture": "#3",
          "tintindex": 0
        },
        "up": {
          "uv": [
            2.66667,
            8,
            0,
            5.33333
          ],
          "texture": "#3",
          "tintindex": 0
        },
        "down": {
          "uv": [
            8,
            0,
            5.33333,
            2.66667
          ],
          "texture": "#3",
          "tintindex": 0
        }
      }
    },
    {
      "from": [
        10,
        9,
        4
      ],
      "to": [
        11.5,
        11,
        4.5
      ],
      "rotation": {
        "angle": 0,
        "axis": "x",
        "origin": [
          11,
          9,
          3
        ]
      },
      "faces": {
        "north": {
          "uv": [
            6.33333,
            10.66667,
            6.83333,
            11.33333
          ],
          "texture": "#3",
          "tintindex": 0
        },
        "east": {
          "uv": [
            3,
            11.66667,
            3.16667,
            12.33333
          ],
          "texture": "#3",
          "tintindex": 0
        },
        "south": {
          "uv": [
            10.66667,
            7.66667,
            11.16667,
            8.33333
          ],
          "texture": "#3",
          "tintindex": 0
        },
        "west": {
          "uv": [
            11.66667,
            3,
            11.83333,
            3.66667
          ],
          "texture": "#3",
          "tintindex": 0
        },
        "up": {
          "uv": [
            12.16667,
            9.5,
            11.66667,
            9.33333
          ],
          "texture": "#3",
          "tintindex": 0
        }
      }
    },
    {
      "from": [
        10,
        2,
        -0.5
      ],
      "to": [
        11.5,
        11,
        0
      ],
      "rotation": {
        "angle": 0,
        "axis": "x",
        "origin": [
          11,
          9,
          3
        ]
      },
      "faces": {
        "north": {
          "uv": [
            2.66667,
            8.66667,
            3.16667,
            11.66667
          ],
          "texture": "#3",
          "tintindex": 0
        },
        "east": {
          "uv": [
            9.66667,
            10.33333,
            9.83333,
            13.33333
          ],
          "texture": "#3",
          "tintindex": 0
        },
        "south": {
          "uv": [
            3.33333,
            8.66667,
            3.83333,
            11.66667
          ],
          "texture": "#3",
          "tintindex": 0
        },
        "west": {
          "uv": [
            0,
            10.66667,
            0.16667,
            13.66667
          ],
          "texture": "#3",
          "tintindex": 0
        },
        "up": {
          "uv": [
            12.16667,
            9.83333,
            11.66667,
            9.66667
          ],
          "texture": "#3",
          "tintindex": 0
        },
        "down": {
          "uv": [
            10.5,
            11.66667,
            10,
            11.83333
          ],
          "texture": "#3",
          "tintindex": 0
        }
      }
    },
    {
      "from": [
        10,
        10.5,
        0
      ],
      "to": [
        11.5,
        11,
        4
      ],
      "rotation": {
        "angle": 0,
        "axis": "x",
        "origin": [
          8,
          11.75,
          1.5
        ]
      },
      "faces": {
        "east": {
          "uv": [
            11,
            10.33333,
            12.33333,
            10.5
          ],
          "texture": "#3",
          "tintindex": 0
        },
        "west": {
          "uv": [
            11.33333,
            6.33333,
            12.66667,
            6.5
          ],
          "texture": "#3",
          "tintindex": 0
        },
        "up": {
          "uv": [
            10.83333,
            2,
            10.33333,
            0.66667
          ],
          "texture": "#3",
          "tintindex": 0
        },
        "down": {
          "uv": [
            1.83333,
            10.33333,
            1.33333,
            11.66667
          ],
          "texture": "#3",
          "tintindex": 0
        }
      }
    },
    {
      "from": [
        10,
        2,
        0
      ],
      "to": [
        11.5,
        2.5,
        4
      ],
      "rotation": {
        "angle": 0,
        "axis": "x",
        "origin": [
          8,
          11.75,
          1.5
        ]
      },
      "faces": {
        "east": {
          "uv": [
            10.66667,
            11.33333,
            12,
            11.5
          ],
          "texture": "#3",
          "tintindex": 0
        },
        "west": {
          "uv": [
            11.33333,
            10.66667,
            12.66667,
            10.83333
          ],
          "texture": "#3",
          "tintindex": 0
        },
        "up": {
          "uv": [
            2.5,
            11.66667,
            2,
            10.33333
          ],
          "texture": "#3",
          "tintindex": 0
        },
        "down": {
          "uv": [
            4.5,
            10.33333,
            4,
            11.66667
          ],
          "texture": "#3",
          "tintindex": 0
        }
      }
    },
    {
      "from": [
        4.5,
        9,
        4
      ],
      "to": [
        6,
        11,
        4.5
      ],
      "rotation": {
        "angle": 0,
        "axis": "x",
        "origin": [
          5,
          9,
          3
        ]
      },
      "faces": {
        "north": {
          "uv": [
            6.83333,
            10.66667,
            6.33333,
            11.33333
          ],
          "texture": "#3",
          "tintindex": 0
        },
        "east": {
          "uv": [
            11.83333,
            3,
            11.66667,
            3.66667
          ],
          "texture": "#3",
          "tintindex": 0
        },
        "south": {
          "uv": [
            11.16667,
            7.66667,
            10.66667,
            8.33333
          ],
          "texture": "#3",
          "tintindex": 0
        },
        "west": {
          "uv": [
            3.16667,
            11.66667,
            3,
            12.33333
          ],
          "texture": "#3",
          "tintindex": 0
        },
        "up": {
          "uv": [
            11.66667,
            9.5,
            12.16667,
            9.33333
          ],
          "texture": "#3",
          "tintindex": 0
        }
      }
    },
    {
      "from": [
        4.5,
        10.5,
        0
      ],
      "to": [
        6,
        11,
        4
      ],
      "rotation": {
        "angle": 0,
        "axis": "x",
        "origin": [
          8,
          11.75,
          1.5
        ]
      },
      "faces": {
        "east": {
          "uv": [
            12.66667,
            6.33333,
            11.33333,
            6.5
          ],
          "texture": "#3",
          "tintindex": 0
        },
        "west": {
          "uv": [
            12.33333,
            10.33333,
            11,
            10.5
          ],
          "texture": "#3",
          "tintindex": 0
        },
        "up": {
          "uv": [
            10.33333,
            2,
            10.83333,
            0.66667
          ],
          "texture": "#3",
          "tintindex": 0
        },
        "down": {
          "uv": [
            1.33333,
            10.33333,
            1.83333,
            11.66667
          ],
          "texture": "#3",
          "tintindex": 0
        }
      }
    },
    {
      "from": [
        4.5,
        2,
        -0.5
      ],
      "to": [
        6,
        11,
        0
      ],
      "rotation": {
        "angle": 0,
        "axis": "x",
        "origin": [
          5,
          9,
          3
        ]
      },
      "faces": {
        "north": {
          "uv": [
            3.16667,
            8.66667,
            2.66667,
            11.66667
          ],
          "texture": "#3",
          "tintindex": 0
        },
        "east": {
          "uv": [
            0.16667,
            10.66667,
            0,
            13.66667
          ],
          "texture": "#3",
          "tintindex": 0
        },
        "south": {
          "uv": [
            3.83333,
            8.66667,
            3.33333,
            11.66667
          ],
          "texture": "#3",
          "tintindex": 0
        },
        "west": {
          "uv": [
            9.83333,
            10.33333,
            9.66667,
            13.33333
          ],
          "texture": "#3",
          "tintindex": 0
        },
        "up": {
          "uv": [
            11.66667,
            9.83333,
            12.16667,
            9.66667
          ],
          "texture": "#3",
          "tintindex": 0
        },
        "down": {
          "uv": [
            10,
            11.66667,
            10.5,
            11.83333
          ],
          "texture": "#3",
          "tintindex": 0
        }
      }
    },
    {
      "from": [
        4.5,
        2,
        0
      ],
      "to": [
        6,
        2.5,
        4
      ],
      "rotation": {
        "angle": 0,
        "axis": "x",
        "origin": [
          8,
          11.75,
          1.5
        ]
      },
      "faces": {
        "east": {
          "uv": [
            12.66667,
            10.66667,
            11.33333,
            10.83333
          ],
          "texture": "#3",
          "tintindex": 0
        },
        "west": {
          "uv": [
            12,
            11.33333,
            10.66667,
            11.5
          ],
          "texture": "#3",
          "tintindex": 0
        },
        "up": {
          "uv": [
            2,
            11.66667,
            2.5,
            10.33333
          ],
          "texture": "#3",
          "tintindex": 0
        },
        "down": {
          "uv": [
            4,
            10.33333,
            4.5,
            11.66667
          ],
          "texture": "#3",
          "tintindex": 0
        }
      }
    },
    {
      "from": [
        12.75,
        4.5,
        6.5
      ],
      "to": [
        15.75,
        7,
        9.5
      ],
      "rotation": {
        "angle": -22.5,
        "axis": "z",
        "origin": [
          14.25,
          7.25,
          8
        ]
      },
      "faces": {
        "north": {
          "uv": [
            6,
            9.66667,
            7,
            10.5
          ],
          "texture": "#3",
          "tintindex": 0
        },
        "east": {
          "uv": [
            9.66667,
            6.66667,
            10.66667,
            7.5
          ],
          "texture": "#3",
          "tintindex": 0
        },
        "south": {
          "uv": [
            9.66667,
            7.66667,
            10.66667,
            8.5
          ],
          "texture": "#3",
          "tintindex": 0
        },
        "west": {
          "uv": [
            10,
            8.66667,
            11,
            9.5
          ],
          "texture": "#3",
          "tintindex": 0
        },
        "down": {
          "uv": [
            10.66667,
            2,
            9.66667,
            3
          ],
          "texture": "#3",
          "tintindex": 0
        }
      }
    },
    {
      "from": [
        12.5,
        7,
        6.25
      ],
      "to": [
        16,
        8,
        9.75
      ],
      "rotation": {
        "angle": -22.5,
        "axis": "z",
        "origin": [
          14.25,
          7.25,
          8
        ]
      },
      "faces": {
        "north": {
          "uv": [
            5.33333,
            5,
            6.5,
            5.33333
          ],
          "texture": "#3",
          "tintindex": 0
        },
        "east": {
          "uv": [
            7.66667,
            4.66667,
            8.83333,
            5
          ],
          "texture": "#3",
          "tintindex": 0
        },
        "south": {
          "uv": [
            10.66667,
            2.66667,
            11.83333,
            3
          ],
          "texture": "#3",
          "tintindex": 0
        },
        "west": {
          "uv": [
            10.66667,
            7.33333,
            11.83333,
            7.66667
          ],
          "texture": "#3",
          "tintindex": 0
        },
        "up": {
          "uv": [
            8.5,
            10.16667,
            7.33333,
            9
          ],
          "texture": "#3",
          "tintindex": 0
        },
        "down": {
          "uv": [
            9.83333,
            9,
            8.66667,
            10.16667
          ],
          "texture": "#3",
          "tintindex": 0
        }
      }
    },
    {
      "from": [
        6.875,
        4.15,
        12.045
      ],
      "to": [
        7.875,
        5.15,
        13.045
      ],
      "rotation": {
        "angle": 0,
        "axis": "y",
        "origin": [
          8,
          5.7045,
          12.275
        ]
      },
      "faces": {
        "north": {
          "uv": [
            9.66667,
            8.66667,
            10,
            9
          ],
          "texture": "#3",
          "tintindex": 0
        },
        "east": {
          "uv": [
            10.66667,
            8.33333,
            11,
            8.66667
          ],
          "texture": "#3",
          "tintindex": 0
        },
        "south": {
          "uv": [
            11,
            4.33333,
            11.33333,
            4.66667
          ],
          "texture": "#3",
          "tintindex": 0
        },
        "west": {
          "uv": [
            6.66667,
            5,
            7,
            5.33333
          ],
          "texture": "#3",
          "tintindex": 0
        },
        "up": {
          "uv": [
            3.66667,
            12,
            3.33333,
            11.66667
          ],
          "rotation": 270,
          "texture": "#3",
          "tintindex": 0
        },
        "down": {
          "uv": [
            4,
            11.66667,
            3.66667,
            12
          ],
          "rotation": 90,
          "texture": "#3",
          "tintindex": 0
        }
      }
    },
    {
      "from": [
        6.75,
        5.75,
        12.365
      ],
      "to": [
        9.25,
        9.75,
        12.395
      ],
      "rotation": {
        "angle": 0,
        "axis": "z",
        "origin": [
          8,
          5.7045,
          12.375
        ]
      },
      "faces": {
        "north": {
          "uv": [
            10.16667,
            0.66667,
            9.33333,
            2
          ],
          "texture": "#3",
          "tintindex": 0
        },
        "south": {
          "uv": [
            9.33333,
            0.66667,
            10.16667,
            2
          ],
          "texture": "#3",
          "tintindex": 0
        }
      }
    },
    {
      "from": [
        7.57138,
        4.63312,
        11.945
      ],
      "to": [
        9.07138,
        6.13312,
        12.445
      ],
      "rotation": {
        "angle": -45,
        "axis": "z",
        "origin": [
          8,
          5.7045,
          12.275
        ]
      },
      "faces": {
        "north": {
          "uv": [
            10.66667,
            10.66667,
            11.16667,
            11.16667
          ],
          "texture": "#3",
          "tintindex": 0
        },
        "east": {
          "uv": [
            10.66667,
            11.66667,
            10.83333,
            12.16667
          ],
          "texture": "#3",
          "tintindex": 0
        },
        "south": {
          "uv": [
            11,
            0,
            11.5,
            0.5
          ],
          "texture": "#3",
          "tintindex": 0
        },
        "west": {
          "uv": [
            9.33333,
            11.66667,
            9.5,
            12.16667
          ],
          "texture": "#3",
          "tintindex": 0
        },
        "up": {
          "uv": [
            11.16667,
            12.16667,
            11,
            11.66667
          ],
          "rotation": 270,
          "texture": "#3",
          "tintindex": 0
        },
        "down": {
          "uv": [
            11.5,
            11.66667,
            11.33333,
            12.16667
          ],
          "rotation": 90,
          "texture": "#3",
          "tintindex": 0
        }
      }
    },
    {
      "from": [
        4,
        4.25,
        12.19
      ],
      "to": [
        12,
        8.25,
        12.22
      ],
      "rotation": {
        "angle": 0,
        "axis": "y",
        "origin": [
          8,
          5.7045,
          12.475
        ]
      },
      "faces": {
        "north": {
          "uv": [
            9.66667,
            7,
            7,
            8.33333
          ],
          "texture": "#3",
          "tintindex": 0
        },
        "south": {
          "uv": [
            7,
            7,
            9.66667,
            8.33333
          ],
          "texture": "#3",
          "tintindex": 0
        }
      }
    },
    {
      "from": [
        8.125,
        4.15,
        12.045
      ],
      "to": [
        9.125,
        5.15,
        13.045
      ],
      "rotation": {
        "angle": 0,
        "axis": "y",
        "origin": [
          8,
          5.7045,
          12.275
        ]
      },
      "faces": {
        "north": {
          "uv": [
            4,
            11.66667,
            4.33333,
            12
          ],
          "texture": "#3",
          "tintindex": 0
        },
        "east": {
          "uv": [
            11.66667,
            4,
            12,
            4.33333
          ],
          "texture": "#3",
          "tintindex": 0
        },
        "south": {
          "uv": [
            4.33333,
            11.66667,
            4.66667,
            12
          ],
          "texture": "#3",
          "tintindex": 0
        },
        "west": {
          "uv": [
            11.66667,
            3.66667,
            12,
            4
          ],
          "texture": "#3",
          "tintindex": 0
        },
        "up": {
          "uv": [
            12,
            7,
            11.66667,
            6.66667
          ],
          "rotation": 270,
          "texture": "#3",
          "tintindex": 0
        },
        "down": {
          "uv": [
            7.33333,
            11.66667,
            7,
            12
          ],
          "rotation": 90,
          "texture": "#3",
          "tintindex": 0
        }
      }
    },
    {
      "from": [
        7.5,
        5.4,
        12.045
      ],
      "to": [
        8.5,
        6.4,
        13.045
      ],
      "rotation": {
        "angle": 0,
        "axis": "y",
        "origin": [
          8,
          5.7045,
          12.275
        ]
      },
      "faces": {
        "north": {
          "uv": [
            7.33333,
            11.66667,
            7.66667,
            12
          ],
          "texture": "#3",
          "tintindex": 0
        },
        "east": {
          "uv": [
            7.66667,
            11.66667,
            8,
            12
          ],
          "texture": "#3",
          "tintindex": 0
        },
        "south": {
          "uv": [
            8,
            11.66667,
            8.33333,
            12
          ],
          "texture": "#3",
          "tintindex": 0
        },
        "west": {
          "uv": [
            11.66667,
            7,
            12,
            7.33333
          ],
          "texture": "#3",
          "tintindex": 0
        },
        "up": {
          "uv": [
            8.66667,
            12,
            8.33333,
            11.66667
          ],
          "rotation": 270,
          "texture": "#3",
          "tintindex": 0
        },
        "down": {
          "uv": [
            12,
            8.33333,
            11.66667,
            8.66667
          ],
          "rotation": 90,
          "texture": "#3",
          "tintindex": 0
        }
      }
    },
    {
      "from": [
        3.42861,
        4.13312,
        12.365
      ],
      "to": [
        7.42861,
        6.63312,
        12.395
      ],
      "rotation": {
        "angle": 45,
        "axis": "z",
        "origin": [
          8,
          5.7045,
          12.375
        ]
      },
      "faces": {
        "north": {
          "uv": [
            2.66667,
            9.33333,
            1.33333,
            10.16667
          ],
          "texture": "#3",
          "tintindex": 0
        },
        "south": {
          "uv": [
            1.33333,
            9.33333,
            2.66667,
            10.16667
          ],
          "texture": "#3",
          "tintindex": 0
        }
      }
    },
    {
      "from": [
        8.57139,
        4.13312,
        12.365
      ],
      "to": [
        12.57139,
        6.63312,
        12.395
      ],
      "rotation": {
        "angle": -45,
        "axis": "z",
        "origin": [
          8,
          5.7045,
          12.375
        ]
      },
      "faces": {
        "north": {
          "uv": [
            1.33333,
            9.33333,
            2.66667,
            10.16667
          ],
          "texture": "#3",
          "tintindex": 0
        },
        "south": {
          "uv": [
            2.66667,
            9.33333,
            1.33333,
            10.16667
          ],
          "texture": "#3",
          "tintindex": 0
        }
      }
    },
    {
      "from": [
        13.75,
        8,
        6.75
      ],
      "to": [
        14.75,
        9.5,
        9.25
      ],
      "rotation": {
        "angle": -22.5,
        "axis": "z",
        "origin": [
          14.25,
          7.25,
          8
        ]
      },
      "faces": {
        "north": {
          "uv": [
            11.66667,
            0.66667,
            12,
            1.16667
          ],
          "texture": "#3",
          "tintindex": 0
        },
        "east": {
          "uv": [
            10.66667,
            2,
            11.5,
            2.5
          ],
          "texture": "#3",
          "tintindex": 0
        },
        "south": {
          "uv": [
            1.33333,
            11.66667,
            1.66667,
            12.16667
          ],
          "texture": "#3",
          "tintindex": 0
        },
        "west": {
          "uv": [
            10.66667,
            6.66667,
            11.5,
            7.16667
          ],
          "texture": "#3",
          "tintindex": 0
        },
        "up": {
          "uv": [
            10.33333,
            11.5,
            10,
            10.66667
          ],
          "texture": "#3",
          "tintindex": 0
        },
        "down": {
          "uv": [
            10.66667,
            10.66667,
            10.33333,
            11.5
          ],
          "texture": "#3",
          "tintindex": 0
        }
      }
    },
    {
      "from": [
        8.32154,
        13.94944,
        9.33205
      ],
      "to": [
        9.59654,
        15.22444,
        10.60705
      ],
      "rotation": {
        "angle": 22.5,
        "axis": "y",
        "origin": [
          7.75,
          14.58694,
          10
        ]
      },
      "faces": {
        "north": {
          "uv": [
            11.5,
            8.83333,
            11,
            8.33333
          ],
          "rotation": 270,
          "texture": "#3",
          "tintindex": 0
        },
        "east": {
          "uv": [
            11,
            0.66667,
            11.5,
            1.16667
          ],
          "rotation": 90,
          "texture": "#3",
          "tintindex": 0
        },
        "west": {
          "uv": [
            11,
            3,
            11.5,
            3.5
          ],
          "rotation": 270,
          "texture": "#3",
          "tintindex": 0
        },
        "up": {
          "uv": [
            11,
            1.33333,
            11.5,
            1.83333
          ],
          "texture": "#3",
          "tintindex": 0
        },
        "down": {
          "uv": [
            11,
            3.66667,
            11.5,
            4.16667
          ],
          "rotation": 180,
          "texture": "#3",
          "tintindex": 0
        }
      }
    },
    {
      "from": [
        8.10904,
        13.73694,
        10.60705
      ],
      "to": [
        9.80904,
        15.43694,
        11.45705
      ],
      "rotation": {
        "angle": 22.5,
        "axis": "y",
        "origin": [
          7.75,
          14.58694,
          10
        ]
      },
      "faces": {
        "north": {
          "uv": [
            11.5,
            9.5,
            11,
            9
          ],
          "rotation": 270,
          "texture": "#3",
          "tintindex": 0
        },
        "east": {
          "uv": [
            9,
            6.66667,
            9.5,
            7
          ],
          "rotation": 90,
          "texture": "#3",
          "tintindex": 0
        },
        "south": {
          "uv": [
            11.5,
            9.66667,
            11,
            10.16667
          ],
          "rotation": 270,
          "texture": "#3",
          "tintindex": 0
        },
        "west": {
          "uv": [
            11.66667,
            1.33333,
            12.16667,
            1.66667
          ],
          "rotation": 270,
          "texture": "#3",
          "tintindex": 0
        },
        "up": {
          "uv": [
            11.33333,
            11,
            11.83333,
            11.33333
          ],
          "texture": "#3",
          "tintindex": 0
        },
        "down": {
          "uv": [
            1.66667,
            11.66667,
            2.16667,
            12
          ],
          "rotation": 180,
          "texture": "#3",
          "tintindex": 0
        }
      }
    },
    {
      "from": [
        6.40346,
        13.94944,
        9.33205
      ],
      "to": [
        7.67846,
        15.22444,
        10.60705
      ],
      "rotation": {
        "angle": -22.5,
        "axis": "y",
        "origin": [
          8.25,
          14.58694,
          10
        ]
      },
      "faces": {
        "north": {
          "uv": [
            11.83333,
            6.16667,
            11.33333,
            5.66667
          ],
          "rotation": 270,
          "texture": "#3",
          "tintindex": 0
        },
        "east": {
          "uv": [
            11.33333,
            4.33333,
            11.83333,
            4.83333
          ],
          "rotation": 90,
          "texture": "#3",
          "tintindex": 0
        },
        "west": {
          "uv": [
            11.33333,
            5,
            11.83333,
            5.5
          ],
          "rotation": 270,
          "texture": "#3",
          "tintindex": 0
        },
        "up": {
          "uv": [
            4.66667,
            11.33333,
            5.16667,
            11.83333
          ],
          "texture": "#3",
          "tintindex": 0
        },
        "down": {
          "uv": [
            5.33333,
            11.33333,
            5.83333,
            11.83333
          ],
          "rotation": 180,
          "texture": "#3",
          "tintindex": 0
        }
      }
    },
    {
      "from": [
        6.19096,
        13.73694,
        10.60705
      ],
      "to": [
        7.89096,
        15.43694,
        11.45705
      ],
      "rotation": {
        "angle": -22.5,
        "axis": "y",
        "origin": [
          8.25,
          14.58694,
          10
        ]
      },
      "faces": {
        "north": {
          "uv": [
            6.83333,
            11.83333,
            6.33333,
            11.33333
          ],
          "rotation": 270,
          "texture": "#3",
          "tintindex": 0
        },
        "east": {
          "uv": [
            11.66667,
            1.66667,
            12.16667,
            2
          ],
          "rotation": 90,
          "texture": "#3",
          "tintindex": 0
        },
        "south": {
          "uv": [
            11.83333,
            7.66667,
            11.33333,
            8.16667
          ],
          "rotation": 270,
          "texture": "#3",
          "tintindex": 0
        },
        "west": {
          "uv": [
            2.33333,
            11.66667,
            2.83333,
            12
          ],
          "rotation": 270,
          "texture": "#3",
          "tintindex": 0
        },
        "up": {
          "uv": [
            11.66667,
            2,
            12.16667,
            2.33333
          ],
          "texture": "#3",
          "tintindex": 0
        },
        "down": {
          "uv": [
            11.66667,
            2.33333,
            12.16667,
            2.66667
          ],
          "rotation": 180,
          "texture": "#3",
          "tintindex": 0
        }
      }
    },
    {
      "from": [
        -0.25,
        2,
        10.735
      ],
      "to": [
        3.25,
        5.5,
        10.765
      ],
      "rotation": {
        "angle": 22.5,
        "axis": "z",
        "origin": [
          1.5,
          3.75,
          10.75
        ]
      },
      "faces": {
        "north": {
          "uv": [
            0,
            9.33333,
            1.16667,
            10.5
          ],
          "texture": "#3",
          "tintindex": 0
        },
        "south": {
          "uv": [
            1.16667,
            9.33333,
            0,
            10.5
          ],
          "texture": "#3",
          "tintindex": 0
        }
      }
    },
    {
      "from": [
        1,
        6.5,
        10.735
      ],
      "to": [
        3.5,
        9,
        10.765
      ],
      "rotation": {
        "angle": -22.5,
        "axis": "z",
        "origin": [
          2.25,
          7.75,
          10.75
        ]
      },
      "faces": {
        "north": {
          "uv": [
            10,
            9.66667,
            10.83333,
            10.5
          ],
          "texture": "#3",
          "tintindex": 0
        },
        "south": {
          "uv": [
            10.83333,
            9.66667,
            10,
            10.5
          ],
          "texture": "#3",
          "tintindex": 0
        }
      }
    },
    {
      "from": [
        12.75,
        2,
        10.735
      ],
      "to": [
        16.25,
        5.5,
        10.765
      ],
      "rotation": {
        "angle": -22.5,
        "axis": "z",
        "origin": [
          14.5,
          3.75,
          10.75
        ]
      },
      "faces": {
        "north": {
          "uv": [
            1.16667,
            9.33333,
            0,
            10.5
          ],
          "texture": "#3",
          "tintindex": 0
        },
        "south": {
          "uv": [
            0,
            9.33333,
            1.16667,
            10.5
          ],
          "texture": "#3",
          "tintindex": 0
        }
      }
    },
    {
      "from": [
        12.5,
        6.5,
        10.735
      ],
      "to": [
        15,
        9,
        10.765
      ],
      "rotation": {
        "angle": 22.5,
        "axis": "z",
        "origin": [
          13.75,
          7.75,
          10.75
        ]
      },
      "faces": {
        "north": {
          "uv": [
            10.83333,
            9.66667,
            10,
            10.5
          ],
          "texture": "#3",
          "tintindex": 0
        },
        "south": {
          "uv": [
            10,
            9.66667,
            10.83333,
            10.5
          ],
          "texture": "#3",
          "tintindex": 0
        }
      }
    },
    {
      "from": [
        1.84526,
        3.97807,
        8.525
      ],
      "to": [
        2.79526,
        7.77807,
        9.475
      ],
      "rotation": {
        "angle": 45,
        "axis": "z",
        "origin": [
          1.7439,
          6.68175,
          9
        ]
      },
      "faces": {
        "north": {
          "uv": [
            0.66667,
            10.66667,
            1,
            12
          ],
          "texture": "#3",
          "tintindex": 0
        },
        "east": {
          "uv": [
            1,
            10.66667,
            1.33333,
            12
          ],
          "texture": "#3",
          "tintindex": 0
        },
        "south": {
          "uv": [
            6,
            10.66667,
            6.33333,
            12
          ],
          "texture": "#3",
          "tintindex": 0
        },
        "west": {
          "uv": [
            0.33333,
            10.66667,
            0.66667,
            12
          ],
          "texture": "#3",
          "tintindex": 0
        },
        "up": {
          "uv": [
            9,
            12,
            8.66667,
            11.66667
          ],
          "rotation": 270,
          "texture": "#3",
          "tintindex": 0
        },
        "down": {
          "uv": [
            12,
            8.66667,
            11.66667,
            9
          ],
          "rotation": 90,
          "texture": "#3",
          "tintindex": 0
        }
      }
    },
    {
      "from": [
        1.37026,
        6.82807,
        8.525
      ],
      "to": [
        1.84526,
        7.77807,
        9.475
      ],
      "rotation": {
        "angle": 45,
        "axis": "z",
        "origin": [
          1.7439,
          6.68175,
          9
        ]
      },
      "faces": {
        "north": {
          "uv": [
            11.66667,
            10,
            11.83333,
            10.33333
          ],
          "texture": "#3",
          "tintindex": 0
        },
        "south": {
          "uv": [
            11.66667,
            11.66667,
            11.83333,
            12
          ],
          "texture": "#3",
          "tintindex": 0
        },
        "up": {
          "uv": [
            12.33333,
            0.16667,
            12,
            0
          ],
          "rotation": 270,
          "texture": "#3",
          "tintindex": 0
        },
        "down": {
          "uv": [
            0.66667,
            12,
            0.33333,
            12.16667
          ],
          "rotation": 90,
          "texture": "#3",
          "tintindex": 0
        }
      }
    },
    {
      "from": [
        0.42026,
        5.87807,
        8.525
      ],
      "to": [
        1.37026,
        7.77807,
        9.475
      ],
      "rotation": {
        "angle": 45,
        "axis": "z",
        "origin": [
          1.7439,
          6.68175,
          9
        ]
      },
      "faces": {
        "north": {
          "uv": [
            9.33333,
            2,
            9.66667,
            2.66667
          ],
          "texture": "#3",
          "tintindex": 0
        },
        "east": {
          "uv": [
            7,
            9.66667,
            7.33333,
            10.33333
          ],
          "texture": "#3",
          "tintindex": 0
        },
        "south": {
          "uv": [
            11.66667,
            0,
            12,
            0.66667
          ],
          "texture": "#3",
          "tintindex": 0
        },
        "west": {
          "uv": [
            4.66667,
            7.66667,
            5,
            8.33333
          ],
          "texture": "#3",
          "tintindex": 0
        },
        "up": {
          "uv": [
            9.33333,
            12,
            9,
            11.66667
          ],
          "rotation": 270,
          "texture": "#3",
          "tintindex": 0
        },
        "down": {
          "uv": [
            12,
            9,
            11.66667,
            9.33333
          ],
          "rotation": 90,
          "texture": "#3",
          "tintindex": 0
        }
      }
    },
    {
      "from": [
        -1.00243,
        5.2831,
        6.525
      ],
      "to": [
        2.79757,
        6.2331,
        7.475
      ],
      "rotation": {
        "angle": -22.5,
        "axis": "z",
        "origin": [
          0.0939,
          5.18175,
          7
        ]
      },
      "faces": {
        "north": {
          "uv": [
            0.66667,
            10.66667,
            1,
            12
          ],
          "rotation": 90,
          "texture": "#3",
          "tintindex": 0
        },
        "east": {
          "uv": [
            12,
            8.66667,
            11.66667,
            9
          ],
          "texture": "#3",
          "tintindex": 0
        },
        "south": {
          "uv": [
            6,
            10.66667,
            6.33333,
            12
          ],
          "rotation": 270,
          "texture": "#3",
          "tintindex": 0
        },
        "west": {
          "uv": [
            9,
            12,
            8.66667,
            11.66667
          ],
          "rotation": 180,
          "texture": "#3",
          "tintindex": 0
        },
        "up": {
          "uv": [
            1,
            10.66667,
            1.33333,
            12
          ],
          "rotation": 270,
          "texture": "#3",
          "tintindex": 0
        },
        "down": {
          "uv": [
            0.33333,
            10.66667,
            0.66667,
            12
          ],
          "rotation": 270,
          "texture": "#3",
          "tintindex": 0
        }
      }
    },
    {
      "from": [
        -1.00243,
        4.8081,
        6.525
      ],
      "to": [
        -0.05243,
        5.2831,
        7.475
      ],
      "rotation": {
        "angle": -22.5,
        "axis": "z",
        "origin": [
          0.0939,
          5.18175,
          7
        ]
      },
      "faces": {
        "north": {
          "uv": [
            11.66667,
            10,
            11.83333,
            10.33333
          ],
          "rotation": 90,
          "texture": "#3",
          "tintindex": 0
        },
        "east": {
          "uv": [
            0.66667,
            12,
            0.33333,
            12.16667
          ],
          "texture": "#3",
          "tintindex": 0
        },
        "south": {
          "uv": [
            11.66667,
            11.66667,
            11.83333,
            12
          ],
          "rotation": 270,
          "texture": "#3",
          "tintindex": 0
        },
        "west": {
          "uv": [
            12.33333,
            0.16667,
            12,
            0
          ],
          "rotation": 180,
          "texture": "#3",
          "tintindex": 0
        }
      }
    },
    {
      "from": [
        -1.00243,
        3.8581,
        6.525
      ],
      "to": [
        0.89757,
        4.8081,
        7.475
      ],
      "rotation": {
        "angle": -22.5,
        "axis": "z",
        "origin": [
          0.0939,
          5.18175,
          7
        ]
      },
      "faces": {
        "north": {
          "uv": [
            9.33333,
            2,
            9.66667,
            2.66667
          ],
          "rotation": 90,
          "texture": "#3",
          "tintindex": 0
        },
        "east": {
          "uv": [
            12,
            9,
            11.66667,
            9.33333
          ],
          "texture": "#3",
          "tintindex": 0
        },
        "south": {
          "uv": [
            11.66667,
            0,
            12,
            0.66667
          ],
          "rotation": 270,
          "texture": "#3",
          "tintindex": 0
        },
        "west": {
          "uv": [
            9.33333,
            12,
            9,
            11.66667
          ],
          "rotation": 180,
          "texture": "#3",
          "tintindex": 0
        },
        "up": {
          "uv": [
            7,
            9.66667,
            7.33333,
            10.33333
          ],
          "rotation": 270,
          "texture": "#3",
          "tintindex": 0
        },
        "down": {
          "uv": [
            4.66667,
            7.66667,
            5,
            8.33333
          ],
          "rotation": 270,
          "texture": "#3",
          "tintindex": 0
        }
      }
    },
    {
      "from": [
        0.19526,
        3.97807,
        7.525
      ],
      "to": [
        1.14526,
        7.77807,
        8.475
      ],
      "rotation": {
        "angle": 22.5,
        "axis": "z",
        "origin": [
          0.0939,
          6.68175,
          8
        ]
      },
      "faces": {
        "north": {
          "uv": [
            0.66667,
            10.66667,
            1,
            12
          ],
          "texture": "#3",
          "tintindex": 0
        },
        "east": {
          "uv": [
            1,
            10.66667,
            1.33333,
            12
          ],
          "texture": "#3",
          "tintindex": 0
        },
        "south": {
          "uv": [
            6,
            10.66667,
            6.33333,
            12
          ],
          "texture": "#3",
          "tintindex": 0
        },
        "west": {
          "uv": [
            0.33333,
            10.66667,
            0.66667,
            12
          ],
          "texture": "#3",
          "tintindex": 0
        },
        "up": {
          "uv": [
            9,
            12,
            8.66667,
            11.66667
          ],
          "rotation": 270,
          "texture": "#3",
          "tintindex": 0
        },
        "down": {
          "uv": [
            12,
            8.66667,
            11.66667,
            9
          ],
          "rotation": 90,
          "texture": "#3",
          "tintindex": 0
        }
      }
    },
    {
      "from": [
        -0.27974,
        6.82807,
        7.525
      ],
      "to": [
        0.19526,
        7.77807,
        8.475
      ],
      "rotation": {
        "angle": 22.5,
        "axis": "z",
        "origin": [
          0.0939,
          6.68175,
          8
        ]
      },
      "faces": {
        "north": {
          "uv": [
            11.66667,
            10,
            11.83333,
            10.33333
          ],
          "texture": "#3",
          "tintindex": 0
        },
        "south": {
          "uv": [
            11.66667,
            11.66667,
            11.83333,
            12
          ],
          "texture": "#3",
          "tintindex": 0
        },
        "up": {
          "uv": [
            12.33333,
            0.16667,
            12,
            0
          ],
          "rotation": 270,
          "texture": "#3",
          "tintindex": 0
        },
        "down": {
          "uv": [
            0.66667,
            12,
            0.33333,
            12.16667
          ],
          "rotation": 90,
          "texture": "#3",
          "tintindex": 0
        }
      }
    },
    {
      "from": [
        -1.22974,
        5.87807,
        7.525
      ],
      "to": [
        -0.27974,
        7.77807,
        8.475
      ],
      "rotation": {
        "angle": 22.5,
        "axis": "z",
        "origin": [
          0.0939,
          6.68175,
          8
        ]
      },
      "faces": {
        "north": {
          "uv": [
            9.33333,
            2,
            9.66667,
            2.66667
          ],
          "texture": "#3",
          "tintindex": 0
        },
        "east": {
          "uv": [
            7,
            9.66667,
            7.33333,
            10.33333
          ],
          "texture": "#3",
          "tintindex": 0
        },
        "south": {
          "uv": [
            11.66667,
            0,
            12,
            0.66667
          ],
          "texture": "#3",
          "tintindex": 0
        },
        "west": {
          "uv": [
            4.66667,
            7.66667,
            5,
            8.33333
          ],
          "texture": "#3",
          "tintindex": 0
        },
        "up": {
          "uv": [
            9.33333,
            12,
            9,
            11.66667
          ],
          "rotation": 270,
          "texture": "#3",
          "tintindex": 0
        },
        "down": {
          "uv": [
            12,
            9,
            11.66667,
            9.33333
          ],
          "rotation": 90,
          "texture": "#3",
          "tintindex": 0
        }
      }
    },
    {
      "from": [
        2.6189,
        7.32807,
        6.12636
      ],
      "to": [
        3.5689,
        8.27807,
        6.60136
      ],
      "rotation": {
        "angle": -22.5,
        "axis": "x",
        "origin": [
          3.0939,
          7.18175,
          6.5
        ]
      },
      "faces": {
        "east": {
          "uv": [
            11.66667,
            10,
            11.83333,
            10.33333
          ],
          "texture": "#3",
          "tintindex": 0
        },
        "west": {
          "uv": [
            11.66667,
            11.66667,
            11.83333,
            12
          ],
          "texture": "#3",
          "tintindex": 0
        },
        "up": {
          "uv": [
            12.33333,
            0.16667,
            12,
            0
          ],
          "texture": "#3",
          "tintindex": 0
        },
        "down": {
          "uv": [
            0.66667,
            12,
            0.33333,
            12.16667
          ],
          "texture": "#3",
          "tintindex": 0
        }
      }
    },
    {
      "from": [
        2.6189,
        4.47807,
        6.60136
      ],
      "to": [
        3.5689,
        8.27807,
        7.55136
      ],
      "rotation": {
        "angle": -22.5,
        "axis": "x",
        "origin": [
          3.0939,
          7.18175,
          6.5
        ]
      },
      "faces": {
        "north": {
          "uv": [
            0.33333,
            10.66667,
            0.66667,
            12
          ],
          "texture": "#3",
          "tintindex": 0
        },
        "east": {
          "uv": [
            0.66667,
            10.66667,
            1,
            12
          ],
          "texture": "#3",
          "tintindex": 0
        },
        "south": {
          "uv": [
            1,
            10.66667,
            1.33333,
            12
          ],
          "texture": "#3",
          "tintindex": 0
        },
        "west": {
          "uv": [
            6,
            10.66667,
            6.33333,
            12
          ],
          "texture": "#3",
          "tintindex": 0
        },
        "up": {
          "uv": [
            9,
            12,
            8.66667,
            11.66667
          ],
          "texture": "#3",
          "tintindex": 0
        },
        "down": {
          "uv": [
            12,
            8.66667,
            11.66667,
            9
          ],
          "texture": "#3",
          "tintindex": 0
        }
      }
    },
    {
      "from": [
        2.6189,
        6.37807,
        5.17636
      ],
      "to": [
        3.5689,
        8.27807,
        6.12636
      ],
      "rotation": {
        "angle": -22.5,
        "axis": "x",
        "origin": [
          3.0939,
          7.18175,
          6.5
        ]
      },
      "faces": {
        "north": {
          "uv": [
            4.66667,
            7.66667,
            5,
            8.33333
          ],
          "texture": "#3",
          "tintindex": 0
        },
        "east": {
          "uv": [
            9.33333,
            2,
            9.66667,
            2.66667
          ],
          "texture": "#3",
          "tintindex": 0
        },
        "south": {
          "uv": [
            7,
            9.66667,
            7.33333,
            10.33333
          ],
          "texture": "#3",
          "tintindex": 0
        },
        "west": {
          "uv": [
            11.66667,
            0,
            12,
            0.66667
          ],
          "texture": "#3",
          "tintindex": 0
        },
        "up": {
          "uv": [
            9.33333,
            12,
            9,
            11.66667
          ],
          "texture": "#3",
          "tintindex": 0
        },
        "down": {
          "uv": [
            12,
            9,
            11.66667,
            9.33333
          ],
          "texture": "#3",
          "tintindex": 0
        }
      }
    },
    {
      "from": [
        10.85195,
        2.22836,
        6
      ],
      "to": [
        14.60195,
        6.22836,
        10
      ],
      "rotation": {
        "angle": -22.5,
        "axis": "z",
        "origin": [
          10.85195,
          3.22836,
          5.5
        ]
      },
      "faces": {
        "north": {
          "uv": [
            0,
            8,
            1.33333,
            9.33333
          ],
          "texture": "#3",
          "tintindex": 0
        },
        "east": {
          "uv": [
            8,
            0,
            9.33333,
            1.33333
          ],
          "texture": "#3",
          "tintindex": 0
        },
        "south": {
          "uv": [
            1.33333,
            8,
            2.66667,
            9.33333
          ],
          "texture": "#3",
          "tintindex": 0
        },
        "west": {
          "uv": [
            8,
            1.33333,
            9.33333,
            2.66667
          ],
          "texture": "#3",
          "tintindex": 0
        },
        "up": {
          "uv": [
            6,
            9.66667,
            4.66667,
            8.33333
          ],
          "texture": "#3",
          "tintindex": 0
        },
        "down": {
          "uv": [
            7.33333,
            8.33333,
            6,
            9.66667
          ],
          "texture": "#3",
          "tintindex": 0
        }
      }
    },
    {
      "from": [
        1.39805,
        2.22836,
        6
      ],
      "to": [
        5.14805,
        6.22836,
        10
      ],
      "rotation": {
        "angle": 22.5,
        "axis": "z",
        "origin": [
          5.14805,
          3.22836,
          5.5
        ]
      },
      "faces": {
        "north": {
          "uv": [
            1.33333,
            8,
            0,
            9.33333
          ],
          "texture": "#3",
          "tintindex": 0
        },
        "east": {
          "uv": [
            9.33333,
            1.33333,
            8,
            2.66667
          ],
          "texture": "#3",
          "tintindex": 0
        },
        "south": {
          "uv": [
            2.66667,
            8,
            1.33333,
            9.33333
          ],
          "texture": "#3",
          "tintindex": 0
        },
        "west": {
          "uv": [
            9.33333,
            0,
            8,
            1.33333
          ],
          "texture": "#3",
          "tintindex": 0
        },
        "up": {
          "uv": [
            4.66667,
            9.66667,
            6,
            8.33333
          ],
          "texture": "#3",
          "tintindex": 0
        },
        "down": {
          "uv": [
            6,
            8.33333,
            7.33333,
            9.66667
          ],
          "texture": "#3",
          "tintindex": 0
        }
      }
    }
  ],
  "gui_light": "front",
  "display": {
    "thirdperson_righthand": {
      "rotation": [
        -122,
        0,
        -180
      ],
      "translation": [
        0,
        1.5,
        -2.75
      ],
      "scale": [
        0.8,
        0.8,
        0.8
      ]
    },
    "thirdperson_lefthand": {
      "rotation": [
        66.75,
        0,
        0
      ],
      "translation": [
        -5.5,
        -8.5,
        12
      ],
      "scale": [
        1.1,
        1.1,
        1.1
      ]
    },
    "firstperson_righthand": {
      "rotation": [
        -26.25,
        0,
        0
      ],
      "translation": [
        -1.5,
        5.25,
        0
      ],
      "scale": [
        0.74414,
        0.74414,
        0.74414
      ]
    },
    "firstperson_lefthand": {
      "rotation": [
        -26.25,
        0,
        0
      ],
      "translation": [
        -1.5,
        7.75,
        0
      ],
      "scale": [
        0,
        0,
        0
      ]
    },
    "ground": {
      "rotation": [
        -40,
        0,
        0
      ],
      "translation": [
        0,
        7.5,
        0
      ],
      "scale": [
        0.7,
        0.7,
        0.7
      ]
    },
    "gui": {
      "rotation": [
        0,
        -35,
        0
      ],
      "translation": [
        -0.25,
        -1,
        0
      ],
      "scale": [
        1.02929,
        1.02929,
        1.02929
      ]
    },
    "head": {
      "translation": [
        0,
        -46.5,
        10.25
      ],
      "scale": [
        1.7,
        1.7,
        1.7
      ]
    },
    "fixed": {
      "rotation": [
        -90,
        180,
        0
      ],
      "translation": [
        0,
        0,
        -18.25
      ],
      "scale": [
        2.53907,
        2.53907,
        2.53907
      ]
    }
  },
  "groups": [
    0,
    1,
    2,
    3,
    4,
    5,
    6,
    7,
    8,
    9,
    10,
    11,
    12,
    13,
    14,
    15,
    16,
    17,
    18,
    19,
    20,
    21,
    22,
    23,
    24,
    25,
    26,
    27,
    28,
    29,
    30,
    31,
    32,
    {
      "name": "group",
      "origin": [
        -6.82,
        11.51256,
        8.17678
      ],
      "color": 0,
      "boneType": "",
      "children": [
        33,
        34,
        35,
        36,
        37,
        38,
        39,
        40
      ]
    },
    41,
    42,
    43,
    44,
    45,
    46,
    47,
    48,
    49,
    50,
    51,
    52,
    53,
    54,
    55,
    56,
    57,
    58,
    59,
    60,
    61,
    62,
    63
  ]
}