{
  "credit": "Made by PolygonMC",
  "textures": {
    "0": "merry_christmasset:hat",
    "1": "merry_christmasset:detail",
    "particle": "merry_christmasset:hat"
  },
  "elements": [
    {
      "from": [
        4,
        4.01746,
        4
      ],
      "to": [
        12,
        7.01746,
        12
      ],
      "rotation": {
        "angle": 0,
        "axis": "y",
        "origin": [
          0,
          4.01746,
          5
        ]
      },
      "faces": {
        "north": {
          "uv": [
            5.33333,
            4,
            10.66667,
            6
          ],
          "texture": "#0"
        },
        "east": {
          "uv": [
            5.33333,
            6,
            10.66667,
            8
          ],
          "texture": "#0"
        },
        "south": {
          "uv": [
            5.33333,
            8,
            10.66667,
            10
          ],
          "texture": "#0"
        },
        "west": {
          "uv": [
            9.33333,
            0,
            14.66667,
            2
          ],
          "texture": "#0"
        },
        "up": {
          "uv": [
            5.33333,
            5.33333,
            0,
            0
          ],
          "texture": "#0"
        },
        "down": {
          "uv": [
            5.33333,
            5.33333,
            0,
            10.66667
          ],
          "texture": "#0"
        }
      }
    },
    {
      "from": [
        5,
        7.01746,
        5
      ],
      "to": [
        11,
        10.01746,
        11
      ],
      "rotation": {
        "angle": 0,
        "axis": "y",
        "origin": [
          0,
          4.01746,
          5
        ]
      },
      "faces": {
        "north": {
          "uv": [
            10.66667,
            6,
            14.66667,
            8
          ],
          "texture": "#0"
        },
        "east": {
          "uv": [
            10.66667,
            8,
            14.66667,
            10
          ],
          "texture": "#0"
        },
        "south": {
          "uv": [
            2.66667,
            12.66667,
            6.66667,
            14.66667
          ],
          "texture": "#0"
        },
        "west": {
          "uv": [
            6.66667,
            12.66667,
            10.66667,
            14.66667
          ],
          "texture": "#0"
        },
        "up": {
          "uv": [
            9.33333,
            4,
            5.33333,
            0
          ],
          "texture": "#0"
        }
      }
    },
    {
      "from": [
        6,
        8.48254,
        7
      ],
      "to": [
        10,
        12.48254,
        13
      ],
      "rotation": {
        "angle": 22.5,
        "axis": "x",
        "origin": [
          8,
          10.48254,
          10
        ]
      },
      "faces": {
        "north": {
          "uv": [
            10.66667,
            12.66667,
            13.33333,
            15.33333
          ],
          "texture": "#0"
        },
        "east": {
          "uv": [
            5.33333,
            10,
            9.33333,
            12.66667
          ],
          "texture": "#0"
        },
        "south": {
          "uv": [
            13.33333,
            2,
            16,
            4.66667
          ],
          "texture": "#0"
        },
        "west": {
          "uv": [
            9.33333,
            10,
            13.33333,
            12.66667
          ],
          "texture": "#0"
        },
        "up": {
          "uv": [
            2.66667,
            14.66667,
            0,
            10.66667
          ],
          "texture": "#0"
        },
        "down": {
          "uv": [
            13.33333,
            2,
            10.66667,
            6
          ],
          "texture": "#0"
        }
      }
    },
    {
      "from": [
        7,
        7.5268,
        12.19552
      ],
      "to": [
        9,
        9.5268,
        14.19552
      ],
      "rotation": {
        "angle": 45,
        "axis": "x",
        "origin": [
          8,
          8.9518,
          13.69552
        ]
      },
      "faces": {
        "east": {
          "uv": [
            9.33333,
            2,
            10.66667,
            3.33333
          ],
          "texture": "#0"
        },
        "south": {
          "uv": [
            2.66667,
            10.66667,
            4,
            12
          ],
          "texture": "#0"
        },
        "west": {
          "uv": [
            4,
            10.66667,
            5.33333,
            12
          ],
          "texture": "#0"
        },
        "up": {
          "uv": [
            14.66667,
            6,
            13.33333,
            4.66667
          ],
          "texture": "#0"
        },
        "down": {
          "uv": [
            14.66667,
            10,
            13.33333,
            11.33333
          ],
          "texture": "#0"
        }
      }
    },
    {
      "from": [
        7.3625,
        7.48069,
        13.42116
      ],
      "to": [
        8.6375,
        8.75569,
        14.69616
      ],
      "rotation": {
        "angle": -22.5,
        "axis": "x",
        "origin": [
          8,
          7.58694,
          14.05866
        ]
      },
      "faces": {
        "north": {
          "uv": [
            7.5,
            2,
            6,
            3.5
          ],
          "texture": "#1"
        },
        "east": {
          "uv": [
            7.5,
            0,
            6,
            1.5
          ],
          "texture": "#1"
        },
        "south": {
          "uv": [
            6.5,
            4,
            5,
            5.5
          ],
          "texture": "#1"
        },
        "west": {
          "uv": [
            6.5,
            6,
            5,
            7.5
          ],
          "texture": "#1"
        },
        "up": {
          "uv": [
            1.5,
            7,
            0,
            8.5
          ],
          "texture": "#1"
        }
      }
    },
    {
      "from": [
        7.15,
        6.63069,
        13.20866
      ],
      "to": [
        8.85,
        7.48069,
        14.90866
      ],
      "rotation": {
        "angle": -22.5,
        "axis": "x",
        "origin": [
          8,
          7.58694,
          14.05866
        ]
      },
      "faces": {
        "north": {
          "uv": [
            9.5,
            8,
            8,
            9
          ],
          "texture": "#1"
        },
        "east": {
          "uv": [
            7.5,
            8,
            6,
            9
          ],
          "texture": "#1"
        },
        "south": {
          "uv": [
            5.5,
            8,
            4,
            9
          ],
          "texture": "#1"
        },
        "west": {
          "uv": [
            1.5,
            9,
            0,
            10
          ],
          "texture": "#1"
        },
        "up": {
          "uv": [
            8.5,
            4,
            7,
            5.5
          ],
          "texture": "#1"
        },
        "down": {
          "uv": [
            8.5,
            7.5,
            7,
            6
          ],
          "texture": "#1"
        }
      }
    },
    {
      "from": [
        6.28754,
        8,
        4.735
      ],
      "to": [
        9.78754,
        11.5,
        4.765
      ],
      "rotation": {
        "angle": -22.5,
        "axis": "z",
        "origin": [
          6.28754,
          9.5,
          4.75
        ]
      },
      "faces": {
        "north": {
          "uv": [
            0,
            0,
            3.5,
            3.5
          ],
          "texture": "#1"
        },
        "south": {
          "uv": [
            3.5,
            0,
            0,
            3.5
          ],
          "texture": "#1"
        }
      }
    },
    {
      "from": [
        6.75,
        11,
        6.485
      ],
      "to": [
        9.25,
        13.5,
        6.515
      ],
      "rotation": {
        "angle": 22.5,
        "axis": "z",
        "origin": [
          8,
          12.25,
          6.5
        ]
      },
      "faces": {
        "north": {
          "uv": [
            0,
            4,
            2.5,
            6.5
          ],
          "texture": "#1"
        },
        "south": {
          "uv": [
            2.5,
            4,
            0,
            6.5
          ],
          "texture": "#1"
        }
      }
    },
    {
      "from": [
        10.0625,
        9.25,
        5.5875
      ],
      "to": [
        11.0125,
        13.05,
        6.5375
      ],
      "rotation": {
        "angle": -22.5,
        "axis": "z",
        "origin": [
          11.25,
          11.8625,
          6.0625
        ]
      },
      "faces": {
        "north": {
          "uv": [
            5,
            0,
            6,
            4
          ],
          "texture": "#1"
        },
        "east": {
          "uv": [
            4,
            0,
            5,
            4
          ],
          "texture": "#1"
        },
        "south": {
          "uv": [
            3,
            4,
            4,
            8
          ],
          "texture": "#1"
        },
        "west": {
          "uv": [
            4,
            4,
            5,
            8
          ],
          "texture": "#1"
        },
        "up": {
          "uv": [
            10,
            1,
            9,
            0
          ],
          "rotation": 90,
          "texture": "#1"
        },
        "down": {
          "uv": [
            10,
            1,
            9,
            2
          ],
          "rotation": 270,
          "texture": "#1"
        }
      }
    },
    {
      "from": [
        11.0125,
        12.1,
        5.5875
      ],
      "to": [
        11.4875,
        13.05,
        6.5375
      ],
      "rotation": {
        "angle": -22.5,
        "axis": "z",
        "origin": [
          11.25,
          11.8625,
          6.0625
        ]
      },
      "faces": {
        "north": {
          "uv": [
            4,
            9,
            4.5,
            10
          ],
          "texture": "#1"
        },
        "south": {
          "uv": [
            9,
            3,
            9.5,
            4
          ],
          "texture": "#1"
        },
        "up": {
          "uv": [
            10,
            4.5,
            9,
            4
          ],
          "rotation": 90,
          "texture": "#1"
        },
        "down": {
          "uv": [
            6,
            9,
            5,
            9.5
          ],
          "rotation": 270,
          "texture": "#1"
        }
      }
    },
    {
      "from": [
        11.4875,
        11.15,
        5.5875
      ],
      "to": [
        12.4375,
        13.05,
        6.5375
      ],
      "rotation": {
        "angle": -22.5,
        "axis": "z",
        "origin": [
          11.25,
          11.8625,
          6.0625
        ]
      },
      "faces": {
        "north": {
          "uv": [
            3,
            8,
            4,
            10
          ],
          "texture": "#1"
        },
        "east": {
          "uv": [
            2,
            7,
            3,
            9
          ],
          "texture": "#1"
        },
        "south": {
          "uv": [
            8,
            0,
            9,
            2
          ],
          "texture": "#1"
        },
        "west": {
          "uv": [
            8,
            2,
            9,
            4
          ],
          "texture": "#1"
        },
        "up": {
          "uv": [
            3,
            10,
            2,
            9
          ],
          "rotation": 90,
          "texture": "#1"
        },
        "down": {
          "uv": [
            10,
            2,
            9,
            3
          ],
          "rotation": 270,
          "texture": "#1"
        }
      }
    },
    {
      "from": [
        4.9875,
        9.25,
        5.5875
      ],
      "to": [
        5.9375,
        13.05,
        6.5375
      ],
      "rotation": {
        "angle": 22.5,
        "axis": "z",
        "origin": [
          4.75,
          11.8625,
          6.0625
        ]
      },
      "faces": {
        "north": {
          "uv": [
            6,
            0,
            5,
            4
          ],
          "texture": "#1"
        },
        "east": {
          "uv": [
            5,
            4,
            4,
            8
          ],
          "texture": "#1"
        },
        "south": {
          "uv": [
            4,
            4,
            3,
            8
          ],
          "texture": "#1"
        },
        "west": {
          "uv": [
            5,
            0,
            4,
            4
          ],
          "texture": "#1"
        },
        "up": {
          "uv": [
            10,
            0,
            9,
            1
          ],
          "rotation": 90,
          "texture": "#1"
        },
        "down": {
          "uv": [
            10,
            2,
            9,
            1
          ],
          "rotation": 270,
          "texture": "#1"
        }
      }
    },
    {
      "from": [
        4.5125,
        12.1,
        5.5875
      ],
      "to": [
        4.9875,
        13.05,
        6.5375
      ],
      "rotation": {
        "angle": 22.5,
        "axis": "z",
        "origin": [
          4.75,
          11.8625,
          6.0625
        ]
      },
      "faces": {
        "north": {
          "uv": [
            4.5,
            9,
            4,
            10
          ],
          "texture": "#1"
        },
        "south": {
          "uv": [
            9.5,
            3,
            9,
            4
          ],
          "texture": "#1"
        },
        "up": {
          "uv": [
            10,
            4,
            9,
            4.5
          ],
          "rotation": 90,
          "texture": "#1"
        },
        "down": {
          "uv": [
            6,
            9.5,
            5,
            9
          ],
          "rotation": 270,
          "texture": "#1"
        }
      }
    },
    {
      "from": [
        3.5625,
        11.15,
        5.5875
      ],
      "to": [
        4.5125,
        13.05,
        6.5375
      ],
      "rotation": {
        "angle": 22.5,
        "axis": "z",
        "origin": [
          4.75,
          11.8625,
          6.0625
        ]
      },
      "faces": {
        "north": {
          "uv": [
            4,
            8,
            3,
            10
          ],
          "texture": "#1"
        },
        "east": {
          "uv": [
            9,
            2,
            8,
            4
          ],
          "texture": "#1"
        },
        "south": {
          "uv": [
            9,
            0,
            8,
            2
          ],
          "texture": "#1"
        },
        "west": {
          "uv": [
            3,
            7,
            2,
            9
          ],
          "texture": "#1"
        },
        "up": {
          "uv": [
            3,
            9,
            2,
            10
          ],
          "rotation": 90,
          "texture": "#1"
        },
        "down": {
          "uv": [
            10,
            3,
            9,
            2
          ],
          "rotation": 270,
          "texture": "#1"
        }
      }
    }
  ],
  "gui_light": "front",
  "display": {
    "thirdperson_righthand": {
      "rotation": [
        55.5,
        0,
        0
      ],
      "translation": [
        0,
        3.75,
        1.5
      ],
      "scale": [
        0.7832,
        0.7832,
        0.7832
      ]
    },
    "thirdperson_lefthand": {
      "rotation": [
        55.5,
        0,
        0
      ],
      "translation": [
        0,
        3.75,
        1.5
      ],
      "scale": [
        0.7832,
        0.7832,
        0.7832
      ]
    },
    "firstperson_righthand": {
      "rotation": [
        157,
        0,
        -180
      ],
      "translation": [
        0,
        3.5,
        0
      ]
    },
    "firstperson_lefthand": {
      "rotation": [
        157,
        0,
        -180
      ],
      "translation": [
        0,
        3.5,
        0
      ]
    },
    "ground": {
      "rotation": [
        35,
        0,
        0
      ],
      "translation": [
        0,
        3,
        0
      ]
    },
    "gui": {
      "rotation": [
        0,
        135,
        0
      ],
      "translation": [
        0,
        -0.75,
        0
      ],
      "scale": [
        1.47656,
        1.47656,
        1.47656
      ]
    },
    "head": {
      "rotation": [
        10,
        0,
        0
      ],
      "translation": [
        0,
        9.5,
        1
      ],
      "scale": [
        2.07617,
        2.07617,
        2.07617
      ]
    },
    "fixed": {
      "rotation": [
        -90,
        0,
        0
      ],
      "translation": [
        0,
        0,
        -12.5
      ],
      "scale": [
        3,
        3,
        3
      ]
    }
  }
}