{
  "credit": "Made by PolygonMC",
  "textures": {
    "1": "merry_christmasset:shield",
    "2": "merry_christmasset:detail",
    "particle": "merry_christmasset:shield"
  },
  "elements": [
    {
      "from": [
        9.10239,
        5.39761,
        10.2925
      ],
      "to": [
        10.60239,
        6.89761,
        11.7925
      ],
      "rotation": {
        "angle": -45,
        "axis": "z",
        "origin": [
          8,
          8,
          8
        ]
      },
      "faces": {
        "north": {
          "uv": [
            12,
            4,
            12.75,
            4.75
          ],
          "texture": "#1"
        },
        "east": {
          "uv": [
            11.5,
            11,
            12.25,
            11.75
          ],
          "texture": "#1"
        },
        "south": {
          "uv": [
            12,
            0,
            12.75,
            0.75
          ],
          "texture": "#1"
        },
        "west": {
          "uv": [
            12,
            1,
            12.75,
            1.75
          ],
          "texture": "#1"
        },
        "up": {
          "uv": [
            8.75,
            12.75,
            8,
            12
          ],
          "rotation": 90,
          "texture": "#1"
        },
        "down": {
          "uv": [
            9.75,
            12,
            9,
            12.75
          ],
          "rotation": 270,
          "texture": "#1"
        }
      }
    },
    {
      "from": [
        7.5,
        6.53033,
        10.5425
      ],
      "to": [
        8.5,
        10.53033,
        11.5425
      ],
      "rotation": {
        "angle": 0,
        "axis": "y",
        "origin": [
          8,
          8,
          8
        ]
      },
      "faces": {
        "north": {
          "uv": [
            11,
            10,
            11.5,
            12
          ],
          "texture": "#1"
        },
        "east": {
          "uv": [
            2,
            14,
            2.5,
            16
          ],
          "texture": "#1"
        },
        "south": {
          "uv": [
            2.5,
            14,
            3,
            16
          ],
          "texture": "#1"
        },
        "west": {
          "uv": [
            3,
            14,
            3.5,
            16
          ],
          "texture": "#1"
        }
      }
    },
    {
      "from": [
        7.3,
        6.03033,
        10.3425
      ],
      "to": [
        8.7,
        6.53033,
        11.7425
      ],
      "rotation": {
        "angle": 0,
        "axis": "y",
        "origin": [
          8,
          8,
          8
        ]
      },
      "faces": {
        "north": {
          "uv": [
            8,
            13.5,
            8.75,
            13.75
          ],
          "texture": "#1"
        },
        "east": {
          "uv": [
            7,
            13.5,
            7.75,
            13.75
          ],
          "texture": "#1"
        },
        "south": {
          "uv": [
            13.5,
            7,
            14.25,
            7.25
          ],
          "texture": "#1"
        },
        "west": {
          "uv": [
            13.5,
            7.5,
            14.25,
            7.75
          ],
          "texture": "#1"
        },
        "up": {
          "uv": [
            12.75,
            10.25,
            12,
            9.5
          ],
          "rotation": 90,
          "texture": "#1"
        },
        "down": {
          "uv": [
            11.25,
            12,
            10.5,
            12.75
          ],
          "rotation": 270,
          "texture": "#1"
        }
      }
    },
    {
      "from": [
        9.85239,
        9.85239,
        10.2925
      ],
      "to": [
        11.35239,
        11.35239,
        11.7925
      ],
      "rotation": {
        "angle": 45,
        "axis": "z",
        "origin": [
          8,
          8,
          8
        ]
      },
      "faces": {
        "north": {
          "uv": [
            12.5,
            10.5,
            13.25,
            11.25
          ],
          "texture": "#1"
        },
        "east": {
          "uv": [
            11.5,
            12,
            12.25,
            12.75
          ],
          "texture": "#1"
        },
        "south": {
          "uv": [
            12.5,
            2,
            13.25,
            2.75
          ],
          "texture": "#1"
        },
        "west": {
          "uv": [
            7,
            12.5,
            7.75,
            13.25
          ],
          "texture": "#1"
        },
        "up": {
          "uv": [
            13.25,
            12.25,
            12.5,
            11.5
          ],
          "rotation": 90,
          "texture": "#1"
        },
        "down": {
          "uv": [
            13.25,
            12.5,
            12.5,
            13.25
          ],
          "rotation": 270,
          "texture": "#1"
        }
      }
    },
    {
      "from": [
        7.3,
        10.53033,
        10.3425
      ],
      "to": [
        8.7,
        11.03033,
        11.7425
      ],
      "rotation": {
        "angle": 0,
        "axis": "y",
        "origin": [
          8,
          8,
          8
        ]
      },
      "faces": {
        "north": {
          "uv": [
            13.5,
            9,
            14.25,
            9.25
          ],
          "texture": "#1"
        },
        "east": {
          "uv": [
            13.5,
            8,
            14.25,
            8.25
          ],
          "texture": "#1"
        },
        "south": {
          "uv": [
            13.5,
            8.5,
            14.25,
            8.75
          ],
          "texture": "#1"
        },
        "west": {
          "uv": [
            9,
            13.5,
            9.75,
            13.75
          ],
          "texture": "#1"
        },
        "up": {
          "uv": [
            0.75,
            13.75,
            0,
            13
          ],
          "rotation": 90,
          "texture": "#1"
        },
        "down": {
          "uv": [
            13.75,
            0,
            13,
            0.75
          ],
          "rotation": 270,
          "texture": "#1"
        }
      }
    },
    {
      "from": [
        6.5,
        14.06434,
        5.0425
      ],
      "to": [
        9.5,
        16.56434,
        8.0425
      ],
      "rotation": {
        "angle": 0,
        "axis": "y",
        "origin": [
          8,
          8,
          8
        ]
      },
      "faces": {
        "north": {
          "uv": [
            9.5,
            10,
            11,
            11.25
          ],
          "texture": "#1"
        },
        "east": {
          "uv": [
            10,
            7,
            11.5,
            8.25
          ],
          "texture": "#1"
        },
        "south": {
          "uv": [
            8,
            10,
            9.5,
            11.25
          ],
          "texture": "#1"
        },
        "west": {
          "uv": [
            10,
            8.5,
            11.5,
            9.75
          ],
          "texture": "#1"
        },
        "down": {
          "uv": [
            11.5,
            5.5,
            10,
            7
          ],
          "rotation": 270,
          "texture": "#1"
        }
      }
    },
    {
      "from": [
        6.25,
        16.56434,
        4.7925
      ],
      "to": [
        9.75,
        17.56434,
        8.2925
      ],
      "rotation": {
        "angle": 0,
        "axis": "y",
        "origin": [
          8,
          8,
          8
        ]
      },
      "faces": {
        "north": {
          "uv": [
            11.5,
            7.5,
            13.25,
            8
          ],
          "texture": "#1"
        },
        "east": {
          "uv": [
            11.5,
            6,
            13.25,
            6.5
          ],
          "texture": "#1"
        },
        "south": {
          "uv": [
            11.5,
            6.5,
            13.25,
            7
          ],
          "texture": "#1"
        },
        "west": {
          "uv": [
            11.5,
            7,
            13.25,
            7.5
          ],
          "texture": "#1"
        },
        "up": {
          "uv": [
            9.75,
            7.75,
            8,
            6
          ],
          "rotation": 90,
          "texture": "#1"
        },
        "down": {
          "uv": [
            9.75,
            8,
            8,
            9.75
          ],
          "rotation": 270,
          "texture": "#1"
        }
      }
    },
    {
      "from": [
        8.125,
        10.46434,
        4.6925
      ],
      "to": [
        9.125,
        11.46434,
        5.6925
      ],
      "rotation": {
        "angle": 0,
        "axis": "y",
        "origin": [
          8,
          8,
          8
        ]
      },
      "faces": {
        "north": {
          "uv": [
            13,
            5.5,
            13.5,
            6
          ],
          "texture": "#1"
        },
        "east": {
          "uv": [
            11,
            5,
            11.5,
            5.5
          ],
          "texture": "#1"
        },
        "south": {
          "uv": [
            10.5,
            11.5,
            11,
            12
          ],
          "texture": "#1"
        },
        "west": {
          "uv": [
            12,
            10.5,
            12.5,
            11
          ],
          "texture": "#1"
        },
        "up": {
          "uv": [
            8.5,
            13.5,
            8,
            13
          ],
          "rotation": 90,
          "texture": "#1"
        },
        "down": {
          "uv": [
            9,
            13,
            8.5,
            13.5
          ],
          "rotation": 270,
          "texture": "#1"
        }
      }
    },
    {
      "from": [
        6.75,
        12.76703,
        7.49482
      ],
      "to": [
        9.25,
        16.76703,
        7.52482
      ],
      "rotation": {
        "angle": -22.5,
        "axis": "x",
        "origin": [
          8,
          8,
          8
        ]
      },
      "faces": {
        "north": {
          "uv": [
            9,
            2,
            10.25,
            4
          ],
          "texture": "#1"
        },
        "south": {
          "uv": [
            10.25,
            2,
            9,
            4
          ],
          "texture": "#1"
        }
      }
    },
    {
      "from": [
        9.77037,
        9.77037,
        5.2925
      ],
      "to": [
        11.27037,
        11.27037,
        5.7925
      ],
      "rotation": {
        "angle": 45,
        "axis": "z",
        "origin": [
          8,
          8,
          8
        ]
      },
      "faces": {
        "north": {
          "uv": [
            13,
            1,
            13.75,
            1.75
          ],
          "texture": "#1"
        },
        "east": {
          "uv": [
            13.5,
            9.5,
            13.75,
            10.25
          ],
          "texture": "#1"
        },
        "south": {
          "uv": [
            1,
            13,
            1.75,
            13.75
          ],
          "texture": "#1"
        },
        "west": {
          "uv": [
            10,
            13.5,
            10.25,
            14.25
          ],
          "texture": "#1"
        },
        "up": {
          "uv": [
            10.75,
            14.25,
            10.5,
            13.5
          ],
          "rotation": 90,
          "texture": "#1"
        },
        "down": {
          "uv": [
            13.75,
            10.5,
            13.5,
            11.25
          ],
          "rotation": 270,
          "texture": "#1"
        }
      }
    },
    {
      "from": [
        4,
        10.56434,
        5.7175
      ],
      "to": [
        12,
        14.56434,
        5.7475
      ],
      "rotation": {
        "angle": 0,
        "axis": "y",
        "origin": [
          8,
          8,
          8
        ]
      },
      "faces": {
        "north": {
          "uv": [
            7,
            0,
            11,
            2
          ],
          "texture": "#1"
        },
        "south": {
          "uv": [
            11,
            0,
            7,
            2
          ],
          "texture": "#1"
        }
      }
    },
    {
      "from": [
        6.875,
        10.46434,
        4.6925
      ],
      "to": [
        7.875,
        11.46434,
        5.6925
      ],
      "rotation": {
        "angle": 0,
        "axis": "y",
        "origin": [
          8,
          8,
          8
        ]
      },
      "faces": {
        "north": {
          "uv": [
            10,
            13,
            10.5,
            13.5
          ],
          "texture": "#1"
        },
        "east": {
          "uv": [
            9,
            13,
            9.5,
            13.5
          ],
          "texture": "#1"
        },
        "south": {
          "uv": [
            9.5,
            13,
            10,
            13.5
          ],
          "texture": "#1"
        },
        "west": {
          "uv": [
            13,
            9.5,
            13.5,
            10
          ],
          "texture": "#1"
        },
        "up": {
          "uv": [
            13.5,
            10.5,
            13,
            10
          ],
          "rotation": 90,
          "texture": "#1"
        },
        "down": {
          "uv": [
            11,
            13,
            10.5,
            13.5
          ],
          "rotation": 270,
          "texture": "#1"
        }
      }
    },
    {
      "from": [
        7.5,
        11.71434,
        4.6925
      ],
      "to": [
        8.5,
        12.71434,
        5.6925
      ],
      "rotation": {
        "angle": 0,
        "axis": "y",
        "origin": [
          8,
          8,
          8
        ]
      },
      "faces": {
        "north": {
          "uv": [
            2,
            13.5,
            2.5,
            14
          ],
          "texture": "#1"
        },
        "east": {
          "uv": [
            11,
            13,
            11.5,
            13.5
          ],
          "texture": "#1"
        },
        "south": {
          "uv": [
            11.5,
            13,
            12,
            13.5
          ],
          "texture": "#1"
        },
        "west": {
          "uv": [
            12,
            13,
            12.5,
            13.5
          ],
          "texture": "#1"
        },
        "up": {
          "uv": [
            14,
            2.5,
            13.5,
            2
          ],
          "rotation": 90,
          "texture": "#1"
        },
        "down": {
          "uv": [
            3,
            13.5,
            2.5,
            14
          ],
          "rotation": 270,
          "texture": "#1"
        }
      }
    },
    {
      "from": [
        5.72964,
        9.27037,
        5.4425
      ],
      "to": [
        9.72964,
        11.77037,
        5.4725
      ],
      "rotation": {
        "angle": -45,
        "axis": "z",
        "origin": [
          8,
          8,
          8
        ]
      },
      "faces": {
        "north": {
          "uv": [
            9,
            4,
            11,
            5.25
          ],
          "texture": "#1"
        },
        "south": {
          "uv": [
            11,
            4,
            9,
            5.25
          ],
          "texture": "#1"
        }
      }
    },
    {
      "from": [
        6.27036,
        9.27037,
        5.4425
      ],
      "to": [
        10.27036,
        11.77037,
        5.4725
      ],
      "rotation": {
        "angle": 45,
        "axis": "z",
        "origin": [
          8,
          8,
          8
        ]
      },
      "faces": {
        "north": {
          "uv": [
            11,
            4,
            9,
            5.25
          ],
          "texture": "#1"
        },
        "south": {
          "uv": [
            9,
            4,
            11,
            5.25
          ],
          "texture": "#1"
        }
      }
    },
    {
      "from": [
        6.75,
        17.56434,
        6.0425
      ],
      "to": [
        9.25,
        19.06434,
        7.0425
      ],
      "rotation": {
        "angle": 0,
        "axis": "y",
        "origin": [
          8,
          8,
          8
        ]
      },
      "faces": {
        "north": {
          "uv": [
            11.5,
            5,
            12.75,
            5.75
          ],
          "texture": "#1"
        },
        "east": {
          "uv": [
            6,
            13,
            6.5,
            13.75
          ],
          "texture": "#1"
        },
        "south": {
          "uv": [
            11.5,
            3,
            12.75,
            3.75
          ],
          "texture": "#1"
        },
        "west": {
          "uv": [
            6.5,
            13,
            7,
            13.75
          ],
          "texture": "#1"
        },
        "up": {
          "uv": [
            12,
            10.75,
            11.5,
            9.5
          ],
          "rotation": 90,
          "texture": "#1"
        },
        "down": {
          "uv": [
            10.5,
            11.5,
            10,
            12.75
          ],
          "rotation": 270,
          "texture": "#1"
        }
      }
    },
    {
      "from": [
        7.49211,
        12.55733,
        6.0675
      ],
      "to": [
        8.49211,
        17.55733,
        7.0175
      ],
      "rotation": {
        "angle": -22.5,
        "axis": "z",
        "origin": [
          8,
          8,
          8
        ]
      },
      "faces": {
        "north": {
          "uv": [
            15.5,
            13.5,
            16,
            16
          ],
          "texture": "#1"
        },
        "east": {
          "uv": [
            14,
            13.5,
            14.5,
            16
          ],
          "texture": "#1"
        },
        "south": {
          "uv": [
            14.5,
            13.5,
            15,
            16
          ],
          "texture": "#1"
        },
        "west": {
          "uv": [
            15,
            13.5,
            15.5,
            16
          ],
          "texture": "#1"
        },
        "up": {
          "uv": [
            14,
            3,
            13.5,
            2.5
          ],
          "rotation": 90,
          "texture": "#1"
        },
        "down": {
          "uv": [
            3.5,
            13.5,
            3,
            14
          ],
          "rotation": 270,
          "texture": "#1"
        }
      }
    },
    {
      "from": [
        8.49211,
        16.55733,
        6.0675
      ],
      "to": [
        10.49211,
        17.55733,
        7.0175
      ],
      "rotation": {
        "angle": -22.5,
        "axis": "z",
        "origin": [
          8,
          8,
          8
        ]
      },
      "faces": {
        "north": {
          "uv": [
            13,
            3,
            14,
            3.5
          ],
          "texture": "#1"
        },
        "east": {
          "uv": [
            3.5,
            13.5,
            4,
            14
          ],
          "texture": "#1"
        },
        "south": {
          "uv": [
            9,
            5.5,
            10,
            6
          ],
          "texture": "#1"
        },
        "up": {
          "uv": [
            13.5,
            4.5,
            13,
            3.5
          ],
          "rotation": 90,
          "texture": "#1"
        },
        "down": {
          "uv": [
            4.5,
            13,
            4,
            14
          ],
          "rotation": 270,
          "texture": "#1"
        }
      }
    },
    {
      "from": [
        9.49211,
        15.55733,
        6.0675
      ],
      "to": [
        10.49211,
        16.55733,
        7.0175
      ],
      "rotation": {
        "angle": -22.5,
        "axis": "z",
        "origin": [
          8,
          8,
          8
        ]
      },
      "faces": {
        "north": {
          "uv": [
            13.5,
            5,
            14,
            5.5
          ],
          "texture": "#1"
        },
        "east": {
          "uv": [
            13.5,
            3.5,
            14,
            4
          ],
          "texture": "#1"
        },
        "south": {
          "uv": [
            13.5,
            4,
            14,
            4.5
          ],
          "texture": "#1"
        },
        "west": {
          "uv": [
            13.5,
            4.5,
            14,
            5
          ],
          "texture": "#1"
        },
        "down": {
          "uv": [
            14,
            5.5,
            13.5,
            6
          ],
          "rotation": 270,
          "texture": "#1"
        }
      }
    },
    {
      "from": [
        7.50789,
        12.55733,
        6.0675
      ],
      "to": [
        8.50789,
        17.55733,
        7.0175
      ],
      "rotation": {
        "angle": 22.5,
        "axis": "z",
        "origin": [
          8,
          8,
          8
        ]
      },
      "faces": {
        "north": {
          "uv": [
            16,
            13.5,
            15.5,
            16
          ],
          "texture": "#1"
        },
        "east": {
          "uv": [
            15.5,
            13.5,
            15,
            16
          ],
          "texture": "#1"
        },
        "south": {
          "uv": [
            15,
            13.5,
            14.5,
            16
          ],
          "texture": "#1"
        },
        "west": {
          "uv": [
            14.5,
            13.5,
            14,
            16
          ],
          "texture": "#1"
        },
        "up": {
          "uv": [
            14,
            2.5,
            13.5,
            3
          ],
          "rotation": 90,
          "texture": "#1"
        },
        "down": {
          "uv": [
            3.5,
            14,
            3,
            13.5
          ],
          "rotation": 270,
          "texture": "#1"
        }
      }
    },
    {
      "from": [
        5.50789,
        16.55733,
        6.0675
      ],
      "to": [
        7.50789,
        17.55733,
        7.0175
      ],
      "rotation": {
        "angle": 22.5,
        "axis": "z",
        "origin": [
          8,
          8,
          8
        ]
      },
      "faces": {
        "north": {
          "uv": [
            14,
            3,
            13,
            3.5
          ],
          "texture": "#1"
        },
        "south": {
          "uv": [
            10,
            5.5,
            9,
            6
          ],
          "texture": "#1"
        },
        "west": {
          "uv": [
            4,
            13.5,
            3.5,
            14
          ],
          "texture": "#1"
        },
        "up": {
          "uv": [
            13.5,
            3.5,
            13,
            4.5
          ],
          "rotation": 90,
          "texture": "#1"
        },
        "down": {
          "uv": [
            4.5,
            14,
            4,
            13
          ],
          "rotation": 270,
          "texture": "#1"
        }
      }
    },
    {
      "from": [
        5.50789,
        15.55733,
        6.0675
      ],
      "to": [
        6.50789,
        16.55733,
        7.0175
      ],
      "rotation": {
        "angle": 22.5,
        "axis": "z",
        "origin": [
          8,
          8,
          8
        ]
      },
      "faces": {
        "north": {
          "uv": [
            14,
            5,
            13.5,
            5.5
          ],
          "texture": "#1"
        },
        "east": {
          "uv": [
            14,
            4.5,
            13.5,
            5
          ],
          "texture": "#1"
        },
        "south": {
          "uv": [
            14,
            4,
            13.5,
            4.5
          ],
          "texture": "#1"
        },
        "west": {
          "uv": [
            14,
            3.5,
            13.5,
            4
          ],
          "texture": "#1"
        },
        "down": {
          "uv": [
            14,
            6,
            13.5,
            5.5
          ],
          "rotation": 270,
          "texture": "#1"
        }
      }
    },
    {
      "from": [
        8.60615,
        8.60615,
        5.7925
      ],
      "to": [
        12.60615,
        12.60615,
        7.2925
      ],
      "rotation": {
        "angle": 45,
        "axis": "z",
        "origin": [
          8,
          8,
          8
        ]
      },
      "faces": {
        "north": {
          "uv": [
            7,
            4,
            9,
            6
          ],
          "texture": "#1"
        },
        "east": {
          "uv": [
            10.5,
            2,
            11.25,
            4
          ],
          "texture": "#1"
        },
        "south": {
          "uv": [
            7,
            2,
            9,
            4
          ],
          "texture": "#1"
        },
        "west": {
          "uv": [
            0,
            14,
            0.75,
            16
          ],
          "texture": "#1"
        },
        "up": {
          "uv": [
            11.75,
            2,
            11,
            0
          ],
          "rotation": 90,
          "texture": "#1"
        },
        "down": {
          "uv": [
            1.75,
            14,
            1,
            16
          ],
          "rotation": 270,
          "texture": "#1"
        }
      }
    },
    {
      "from": [
        6.5,
        -2.31434,
        6.0425
      ],
      "to": [
        9.5,
        10.68566,
        7.0425
      ],
      "rotation": {
        "angle": 0,
        "axis": "y",
        "origin": [
          8,
          8,
          8
        ]
      },
      "faces": {
        "north": {
          "uv": [
            14.5,
            0,
            16,
            6.5
          ],
          "texture": "#1"
        },
        "east": {
          "uv": [
            7,
            6,
            7.5,
            12.5
          ],
          "texture": "#1"
        },
        "south": {
          "uv": [
            14.5,
            6.75,
            16,
            13.25
          ],
          "texture": "#1"
        },
        "west": {
          "uv": [
            7.5,
            6,
            8,
            12.5
          ],
          "texture": "#1"
        }
      }
    },
    {
      "from": [
        -0.35584,
        -0.35584,
        6.0375
      ],
      "to": [
        1.76916,
        1.76916,
        7.0475
      ],
      "rotation": {
        "angle": 45,
        "axis": "z",
        "origin": [
          8,
          8,
          8
        ]
      },
      "faces": {
        "north": {
          "uv": [
            11.5,
            2,
            12.5,
            3
          ],
          "texture": "#1"
        },
        "east": {
          "uv": [
            4.5,
            13,
            5,
            14
          ],
          "texture": "#1"
        },
        "south": {
          "uv": [
            11,
            4,
            12,
            5
          ],
          "texture": "#1"
        },
        "west": {
          "uv": [
            13,
            4.5,
            13.5,
            5.5
          ],
          "texture": "#1"
        },
        "up": {
          "uv": [
            5.5,
            14,
            5,
            13
          ],
          "rotation": 90,
          "texture": "#1"
        },
        "down": {
          "uv": [
            6,
            13,
            5.5,
            14
          ],
          "rotation": 270,
          "texture": "#1"
        }
      }
    },
    {
      "from": [
        10.10239,
        10.10238,
        6.7925
      ],
      "to": [
        11.10239,
        11.10238,
        10.2925
      ],
      "rotation": {
        "angle": 45,
        "axis": "z",
        "origin": [
          8,
          8,
          8
        ]
      },
      "faces": {
        "north": {
          "uv": [
            13.5,
            6.5,
            14,
            7
          ],
          "texture": "#1"
        },
        "east": {
          "uv": [
            8,
            11.5,
            9.75,
            12
          ],
          "texture": "#1"
        },
        "south": {
          "uv": [
            13.5,
            6,
            14,
            6.5
          ],
          "texture": "#1"
        },
        "west": {
          "uv": [
            11.5,
            8,
            13.25,
            8.5
          ],
          "texture": "#1"
        },
        "up": {
          "uv": [
            13.25,
            9,
            11.5,
            8.5
          ],
          "rotation": 90,
          "texture": "#1"
        },
        "down": {
          "uv": [
            13.25,
            9,
            11.5,
            9.5
          ],
          "rotation": 270,
          "texture": "#1"
        }
      }
    },
    {
      "from": [
        5.64761,
        5.64761,
        6.7925
      ],
      "to": [
        6.64761,
        6.64761,
        10.2925
      ],
      "rotation": {
        "angle": 45,
        "axis": "z",
        "origin": [
          8,
          8,
          8
        ]
      },
      "faces": {
        "north": {
          "uv": [
            13.5,
            6.5,
            14,
            7
          ],
          "texture": "#1"
        },
        "east": {
          "uv": [
            8,
            11.5,
            9.75,
            12
          ],
          "texture": "#1"
        },
        "south": {
          "uv": [
            13.5,
            6,
            14,
            6.5
          ],
          "texture": "#1"
        },
        "west": {
          "uv": [
            11.5,
            8,
            13.25,
            8.5
          ],
          "texture": "#1"
        },
        "up": {
          "uv": [
            13.25,
            9,
            11.5,
            8.5
          ],
          "rotation": 90,
          "texture": "#1"
        },
        "down": {
          "uv": [
            13.25,
            9,
            11.5,
            9.5
          ],
          "rotation": 270,
          "texture": "#1"
        }
      }
    },
    {
      "from": [
        2.5,
        -8.09467,
        6.5425
      ],
      "to": [
        13.5,
        13.90533,
        6.5725
      ],
      "rotation": {
        "angle": 0,
        "axis": "y",
        "origin": [
          8,
          8,
          8
        ]
      },
      "faces": {
        "north": {
          "uv": [
            0,
            0,
            5.5,
            11
          ],
          "texture": "#1"
        },
        "south": {
          "uv": [
            5.5,
            0,
            0,
            11
          ],
          "texture": "#1"
        }
      }
    },
    {
      "from": [
        9.07154,
        7.72989,
        5.8625
      ],
      "to": [
        10.34654,
        9.00489,
        7.1375
      ],
      "rotation": {
        "angle": 22.5,
        "axis": "z",
        "origin": [
          8.5,
          8.33694,
          6.5
        ]
      },
      "faces": {
        "north": {
          "uv": [
            5,
            6,
            6.5,
            7.5
          ],
          "texture": "#2"
        },
        "east": {
          "uv": [
            5,
            4,
            6.5,
            5.5
          ],
          "texture": "#2"
        },
        "south": {
          "uv": [
            6,
            0,
            7.5,
            1.5
          ],
          "texture": "#2"
        },
        "west": {
          "uv": [
            6,
            2,
            7.5,
            3.5
          ],
          "texture": "#2"
        },
        "up": {
          "uv": [
            1.5,
            8.5,
            0,
            7
          ],
          "rotation": 90,
          "texture": "#2"
        }
      }
    },
    {
      "from": [
        8.85904,
        6.87989,
        5.65
      ],
      "to": [
        10.55904,
        7.72989,
        7.35
      ],
      "rotation": {
        "angle": 22.5,
        "axis": "z",
        "origin": [
          8.5,
          8.33694,
          6.5
        ]
      },
      "faces": {
        "north": {
          "uv": [
            0,
            9,
            1.5,
            10
          ],
          "texture": "#2"
        },
        "east": {
          "uv": [
            4,
            8,
            5.5,
            9
          ],
          "texture": "#2"
        },
        "south": {
          "uv": [
            6,
            8,
            7.5,
            9
          ],
          "texture": "#2"
        },
        "west": {
          "uv": [
            8,
            8,
            9.5,
            9
          ],
          "texture": "#2"
        },
        "up": {
          "uv": [
            8.5,
            5.5,
            7,
            4
          ],
          "rotation": 90,
          "texture": "#2"
        },
        "down": {
          "uv": [
            8.5,
            6,
            7,
            7.5
          ],
          "rotation": 270,
          "texture": "#2"
        }
      }
    },
    {
      "from": [
        5.65346,
        7.72989,
        5.8625
      ],
      "to": [
        6.92846,
        9.00489,
        7.1375
      ],
      "rotation": {
        "angle": -22.5,
        "axis": "z",
        "origin": [
          7.5,
          8.33694,
          6.5
        ]
      },
      "faces": {
        "north": {
          "uv": [
            6.5,
            6,
            5,
            7.5
          ],
          "texture": "#2"
        },
        "east": {
          "uv": [
            7.5,
            2,
            6,
            3.5
          ],
          "texture": "#2"
        },
        "south": {
          "uv": [
            7.5,
            0,
            6,
            1.5
          ],
          "texture": "#2"
        },
        "west": {
          "uv": [
            6.5,
            4,
            5,
            5.5
          ],
          "texture": "#2"
        },
        "up": {
          "uv": [
            1.5,
            7,
            0,
            8.5
          ],
          "rotation": 90,
          "texture": "#2"
        }
      }
    },
    {
      "from": [
        5.44096,
        6.87989,
        5.65
      ],
      "to": [
        7.14096,
        7.72989,
        7.35
      ],
      "rotation": {
        "angle": -22.5,
        "axis": "z",
        "origin": [
          7.5,
          8.33694,
          6.5
        ]
      },
      "faces": {
        "north": {
          "uv": [
            1.5,
            9,
            0,
            10
          ],
          "texture": "#2"
        },
        "east": {
          "uv": [
            9.5,
            8,
            8,
            9
          ],
          "texture": "#2"
        },
        "south": {
          "uv": [
            7.5,
            8,
            6,
            9
          ],
          "texture": "#2"
        },
        "west": {
          "uv": [
            5.5,
            8,
            4,
            9
          ],
          "texture": "#2"
        },
        "up": {
          "uv": [
            8.5,
            4,
            7,
            5.5
          ],
          "rotation": 90,
          "texture": "#2"
        },
        "down": {
          "uv": [
            8.5,
            7.5,
            7,
            6
          ],
          "rotation": 270,
          "texture": "#2"
        }
      }
    },
    {
      "from": [
        12.14,
        1.5,
        6.235
      ],
      "to": [
        15.64,
        5,
        6.265
      ],
      "rotation": {
        "angle": -22.5,
        "axis": "z",
        "origin": [
          13.89,
          3.25,
          6.25
        ]
      },
      "faces": {
        "north": {
          "uv": [
            0,
            0,
            3.5,
            3.5
          ],
          "texture": "#2"
        },
        "south": {
          "uv": [
            3.5,
            0,
            0,
            3.5
          ],
          "texture": "#2"
        }
      }
    },
    {
      "from": [
        12.14,
        -2,
        6.235
      ],
      "to": [
        14.64,
        0.5,
        6.265
      ],
      "rotation": {
        "angle": 22.5,
        "axis": "z",
        "origin": [
          13.39,
          -0.75,
          6.25
        ]
      },
      "faces": {
        "north": {
          "uv": [
            0,
            4,
            2.5,
            6.5
          ],
          "texture": "#2"
        },
        "south": {
          "uv": [
            2.5,
            4,
            0,
            6.5
          ],
          "texture": "#2"
        }
      }
    },
    {
      "from": [
        1.36,
        -2,
        6.235
      ],
      "to": [
        3.86,
        0.5,
        6.265
      ],
      "rotation": {
        "angle": -22.5,
        "axis": "z",
        "origin": [
          2.61,
          -0.75,
          6.25
        ]
      },
      "faces": {
        "north": {
          "uv": [
            2.5,
            4,
            0,
            6.5
          ],
          "texture": "#2"
        },
        "south": {
          "uv": [
            0,
            4,
            2.5,
            6.5
          ],
          "texture": "#2"
        }
      }
    },
    {
      "from": [
        0.36,
        1.5,
        6.235
      ],
      "to": [
        3.86,
        5,
        6.265
      ],
      "rotation": {
        "angle": 22.5,
        "axis": "z",
        "origin": [
          2.11,
          3.25,
          6.25
        ]
      },
      "faces": {
        "north": {
          "uv": [
            3.5,
            0,
            0,
            3.5
          ],
          "texture": "#2"
        },
        "south": {
          "uv": [
            0,
            0,
            3.5,
            3.5
          ],
          "texture": "#2"
        }
      }
    },
    {
      "from": [
        11.0625,
        9.375,
        6.025
      ],
      "to": [
        12.0125,
        13.175,
        6.975
      ],
      "rotation": {
        "angle": -45,
        "axis": "z",
        "origin": [
          12.25,
          12.1125,
          6.5
        ]
      },
      "faces": {
        "north": {
          "uv": [
            5,
            0,
            6,
            4
          ],
          "texture": "#2"
        },
        "east": {
          "uv": [
            4,
            0,
            5,
            4
          ],
          "texture": "#2"
        },
        "south": {
          "uv": [
            3,
            4,
            4,
            8
          ],
          "texture": "#2"
        },
        "west": {
          "uv": [
            4,
            4,
            5,
            8
          ],
          "texture": "#2"
        },
        "up": {
          "uv": [
            10,
            1,
            9,
            0
          ],
          "rotation": 90,
          "texture": "#2"
        },
        "down": {
          "uv": [
            10,
            1,
            9,
            2
          ],
          "rotation": 270,
          "texture": "#2"
        }
      }
    },
    {
      "from": [
        12.0125,
        12.225,
        6.025
      ],
      "to": [
        12.4875,
        13.175,
        6.975
      ],
      "rotation": {
        "angle": -45,
        "axis": "z",
        "origin": [
          12.25,
          12.1125,
          6.5
        ]
      },
      "faces": {
        "north": {
          "uv": [
            4,
            9,
            4.5,
            10
          ],
          "texture": "#2"
        },
        "south": {
          "uv": [
            9,
            3,
            9.5,
            4
          ],
          "texture": "#2"
        },
        "up": {
          "uv": [
            10,
            4.5,
            9,
            4
          ],
          "rotation": 90,
          "texture": "#2"
        },
        "down": {
          "uv": [
            6,
            9,
            5,
            9.5
          ],
          "rotation": 270,
          "texture": "#2"
        }
      }
    },
    {
      "from": [
        12.4875,
        11.275,
        6.025
      ],
      "to": [
        13.4375,
        13.175,
        6.975
      ],
      "rotation": {
        "angle": -45,
        "axis": "z",
        "origin": [
          12.25,
          12.1125,
          6.5
        ]
      },
      "faces": {
        "north": {
          "uv": [
            3,
            8,
            4,
            10
          ],
          "texture": "#2"
        },
        "east": {
          "uv": [
            2,
            7,
            3,
            9
          ],
          "texture": "#2"
        },
        "south": {
          "uv": [
            8,
            0,
            9,
            2
          ],
          "texture": "#2"
        },
        "west": {
          "uv": [
            8,
            2,
            9,
            4
          ],
          "texture": "#2"
        },
        "up": {
          "uv": [
            3,
            10,
            2,
            9
          ],
          "rotation": 90,
          "texture": "#2"
        },
        "down": {
          "uv": [
            10,
            2,
            9,
            3
          ],
          "rotation": 270,
          "texture": "#2"
        }
      }
    },
    {
      "from": [
        3.9875,
        9.375,
        6.025
      ],
      "to": [
        4.9375,
        13.175,
        6.975
      ],
      "rotation": {
        "angle": 45,
        "axis": "z",
        "origin": [
          3.75,
          12.1125,
          6.5
        ]
      },
      "faces": {
        "north": {
          "uv": [
            6,
            0,
            5,
            4
          ],
          "texture": "#2"
        },
        "east": {
          "uv": [
            5,
            4,
            4,
            8
          ],
          "texture": "#2"
        },
        "south": {
          "uv": [
            4,
            4,
            3,
            8
          ],
          "texture": "#2"
        },
        "west": {
          "uv": [
            5,
            0,
            4,
            4
          ],
          "texture": "#2"
        },
        "up": {
          "uv": [
            10,
            0,
            9,
            1
          ],
          "rotation": 90,
          "texture": "#2"
        },
        "down": {
          "uv": [
            10,
            2,
            9,
            1
          ],
          "rotation": 270,
          "texture": "#2"
        }
      }
    },
    {
      "from": [
        3.5125,
        12.225,
        6.025
      ],
      "to": [
        3.9875,
        13.175,
        6.975
      ],
      "rotation": {
        "angle": 45,
        "axis": "z",
        "origin": [
          3.75,
          12.1125,
          6.5
        ]
      },
      "faces": {
        "north": {
          "uv": [
            4.5,
            9,
            4,
            10
          ],
          "texture": "#2"
        },
        "south": {
          "uv": [
            9.5,
            3,
            9,
            4
          ],
          "texture": "#2"
        },
        "up": {
          "uv": [
            10,
            4,
            9,
            4.5
          ],
          "rotation": 90,
          "texture": "#2"
        },
        "down": {
          "uv": [
            6,
            9.5,
            5,
            9
          ],
          "rotation": 270,
          "texture": "#2"
        }
      }
    },
    {
      "from": [
        2.5625,
        11.275,
        6.025
      ],
      "to": [
        3.5125,
        13.175,
        6.975
      ],
      "rotation": {
        "angle": 45,
        "axis": "z",
        "origin": [
          3.75,
          12.1125,
          6.5
        ]
      },
      "faces": {
        "north": {
          "uv": [
            4,
            8,
            3,
            10
          ],
          "texture": "#2"
        },
        "east": {
          "uv": [
            9,
            2,
            8,
            4
          ],
          "texture": "#2"
        },
        "south": {
          "uv": [
            9,
            0,
            8,
            2
          ],
          "texture": "#2"
        },
        "west": {
          "uv": [
            3,
            7,
            2,
            9
          ],
          "texture": "#2"
        },
        "up": {
          "uv": [
            3,
            9,
            2,
            10
          ],
          "rotation": 90,
          "texture": "#2"
        },
        "down": {
          "uv": [
            10,
            3,
            9,
            2
          ],
          "rotation": 270,
          "texture": "#2"
        }
      }
    }
  ],
  "gui_light": "front",
  "display": {
    "thirdperson_righthand": {
      "rotation": [
        0,
        -55,
        0
      ],
      "translation": [
        2.5,
        -2,
        -1
      ]
    },
    "thirdperson_lefthand": {
      "rotation": [
        0,
        -55,
        0
      ],
      "translation": [
        2.5,
        -2,
        -1
      ]
    },
    "firstperson_righthand": {
      "rotation": [
        0,
        0,
        -11
      ],
      "translation": [
        0.25,
        -0.25,
        0.5
      ]
    },
    "firstperson_lefthand": {
      "rotation": [
        0,
        0,
        -11
      ],
      "translation": [
        0.25,
        -0.25,
        0.5
      ]
    },
    "ground": {
      "rotation": [
        45,
        0,
        0
      ],
      "translation": [
        0,
        3,
        0
      ],
      "scale": [
        0.7,
        0.7,
        0.7
      ]
    },
    "gui": {
      "rotation": [
        0,
        180,
        -45
      ],
      "translation": [
        -0.75,
        0.75,
        0
      ],
      "scale": [
        0.7,
        0.7,
        0.7
      ]
    },
    "fixed": {
      "translation": [
        0,
        0,
        -1.25
      ],
      "scale": [
        2,
        2,
        2
      ]
    }
  },
  "groups": [
    0,
    1,
    2,
    3,
    4,
    5,
    6,
    {
      "name": "group",
      "origin": [
        7.1,
        11.51256,
        8.17678
      ],
      "color": 0,
      "boneType": "",
      "children": [
        7,
        8,
        9,
        10,
        11,
        12,
        13,
        14
      ]
    },
    15,
    16,
    17,
    18,
    19,
    20,
    21,
    22,
    23,
    24,
    25,
    26,
    27,
    28,
    29,
    30,
    31,
    32,
    33,
    34,
    35,
    36,
    37,
    38,
    39,
    40,
    41
  ]
}