{"credit":"Made by PolygonMC","textures":{"2":"merry_christmasset:detail","particle":"merry_christmasset:spear"},"elements":[{"from":[7.5,12.25,7.5],"to":[8.5,16.25,8.5],"rotation":{"angle":0,"axis":"y","origin":[7.5,11.25,7.5]},"faces":{"north":{"uv":[2.66667,9.33333,3.33333,12],"texture":"#particle"},"east":{"uv":[3.33333,9.33333,4,12],"texture":"#particle"},"south":{"uv":[9.33333,7.33333,10,10],"texture":"#particle"},"west":{"uv":[10,2,10.66667,4.66667],"texture":"#particle"}}},{"from":[7.25,0.35,7.25],"to":[8.75,1.85,8.75],"rotation":{"angle":-45,"axis":"x","origin":[8,1.1,8]},"faces":{"north":{"uv":[10.66667,6.66667,11.66667,7.66667],"texture":"#particle"},"east":{"uv":[7.33333,10.66667,8.33333,11.66667],"texture":"#particle"},"south":{"uv":[10.66667,8,11.66667,9],"texture":"#particle"},"west":{"uv":[10.66667,9.33333,11.66667,10.33333],"texture":"#particle"},"up":{"uv":[11.66667,11.66667,10.66667,10.66667],"texture":"#particle"},"down":{"uv":[5,11.33333,4,12.33333],"texture":"#particle"}}},{"from":[7.3,11.75,7.3],"to":[8.7,12.25,8.7],"rotation":{"angle":0,"axis":"y","origin":[7.5,11.75,7.5]},"faces":{"north":{"uv":[13.33333,2.66667,14.33333,3],"texture":"#particle"},"east":{"uv":[3.33333,13.33333,4.33333,13.66667],"texture":"#particle"},"south":{"uv":[13.33333,3.33333,14.33333,3.66667],"texture":"#particle"},"west":{"uv":[13.33333,4,14.33333,4.33333],"texture":"#particle"},"up":{"uv":[12.33333,5.66667,11.33333,4.66667],"texture":"#particle"},"down":{"uv":[6.33333,11.33333,5.33333,12.33333],"texture":"#particle"}}},{"from":[7.3,16.25,7.3],"to":[8.7,16.75,8.7],"rotation":{"angle":0,"axis":"y","origin":[7.5,12.75,7.5]},"faces":{"north":{"uv":[4.66667,13.33333,5.66667,13.66667],"texture":"#particle"},"east":{"uv":[13.33333,4.66667,14.33333,5],"texture":"#particle"},"south":{"uv":[13.33333,5.33333,14.33333,5.66667],"texture":"#particle"},"west":{"uv":[6,13.33333,7,13.66667],"texture":"#particle"},"down":{"uv":[1,12,0,13],"texture":"#particle"}}},{"from":[7.5,2.25,7.5],"to":[8.5,6.25,8.5],"rotation":{"angle":0,"axis":"y","origin":[7.5,12.25,7.5]},"faces":{"north":{"uv":[10,4.66667,10.66667,7.33333],"texture":"#particle"},"east":{"uv":[10,7.33333,10.66667,10],"texture":"#particle"},"south":{"uv":[9.33333,10,10,12.66667],"texture":"#particle"},"west":{"uv":[10,10,10.66667,12.66667],"texture":"#particle"}}},{"from":[7.3,1.75,7.3],"to":[8.7,2.25,8.7],"rotation":{"angle":0,"axis":"y","origin":[7.5,12.75,7.5]},"faces":{"north":{"uv":[13.33333,10,14.33333,10.33333],"texture":"#particle"},"east":{"uv":[13.33333,10.66667,14.33333,11],"texture":"#particle"},"south":{"uv":[11.33333,13.33333,12.33333,13.66667],"texture":"#particle"},"west":{"uv":[13.33333,11.33333,14.33333,11.66667],"texture":"#particle"},"up":{"uv":[13,12.33333,12,11.33333],"texture":"#particle"},"down":{"uv":[13.66667,0,12.66667,1],"texture":"#particle"}}},{"from":[6.5,21.75,6.5],"to":[9.5,24.25,9.5],"rotation":{"angle":0,"axis":"y","origin":[6.5,13.25,6.5]},"faces":{"north":{"uv":[0,6.66667,2,8.33333],"texture":"#particle"},"east":{"uv":[6.66667,5.33333,8.66667,7],"texture":"#particle"},"south":{"uv":[7.33333,0,9.33333,1.66667],"texture":"#particle"},"west":{"uv":[2,7.33333,4,9],"texture":"#particle"},"down":{"uv":[6.66667,5.33333,4.66667,7.33333],"texture":"#particle"}}},{"from":[6.25,24.25,6.25],"to":[9.75,25.25,9.75],"rotation":{"angle":0,"axis":"y","origin":[6.5,13.25,6.5]},"faces":{"north":{"uv":[10.66667,2.66667,13,3.33333],"texture":"#particle"},"east":{"uv":[10.66667,3.33333,13,4],"texture":"#particle"},"south":{"uv":[4,10.66667,6.33333,11.33333],"texture":"#particle"},"west":{"uv":[10.66667,4,13,4.66667],"texture":"#particle"},"up":{"uv":[4.33333,5,2,2.66667],"texture":"#particle"},"down":{"uv":[7,2.66667,4.66667,5],"texture":"#particle"}}},{"from":[6.15,18.15,6.875],"to":[7.15,19.15,7.875],"rotation":{"angle":0,"axis":"y","origin":[6.15,18.15,6.875]},"faces":{"north":{"uv":[1.33333,8.66667,2,9.33333],"texture":"#particle"},"east":{"uv":[11.33333,6,12,6.66667],"texture":"#particle"},"south":{"uv":[12.66667,1.33333,13.33333,2],"texture":"#particle"},"west":{"uv":[12.66667,2,13.33333,2.66667],"texture":"#particle"},"up":{"uv":[4.66667,13.33333,4,12.66667],"texture":"#particle"},"down":{"uv":[5.33333,12.66667,4.66667,13.33333],"texture":"#particle"}}},{"from":[6.4,19.75,6.75],"to":[6.43,23.75,9.25],"rotation":{"angle":22.5,"axis":"z","origin":[6.415,21.75,8]},"faces":{"east":{"uv":[7,0,5.33333,2.66667],"texture":"#particle"},"west":{"uv":[5.33333,0,7,2.66667],"texture":"#particle"}}},{"from":[6.75,19.5,6.83579],"to":[7.25,21,8.33579],"rotation":{"angle":45,"axis":"x","origin":[6.75,19.25,6.58579]},"faces":{"north":{"uv":[13.33333,6,13.66667,7],"texture":"#particle"},"east":{"uv":[2.66667,12,3.66667,13],"texture":"#particle"},"south":{"uv":[7.33333,13.33333,7.66667,14.33333],"texture":"#particle"},"west":{"uv":[12,6,13,7],"texture":"#particle"},"up":{"uv":[13.66667,8.33333,13.33333,7.33333],"texture":"#particle"},"down":{"uv":[8.33333,13.33333,8,14.33333],"texture":"#particle"}}},{"from":[7.175,18.25,4],"to":[7.205,22.25,12],"rotation":{"angle":0,"axis":"y","origin":[6.175,17,5]},"faces":{"east":{"uv":[5.33333,0,0,2.66667],"texture":"#particle"},"west":{"uv":[0,0,5.33333,2.66667],"texture":"#particle"}}},{"from":[6.15,18.15,8.125],"to":[7.15,19.15,9.125],"rotation":{"angle":0,"axis":"y","origin":[6.15,18.15,9.125]},"faces":{"north":{"uv":[12.66667,4.66667,13.33333,5.33333],"texture":"#particle"},"east":{"uv":[5.33333,12.66667,6,13.33333],"texture":"#particle"},"south":{"uv":[12.66667,5.33333,13.33333,6],"texture":"#particle"},"west":{"uv":[6,12.66667,6.66667,13.33333],"texture":"#particle"},"up":{"uv":[7.33333,13.33333,6.66667,12.66667],"texture":"#particle"},"down":{"uv":[10,12.66667,9.33333,13.33333],"texture":"#particle"}}},{"from":[6.15,19.4,7.5],"to":[7.15,20.4,8.5],"rotation":{"angle":0,"axis":"y","origin":[6.15,19.4,7.5]},"faces":{"north":{"uv":[10,12.66667,10.66667,13.33333],"texture":"#particle"},"east":{"uv":[12,12.66667,12.66667,13.33333],"texture":"#particle"},"south":{"uv":[12.66667,12.66667,13.33333,13.33333],"texture":"#particle"},"west":{"uv":[0,13.33333,0.66667,14],"texture":"#particle"},"up":{"uv":[1.33333,14,0.66667,13.33333],"texture":"#particle"},"down":{"uv":[14,1.33333,13.33333,2],"texture":"#particle"}}},{"from":[6.9,17.51256,4.57322],"to":[6.93,20.01256,8.57322],"rotation":{"angle":-45,"axis":"x","origin":[6.75,18.01256,7.82322]},"faces":{"east":{"uv":[4.66667,5.33333,2,7],"texture":"#particle"},"west":{"uv":[2,5.33333,4.66667,7],"texture":"#particle"}}},{"from":[6.9,17.51256,7.42678],"to":[6.93,20.01256,11.42678],"rotation":{"angle":45,"axis":"x","origin":[6.75,18.01256,8.17678]},"faces":{"east":{"uv":[2,5.33333,4.66667,7],"texture":"#particle"},"west":{"uv":[4.66667,5.33333,2,7],"texture":"#particle"}}},{"from":[8.85,18.15,6.875],"to":[9.85,19.15,7.875],"rotation":{"angle":0,"axis":"y","origin":[9.85,18.15,6.875]},"faces":{"north":{"uv":[2,8.66667,1.33333,9.33333],"texture":"#particle"},"east":{"uv":[13.33333,2,12.66667,2.66667],"texture":"#particle"},"south":{"uv":[13.33333,1.33333,12.66667,2],"texture":"#particle"},"west":{"uv":[12,6,11.33333,6.66667],"texture":"#particle"},"up":{"uv":[4,13.33333,4.66667,12.66667],"texture":"#particle"},"down":{"uv":[4.66667,12.66667,5.33333,13.33333],"texture":"#particle"}}},{"from":[9.57,19.75,6.75],"to":[9.6,23.75,9.25],"rotation":{"angle":-22.5,"axis":"z","origin":[9.585,21.75,8]},"faces":{"east":{"uv":[7,0,5.33333,2.66667],"texture":"#particle"},"west":{"uv":[5.33333,0,7,2.66667],"texture":"#particle"}}},{"from":[8.75,19.5,6.83579],"to":[9.25,21,8.33579],"rotation":{"angle":45,"axis":"x","origin":[9.25,19.25,6.58579]},"faces":{"north":{"uv":[13.66667,6,13.33333,7],"texture":"#particle"},"east":{"uv":[13,6,12,7],"texture":"#particle"},"south":{"uv":[7.66667,13.33333,7.33333,14.33333],"texture":"#particle"},"west":{"uv":[3.66667,12,2.66667,13],"texture":"#particle"},"up":{"uv":[13.33333,8.33333,13.66667,7.33333],"texture":"#particle"},"down":{"uv":[8,13.33333,8.33333,14.33333],"texture":"#particle"}}},{"from":[8.795,18.25,4],"to":[8.825,22.25,12],"rotation":{"angle":0,"axis":"y","origin":[9.825,17,5]},"faces":{"east":{"uv":[5.33333,0,0,2.66667],"texture":"#particle"},"west":{"uv":[0,0,5.33333,2.66667],"texture":"#particle"}}},{"from":[8.85,18.15,8.125],"to":[9.85,19.15,9.125],"rotation":{"angle":0,"axis":"y","origin":[9.85,18.15,9.125]},"faces":{"north":{"uv":[13.33333,4.66667,12.66667,5.33333],"texture":"#particle"},"east":{"uv":[6.66667,12.66667,6,13.33333],"texture":"#particle"},"south":{"uv":[13.33333,5.33333,12.66667,6],"texture":"#particle"},"west":{"uv":[6,12.66667,5.33333,13.33333],"texture":"#particle"},"up":{"uv":[6.66667,13.33333,7.33333,12.66667],"texture":"#particle"},"down":{"uv":[9.33333,12.66667,10,13.33333],"texture":"#particle"}}},{"from":[8.85,19.4,7.5],"to":[9.85,20.4,8.5],"rotation":{"angle":0,"axis":"y","origin":[9.85,19.4,7.5]},"faces":{"north":{"uv":[10.66667,12.66667,10,13.33333],"texture":"#particle"},"east":{"uv":[0.66667,13.33333,0,14],"texture":"#particle"},"south":{"uv":[13.33333,12.66667,12.66667,13.33333],"texture":"#particle"},"west":{"uv":[12.66667,12.66667,12,13.33333],"texture":"#particle"},"up":{"uv":[0.66667,14,1.33333,13.33333],"texture":"#particle"},"down":{"uv":[13.33333,1.33333,14,2],"texture":"#particle"}}},{"from":[9.07,17.51256,4.57322],"to":[9.1,20.01256,8.57322],"rotation":{"angle":-45,"axis":"x","origin":[9.25,18.01256,7.82322]},"faces":{"east":{"uv":[4.66667,5.33333,2,7],"texture":"#particle"},"west":{"uv":[2,5.33333,4.66667,7],"texture":"#particle"}}},{"from":[9.07,17.51256,7.42678],"to":[9.1,20.01256,11.42678],"rotation":{"angle":45,"axis":"x","origin":[9.25,18.01256,8.17678]},"faces":{"east":{"uv":[2,5.33333,4.66667,7],"texture":"#particle"},"west":{"uv":[4.66667,5.33333,2,7],"texture":"#particle"}}},{"from":[7.25,16.75,7.25],"to":[8.75,21.75,8.75],"rotation":{"angle":0,"axis":"y","origin":[7.25,16.75,7.25]},"faces":{"north":{"uv":[7.33333,2,8.33333,5.33333],"texture":"#particle"},"east":{"uv":[4,7.33333,5,10.66667],"texture":"#particle"},"south":{"uv":[5.33333,7.33333,6.33333,10.66667],"texture":"#particle"},"west":{"uv":[6.66667,7.33333,7.66667,10.66667],"texture":"#particle"},"up":{"uv":[8.33333,13,7.33333,12],"texture":"#particle"},"down":{"uv":[13,7.33333,12,8.33333],"texture":"#particle"}}},{"from":[7.25,6.75,7.25],"to":[8.75,11.75,8.75],"rotation":{"angle":0,"axis":"y","origin":[7.25,16.75,7.25]},"faces":{"north":{"uv":[8,7.33333,9,10.66667],"texture":"#particle"},"east":{"uv":[0,8.66667,1,12],"texture":"#particle"},"south":{"uv":[8.66667,2,9.66667,5.33333],"texture":"#particle"},"west":{"uv":[1.33333,9.33333,2.33333,12.66667],"texture":"#particle"},"up":{"uv":[13,11,12,10],"texture":"#particle"},"down":{"uv":[11.66667,12,10.66667,13],"texture":"#particle"}}},{"from":[7.3,6.25,7.3],"to":[8.7,6.75,8.7],"rotation":{"angle":0,"axis":"y","origin":[7.5,12.75,7.5]},"faces":{"north":{"uv":[8.66667,13.33333,9.66667,13.66667],"texture":"#particle"},"east":{"uv":[13.33333,8.66667,14.33333,9],"texture":"#particle"},"south":{"uv":[13.33333,9.33333,14.33333,9.66667],"texture":"#particle"},"west":{"uv":[10,13.33333,11,13.66667],"texture":"#particle"},"down":{"uv":[13,8.66667,12,9.66667],"texture":"#particle"}}},{"from":[7.5,25.25,6.75],"to":[8.5,26.75,9.25],"rotation":{"angle":0,"axis":"y","origin":[7.5,26.25,7.25]},"faces":{"north":{"uv":[8.66667,10.66667,9.33333,11.66667],"texture":"#particle"},"east":{"uv":[10.66667,0,12.33333,1],"texture":"#particle"},"south":{"uv":[8.66667,12,9.33333,13],"texture":"#particle"},"west":{"uv":[10.66667,1.33333,12.33333,2.33333],"texture":"#particle"},"up":{"uv":[11.33333,6.33333,10.66667,4.66667],"texture":"#particle"},"down":{"uv":[7.33333,10.66667,6.66667,12.33333],"texture":"#particle"}}},{"from":[7.75,26.75,7.25],"to":[8.25,29.75,8.75],"rotation":{"angle":0,"axis":"y","origin":[7.75,26.75,7.25]},"faces":{"north":{"uv":[1.33333,12.66667,1.66667,14.66667],"texture":"#particle"},"east":{"uv":[8.66667,5.33333,9.66667,7.33333],"texture":"#particle"},"south":{"uv":[2,12.66667,2.33333,14.66667],"texture":"#particle"},"west":{"uv":[9.33333,0,10.33333,2],"texture":"#particle"}}},{"from":[7.749,28.99693,8],"to":[8.251,30.06193,9.065],"rotation":{"angle":-45,"axis":"x","origin":[7.749,28.99693,8]},"faces":{"north":{"uv":[13.33333,12,13.66667,12.66667],"texture":"#particle"},"east":{"uv":[13.33333,2,14,2.66667],"texture":"#particle"},"south":{"uv":[12.66667,13.33333,13,14],"texture":"#particle"},"west":{"uv":[2.66667,13.33333,3.33333,14],"texture":"#particle"},"up":{"uv":[13.66667,13.33333,13.33333,12.66667],"texture":"#particle"},"down":{"uv":[13.66667,13.33333,13.33333,14],"texture":"#particle"}}},{"from":[7.985,26.75,6.75],"to":[8.015,32,9.25],"rotation":{"angle":0,"axis":"y","origin":[7.985,26.75,7.25]},"faces":{"east":{"uv":[1.66667,2.66667,0,6.33333],"texture":"#particle"},"west":{"uv":[0,2.66667,1.66667,6.33333],"texture":"#particle"}}},{"from":[7.3625,16.26304,5.8912],"to":[8.6375,17.53804,7.1662],"rotation":{"angle":22.5,"axis":"x","origin":[8,15.94429,6.5287]},"faces":{"north":{"uv":[5,4,6.5,5.5],"texture":"#2"},"east":{"uv":[6,0,7.5,1.5],"texture":"#2"},"south":{"uv":[6,2,7.5,3.5],"texture":"#2"},"west":{"uv":[5,6,6.5,7.5],"texture":"#2"},"up":{"uv":[1.5,8.5,0,7],"texture":"#2"}}},{"from":[7.15,15.41304,5.6787],"to":[8.85,16.26304,7.3787],"rotation":{"angle":22.5,"axis":"x","origin":[8,15.94429,6.5287]},"faces":{"north":{"uv":[4,8,5.5,9],"texture":"#2"},"east":{"uv":[6,8,7.5,9],"texture":"#2"},"south":{"uv":[8,8,9.5,9],"texture":"#2"},"west":{"uv":[0,9,1.5,10],"texture":"#2"},"up":{"uv":[8.5,5.5,7,4],"texture":"#2"},"down":{"uv":[8.5,6,7,7.5],"texture":"#2"}}},{"from":[7.3625,16.26304,8.8338],"to":[8.6375,17.53804,10.1088],"rotation":{"angle":-22.5,"axis":"x","origin":[8,15.94429,9.4713]},"faces":{"north":{"uv":[7.5,2,6,3.5],"texture":"#2"},"east":{"uv":[7.5,0,6,1.5],"texture":"#2"},"south":{"uv":[6.5,4,5,5.5],"texture":"#2"},"west":{"uv":[6.5,6,5,7.5],"texture":"#2"},"up":{"uv":[1.5,7,0,8.5],"texture":"#2"}}},{"from":[7.15,15.41304,8.6213],"to":[8.85,16.26304,10.3213],"rotation":{"angle":-22.5,"axis":"x","origin":[8,15.94429,9.4713]},"faces":{"north":{"uv":[9.5,8,8,9],"texture":"#2"},"east":{"uv":[7.5,8,6,9],"texture":"#2"},"south":{"uv":[5.5,8,4,9],"texture":"#2"},"west":{"uv":[1.5,9,0,10],"texture":"#2"},"up":{"uv":[8.5,4,7,5.5],"texture":"#2"},"down":{"uv":[8.5,7.5,7,6],"texture":"#2"}}},{"from":[7.525,22.75,5.3],"to":[8.475,26.55,6.25],"rotation":{"angle":-22.5,"axis":"x","origin":[8,25.3625,5.0625]},"faces":{"north":{"uv":[4,0,5,4],"texture":"#2"},"east":{"uv":[3,4,4,8],"texture":"#2"},"south":{"uv":[4,4,5,8],"texture":"#2"},"west":{"uv":[5,0,6,4],"texture":"#2"},"up":{"uv":[10,1,9,0],"texture":"#2"},"down":{"uv":[10,1,9,2],"texture":"#2"}}},{"from":[7.525,25.6,4.825],"to":[8.475,26.55,5.3],"rotation":{"angle":-22.5,"axis":"x","origin":[8,25.3625,5.0625]},"faces":{"east":{"uv":[9,3,9.5,4],"texture":"#2"},"west":{"uv":[4,9,4.5,10],"texture":"#2"},"up":{"uv":[10,4.5,9,4],"texture":"#2"},"down":{"uv":[6,9,5,9.5],"texture":"#2"}}},{"from":[7.525,24.65,3.875],"to":[8.475,26.55,4.825],"rotation":{"angle":-22.5,"axis":"x","origin":[8,25.3625,5.0625]},"faces":{"north":{"uv":[2,7,3,9],"texture":"#2"},"east":{"uv":[8,0,9,2],"texture":"#2"},"south":{"uv":[8,2,9,4],"texture":"#2"},"west":{"uv":[3,8,4,10],"texture":"#2"},"up":{"uv":[3,10,2,9],"texture":"#2"},"down":{"uv":[10,2,9,3],"texture":"#2"}}},{"from":[7.525,22.75,9.75],"to":[8.475,26.55,10.7],"rotation":{"angle":22.5,"axis":"x","origin":[8,25.3625,10.9375]},"faces":{"north":{"uv":[5,4,4,8],"texture":"#2"},"east":{"uv":[4,4,3,8],"texture":"#2"},"south":{"uv":[5,0,4,4],"texture":"#2"},"west":{"uv":[6,0,5,4],"texture":"#2"},"up":{"uv":[10,0,9,1],"texture":"#2"},"down":{"uv":[10,2,9,1],"texture":"#2"}}},{"from":[7.525,25.6,10.7],"to":[8.475,26.55,11.175],"rotation":{"angle":22.5,"axis":"x","origin":[8,25.3625,10.9375]},"faces":{"east":{"uv":[9.5,3,9,4],"texture":"#2"},"west":{"uv":[4.5,9,4,10],"texture":"#2"},"up":{"uv":[10,4,9,4.5],"texture":"#2"},"down":{"uv":[6,9.5,5,9],"texture":"#2"}}},{"from":[7.525,24.65,11.175],"to":[8.475,26.55,12.125],"rotation":{"angle":22.5,"axis":"x","origin":[8,25.3625,10.9375]},"faces":{"north":{"uv":[9,2,8,4],"texture":"#2"},"east":{"uv":[9,0,8,2],"texture":"#2"},"south":{"uv":[3,7,2,9],"texture":"#2"},"west":{"uv":[4,8,3,10],"texture":"#2"},"up":{"uv":[3,9,2,10],"texture":"#2"},"down":{"uv":[10,3,9,2],"texture":"#2"}}}],"gui_light":"front","display":{"thirdperson_righthand":{"translation":[0,-3.25,1]},"thirdperson_lefthand":{"translation":[0,-3.25,1]},"firstperson_righthand":{"rotation":[-10,0,0],"translation":[0,-4.75,0]},"firstperson_lefthand":{"rotation":[-10,0,0],"translation":[0,-4.75,0]},"ground":{"rotation":[-45,0,0],"translation":[0,3,0],"scale":[0.7,0.7,0.7]},"gui":{"rotation":[-90,45,90],"translation":[4.25,-4.25,0],"scale":[0.7,0.7,0.7]},"head":{"rotation":[0,-90,0]},"fixed":{"rotation":[0,-90,0],"translation":[0,-8.5,-1.25],"scale":[2,2,2]}},"groups":[0,1,2,3,4,5,6,7,{"name":"group","origin":[7.1,11.51256,8.17678],"color":0,"boneType":"","children":[8,9,10,11,12,13,14,15]},{"name":"group","origin":[7.1,11.51256,8.17678],"color":0,"boneType":"","children":[16,17,18,19,20,21,22,23]},24,25,26,27,28,29,30,31,32,33,34,35,36,37,38,39,40]}