{"credit":"Made by PolygonMC","textures":{"1":"merry_christmasset:trident","2":"merry_christmasset:detail"},"elements":[{"from":[7.5,12.25,7.5],"to":[8.5,16.25,8.5],"rotation":{"angle":0,"axis":"y","origin":[7.5,11.25,7.5]},"faces":{"north":{"uv":[1.33333,10,2,12.66667],"texture":"#1"},"east":{"uv":[10,7.33333,10.66667,10],"texture":"#1"},"south":{"uv":[10,10,10.66667,12.66667],"texture":"#1"},"west":{"uv":[10.66667,2,11.33333,4.66667],"texture":"#1"}}},{"from":[7.25,0.35,7.25],"to":[8.75,1.85,8.75],"rotation":{"angle":-45,"axis":"x","origin":[8,1.1,8]},"faces":{"north":{"uv":[11.33333,8,12.33333,9],"texture":"#1"},"east":{"uv":[10.66667,11.33333,11.66667,12.33333],"texture":"#1"},"south":{"uv":[2,12,3,13],"texture":"#1"},"west":{"uv":[3.33333,12,4.33333,13],"texture":"#1"},"up":{"uv":[13,5,12,4],"texture":"#1"},"down":{"uv":[13,5.33333,12,6.33333],"texture":"#1"}}},{"from":[7.3,11.75,7.3],"to":[8.7,12.25,8.7],"rotation":{"angle":0,"axis":"y","origin":[7.5,11.75,7.5]},"faces":{"north":{"uv":[6.66667,14,7.66667,14.33333],"texture":"#1"},"east":{"uv":[14,7.33333,15,7.66667],"texture":"#1"},"south":{"uv":[14,8,15,8.33333],"texture":"#1"},"west":{"uv":[14,8.66667,15,9],"texture":"#1"},"up":{"uv":[13,7.66667,12,6.66667],"texture":"#1"},"down":{"uv":[13,11.33333,12,12.33333],"texture":"#1"}}},{"from":[7.3,16.25,7.3],"to":[8.7,16.75,8.7],"rotation":{"angle":0,"axis":"y","origin":[7.5,12.75,7.5]},"faces":{"north":{"uv":[14,9.33333,15,9.66667],"texture":"#1"},"east":{"uv":[10,14,11,14.33333],"texture":"#1"},"south":{"uv":[14,10,15,10.33333],"texture":"#1"},"west":{"uv":[14,10.66667,15,11],"texture":"#1"},"down":{"uv":[7,12.66667,6,13.66667],"texture":"#1"}}},{"from":[7.5,2.25,7.5],"to":[8.5,6.25,8.5],"rotation":{"angle":0,"axis":"y","origin":[7.5,12.25,7.5]},"faces":{"north":{"uv":[10.66667,4.66667,11.33333,7.33333],"texture":"#1"},"east":{"uv":[10.66667,7.33333,11.33333,10],"texture":"#1"},"south":{"uv":[8.66667,10.66667,9.33333,13.33333],"texture":"#1"},"west":{"uv":[9.33333,10.66667,10,13.33333],"texture":"#1"}}},{"from":[7.3,1.75,7.3],"to":[8.7,2.25,8.7],"rotation":{"angle":0,"axis":"y","origin":[7.5,12.75,7.5]},"faces":{"north":{"uv":[0,14.66667,1,15],"texture":"#1"},"east":{"uv":[14.66667,0,15.66667,0.33333],"texture":"#1"},"south":{"uv":[14.66667,0.66667,15.66667,1],"texture":"#1"},"west":{"uv":[1.33333,14.66667,2.33333,15],"texture":"#1"},"up":{"uv":[14.33333,1,13.33333,0],"texture":"#1"},"down":{"uv":[2.33333,13.33333,1.33333,14.33333],"texture":"#1"}}},{"from":[6.5,21.75,6.5],"to":[9.5,24.25,9.5],"rotation":{"angle":0,"axis":"y","origin":[6.5,13.25,6.5]},"faces":{"north":{"uv":[7.33333,2.66667,9.33333,4.33333],"texture":"#1"},"east":{"uv":[6.66667,7.33333,8.66667,9],"texture":"#1"},"south":{"uv":[0,8,2,9.66667],"texture":"#1"},"west":{"uv":[8,0,10,1.66667],"texture":"#1"},"down":{"uv":[4.66667,6.66667,2.66667,8.66667],"texture":"#1"}}},{"from":[6.25,24.25,6.25],"to":[9.75,25.25,9.75],"rotation":{"angle":0,"axis":"y","origin":[6.5,13.25,6.5]},"faces":{"north":{"uv":[11.33333,1.33333,13.66667,2],"texture":"#1"},"east":{"uv":[11.33333,2,13.66667,2.66667],"texture":"#1"},"south":{"uv":[11.33333,2.66667,13.66667,3.33333],"texture":"#1"},"west":{"uv":[11.33333,3.33333,13.66667,4],"texture":"#1"},"up":{"uv":[7,5,4.66667,2.66667],"texture":"#1"},"down":{"uv":[7.66667,0,5.33333,2.33333],"texture":"#1"}}},{"from":[6.15,18.15,6.875],"to":[7.15,19.15,7.875],"rotation":{"angle":0,"axis":"y","origin":[6.15,18.15,6.875]},"faces":{"north":{"uv":[7.33333,4.66667,8,5.33333],"texture":"#1"},"east":{"uv":[2,8,2.66667,8.66667],"texture":"#1"},"south":{"uv":[8,2,8.66667,2.66667],"texture":"#1"},"west":{"uv":[8,4.66667,8.66667,5.33333],"texture":"#1"},"up":{"uv":[9.33333,2.66667,8.66667,2],"texture":"#1"},"down":{"uv":[9.33333,4.66667,8.66667,5.33333],"texture":"#1"}}},{"from":[6.4,19.75,6.75],"to":[6.43,23.75,9.25],"rotation":{"angle":22.5,"axis":"z","origin":[6.415,21.75,8]},"faces":{"east":{"uv":[6.33333,5.33333,4.66667,8],"texture":"#1"},"west":{"uv":[4.66667,5.33333,6.33333,8],"texture":"#1"}}},{"from":[6.75,19.5,6.83579],"to":[7.25,21,8.33579],"rotation":{"angle":45,"axis":"x","origin":[6.75,19.25,6.58579]},"faces":{"north":{"uv":[8,14,8.33333,15],"texture":"#1"},"east":{"uv":[7.33333,12.66667,8.33333,13.66667],"texture":"#1"},"south":{"uv":[11.33333,14,11.66667,15],"texture":"#1"},"west":{"uv":[12.66667,8,13.66667,9],"texture":"#1"},"up":{"uv":[14.33333,12.33333,14,11.33333],"texture":"#1"},"down":{"uv":[12.33333,14,12,15],"texture":"#1"}}},{"from":[7.175,18.25,4],"to":[7.205,22.25,12],"rotation":{"angle":0,"axis":"y","origin":[6.175,17,5]},"faces":{"east":{"uv":[5.33333,0,0,2.66667],"texture":"#1"},"west":{"uv":[0,0,5.33333,2.66667],"texture":"#1"}}},{"from":[6.15,18.15,8.125],"to":[7.15,19.15,9.125],"rotation":{"angle":0,"axis":"y","origin":[6.15,18.15,9.125]},"faces":{"north":{"uv":[11.33333,9.33333,12,10],"texture":"#1"},"east":{"uv":[12,9.33333,12.66667,10],"texture":"#1"},"south":{"uv":[1.33333,12.66667,2,13.33333],"texture":"#1"},"west":{"uv":[12.66667,10.66667,13.33333,11.33333],"texture":"#1"},"up":{"uv":[14,11.33333,13.33333,10.66667],"texture":"#1"},"down":{"uv":[14,11.33333,13.33333,12],"texture":"#1"}}},{"from":[6.15,19.4,7.5],"to":[7.15,20.4,8.5],"rotation":{"angle":0,"axis":"y","origin":[6.15,19.4,7.5]},"faces":{"north":{"uv":[13.33333,12,14,12.66667],"texture":"#1"},"east":{"uv":[14,1.33333,14.66667,2],"texture":"#1"},"south":{"uv":[14,2,14.66667,2.66667],"texture":"#1"},"west":{"uv":[14,2.66667,14.66667,3.33333],"texture":"#1"},"up":{"uv":[14.66667,4,14,3.33333],"texture":"#1"},"down":{"uv":[14.66667,4,14,4.66667],"texture":"#1"}}},{"from":[6.9,17.51256,4.57322],"to":[6.93,20.01256,8.57322],"rotation":{"angle":-45,"axis":"x","origin":[6.75,18.01256,7.82322]},"faces":{"east":{"uv":[9.33333,5.33333,6.66667,7],"texture":"#1"},"west":{"uv":[6.66667,5.33333,9.33333,7],"texture":"#1"}}},{"from":[6.9,17.51256,7.42678],"to":[6.93,20.01256,11.42678],"rotation":{"angle":45,"axis":"x","origin":[6.75,18.01256,8.17678]},"faces":{"east":{"uv":[6.66667,5.33333,9.33333,7],"texture":"#1"},"west":{"uv":[9.33333,5.33333,6.66667,7],"texture":"#1"}}},{"from":[8.85,18.15,6.875],"to":[9.85,19.15,7.875],"rotation":{"angle":0,"axis":"y","origin":[9.85,18.15,6.875]},"faces":{"north":{"uv":[8,4.66667,7.33333,5.33333],"texture":"#1"},"east":{"uv":[8.66667,4.66667,8,5.33333],"texture":"#1"},"south":{"uv":[8.66667,2,8,2.66667],"texture":"#1"},"west":{"uv":[2.66667,8,2,8.66667],"texture":"#1"},"up":{"uv":[8.66667,2.66667,9.33333,2],"texture":"#1"},"down":{"uv":[8.66667,4.66667,9.33333,5.33333],"texture":"#1"}}},{"from":[9.57,19.75,6.75],"to":[9.6,23.75,9.25],"rotation":{"angle":-22.5,"axis":"z","origin":[9.585,21.75,8]},"faces":{"east":{"uv":[6.33333,5.33333,4.66667,8],"texture":"#1"},"west":{"uv":[4.66667,5.33333,6.33333,8],"texture":"#1"}}},{"from":[8.75,19.5,6.83579],"to":[9.25,21,8.33579],"rotation":{"angle":45,"axis":"x","origin":[9.25,19.25,6.58579]},"faces":{"north":{"uv":[8.33333,14,8,15],"texture":"#1"},"east":{"uv":[13.66667,8,12.66667,9],"texture":"#1"},"south":{"uv":[11.66667,14,11.33333,15],"texture":"#1"},"west":{"uv":[8.33333,12.66667,7.33333,13.66667],"texture":"#1"},"up":{"uv":[14,12.33333,14.33333,11.33333],"texture":"#1"},"down":{"uv":[12,14,12.33333,15],"texture":"#1"}}},{"from":[8.795,18.25,4],"to":[8.825,22.25,12],"rotation":{"angle":0,"axis":"y","origin":[9.825,17,5]},"faces":{"east":{"uv":[5.33333,0,0,2.66667],"texture":"#1"},"west":{"uv":[0,0,5.33333,2.66667],"texture":"#1"}}},{"from":[8.85,18.15,8.125],"to":[9.85,19.15,9.125],"rotation":{"angle":0,"axis":"y","origin":[9.85,18.15,9.125]},"faces":{"north":{"uv":[12,9.33333,11.33333,10],"texture":"#1"},"east":{"uv":[13.33333,10.66667,12.66667,11.33333],"texture":"#1"},"south":{"uv":[2,12.66667,1.33333,13.33333],"texture":"#1"},"west":{"uv":[12.66667,9.33333,12,10],"texture":"#1"},"up":{"uv":[13.33333,11.33333,14,10.66667],"texture":"#1"},"down":{"uv":[13.33333,11.33333,14,12],"texture":"#1"}}},{"from":[8.85,19.4,7.5],"to":[9.85,20.4,8.5],"rotation":{"angle":0,"axis":"y","origin":[9.85,19.4,7.5]},"faces":{"north":{"uv":[14,12,13.33333,12.66667],"texture":"#1"},"east":{"uv":[14.66667,2.66667,14,3.33333],"texture":"#1"},"south":{"uv":[14.66667,2,14,2.66667],"texture":"#1"},"west":{"uv":[14.66667,1.33333,14,2],"texture":"#1"},"up":{"uv":[14,4,14.66667,3.33333],"texture":"#1"},"down":{"uv":[14,4,14.66667,4.66667],"texture":"#1"}}},{"from":[9.07,17.51256,4.57322],"to":[9.1,20.01256,8.57322],"rotation":{"angle":-45,"axis":"x","origin":[9.25,18.01256,7.82322]},"faces":{"east":{"uv":[9.33333,5.33333,6.66667,7],"texture":"#1"},"west":{"uv":[6.66667,5.33333,9.33333,7],"texture":"#1"}}},{"from":[9.07,17.51256,7.42678],"to":[9.1,20.01256,11.42678],"rotation":{"angle":45,"axis":"x","origin":[9.25,18.01256,8.17678]},"faces":{"east":{"uv":[6.66667,5.33333,9.33333,7],"texture":"#1"},"west":{"uv":[9.33333,5.33333,6.66667,7],"texture":"#1"}}},{"from":[7.25,16.75,7.25],"to":[8.75,21.75,8.75],"rotation":{"angle":0,"axis":"y","origin":[7.25,16.75,7.25]},"faces":{"north":{"uv":[4.66667,8,5.66667,11.33333],"texture":"#1"},"east":{"uv":[2,8.66667,3,12],"texture":"#1"},"south":{"uv":[3.33333,8.66667,4.33333,12],"texture":"#1"},"west":{"uv":[8.66667,7.33333,9.66667,10.66667],"texture":"#1"},"up":{"uv":[13.66667,10.33333,12.66667,9.33333],"texture":"#1"},"down":{"uv":[11,12.66667,10,13.66667],"texture":"#1"}}},{"from":[7.25,6.75,7.25],"to":[8.75,11.75,8.75],"rotation":{"angle":0,"axis":"y","origin":[7.25,16.75,7.25]},"faces":{"north":{"uv":[9.33333,2,10.33333,5.33333],"texture":"#1"},"east":{"uv":[6,9.33333,7,12.66667],"texture":"#1"},"south":{"uv":[7.33333,9.33333,8.33333,12.66667],"texture":"#1"},"west":{"uv":[0,10,1,13.33333],"texture":"#1"},"up":{"uv":[13.66667,13.66667,12.66667,12.66667],"texture":"#1"},"down":{"uv":[1,13.33333,0,14.33333],"texture":"#1"}}},{"from":[7.3,6.25,7.3],"to":[8.7,6.75,8.7],"rotation":{"angle":0,"axis":"y","origin":[7.5,12.75,7.5]},"faces":{"north":{"uv":[12.66667,14,13.66667,14.33333],"texture":"#1"},"east":{"uv":[14,12.66667,15,13],"texture":"#1"},"south":{"uv":[14,13.33333,15,13.66667],"texture":"#1"},"west":{"uv":[14,14,15,14.33333],"texture":"#1"},"down":{"uv":[12.33333,12.66667,11.33333,13.66667],"texture":"#1"}}},{"from":[7.5,25.25,6.75],"to":[8.5,26.75,9.25],"rotation":{"angle":0,"axis":"y","origin":[7.5,26.25,7.25]},"faces":{"north":{"uv":[3.33333,13.33333,4,14.33333],"texture":"#1"},"east":{"uv":[10.66667,10,12.33333,11],"texture":"#1"},"south":{"uv":[4,13.33333,4.66667,14.33333],"texture":"#1"},"west":{"uv":[11.33333,0,13,1],"texture":"#1"},"up":{"uv":[6,13,5.33333,11.33333],"texture":"#1"},"down":{"uv":[12,6,11.33333,7.66667],"texture":"#1"}}},{"from":[7.75,26.75,7.25],"to":[8.25,29.75,8.75],"rotation":{"angle":0,"axis":"y","origin":[7.75,26.75,7.25]},"faces":{"north":{"uv":[13.33333,4,13.66667,6],"texture":"#1"},"east":{"uv":[9.33333,5.33333,10.33333,7.33333],"texture":"#1"},"south":{"uv":[4.66667,13.33333,5,15.33333],"texture":"#1"},"west":{"uv":[10,0,11,2],"texture":"#1"}}},{"from":[7.749,28.99693,8],"to":[8.251,30.06193,9.065],"rotation":{"angle":-45,"axis":"x","origin":[7.749,28.99693,8]},"faces":{"north":{"uv":[14.66667,2.66667,15,3.33333],"texture":"#1"},"east":{"uv":[14,4.66667,14.66667,5.33333],"texture":"#1"},"south":{"uv":[3.33333,14.66667,3.66667,15.33333],"texture":"#1"},"west":{"uv":[14,5.33333,14.66667,6],"texture":"#1"},"up":{"uv":[15,4,14.66667,3.33333],"texture":"#1"},"down":{"uv":[4.33333,14.66667,4,15.33333],"texture":"#1"}}},{"from":[7.985,26.75,6.75],"to":[8.015,32,9.25],"rotation":{"angle":0,"axis":"y","origin":[7.985,26.75,7.25]},"faces":{"east":{"uv":[4.33333,2.66667,2.66667,6.33333],"texture":"#1"},"west":{"uv":[2.66667,2.66667,4.33333,6.33333],"texture":"#1"}}},{"from":[7.985,22.325,2.6],"to":[8.015,29.575,6.6],"rotation":{"angle":0,"axis":"y","origin":[7.985,27.25,7.85]},"faces":{"east":{"uv":[2.66667,2.66667,0,7.66667],"texture":"#1"},"west":{"uv":[0,2.66667,2.66667,7.66667],"texture":"#1"}}},{"from":[7.75,22.01018,4.16167],"to":[8.25,25.01018,5.16167],"rotation":{"angle":-45,"axis":"x","origin":[8,25.23873,5.28483]},"faces":{"north":{"uv":[5.33333,13.33333,5.66667,15.33333],"texture":"#1"},"east":{"uv":[11.33333,4,12,6],"texture":"#1"},"south":{"uv":[13.33333,6,13.66667,8],"texture":"#1"},"west":{"uv":[4.66667,11.33333,5.33333,13.33333],"texture":"#1"},"up":{"uv":[15,4.66667,14.66667,4],"texture":"#1"},"down":{"uv":[15,4.66667,14.66667,5.33333],"texture":"#1"}}},{"from":[7.7535,24.28292,4.65225],"to":[8.2465,26.28292,5.65225],"rotation":{"angle":0,"axis":"x","origin":[8.0035,25.23873,5.28483]},"faces":{"north":{"uv":[6,14,6.33333,15.33333],"texture":"#1"},"east":{"uv":[6,8,6.66667,9.33333],"texture":"#1"},"south":{"uv":[14,6,14.33333,7.33333],"texture":"#1"},"west":{"uv":[2.66667,13.33333,3.33333,14.66667],"texture":"#1"},"up":{"uv":[15,6,14.66667,5.33333],"texture":"#1"}}},{"from":[7.7585,25.71728,5.55799],"to":[8.2415,27.21728,6.28299],"rotation":{"angle":-45,"axis":"x","origin":[8.0085,25.23873,5.28483]},"faces":{"north":{"uv":[14.66667,1.33333,15,2.33333],"texture":"#1"},"east":{"uv":[8.66667,13.33333,9.33333,14.33333],"texture":"#1"},"south":{"uv":[2.66667,14.66667,3,15.66667],"texture":"#1"},"west":{"uv":[9.33333,13.33333,10,14.33333],"texture":"#1"},"up":{"uv":[15,6.66667,14.66667,6],"texture":"#1"}}},{"from":[7.75,22.01018,10.83833],"to":[8.25,25.01018,11.83833],"rotation":{"angle":45,"axis":"x","origin":[8,25.23873,10.71517]},"faces":{"north":{"uv":[13.66667,6,13.33333,8],"texture":"#1"},"east":{"uv":[12,4,11.33333,6],"texture":"#1"},"south":{"uv":[5.66667,13.33333,5.33333,15.33333],"texture":"#1"},"west":{"uv":[5.33333,11.33333,4.66667,13.33333],"texture":"#1"},"up":{"uv":[15,4,14.66667,4.66667],"texture":"#1"},"down":{"uv":[15,5.33333,14.66667,4.66667],"texture":"#1"}}},{"from":[7.7535,24.28292,10.34775],"to":[8.2465,26.28292,11.34775],"rotation":{"angle":0,"axis":"x","origin":[8.0035,25.23873,10.71517]},"faces":{"north":{"uv":[14.33333,6,14,7.33333],"texture":"#1"},"east":{"uv":[6.66667,8,6,9.33333],"texture":"#1"},"south":{"uv":[6.33333,14,6,15.33333],"texture":"#1"},"west":{"uv":[3.33333,13.33333,2.66667,14.66667],"texture":"#1"},"up":{"uv":[15,5.33333,14.66667,6],"texture":"#1"}}},{"from":[7.7585,25.71728,9.71701],"to":[8.2415,27.21728,10.44201],"rotation":{"angle":45,"axis":"x","origin":[8.0085,25.23873,10.71517]},"faces":{"north":{"uv":[3,14.66667,2.66667,15.66667],"texture":"#1"},"east":{"uv":[9.33333,13.33333,8.66667,14.33333],"texture":"#1"},"south":{"uv":[15,1.33333,14.66667,2.33333],"texture":"#1"},"west":{"uv":[10,13.33333,9.33333,14.33333],"texture":"#1"},"up":{"uv":[15,6,14.66667,6.66667],"texture":"#1"}}},{"from":[7.985,22.325,9.4],"to":[8.015,29.575,13.4],"rotation":{"angle":0,"axis":"y","origin":[7.985,27.25,8.15]},"faces":{"east":{"uv":[0,2.66667,2.66667,7.66667],"texture":"#1"},"west":{"uv":[2.66667,2.66667,0,7.66667],"texture":"#1"}}},{"from":[7.3625,16.26304,5.8912],"to":[8.6375,17.53804,7.1662],"rotation":{"angle":22.5,"axis":"x","origin":[8,15.94429,6.5287]},"faces":{"north":{"uv":[5,4,6.5,5.5],"texture":"#2"},"east":{"uv":[6,0,7.5,1.5],"texture":"#2"},"south":{"uv":[6,2,7.5,3.5],"texture":"#2"},"west":{"uv":[5,6,6.5,7.5],"texture":"#2"},"up":{"uv":[1.5,8.5,0,7],"texture":"#2"}}},{"from":[7.15,15.41304,5.6787],"to":[8.85,16.26304,7.3787],"rotation":{"angle":22.5,"axis":"x","origin":[8,15.94429,6.5287]},"faces":{"north":{"uv":[4,8,5.5,9],"texture":"#2"},"east":{"uv":[6,8,7.5,9],"texture":"#2"},"south":{"uv":[8,8,9.5,9],"texture":"#2"},"west":{"uv":[0,9,1.5,10],"texture":"#2"},"up":{"uv":[8.5,5.5,7,4],"texture":"#2"},"down":{"uv":[8.5,6,7,7.5],"texture":"#2"}}},{"from":[7.3625,16.26304,8.8338],"to":[8.6375,17.53804,10.1088],"rotation":{"angle":-22.5,"axis":"x","origin":[8,15.94429,9.4713]},"faces":{"north":{"uv":[7.5,2,6,3.5],"texture":"#2"},"east":{"uv":[7.5,0,6,1.5],"texture":"#2"},"south":{"uv":[6.5,4,5,5.5],"texture":"#2"},"west":{"uv":[6.5,6,5,7.5],"texture":"#2"},"up":{"uv":[1.5,7,0,8.5],"texture":"#2"}}},{"from":[7.15,15.41304,8.6213],"to":[8.85,16.26304,10.3213],"rotation":{"angle":-22.5,"axis":"x","origin":[8,15.94429,9.4713]},"faces":{"north":{"uv":[9.5,8,8,9],"texture":"#2"},"east":{"uv":[7.5,8,6,9],"texture":"#2"},"south":{"uv":[5.5,8,4,9],"texture":"#2"},"west":{"uv":[1.5,9,0,10],"texture":"#2"},"up":{"uv":[8.5,4,7,5.5],"texture":"#2"},"down":{"uv":[8.5,7.5,7,6],"texture":"#2"}}},{"from":[7.525,23.25,11.05],"to":[8.475,27.05,12],"rotation":{"angle":45,"axis":"x","origin":[8,25.8625,10.8125]},"faces":{"north":{"uv":[4,0,5,4],"texture":"#2"},"east":{"uv":[3,4,4,8],"texture":"#2"},"south":{"uv":[4,4,5,8],"texture":"#2"},"west":{"uv":[5,0,6,4],"texture":"#2"},"up":{"uv":[10,1,9,0],"texture":"#2"},"down":{"uv":[10,1,9,2],"texture":"#2"}}},{"from":[7.525,26.1,10.575],"to":[8.475,27.05,11.05],"rotation":{"angle":45,"axis":"x","origin":[8,25.8625,10.8125]},"faces":{"east":{"uv":[9,3,9.5,4],"texture":"#2"},"west":{"uv":[4,9,4.5,10],"texture":"#2"},"up":{"uv":[10,4.5,9,4],"texture":"#2"},"down":{"uv":[6,9,5,9.5],"texture":"#2"}}},{"from":[7.525,25.15,9.625],"to":[8.475,27.05,10.575],"rotation":{"angle":45,"axis":"x","origin":[8,25.8625,10.8125]},"faces":{"north":{"uv":[2,7,3,9],"texture":"#2"},"east":{"uv":[8,0,9,2],"texture":"#2"},"south":{"uv":[8,2,9,4],"texture":"#2"},"west":{"uv":[3,8,4,10],"texture":"#2"},"up":{"uv":[3,10,2,9],"texture":"#2"},"down":{"uv":[10,2,9,3],"texture":"#2"}}},{"from":[7.525,23.25,4],"to":[8.475,27.05,4.95],"rotation":{"angle":-45,"axis":"x","origin":[8,25.8625,5.1875]},"faces":{"north":{"uv":[5,4,4,8],"texture":"#2"},"east":{"uv":[4,4,3,8],"texture":"#2"},"south":{"uv":[5,0,4,4],"texture":"#2"},"west":{"uv":[6,0,5,4],"texture":"#2"},"up":{"uv":[10,0,9,1],"texture":"#2"},"down":{"uv":[10,2,9,1],"texture":"#2"}}},{"from":[7.525,26.1,4.95],"to":[8.475,27.05,5.425],"rotation":{"angle":-45,"axis":"x","origin":[8,25.8625,5.1875]},"faces":{"east":{"uv":[9.5,3,9,4],"texture":"#2"},"west":{"uv":[4.5,9,4,10],"texture":"#2"},"up":{"uv":[10,4,9,4.5],"texture":"#2"},"down":{"uv":[6,9.5,5,9],"texture":"#2"}}},{"from":[7.525,25.15,5.425],"to":[8.475,27.05,6.375],"rotation":{"angle":-45,"axis":"x","origin":[8,25.8625,5.1875]},"faces":{"north":{"uv":[9,2,8,4],"texture":"#2"},"east":{"uv":[9,0,8,2],"texture":"#2"},"south":{"uv":[3,7,2,9],"texture":"#2"},"west":{"uv":[4,8,3,10],"texture":"#2"},"up":{"uv":[3,9,2,10],"texture":"#2"},"down":{"uv":[10,3,9,2],"texture":"#2"}}}],"gui_light":"front","display":{"thirdperson_righthand":{"translation":[0,-3.25,1]},"thirdperson_lefthand":{"translation":[0,-3.25,1]},"firstperson_righthand":{"rotation":[-10,0,0],"translation":[0,-4.75,0]},"firstperson_lefthand":{"rotation":[-10,0,0],"translation":[0,-4.75,0]},"ground":{"rotation":[-45,0,0],"translation":[0,3,0],"scale":[0.7,0.7,0.7]},"gui":{"rotation":[-90,45,90],"translation":[4.25,-4.25,0],"scale":[0.7,0.7,0.7]},"head":{"rotation":[0,-90,0]},"fixed":{"rotation":[0,-90,0],"translation":[0,-8.5,-1.25],"scale":[2,2,2]}},"groups":[0,1,2,3,4,5,6,7,{"name":"group","origin":[7.1,11.51256,8.17678],"color":0,"boneType":"","children":[8,9,10,11,12,13,14,15]},{"name":"group","origin":[7.1,11.51256,8.17678],"color":0,"boneType":"","children":[16,17,18,19,20,21,22,23]},24,25,26,27,28,29,30,31,32,33,34,35,36,37,38,39,40,41,42,43,44,45,46,47,48]}