{
  "credit": "Made by PolygonMC",
  "texture_size": [
    40,
    40
  ],
  "textures": {
    "3": "merry_christmasset:wings"
  },
  "elements": [
    {
      "from": [
        7,
        -3.9992,
        6.0884
      ],
      "to": [
        9,
        -2.4992,
        8.0884
      ],
      "rotation": {
        "angle": 0,
        "axis": "y",
        "origin": [
          7,
          -3.2492,
          5.0884
        ]
      },
      "faces": {
        "north": {
          "uv": [
            12,
            1.6,
            13.6,
            2.8
          ],
          "texture": "#3",
          "tintindex": 0
        },
        "east": {
          "uv": [
            12,
            2.8,
            13.6,
            4
          ],
          "texture": "#3",
          "tintindex": 0
        },
        "south": {
          "uv": [
            3.2,
            12,
            4.8,
            13.2
          ],
          "texture": "#3",
          "tintindex": 0
        },
        "west": {
          "uv": [
            12,
            4,
            13.6,
            5.2
          ],
          "texture": "#3",
          "tintindex": 0
        },
        "down": {
          "uv": [
            8.8,
            10,
            7.2,
            11.6
          ],
          "texture": "#3",
          "tintindex": 0
        }
      }
    },
    {
      "from": [
        6.75,
        -2.4992,
        5.8384
      ],
      "to": [
        9.25,
        -1.9992,
        8.3384
      ],
      "rotation": {
        "angle": 0,
        "axis": "y",
        "origin": [
          7,
          -3.7492,
          5.0884
        ]
      },
      "faces": {
        "north": {
          "uv": [
            1.6,
            13.2,
            3.6,
            13.6
          ],
          "texture": "#3",
          "tintindex": 0
        },
        "east": {
          "uv": [
            6,
            13.2,
            8,
            13.6
          ],
          "texture": "#3",
          "tintindex": 0
        },
        "south": {
          "uv": [
            13.2,
            6.4,
            15.2,
            6.8
          ],
          "texture": "#3",
          "tintindex": 0
        },
        "west": {
          "uv": [
            13.2,
            6.8,
            15.2,
            7.2
          ],
          "texture": "#3",
          "tintindex": 0
        },
        "up": {
          "uv": [
            5.2,
            12,
            3.2,
            10
          ],
          "texture": "#3",
          "tintindex": 0
        },
        "down": {
          "uv": [
            7.2,
            10,
            5.2,
            12
          ],
          "texture": "#3",
          "tintindex": 0
        }
      }
    },
    {
      "from": [
        7.125,
        -2.2492,
        6.7134
      ],
      "to": [
        8.875,
        -1.2492,
        7.4634
      ],
      "rotation": {
        "angle": 22.5,
        "axis": "x",
        "origin": [
          8,
          -1.7492,
          7.0884
        ]
      },
      "faces": {
        "north": {
          "uv": [
            12,
            11.2,
            13.4,
            12
          ],
          "texture": "#3",
          "tintindex": 0
        },
        "east": {
          "uv": [
            8,
            13.2,
            8.6,
            14
          ],
          "texture": "#3",
          "tintindex": 0
        },
        "south": {
          "uv": [
            12,
            12,
            13.4,
            12.8
          ],
          "texture": "#3",
          "tintindex": 0
        },
        "west": {
          "uv": [
            13.6,
            0,
            14.2,
            0.8
          ],
          "texture": "#3",
          "tintindex": 0
        },
        "up": {
          "uv": [
            11.4,
            13.4,
            10,
            12.8
          ],
          "texture": "#3",
          "tintindex": 0
        },
        "down": {
          "uv": [
            13,
            12.8,
            11.6,
            13.4
          ],
          "texture": "#3",
          "tintindex": 0
        }
      }
    },
    {
      "from": [
        7.99775,
        -3.3742,
        7.79551
      ],
      "to": [
        8.01275,
        0.1258,
        8.79551
      ],
      "rotation": {
        "angle": 0,
        "axis": "y",
        "origin": [
          7.99775,
          -3.3742,
          7.79551
        ]
      },
      "faces": {
        "east": {
          "uv": [
            9.6,
            10,
            10.4,
            12.8
          ],
          "texture": "#3",
          "tintindex": 0
        },
        "west": {
          "uv": [
            10.4,
            10,
            9.6,
            12.8
          ],
          "texture": "#3",
          "tintindex": 0
        }
      }
    },
    {
      "from": [
        7.02387,
        -3.3742,
        9.39302
      ],
      "to": [
        8.02387,
        0.1258,
        9.40802
      ],
      "rotation": {
        "angle": 45,
        "axis": "y",
        "origin": [
          7.27369,
          -1.6242,
          9.12786
        ]
      },
      "faces": {
        "north": {
          "uv": [
            12,
            10,
            11.2,
            12.8
          ],
          "texture": "#3",
          "tintindex": 0
        },
        "south": {
          "uv": [
            11.2,
            10,
            12,
            12.8
          ],
          "texture": "#3",
          "tintindex": 0
        }
      }
    },
    {
      "from": [
        6.29514,
        -3.3742,
        9.48762
      ],
      "to": [
        7.29514,
        0.1258,
        9.50261
      ],
      "rotation": {
        "angle": 0,
        "axis": "y",
        "origin": [
          8.13785,
          -1.6242,
          8.76941
        ]
      },
      "faces": {
        "north": {
          "uv": [
            0.8,
            11.6,
            0,
            14.4
          ],
          "texture": "#3",
          "tintindex": 0
        },
        "south": {
          "uv": [
            0,
            11.6,
            0.8,
            14.4
          ],
          "texture": "#3",
          "tintindex": 0
        }
      }
    },
    {
      "from": [
        6.88792,
        -3.3742,
        7.54119
      ],
      "to": [
        7.88792,
        0.1258,
        7.55619
      ],
      "rotation": {
        "angle": -45,
        "axis": "y",
        "origin": [
          7.6381,
          -1.6242,
          7.80636
        ]
      },
      "faces": {
        "north": {
          "uv": [
            0.8,
            11.6,
            1.6,
            14.4
          ],
          "texture": "#3",
          "tintindex": 0
        },
        "south": {
          "uv": [
            1.6,
            11.6,
            0.8,
            14.4
          ],
          "texture": "#3",
          "tintindex": 0
        }
      }
    },
    {
      "from": [
        5.56642,
        -3.3742,
        9.39303
      ],
      "to": [
        6.56642,
        0.1258,
        9.40803
      ],
      "rotation": {
        "angle": -45,
        "axis": "y",
        "origin": [
          6.3166,
          -1.6242,
          9.12786
        ]
      },
      "faces": {
        "north": {
          "uv": [
            11.2,
            10,
            12,
            12.8
          ],
          "texture": "#3",
          "tintindex": 0
        },
        "south": {
          "uv": [
            12,
            10,
            11.2,
            12.8
          ],
          "texture": "#3",
          "tintindex": 0
        }
      }
    },
    {
      "from": [
        5.57753,
        -3.3742,
        7.79551
      ],
      "to": [
        5.59253,
        0.1258,
        8.79551
      ],
      "rotation": {
        "angle": 0,
        "axis": "y",
        "origin": [
          5.59253,
          -3.3742,
          7.79551
        ]
      },
      "faces": {
        "east": {
          "uv": [
            9.6,
            10,
            10.4,
            12.8
          ],
          "texture": "#3",
          "tintindex": 0
        },
        "west": {
          "uv": [
            10.4,
            10,
            9.6,
            12.8
          ],
          "texture": "#3",
          "tintindex": 0
        }
      }
    },
    {
      "from": [
        5.70236,
        -3.3742,
        7.5412
      ],
      "to": [
        6.70236,
        0.1258,
        7.5562
      ],
      "rotation": {
        "angle": 45,
        "axis": "y",
        "origin": [
          5.95219,
          -1.6242,
          7.80636
        ]
      },
      "faces": {
        "north": {
          "uv": [
            1.6,
            11.6,
            0.8,
            14.4
          ],
          "texture": "#3",
          "tintindex": 0
        },
        "south": {
          "uv": [
            0.8,
            11.6,
            1.6,
            14.4
          ],
          "texture": "#3",
          "tintindex": 0
        }
      }
    },
    {
      "from": [
        9.29764,
        -3.3742,
        7.5412
      ],
      "to": [
        10.29764,
        0.1258,
        7.5562
      ],
      "rotation": {
        "angle": -45,
        "axis": "y",
        "origin": [
          10.04782,
          -1.6242,
          7.80636
        ]
      },
      "faces": {
        "north": {
          "uv": [
            0.8,
            11.6,
            1.6,
            14.4
          ],
          "texture": "#3",
          "tintindex": 0
        },
        "south": {
          "uv": [
            1.6,
            11.6,
            0.8,
            14.4
          ],
          "texture": "#3",
          "tintindex": 0
        }
      }
    },
    {
      "from": [
        10.40747,
        -3.3742,
        7.79551
      ],
      "to": [
        10.42247,
        0.1258,
        8.79551
      ],
      "rotation": {
        "angle": 0,
        "axis": "y",
        "origin": [
          10.40747,
          -3.3742,
          7.79551
        ]
      },
      "faces": {
        "east": {
          "uv": [
            9.6,
            10,
            10.4,
            12.8
          ],
          "texture": "#3",
          "tintindex": 0
        },
        "west": {
          "uv": [
            10.4,
            10,
            9.6,
            12.8
          ],
          "texture": "#3",
          "tintindex": 0
        }
      }
    },
    {
      "from": [
        8.11208,
        -3.3742,
        7.54119
      ],
      "to": [
        9.11208,
        0.1258,
        7.55619
      ],
      "rotation": {
        "angle": 45,
        "axis": "y",
        "origin": [
          8.36191,
          -1.6242,
          7.80636
        ]
      },
      "faces": {
        "north": {
          "uv": [
            1.6,
            11.6,
            0.8,
            14.4
          ],
          "texture": "#3",
          "tintindex": 0
        },
        "south": {
          "uv": [
            0.8,
            11.6,
            1.6,
            14.4
          ],
          "texture": "#3",
          "tintindex": 0
        }
      }
    },
    {
      "from": [
        7.97614,
        -3.3742,
        9.39302
      ],
      "to": [
        8.97613,
        0.1258,
        9.40802
      ],
      "rotation": {
        "angle": -45,
        "axis": "y",
        "origin": [
          8.72632,
          -1.6242,
          9.12786
        ]
      },
      "faces": {
        "north": {
          "uv": [
            11.2,
            10,
            12,
            12.8
          ],
          "texture": "#3",
          "tintindex": 0
        },
        "south": {
          "uv": [
            12,
            10,
            11.2,
            12.8
          ],
          "texture": "#3",
          "tintindex": 0
        }
      }
    },
    {
      "from": [
        9.43359,
        -3.3742,
        9.39303
      ],
      "to": [
        10.43359,
        0.1258,
        9.40803
      ],
      "rotation": {
        "angle": 45,
        "axis": "y",
        "origin": [
          9.68341,
          -1.6242,
          9.12786
        ]
      },
      "faces": {
        "north": {
          "uv": [
            12,
            10,
            11.2,
            12.8
          ],
          "texture": "#3",
          "tintindex": 0
        },
        "south": {
          "uv": [
            11.2,
            10,
            12,
            12.8
          ],
          "texture": "#3",
          "tintindex": 0
        }
      }
    },
    {
      "from": [
        8.70486,
        -3.3742,
        9.48762
      ],
      "to": [
        9.70486,
        0.1258,
        9.50261
      ],
      "rotation": {
        "angle": 0,
        "axis": "y",
        "origin": [
          7.86216,
          -1.6242,
          8.76941
        ]
      },
      "faces": {
        "north": {
          "uv": [
            0,
            11.6,
            0.8,
            14.4
          ],
          "texture": "#3",
          "tintindex": 0
        },
        "south": {
          "uv": [
            0.8,
            11.6,
            0,
            14.4
          ],
          "texture": "#3",
          "tintindex": 0
        }
      }
    },
    {
      "from": [
        4,
        -7.6242,
        7.0884
      ],
      "to": [
        12,
        4.8758,
        7.1034
      ],
      "rotation": {
        "angle": 0,
        "axis": "y",
        "origin": [
          4,
          -3.1242,
          7.0884
        ]
      },
      "faces": {
        "north": {
          "uv": [
            0,
            0,
            6.4,
            10
          ],
          "texture": "#3",
          "tintindex": 0
        },
        "south": {
          "uv": [
            6.4,
            0,
            0,
            10
          ],
          "texture": "#3",
          "tintindex": 0
        }
      }
    },
    {
      "from": [
        12,
        -7.6242,
        7.0884
      ],
      "to": [
        15.5,
        4.8758,
        7.1034
      ],
      "rotation": {
        "angle": -22.5,
        "axis": "y",
        "origin": [
          12,
          -3.1242,
          7.0884
        ]
      },
      "faces": {
        "north": {
          "uv": [
            6.4,
            0,
            9.2,
            10
          ],
          "texture": "#3",
          "tintindex": 0
        },
        "south": {
          "uv": [
            9.2,
            0,
            6.4,
            10
          ],
          "texture": "#3",
          "tintindex": 0
        }
      }
    },
    {
      "from": [
        15.23358,
        -7.6242,
        8.42779
      ],
      "to": [
        18.73358,
        4.8758,
        8.44279
      ],
      "rotation": {
        "angle": -45,
        "axis": "y",
        "origin": [
          15.23358,
          -3.1242,
          8.42779
        ]
      },
      "faces": {
        "north": {
          "uv": [
            9.2,
            0,
            12,
            10
          ],
          "texture": "#3",
          "tintindex": 0
        },
        "south": {
          "uv": [
            12,
            0,
            9.2,
            10
          ],
          "texture": "#3",
          "tintindex": 0
        }
      }
    },
    {
      "from": [
        0.5,
        -7.6242,
        7.0884
      ],
      "to": [
        4,
        4.8758,
        7.1034
      ],
      "rotation": {
        "angle": 22.5,
        "axis": "y",
        "origin": [
          4,
          -3.1242,
          7.0884
        ]
      },
      "faces": {
        "north": {
          "uv": [
            9.2,
            0,
            6.4,
            10
          ],
          "texture": "#3",
          "tintindex": 0
        },
        "south": {
          "uv": [
            6.4,
            0,
            9.2,
            10
          ],
          "texture": "#3",
          "tintindex": 0
        }
      }
    },
    {
      "from": [
        -2.73358,
        -7.6242,
        8.42779
      ],
      "to": [
        0.76642,
        4.8758,
        8.44279
      ],
      "rotation": {
        "angle": 45,
        "axis": "y",
        "origin": [
          0.76642,
          -3.1242,
          8.42779
        ]
      },
      "faces": {
        "north": {
          "uv": [
            12,
            0,
            9.2,
            10
          ],
          "texture": "#3",
          "tintindex": 0
        },
        "south": {
          "uv": [
            9.2,
            0,
            12,
            10
          ],
          "texture": "#3",
          "tintindex": 0
        }
      }
    },
    {
      "from": [
        8.66077,
        -4.63425,
        6.01071
      ],
      "to": [
        9.29827,
        -3.99675,
        6.64822
      ],
      "rotation": {
        "angle": 22.5,
        "axis": "z",
        "origin": [
          8.375,
          -4.33073,
          6.32947
        ]
      },
      "faces": {
        "north": {
          "uv": [
            13.6,
            2.8,
            14.2,
            3.4
          ],
          "texture": "#3",
          "tintindex": 0
        },
        "east": {
          "uv": [
            2,
            13.6,
            2.6,
            14.2
          ],
          "texture": "#3",
          "tintindex": 0
        },
        "south": {
          "uv": [
            13.6,
            2,
            14.2,
            2.6
          ],
          "texture": "#3",
          "tintindex": 0
        },
        "west": {
          "uv": [
            2.8,
            13.6,
            3.4,
            14.2
          ],
          "texture": "#3",
          "tintindex": 0
        },
        "up": {
          "uv": [
            14.2,
            4.2,
            13.6,
            3.6
          ],
          "rotation": 90,
          "texture": "#3",
          "tintindex": 0
        }
      }
    },
    {
      "from": [
        8.55452,
        -5.05925,
        5.90447
      ],
      "to": [
        9.40452,
        -4.63425,
        6.75447
      ],
      "rotation": {
        "angle": 22.5,
        "axis": "z",
        "origin": [
          8.375,
          -4.33073,
          6.32947
        ]
      },
      "faces": {
        "north": {
          "uv": [
            14,
            0.8,
            14.6,
            1.2
          ],
          "texture": "#3",
          "tintindex": 0
        },
        "east": {
          "uv": [
            13.6,
            6,
            14.2,
            6.4
          ],
          "texture": "#3",
          "tintindex": 0
        },
        "south": {
          "uv": [
            12.8,
            13.6,
            13.4,
            14
          ],
          "texture": "#3",
          "tintindex": 0
        },
        "west": {
          "uv": [
            13.6,
            13.6,
            14.2,
            14
          ],
          "texture": "#3",
          "tintindex": 0
        },
        "up": {
          "uv": [
            14.2,
            5,
            13.6,
            4.4
          ],
          "rotation": 90,
          "texture": "#3",
          "tintindex": 0
        },
        "down": {
          "uv": [
            5.4,
            13.6,
            4.8,
            14.2
          ],
          "rotation": 270,
          "texture": "#3",
          "tintindex": 0
        }
      }
    },
    {
      "from": [
        6.70173,
        -4.63425,
        6.01071
      ],
      "to": [
        7.33923,
        -3.99675,
        6.64822
      ],
      "rotation": {
        "angle": -22.5,
        "axis": "z",
        "origin": [
          7.625,
          -4.33073,
          6.32947
        ]
      },
      "faces": {
        "north": {
          "uv": [
            13.6,
            8,
            14.2,
            8.6
          ],
          "texture": "#3",
          "tintindex": 0
        },
        "east": {
          "uv": [
            6.4,
            13.6,
            7,
            14.2
          ],
          "texture": "#3",
          "tintindex": 0
        },
        "south": {
          "uv": [
            7.2,
            13.6,
            7.8,
            14.2
          ],
          "texture": "#3",
          "tintindex": 0
        },
        "west": {
          "uv": [
            13.6,
            7.2,
            14.2,
            7.8
          ],
          "texture": "#3",
          "tintindex": 0
        },
        "up": {
          "uv": [
            10.6,
            14.2,
            10,
            13.6
          ],
          "rotation": 90,
          "texture": "#3",
          "tintindex": 0
        }
      }
    },
    {
      "from": [
        6.59548,
        -5.05925,
        5.90447
      ],
      "to": [
        7.44548,
        -4.63425,
        6.75447
      ],
      "rotation": {
        "angle": -22.5,
        "axis": "z",
        "origin": [
          7.625,
          -4.33073,
          6.32947
        ]
      },
      "faces": {
        "north": {
          "uv": [
            8.8,
            14,
            9.4,
            14.4
          ],
          "texture": "#3",
          "tintindex": 0
        },
        "east": {
          "uv": [
            14,
            1.2,
            14.6,
            1.6
          ],
          "texture": "#3",
          "tintindex": 0
        },
        "south": {
          "uv": [
            14,
            1.6,
            14.6,
            2
          ],
          "texture": "#3",
          "tintindex": 0
        },
        "west": {
          "uv": [
            8,
            14,
            8.6,
            14.4
          ],
          "texture": "#3",
          "tintindex": 0
        },
        "up": {
          "uv": [
            14.2,
            5.8,
            13.6,
            5.2
          ],
          "rotation": 90,
          "texture": "#3",
          "tintindex": 0
        },
        "down": {
          "uv": [
            6.2,
            13.6,
            5.6,
            14.2
          ],
          "rotation": 270,
          "texture": "#3",
          "tintindex": 0
        }
      }
    },
    {
      "from": [
        11.0075,
        -1.6242,
        6.62197
      ],
      "to": [
        12.7575,
        0.1258,
        6.63697
      ],
      "rotation": {
        "angle": 22.5,
        "axis": "z",
        "origin": [
          11.0075,
          -0.8742,
          6.62947
        ]
      },
      "faces": {
        "north": {
          "uv": [
            1.6,
            11.6,
            3,
            13
          ],
          "texture": "#3",
          "tintindex": 0
        },
        "south": {
          "uv": [
            3,
            11.6,
            1.6,
            13
          ],
          "texture": "#3",
          "tintindex": 0
        }
      }
    },
    {
      "from": [
        11.0075,
        -3.1242,
        6.62197
      ],
      "to": [
        12.2575,
        -1.8742,
        6.63697
      ],
      "rotation": {
        "angle": -22.5,
        "axis": "z",
        "origin": [
          11.6325,
          -2.4992,
          6.62947
        ]
      },
      "faces": {
        "north": {
          "uv": [
            8.8,
            12.8,
            9.8,
            13.8
          ],
          "texture": "#3",
          "tintindex": 0
        },
        "south": {
          "uv": [
            9.8,
            12.8,
            8.8,
            13.8
          ],
          "texture": "#3",
          "tintindex": 0
        }
      }
    },
    {
      "from": [
        3.7425,
        -3.1242,
        6.62197
      ],
      "to": [
        4.9925,
        -1.8742,
        6.63697
      ],
      "rotation": {
        "angle": 22.5,
        "axis": "z",
        "origin": [
          4.3675,
          -2.4992,
          6.62947
        ]
      },
      "faces": {
        "north": {
          "uv": [
            9.8,
            12.8,
            8.8,
            13.8
          ],
          "texture": "#3",
          "tintindex": 0
        },
        "south": {
          "uv": [
            8.8,
            12.8,
            9.8,
            13.8
          ],
          "texture": "#3",
          "tintindex": 0
        }
      }
    },
    {
      "from": [
        3.2425,
        -1.6242,
        6.62197
      ],
      "to": [
        4.9925,
        0.1258,
        6.63697
      ],
      "rotation": {
        "angle": -22.5,
        "axis": "z",
        "origin": [
          4.9925,
          -0.8742,
          6.62947
        ]
      },
      "faces": {
        "north": {
          "uv": [
            3,
            11.6,
            1.6,
            13
          ],
          "texture": "#3",
          "tintindex": 0
        },
        "south": {
          "uv": [
            1.6,
            11.6,
            3,
            13
          ],
          "texture": "#3",
          "tintindex": 0
        }
      }
    },
    {
      "from": [
        5.28125,
        -4.6617,
        6.29822
      ],
      "to": [
        7.18125,
        -4.1867,
        6.77322
      ],
      "rotation": {
        "angle": 45,
        "axis": "z",
        "origin": [
          5.875,
          -4.06795,
          6.53572
        ]
      },
      "faces": {
        "north": {
          "uv": [
            13.2,
            7.2,
            13.6,
            8.8
          ],
          "rotation": 90,
          "texture": "#3",
          "tintindex": 0
        },
        "east": {
          "uv": [
            13.6,
            14,
            13.2,
            14.4
          ],
          "rotation": 180,
          "texture": "#3",
          "tintindex": 0
        },
        "south": {
          "uv": [
            4,
            13.2,
            4.4,
            14.8
          ],
          "rotation": 270,
          "texture": "#3",
          "tintindex": 0
        },
        "west": {
          "uv": [
            13.2,
            14.4,
            12.8,
            14
          ],
          "texture": "#3",
          "tintindex": 0
        },
        "up": {
          "uv": [
            3.6,
            13.2,
            4,
            14.8
          ],
          "rotation": 270,
          "texture": "#3",
          "tintindex": 0
        },
        "down": {
          "uv": [
            4.4,
            13.2,
            4.8,
            14.8
          ],
          "rotation": 270,
          "texture": "#3",
          "tintindex": 0
        }
      }
    },
    {
      "from": [
        5.28125,
        -4.1867,
        6.29822
      ],
      "to": [
        5.75625,
        -3.9492,
        6.77322
      ],
      "rotation": {
        "angle": 45,
        "axis": "z",
        "origin": [
          5.875,
          -4.06795,
          6.53572
        ]
      },
      "faces": {
        "north": {
          "uv": [
            6.4,
            14.4,
            6.6,
            14.8
          ],
          "rotation": 90,
          "texture": "#3",
          "tintindex": 0
        },
        "east": {
          "uv": [
            7.6,
            14.4,
            7.2,
            14.6
          ],
          "rotation": 180,
          "texture": "#3",
          "tintindex": 0
        },
        "south": {
          "uv": [
            6,
            14.4,
            6.2,
            14.8
          ],
          "rotation": 270,
          "texture": "#3",
          "tintindex": 0
        },
        "west": {
          "uv": [
            7.2,
            14.6,
            6.8,
            14.4
          ],
          "texture": "#3",
          "tintindex": 0
        }
      }
    },
    {
      "from": [
        5.28125,
        -3.9492,
        6.29822
      ],
      "to": [
        6.23125,
        -3.4742,
        6.77322
      ],
      "rotation": {
        "angle": 45,
        "axis": "z",
        "origin": [
          5.875,
          -4.06795,
          6.53572
        ]
      },
      "faces": {
        "north": {
          "uv": [
            12.4,
            13.6,
            12.8,
            14.4
          ],
          "rotation": 90,
          "texture": "#3",
          "tintindex": 0
        },
        "east": {
          "uv": [
            14.4,
            14,
            14,
            14.4
          ],
          "rotation": 180,
          "texture": "#3",
          "tintindex": 0
        },
        "south": {
          "uv": [
            12,
            13.6,
            12.4,
            14.4
          ],
          "rotation": 270,
          "texture": "#3",
          "tintindex": 0
        },
        "west": {
          "uv": [
            14,
            14.4,
            13.6,
            14
          ],
          "texture": "#3",
          "tintindex": 0
        },
        "up": {
          "uv": [
            11.6,
            13.6,
            12,
            14.4
          ],
          "rotation": 270,
          "texture": "#3",
          "tintindex": 0
        },
        "down": {
          "uv": [
            13.6,
            12,
            14,
            12.8
          ],
          "rotation": 270,
          "texture": "#3",
          "tintindex": 0
        }
      }
    },
    {
      "from": [
        8.81875,
        -4.6617,
        6.29822
      ],
      "to": [
        10.71875,
        -4.1867,
        6.77322
      ],
      "rotation": {
        "angle": -45,
        "axis": "z",
        "origin": [
          10.125,
          -4.06795,
          6.53572
        ]
      },
      "faces": {
        "north": {
          "uv": [
            13.2,
            8.8,
            13.6,
            7.2
          ],
          "rotation": 90,
          "texture": "#3",
          "tintindex": 0
        },
        "east": {
          "uv": [
            12.8,
            14.4,
            13.2,
            14
          ],
          "texture": "#3",
          "tintindex": 0
        },
        "south": {
          "uv": [
            4,
            14.8,
            4.4,
            13.2
          ],
          "rotation": 270,
          "texture": "#3",
          "tintindex": 0
        },
        "west": {
          "uv": [
            13.2,
            14,
            13.6,
            14.4
          ],
          "rotation": 180,
          "texture": "#3",
          "tintindex": 0
        },
        "up": {
          "uv": [
            3.6,
            14.8,
            4,
            13.2
          ],
          "rotation": 270,
          "texture": "#3",
          "tintindex": 0
        },
        "down": {
          "uv": [
            4.4,
            14.8,
            4.8,
            13.2
          ],
          "rotation": 270,
          "texture": "#3",
          "tintindex": 0
        }
      }
    },
    {
      "from": [
        10.24375,
        -4.1867,
        6.29822
      ],
      "to": [
        10.71875,
        -3.9492,
        6.77322
      ],
      "rotation": {
        "angle": -45,
        "axis": "z",
        "origin": [
          10.125,
          -4.06795,
          6.53572
        ]
      },
      "faces": {
        "north": {
          "uv": [
            6.4,
            14.8,
            6.6,
            14.4
          ],
          "rotation": 90,
          "texture": "#3",
          "tintindex": 0
        },
        "east": {
          "uv": [
            6.8,
            14.6,
            7.2,
            14.4
          ],
          "texture": "#3",
          "tintindex": 0
        },
        "south": {
          "uv": [
            6,
            14.8,
            6.2,
            14.4
          ],
          "rotation": 270,
          "texture": "#3",
          "tintindex": 0
        },
        "west": {
          "uv": [
            7.2,
            14.4,
            7.6,
            14.6
          ],
          "rotation": 180,
          "texture": "#3",
          "tintindex": 0
        }
      }
    },
    {
      "from": [
        9.76875,
        -3.9492,
        6.29822
      ],
      "to": [
        10.71875,
        -3.4742,
        6.77322
      ],
      "rotation": {
        "angle": -45,
        "axis": "z",
        "origin": [
          10.125,
          -4.06795,
          6.53572
        ]
      },
      "faces": {
        "north": {
          "uv": [
            12.4,
            14.4,
            12.8,
            13.6
          ],
          "rotation": 90,
          "texture": "#3",
          "tintindex": 0
        },
        "east": {
          "uv": [
            13.6,
            14.4,
            14,
            14
          ],
          "texture": "#3",
          "tintindex": 0
        },
        "south": {
          "uv": [
            12,
            14.4,
            12.4,
            13.6
          ],
          "rotation": 270,
          "texture": "#3",
          "tintindex": 0
        },
        "west": {
          "uv": [
            14,
            14,
            14.4,
            14.4
          ],
          "rotation": 180,
          "texture": "#3",
          "tintindex": 0
        },
        "up": {
          "uv": [
            11.6,
            14.4,
            12,
            13.6
          ],
          "rotation": 270,
          "texture": "#3",
          "tintindex": 0
        },
        "down": {
          "uv": [
            13.6,
            12.8,
            14,
            12
          ],
          "rotation": 270,
          "texture": "#3",
          "tintindex": 0
        }
      }
    },
    {
      "from": [
        9.125,
        -3.6242,
        6.12947
      ],
      "to": [
        10.625,
        -2.3742,
        7.62947
      ],
      "rotation": {
        "angle": -22.5,
        "axis": "z",
        "origin": [
          9.875,
          -2.2492,
          6.87947
        ]
      },
      "faces": {
        "north": {
          "uv": [
            12,
            10,
            13.2,
            11
          ],
          "texture": "#3",
          "tintindex": 0
        },
        "east": {
          "uv": [
            12,
            6.4,
            13.2,
            7.4
          ],
          "texture": "#3",
          "tintindex": 0
        },
        "south": {
          "uv": [
            12,
            7.6,
            13.2,
            8.6
          ],
          "texture": "#3",
          "tintindex": 0
        },
        "west": {
          "uv": [
            12,
            8.8,
            13.2,
            9.8
          ],
          "texture": "#3",
          "tintindex": 0
        },
        "down": {
          "uv": [
            7.2,
            12,
            6,
            13.2
          ],
          "rotation": 270,
          "texture": "#3",
          "tintindex": 0
        }
      }
    },
    {
      "from": [
        9,
        -2.3742,
        6.00447
      ],
      "to": [
        10.75,
        -1.8742,
        7.75447
      ],
      "rotation": {
        "angle": -22.5,
        "axis": "z",
        "origin": [
          9.875,
          -2.2492,
          6.87947
        ]
      },
      "faces": {
        "north": {
          "uv": [
            13.2,
            13.2,
            14.6,
            13.6
          ],
          "texture": "#3",
          "tintindex": 0
        },
        "east": {
          "uv": [
            13.2,
            10.4,
            14.6,
            10.8
          ],
          "texture": "#3",
          "tintindex": 0
        },
        "south": {
          "uv": [
            13.2,
            10.8,
            14.6,
            11.2
          ],
          "texture": "#3",
          "tintindex": 0
        },
        "west": {
          "uv": [
            13.2,
            12.8,
            14.6,
            13.2
          ],
          "texture": "#3",
          "tintindex": 0
        },
        "up": {
          "uv": [
            8.6,
            13,
            7.2,
            11.6
          ],
          "rotation": 90,
          "texture": "#3",
          "tintindex": 0
        },
        "down": {
          "uv": [
            13.4,
            0,
            12,
            1.4
          ],
          "rotation": 270,
          "texture": "#3",
          "tintindex": 0
        }
      }
    },
    {
      "from": [
        9.25,
        -1.8742,
        6.62947
      ],
      "to": [
        10.5,
        -1.1242,
        7.12947
      ],
      "rotation": {
        "angle": -22.5,
        "axis": "z",
        "origin": [
          9.875,
          -2.2492,
          6.87947
        ]
      },
      "faces": {
        "north": {
          "uv": [
            13.2,
            9.6,
            14.2,
            10.2
          ],
          "texture": "#3",
          "tintindex": 0
        },
        "east": {
          "uv": [
            9.6,
            14,
            10,
            14.6
          ],
          "texture": "#3",
          "tintindex": 0
        },
        "south": {
          "uv": [
            13.2,
            8.8,
            14.2,
            9.4
          ],
          "texture": "#3",
          "tintindex": 0
        },
        "west": {
          "uv": [
            14,
            12,
            14.4,
            12.6
          ],
          "texture": "#3",
          "tintindex": 0
        },
        "up": {
          "uv": [
            14,
            1.8,
            13.6,
            0.8
          ],
          "rotation": 90,
          "texture": "#3",
          "tintindex": 0
        },
        "down": {
          "uv": [
            2,
            13.6,
            1.6,
            14.6
          ],
          "rotation": 270,
          "texture": "#3",
          "tintindex": 0
        }
      }
    },
    {
      "from": [
        5.375,
        -3.6242,
        6.12947
      ],
      "to": [
        6.875,
        -2.3742,
        7.62947
      ],
      "rotation": {
        "angle": 22.5,
        "axis": "z",
        "origin": [
          6.125,
          -2.2492,
          6.87947
        ]
      },
      "faces": {
        "north": {
          "uv": [
            13.2,
            10,
            12,
            11
          ],
          "texture": "#3",
          "tintindex": 0
        },
        "east": {
          "uv": [
            13.2,
            8.8,
            12,
            9.8
          ],
          "texture": "#3",
          "tintindex": 0
        },
        "south": {
          "uv": [
            13.2,
            7.6,
            12,
            8.6
          ],
          "texture": "#3",
          "tintindex": 0
        },
        "west": {
          "uv": [
            13.2,
            6.4,
            12,
            7.4
          ],
          "texture": "#3",
          "tintindex": 0
        },
        "down": {
          "uv": [
            7.2,
            13.2,
            6,
            12
          ],
          "rotation": 270,
          "texture": "#3",
          "tintindex": 0
        }
      }
    },
    {
      "from": [
        5.25,
        -2.3742,
        6.00447
      ],
      "to": [
        7,
        -1.8742,
        7.75447
      ],
      "rotation": {
        "angle": 22.5,
        "axis": "z",
        "origin": [
          6.125,
          -2.2492,
          6.87947
        ]
      },
      "faces": {
        "north": {
          "uv": [
            14.6,
            13.2,
            13.2,
            13.6
          ],
          "texture": "#3",
          "tintindex": 0
        },
        "east": {
          "uv": [
            14.6,
            12.8,
            13.2,
            13.2
          ],
          "texture": "#3",
          "tintindex": 0
        },
        "south": {
          "uv": [
            14.6,
            10.8,
            13.2,
            11.2
          ],
          "texture": "#3",
          "tintindex": 0
        },
        "west": {
          "uv": [
            14.6,
            10.4,
            13.2,
            10.8
          ],
          "texture": "#3",
          "tintindex": 0
        },
        "up": {
          "uv": [
            8.6,
            11.6,
            7.2,
            13
          ],
          "rotation": 90,
          "texture": "#3",
          "tintindex": 0
        },
        "down": {
          "uv": [
            13.4,
            1.4,
            12,
            0
          ],
          "rotation": 270,
          "texture": "#3",
          "tintindex": 0
        }
      }
    },
    {
      "from": [
        5.5,
        -1.8742,
        6.62947
      ],
      "to": [
        6.75,
        -1.1242,
        7.12947
      ],
      "rotation": {
        "angle": 22.5,
        "axis": "z",
        "origin": [
          6.125,
          -2.2492,
          6.87947
        ]
      },
      "faces": {
        "north": {
          "uv": [
            14.2,
            9.6,
            13.2,
            10.2
          ],
          "texture": "#3",
          "tintindex": 0
        },
        "east": {
          "uv": [
            14.4,
            12,
            14,
            12.6
          ],
          "texture": "#3",
          "tintindex": 0
        },
        "south": {
          "uv": [
            14.2,
            8.8,
            13.2,
            9.4
          ],
          "texture": "#3",
          "tintindex": 0
        },
        "west": {
          "uv": [
            10,
            14,
            9.6,
            14.6
          ],
          "texture": "#3",
          "tintindex": 0
        },
        "up": {
          "uv": [
            14,
            0.8,
            13.6,
            1.8
          ],
          "rotation": 90,
          "texture": "#3",
          "tintindex": 0
        },
        "down": {
          "uv": [
            2,
            14.6,
            1.6,
            13.6
          ],
          "rotation": 270,
          "texture": "#3",
          "tintindex": 0
        }
      }
    }
  ],
  "gui_light": "front",
  "display": {
    "thirdperson_righthand": {
      "rotation": [
        50,
        180,
        0
      ],
      "translation": [
        0,
        1.5,
        0.25
      ],
      "scale": [
        0.44336,
        0.44336,
        0.44336
      ]
    },
    "thirdperson_lefthand": {
      "rotation": [
        67.5,
        0,
        0
      ],
      "translation": [
        -5.5,
        -9.75,
        10.75
      ]
    },
    "firstperson_righthand": {
      "rotation": [
        -10,
        180,
        0
      ],
      "translation": [
        0,
        1.5,
        0
      ],
      "scale": [
        0.55078,
        0.55078,
        0.55078
      ]
    },
    "firstperson_lefthand": {
      "rotation": [
        -10,
        0,
        0
      ],
      "translation": [
        0,
        -4.75,
        0
      ],
      "scale": [
        0,
        0,
        0
      ]
    },
    "ground": {
      "rotation": [
        -45,
        0,
        0
      ],
      "translation": [
        0,
        6,
        0
      ],
      "scale": [
        0.7,
        0.7,
        0.7
      ]
    },
    "gui": {
      "rotation": [
        0,
        180,
        0
      ],
      "scale": [
        0.47344,
        0.47344,
        0.47344
      ]
    },
    "head": {
      "translation": [
        0,
        -76.75,
        11.75
      ],
      "scale": [
        3.4,
        3.4,
        3.4
      ]
    },
    "fixed": {
      "rotation": [
        0,
        -180,
        0
      ],
      "translation": [
        0,
        3.25,
        -8.5
      ],
      "scale": [
        2,
        2,
        2
      ]
    }
  },
  "groups": [
    0,
    1,
    2,
    3,
    4,
    5,
    6,
    7,
    8,
    9,
    10,
    11,
    12,
    13,
    14,
    15,
    16,
    17,
    18,
    19,
    20,
    21,
    22,
    23,
    24,
    25,
    26,
    27,
    28,
    29,
    30,
    31,
    32,
    33,
    34,
    35,
    36,
    {
      "name": "group",
      "origin": [
        7.1,
        11.51256,
        8.17678
      ],
      "color": 0,
      "boneType": "",
      "children": []
    },
    37,
    38,
    39,
    40
  ]
}