{
  "credit": "Made by PolygonMC",
  "texture_size": [
    40,
    40
  ],
  "textures": {
    "3": "merry_christmasset:wings"
  },
  "elements": [
    {
      "from": [
        6,
        5.0016,
        4.1768
      ],
      "to": [
        10,
        8.0016,
        8.1768
      ],
      "rotation": {
        "angle": 0,
        "axis": "y",
        "origin": [
          6,
          6.5016,
          2.1768
        ]
      },
      "faces": {
        "north": {
          "uv": [
            12,
            1.6,
            13.6,
            2.8
          ],
          "texture": "#3"
        },
        "east": {
          "uv": [
            12,
            2.8,
            13.6,
            4
          ],
          "texture": "#3"
        },
        "south": {
          "uv": [
            3.2,
            12,
            4.8,
            13.2
          ],
          "texture": "#3"
        },
        "west": {
          "uv": [
            12,
            4,
            13.6,
            5.2
          ],
          "texture": "#3"
        },
        "down": {
          "uv": [
            8.8,
            10,
            7.2,
            11.6
          ],
          "texture": "#3"
        }
      }
    },
    {
      "from": [
        5.5,
        8.0016,
        3.6768
      ],
      "to": [
        10.5,
        9.0016,
        8.6768
      ],
      "rotation": {
        "angle": 0,
        "axis": "y",
        "origin": [
          6,
          5.5016,
          2.1768
        ]
      },
      "faces": {
        "north": {
          "uv": [
            1.6,
            13.2,
            3.6,
            13.6
          ],
          "texture": "#3"
        },
        "east": {
          "uv": [
            6,
            13.2,
            8,
            13.6
          ],
          "texture": "#3"
        },
        "south": {
          "uv": [
            13.2,
            6.4,
            15.2,
            6.8
          ],
          "texture": "#3"
        },
        "west": {
          "uv": [
            13.2,
            6.8,
            15.2,
            7.2
          ],
          "texture": "#3"
        },
        "up": {
          "uv": [
            5.2,
            12,
            3.2,
            10
          ],
          "texture": "#3"
        },
        "down": {
          "uv": [
            7.2,
            10,
            5.2,
            12
          ],
          "texture": "#3"
        }
      }
    },
    {
      "from": [
        6.25,
        8.5016,
        5.4268
      ],
      "to": [
        9.75,
        10.5016,
        6.9268
      ],
      "rotation": {
        "angle": 22.5,
        "axis": "x",
        "origin": [
          8,
          9.5016,
          6.1768
        ]
      },
      "faces": {
        "north": {
          "uv": [
            12,
            11.2,
            13.4,
            12
          ],
          "texture": "#3"
        },
        "east": {
          "uv": [
            8,
            13.2,
            8.6,
            14
          ],
          "texture": "#3"
        },
        "south": {
          "uv": [
            12,
            12,
            13.4,
            12.8
          ],
          "texture": "#3"
        },
        "west": {
          "uv": [
            13.6,
            0,
            14.2,
            0.8
          ],
          "texture": "#3"
        },
        "up": {
          "uv": [
            11.4,
            13.4,
            10,
            12.8
          ],
          "texture": "#3"
        },
        "down": {
          "uv": [
            13,
            12.8,
            11.6,
            13.4
          ],
          "texture": "#3"
        }
      }
    },
    {
      "from": [
        7.9955,
        6.2516,
        7.59101
      ],
      "to": [
        8.0255,
        13.2516,
        9.59101
      ],
      "rotation": {
        "angle": 0,
        "axis": "y",
        "origin": [
          7.9955,
          6.2516,
          7.59101
        ]
      },
      "faces": {
        "east": {
          "uv": [
            9.6,
            10,
            10.4,
            12.8
          ],
          "texture": "#3"
        },
        "west": {
          "uv": [
            10.4,
            10,
            9.6,
            12.8
          ],
          "texture": "#3"
        }
      }
    },
    {
      "from": [
        6.04773,
        6.2516,
        10.78604
      ],
      "to": [
        8.04773,
        13.2516,
        10.81604
      ],
      "rotation": {
        "angle": 45,
        "axis": "y",
        "origin": [
          6.54737,
          9.7516,
          10.25571
        ]
      },
      "faces": {
        "north": {
          "uv": [
            12,
            10,
            11.2,
            12.8
          ],
          "texture": "#3"
        },
        "south": {
          "uv": [
            11.2,
            10,
            12,
            12.8
          ],
          "texture": "#3"
        }
      }
    },
    {
      "from": [
        4.59028,
        6.2516,
        10.97523
      ],
      "to": [
        6.59028,
        13.2516,
        11.00523
      ],
      "rotation": {
        "angle": 0,
        "axis": "y",
        "origin": [
          8.27569,
          9.7516,
          9.53882
        ]
      },
      "faces": {
        "north": {
          "uv": [
            0.8,
            11.6,
            0,
            14.4
          ],
          "texture": "#3"
        },
        "south": {
          "uv": [
            0,
            11.6,
            0.8,
            14.4
          ],
          "texture": "#3"
        }
      }
    },
    {
      "from": [
        5.77584,
        6.2516,
        7.08238
      ],
      "to": [
        7.77584,
        13.2516,
        7.11238
      ],
      "rotation": {
        "angle": -45,
        "axis": "y",
        "origin": [
          7.27619,
          9.7516,
          7.61271
        ]
      },
      "faces": {
        "north": {
          "uv": [
            0.8,
            11.6,
            1.6,
            14.4
          ],
          "texture": "#3"
        },
        "south": {
          "uv": [
            1.6,
            11.6,
            0.8,
            14.4
          ],
          "texture": "#3"
        }
      }
    },
    {
      "from": [
        3.13283,
        6.2516,
        10.78605
      ],
      "to": [
        5.13283,
        13.2516,
        10.81605
      ],
      "rotation": {
        "angle": -45,
        "axis": "y",
        "origin": [
          4.63319,
          9.7516,
          10.25572
        ]
      },
      "faces": {
        "north": {
          "uv": [
            11.2,
            10,
            12,
            12.8
          ],
          "texture": "#3"
        },
        "south": {
          "uv": [
            12,
            10,
            11.2,
            12.8
          ],
          "texture": "#3"
        }
      }
    },
    {
      "from": [
        3.15506,
        6.2516,
        7.59102
      ],
      "to": [
        3.18506,
        13.2516,
        9.59102
      ],
      "rotation": {
        "angle": 0,
        "axis": "y",
        "origin": [
          3.18506,
          6.2516,
          7.59102
        ]
      },
      "faces": {
        "east": {
          "uv": [
            9.6,
            10,
            10.4,
            12.8
          ],
          "texture": "#3"
        },
        "west": {
          "uv": [
            10.4,
            10,
            9.6,
            12.8
          ],
          "texture": "#3"
        }
      }
    },
    {
      "from": [
        3.40472,
        6.2516,
        7.08239
      ],
      "to": [
        5.40472,
        13.2516,
        7.11239
      ],
      "rotation": {
        "angle": 45,
        "axis": "y",
        "origin": [
          3.90437,
          9.7516,
          7.61272
        ]
      },
      "faces": {
        "north": {
          "uv": [
            1.6,
            11.6,
            0.8,
            14.4
          ],
          "texture": "#3"
        },
        "south": {
          "uv": [
            0.8,
            11.6,
            1.6,
            14.4
          ],
          "texture": "#3"
        }
      }
    },
    {
      "from": [
        10.59528,
        6.2516,
        7.08239
      ],
      "to": [
        12.59528,
        13.2516,
        7.11239
      ],
      "rotation": {
        "angle": -45,
        "axis": "y",
        "origin": [
          12.09563,
          9.7516,
          7.61272
        ]
      },
      "faces": {
        "north": {
          "uv": [
            0.8,
            11.6,
            1.6,
            14.4
          ],
          "texture": "#3"
        },
        "south": {
          "uv": [
            1.6,
            11.6,
            0.8,
            14.4
          ],
          "texture": "#3"
        }
      }
    },
    {
      "from": [
        12.81494,
        6.2516,
        7.59102
      ],
      "to": [
        12.84494,
        13.2516,
        9.59102
      ],
      "rotation": {
        "angle": 0,
        "axis": "y",
        "origin": [
          12.81494,
          6.2516,
          7.59102
        ]
      },
      "faces": {
        "east": {
          "uv": [
            9.6,
            10,
            10.4,
            12.8
          ],
          "texture": "#3"
        },
        "west": {
          "uv": [
            10.4,
            10,
            9.6,
            12.8
          ],
          "texture": "#3"
        }
      }
    },
    {
      "from": [
        8.22416,
        6.2516,
        7.08238
      ],
      "to": [
        10.22416,
        13.2516,
        7.11238
      ],
      "rotation": {
        "angle": 45,
        "axis": "y",
        "origin": [
          8.72381,
          9.7516,
          7.61271
        ]
      },
      "faces": {
        "north": {
          "uv": [
            1.6,
            11.6,
            0.8,
            14.4
          ],
          "texture": "#3"
        },
        "south": {
          "uv": [
            0.8,
            11.6,
            1.6,
            14.4
          ],
          "texture": "#3"
        }
      }
    },
    {
      "from": [
        7.95227,
        6.2516,
        10.78604
      ],
      "to": [
        9.95227,
        13.2516,
        10.81604
      ],
      "rotation": {
        "angle": -45,
        "axis": "y",
        "origin": [
          9.45263,
          9.7516,
          10.25571
        ]
      },
      "faces": {
        "north": {
          "uv": [
            11.2,
            10,
            12,
            12.8
          ],
          "texture": "#3"
        },
        "south": {
          "uv": [
            12,
            10,
            11.2,
            12.8
          ],
          "texture": "#3"
        }
      }
    },
    {
      "from": [
        10.86717,
        6.2516,
        10.78605
      ],
      "to": [
        12.86717,
        13.2516,
        10.81605
      ],
      "rotation": {
        "angle": 45,
        "axis": "y",
        "origin": [
          11.36681,
          9.7516,
          10.25572
        ]
      },
      "faces": {
        "north": {
          "uv": [
            12,
            10,
            11.2,
            12.8
          ],
          "texture": "#3"
        },
        "south": {
          "uv": [
            11.2,
            10,
            12,
            12.8
          ],
          "texture": "#3"
        }
      }
    },
    {
      "from": [
        9.40972,
        6.2516,
        10.97523
      ],
      "to": [
        11.40972,
        13.2516,
        11.00523
      ],
      "rotation": {
        "angle": 0,
        "axis": "y",
        "origin": [
          7.72431,
          9.7516,
          9.53882
        ]
      },
      "faces": {
        "north": {
          "uv": [
            0,
            11.6,
            0.8,
            14.4
          ],
          "texture": "#3"
        },
        "south": {
          "uv": [
            0.8,
            11.6,
            0,
            14.4
          ],
          "texture": "#3"
        }
      }
    },
    {
      "from": [
        0,
        -2.2484,
        6.1768
      ],
      "to": [
        16,
        22.7516,
        6.2068
      ],
      "rotation": {
        "angle": 0,
        "axis": "y",
        "origin": [
          0,
          6.7516,
          6.1768
        ]
      },
      "faces": {
        "north": {
          "uv": [
            0,
            0,
            6.4,
            10
          ],
          "texture": "#3"
        },
        "south": {
          "uv": [
            6.4,
            0,
            0,
            10
          ],
          "texture": "#3"
        }
      }
    },
    {
      "from": [
        16,
        -2.2484,
        6.1768
      ],
      "to": [
        23,
        22.7516,
        6.2068
      ],
      "rotation": {
        "angle": -22.5,
        "axis": "y",
        "origin": [
          16,
          6.7516,
          6.1768
        ]
      },
      "faces": {
        "north": {
          "uv": [
            6.4,
            0,
            9.2,
            10
          ],
          "texture": "#3"
        },
        "south": {
          "uv": [
            9.2,
            0,
            6.4,
            10
          ],
          "texture": "#3"
        }
      }
    },
    {
      "from": [
        22.46716,
        -2.2484,
        8.85558
      ],
      "to": [
        29.46716,
        22.7516,
        8.88558
      ],
      "rotation": {
        "angle": -45,
        "axis": "y",
        "origin": [
          22.46716,
          6.7516,
          8.85558
        ]
      },
      "faces": {
        "north": {
          "uv": [
            9.2,
            0,
            12,
            10
          ],
          "texture": "#3"
        },
        "south": {
          "uv": [
            12,
            0,
            9.2,
            10
          ],
          "texture": "#3"
        }
      }
    },
    {
      "from": [
        -7,
        -2.2484,
        6.1768
      ],
      "to": [
        0,
        22.7516,
        6.2068
      ],
      "rotation": {
        "angle": 22.5,
        "axis": "y",
        "origin": [
          0,
          6.7516,
          6.1768
        ]
      },
      "faces": {
        "north": {
          "uv": [
            9.2,
            0,
            6.4,
            10
          ],
          "texture": "#3"
        },
        "south": {
          "uv": [
            6.4,
            0,
            9.2,
            10
          ],
          "texture": "#3"
        }
      }
    },
    {
      "from": [
        -13.46716,
        -2.2484,
        8.85558
      ],
      "to": [
        -6.46716,
        22.7516,
        8.88558
      ],
      "rotation": {
        "angle": 45,
        "axis": "y",
        "origin": [
          -6.46716,
          6.7516,
          8.85558
        ]
      },
      "faces": {
        "north": {
          "uv": [
            12,
            0,
            9.2,
            10
          ],
          "texture": "#3"
        },
        "south": {
          "uv": [
            9.2,
            0,
            12,
            10
          ],
          "texture": "#3"
        }
      }
    },
    {
      "from": [
        9.32154,
        3.73149,
        4.02143
      ],
      "to": [
        10.59654,
        5.00649,
        5.29643
      ],
      "rotation": {
        "angle": 22.5,
        "axis": "z",
        "origin": [
          8.75,
          4.33854,
          4.65893
        ]
      },
      "faces": {
        "north": {
          "uv": [
            13.6,
            2.8,
            14.2,
            3.4
          ],
          "texture": "#3"
        },
        "east": {
          "uv": [
            2,
            13.6,
            2.6,
            14.2
          ],
          "texture": "#3"
        },
        "south": {
          "uv": [
            13.6,
            2,
            14.2,
            2.6
          ],
          "texture": "#3"
        },
        "west": {
          "uv": [
            2.8,
            13.6,
            3.4,
            14.2
          ],
          "texture": "#3"
        },
        "up": {
          "uv": [
            14.2,
            4.2,
            13.6,
            3.6
          ],
          "rotation": 90,
          "texture": "#3"
        }
      }
    },
    {
      "from": [
        9.10904,
        2.88149,
        3.80893
      ],
      "to": [
        10.80904,
        3.73149,
        5.50893
      ],
      "rotation": {
        "angle": 22.5,
        "axis": "z",
        "origin": [
          8.75,
          4.33854,
          4.65893
        ]
      },
      "faces": {
        "north": {
          "uv": [
            14,
            0.8,
            14.6,
            1.2
          ],
          "texture": "#3"
        },
        "east": {
          "uv": [
            13.6,
            6,
            14.2,
            6.4
          ],
          "texture": "#3"
        },
        "south": {
          "uv": [
            12.8,
            13.6,
            13.4,
            14
          ],
          "texture": "#3"
        },
        "west": {
          "uv": [
            13.6,
            13.6,
            14.2,
            14
          ],
          "texture": "#3"
        },
        "up": {
          "uv": [
            14.2,
            5,
            13.6,
            4.4
          ],
          "rotation": 90,
          "texture": "#3"
        },
        "down": {
          "uv": [
            5.4,
            13.6,
            4.8,
            14.2
          ],
          "rotation": 270,
          "texture": "#3"
        }
      }
    },
    {
      "from": [
        5.40346,
        3.73149,
        4.02143
      ],
      "to": [
        6.67846,
        5.00649,
        5.29643
      ],
      "rotation": {
        "angle": -22.5,
        "axis": "z",
        "origin": [
          7.25,
          4.33854,
          4.65893
        ]
      },
      "faces": {
        "north": {
          "uv": [
            13.6,
            8,
            14.2,
            8.6
          ],
          "texture": "#3"
        },
        "east": {
          "uv": [
            6.4,
            13.6,
            7,
            14.2
          ],
          "texture": "#3"
        },
        "south": {
          "uv": [
            7.2,
            13.6,
            7.8,
            14.2
          ],
          "texture": "#3"
        },
        "west": {
          "uv": [
            13.6,
            7.2,
            14.2,
            7.8
          ],
          "texture": "#3"
        },
        "up": {
          "uv": [
            10.6,
            14.2,
            10,
            13.6
          ],
          "rotation": 90,
          "texture": "#3"
        }
      }
    },
    {
      "from": [
        5.19096,
        2.88149,
        3.80893
      ],
      "to": [
        6.89096,
        3.73149,
        5.50893
      ],
      "rotation": {
        "angle": -22.5,
        "axis": "z",
        "origin": [
          7.25,
          4.33854,
          4.65893
        ]
      },
      "faces": {
        "north": {
          "uv": [
            8.8,
            14,
            9.4,
            14.4
          ],
          "texture": "#3"
        },
        "east": {
          "uv": [
            14,
            1.2,
            14.6,
            1.6
          ],
          "texture": "#3"
        },
        "south": {
          "uv": [
            14,
            1.6,
            14.6,
            2
          ],
          "texture": "#3"
        },
        "west": {
          "uv": [
            8,
            14,
            8.6,
            14.4
          ],
          "texture": "#3"
        },
        "up": {
          "uv": [
            14.2,
            5.8,
            13.6,
            5.2
          ],
          "rotation": 90,
          "texture": "#3"
        },
        "down": {
          "uv": [
            6.2,
            13.6,
            5.6,
            14.2
          ],
          "rotation": 270,
          "texture": "#3"
        }
      }
    },
    {
      "from": [
        14.015,
        9.7516,
        5.24393
      ],
      "to": [
        17.515,
        13.2516,
        5.27393
      ],
      "rotation": {
        "angle": 22.5,
        "axis": "z",
        "origin": [
          14.015,
          11.2516,
          5.25893
        ]
      },
      "faces": {
        "north": {
          "uv": [
            1.6,
            11.6,
            3,
            13
          ],
          "texture": "#3"
        },
        "south": {
          "uv": [
            3,
            11.6,
            1.6,
            13
          ],
          "texture": "#3"
        }
      }
    },
    {
      "from": [
        14.015,
        6.7516,
        5.24393
      ],
      "to": [
        16.515,
        9.2516,
        5.27393
      ],
      "rotation": {
        "angle": -22.5,
        "axis": "z",
        "origin": [
          15.265,
          8.0016,
          5.25893
        ]
      },
      "faces": {
        "north": {
          "uv": [
            8.8,
            12.8,
            9.8,
            13.8
          ],
          "texture": "#3"
        },
        "south": {
          "uv": [
            9.8,
            12.8,
            8.8,
            13.8
          ],
          "texture": "#3"
        }
      }
    },
    {
      "from": [
        -0.515,
        6.7516,
        5.24393
      ],
      "to": [
        1.985,
        9.2516,
        5.27393
      ],
      "rotation": {
        "angle": 22.5,
        "axis": "z",
        "origin": [
          0.735,
          8.0016,
          5.25893
        ]
      },
      "faces": {
        "north": {
          "uv": [
            9.8,
            12.8,
            8.8,
            13.8
          ],
          "texture": "#3"
        },
        "south": {
          "uv": [
            8.8,
            12.8,
            9.8,
            13.8
          ],
          "texture": "#3"
        }
      }
    },
    {
      "from": [
        -1.515,
        9.7516,
        5.24393
      ],
      "to": [
        1.985,
        13.2516,
        5.27393
      ],
      "rotation": {
        "angle": -22.5,
        "axis": "z",
        "origin": [
          1.985,
          11.2516,
          5.25893
        ]
      },
      "faces": {
        "north": {
          "uv": [
            3,
            11.6,
            1.6,
            13
          ],
          "texture": "#3"
        },
        "south": {
          "uv": [
            1.6,
            11.6,
            3,
            13
          ],
          "texture": "#3"
        }
      }
    },
    {
      "from": [
        2.5625,
        3.6766,
        4.59643
      ],
      "to": [
        6.3625,
        4.6266,
        5.54643
      ],
      "rotation": {
        "angle": 45,
        "axis": "z",
        "origin": [
          3.75,
          4.8641,
          5.07143
        ]
      },
      "faces": {
        "north": {
          "uv": [
            13.2,
            7.2,
            13.6,
            8.8
          ],
          "rotation": 90,
          "texture": "#3"
        },
        "east": {
          "uv": [
            13.6,
            14,
            13.2,
            14.4
          ],
          "rotation": 180,
          "texture": "#3"
        },
        "south": {
          "uv": [
            4,
            13.2,
            4.4,
            14.8
          ],
          "rotation": 270,
          "texture": "#3"
        },
        "west": {
          "uv": [
            13.2,
            14.4,
            12.8,
            14
          ],
          "texture": "#3"
        },
        "up": {
          "uv": [
            3.6,
            13.2,
            4,
            14.8
          ],
          "rotation": 270,
          "texture": "#3"
        },
        "down": {
          "uv": [
            4.4,
            13.2,
            4.8,
            14.8
          ],
          "rotation": 270,
          "texture": "#3"
        }
      }
    },
    {
      "from": [
        2.5625,
        4.6266,
        4.59643
      ],
      "to": [
        3.5125,
        5.1016,
        5.54643
      ],
      "rotation": {
        "angle": 45,
        "axis": "z",
        "origin": [
          3.75,
          4.8641,
          5.07143
        ]
      },
      "faces": {
        "north": {
          "uv": [
            6.4,
            14.4,
            6.6,
            14.8
          ],
          "rotation": 90,
          "texture": "#3"
        },
        "east": {
          "uv": [
            7.6,
            14.4,
            7.2,
            14.6
          ],
          "rotation": 180,
          "texture": "#3"
        },
        "south": {
          "uv": [
            6,
            14.4,
            6.2,
            14.8
          ],
          "rotation": 270,
          "texture": "#3"
        },
        "west": {
          "uv": [
            7.2,
            14.6,
            6.8,
            14.4
          ],
          "texture": "#3"
        }
      }
    },
    {
      "from": [
        2.5625,
        5.1016,
        4.59643
      ],
      "to": [
        4.4625,
        6.0516,
        5.54643
      ],
      "rotation": {
        "angle": 45,
        "axis": "z",
        "origin": [
          3.75,
          4.8641,
          5.07143
        ]
      },
      "faces": {
        "north": {
          "uv": [
            12.4,
            13.6,
            12.8,
            14.4
          ],
          "rotation": 90,
          "texture": "#3"
        },
        "east": {
          "uv": [
            14.4,
            14,
            14,
            14.4
          ],
          "rotation": 180,
          "texture": "#3"
        },
        "south": {
          "uv": [
            12,
            13.6,
            12.4,
            14.4
          ],
          "rotation": 270,
          "texture": "#3"
        },
        "west": {
          "uv": [
            14,
            14.4,
            13.6,
            14
          ],
          "texture": "#3"
        },
        "up": {
          "uv": [
            11.6,
            13.6,
            12,
            14.4
          ],
          "rotation": 270,
          "texture": "#3"
        },
        "down": {
          "uv": [
            13.6,
            12,
            14,
            12.8
          ],
          "rotation": 270,
          "texture": "#3"
        }
      }
    },
    {
      "from": [
        9.6375,
        3.6766,
        4.59643
      ],
      "to": [
        13.4375,
        4.6266,
        5.54643
      ],
      "rotation": {
        "angle": -45,
        "axis": "z",
        "origin": [
          12.25,
          4.8641,
          5.07143
        ]
      },
      "faces": {
        "north": {
          "uv": [
            13.2,
            8.8,
            13.6,
            7.2
          ],
          "rotation": 90,
          "texture": "#3"
        },
        "east": {
          "uv": [
            12.8,
            14.4,
            13.2,
            14
          ],
          "texture": "#3"
        },
        "south": {
          "uv": [
            4,
            14.8,
            4.4,
            13.2
          ],
          "rotation": 270,
          "texture": "#3"
        },
        "west": {
          "uv": [
            13.2,
            14,
            13.6,
            14.4
          ],
          "rotation": 180,
          "texture": "#3"
        },
        "up": {
          "uv": [
            3.6,
            14.8,
            4,
            13.2
          ],
          "rotation": 270,
          "texture": "#3"
        },
        "down": {
          "uv": [
            4.4,
            14.8,
            4.8,
            13.2
          ],
          "rotation": 270,
          "texture": "#3"
        }
      }
    },
    {
      "from": [
        12.4875,
        4.6266,
        4.59643
      ],
      "to": [
        13.4375,
        5.1016,
        5.54643
      ],
      "rotation": {
        "angle": -45,
        "axis": "z",
        "origin": [
          12.25,
          4.8641,
          5.07143
        ]
      },
      "faces": {
        "north": {
          "uv": [
            6.4,
            14.8,
            6.6,
            14.4
          ],
          "rotation": 90,
          "texture": "#3"
        },
        "east": {
          "uv": [
            6.8,
            14.6,
            7.2,
            14.4
          ],
          "texture": "#3"
        },
        "south": {
          "uv": [
            6,
            14.8,
            6.2,
            14.4
          ],
          "rotation": 270,
          "texture": "#3"
        },
        "west": {
          "uv": [
            7.2,
            14.4,
            7.6,
            14.6
          ],
          "rotation": 180,
          "texture": "#3"
        }
      }
    },
    {
      "from": [
        11.5375,
        5.1016,
        4.59643
      ],
      "to": [
        13.4375,
        6.0516,
        5.54643
      ],
      "rotation": {
        "angle": -45,
        "axis": "z",
        "origin": [
          12.25,
          4.8641,
          5.07143
        ]
      },
      "faces": {
        "north": {
          "uv": [
            12.4,
            14.4,
            12.8,
            13.6
          ],
          "rotation": 90,
          "texture": "#3"
        },
        "east": {
          "uv": [
            13.6,
            14.4,
            14,
            14
          ],
          "texture": "#3"
        },
        "south": {
          "uv": [
            12,
            14.4,
            12.4,
            13.6
          ],
          "rotation": 270,
          "texture": "#3"
        },
        "west": {
          "uv": [
            14,
            14,
            14.4,
            14.4
          ],
          "rotation": 180,
          "texture": "#3"
        },
        "up": {
          "uv": [
            11.6,
            14.4,
            12,
            13.6
          ],
          "rotation": 270,
          "texture": "#3"
        },
        "down": {
          "uv": [
            13.6,
            12.8,
            14,
            12
          ],
          "rotation": 270,
          "texture": "#3"
        }
      }
    },
    {
      "from": [
        10.25,
        5.7516,
        4.25893
      ],
      "to": [
        13.25,
        8.2516,
        7.25893
      ],
      "rotation": {
        "angle": -22.5,
        "axis": "z",
        "origin": [
          11.75,
          8.5016,
          5.75893
        ]
      },
      "faces": {
        "north": {
          "uv": [
            12,
            10,
            13.2,
            11
          ],
          "texture": "#3"
        },
        "east": {
          "uv": [
            12,
            6.4,
            13.2,
            7.4
          ],
          "texture": "#3"
        },
        "south": {
          "uv": [
            12,
            7.6,
            13.2,
            8.6
          ],
          "texture": "#3"
        },
        "west": {
          "uv": [
            12,
            8.8,
            13.2,
            9.8
          ],
          "texture": "#3"
        },
        "down": {
          "uv": [
            7.2,
            12,
            6,
            13.2
          ],
          "rotation": 270,
          "texture": "#3"
        }
      }
    },
    {
      "from": [
        10,
        8.2516,
        4.00893
      ],
      "to": [
        13.5,
        9.2516,
        7.50893
      ],
      "rotation": {
        "angle": -22.5,
        "axis": "z",
        "origin": [
          11.75,
          8.5016,
          5.75893
        ]
      },
      "faces": {
        "north": {
          "uv": [
            13.2,
            13.2,
            14.6,
            13.6
          ],
          "texture": "#3"
        },
        "east": {
          "uv": [
            13.2,
            10.4,
            14.6,
            10.8
          ],
          "texture": "#3"
        },
        "south": {
          "uv": [
            13.2,
            10.8,
            14.6,
            11.2
          ],
          "texture": "#3"
        },
        "west": {
          "uv": [
            13.2,
            12.8,
            14.6,
            13.2
          ],
          "texture": "#3"
        },
        "up": {
          "uv": [
            8.6,
            13,
            7.2,
            11.6
          ],
          "rotation": 90,
          "texture": "#3"
        },
        "down": {
          "uv": [
            13.4,
            0,
            12,
            1.4
          ],
          "rotation": 270,
          "texture": "#3"
        }
      }
    },
    {
      "from": [
        10.5,
        9.2516,
        5.25893
      ],
      "to": [
        13,
        10.7516,
        6.25893
      ],
      "rotation": {
        "angle": -22.5,
        "axis": "z",
        "origin": [
          11.75,
          8.5016,
          5.75893
        ]
      },
      "faces": {
        "north": {
          "uv": [
            13.2,
            9.6,
            14.2,
            10.2
          ],
          "texture": "#3"
        },
        "east": {
          "uv": [
            9.6,
            14,
            10,
            14.6
          ],
          "texture": "#3"
        },
        "south": {
          "uv": [
            13.2,
            8.8,
            14.2,
            9.4
          ],
          "texture": "#3"
        },
        "west": {
          "uv": [
            14,
            12,
            14.4,
            12.6
          ],
          "texture": "#3"
        },
        "up": {
          "uv": [
            14,
            1.8,
            13.6,
            0.8
          ],
          "rotation": 90,
          "texture": "#3"
        },
        "down": {
          "uv": [
            2,
            13.6,
            1.6,
            14.6
          ],
          "rotation": 270,
          "texture": "#3"
        }
      }
    },
    {
      "from": [
        2.75,
        5.7516,
        4.25893
      ],
      "to": [
        5.75,
        8.2516,
        7.25893
      ],
      "rotation": {
        "angle": 22.5,
        "axis": "z",
        "origin": [
          4.25,
          8.5016,
          5.75893
        ]
      },
      "faces": {
        "north": {
          "uv": [
            13.2,
            10,
            12,
            11
          ],
          "texture": "#3"
        },
        "east": {
          "uv": [
            13.2,
            8.8,
            12,
            9.8
          ],
          "texture": "#3"
        },
        "south": {
          "uv": [
            13.2,
            7.6,
            12,
            8.6
          ],
          "texture": "#3"
        },
        "west": {
          "uv": [
            13.2,
            6.4,
            12,
            7.4
          ],
          "texture": "#3"
        },
        "down": {
          "uv": [
            7.2,
            13.2,
            6,
            12
          ],
          "rotation": 270,
          "texture": "#3"
        }
      }
    },
    {
      "from": [
        2.5,
        8.2516,
        4.00893
      ],
      "to": [
        6,
        9.2516,
        7.50893
      ],
      "rotation": {
        "angle": 22.5,
        "axis": "z",
        "origin": [
          4.25,
          8.5016,
          5.75893
        ]
      },
      "faces": {
        "north": {
          "uv": [
            14.6,
            13.2,
            13.2,
            13.6
          ],
          "texture": "#3"
        },
        "east": {
          "uv": [
            14.6,
            12.8,
            13.2,
            13.2
          ],
          "texture": "#3"
        },
        "south": {
          "uv": [
            14.6,
            10.8,
            13.2,
            11.2
          ],
          "texture": "#3"
        },
        "west": {
          "uv": [
            14.6,
            10.4,
            13.2,
            10.8
          ],
          "texture": "#3"
        },
        "up": {
          "uv": [
            8.6,
            11.6,
            7.2,
            13
          ],
          "rotation": 90,
          "texture": "#3"
        },
        "down": {
          "uv": [
            13.4,
            1.4,
            12,
            0
          ],
          "rotation": 270,
          "texture": "#3"
        }
      }
    },
    {
      "from": [
        3,
        9.2516,
        5.25893
      ],
      "to": [
        5.5,
        10.7516,
        6.25893
      ],
      "rotation": {
        "angle": 22.5,
        "axis": "z",
        "origin": [
          4.25,
          8.5016,
          5.75893
        ]
      },
      "faces": {
        "north": {
          "uv": [
            14.2,
            9.6,
            13.2,
            10.2
          ],
          "texture": "#3"
        },
        "east": {
          "uv": [
            14.4,
            12,
            14,
            12.6
          ],
          "texture": "#3"
        },
        "south": {
          "uv": [
            14.2,
            8.8,
            13.2,
            9.4
          ],
          "texture": "#3"
        },
        "west": {
          "uv": [
            10,
            14,
            9.6,
            14.6
          ],
          "texture": "#3"
        },
        "up": {
          "uv": [
            14,
            0.8,
            13.6,
            1.8
          ],
          "rotation": 90,
          "texture": "#3"
        },
        "down": {
          "uv": [
            2,
            14.6,
            1.6,
            13.6
          ],
          "rotation": 270,
          "texture": "#3"
        }
      }
    }
  ],
  "gui_light": "front",
  "display": {
    "thirdperson_righthand": {
      "rotation": [
        50,
        180,
        0
      ],
      "translation": [
        0,
        1.5,
        0.25
      ],
      "scale": [
        0.44336,
        0.44336,
        0.44336
      ]
    },
    "thirdperson_lefthand": {
      "rotation": [
        67.5,
        0,
        0
      ],
      "translation": [
        -5.5,
        -9.75,
        10.75
      ]
    },
    "firstperson_righthand": {
      "rotation": [
        -10,
        180,
        0
      ],
      "translation": [
        0,
        1.5,
        0
      ],
      "scale": [
        0.55078,
        0.55078,
        0.55078
      ]
    },
    "firstperson_lefthand": {
      "rotation": [
        -10,
        0,
        0
      ],
      "translation": [
        0,
        -4.75,
        0
      ],
      "scale": [
        0,
        0,
        0
      ]
    },
    "ground": {
      "rotation": [
        -45,
        0,
        0
      ],
      "translation": [
        0,
        6,
        0
      ],
      "scale": [
        0.7,
        0.7,
        0.7
      ]
    },
    "gui": {
      "rotation": [
        0,
        180,
        0
      ],
      "scale": [
        0.47344,
        0.47344,
        0.47344
      ]
    },
    "head": {
      "translation": [
        0,
        -13.5,
        11.75
      ],
      "scale": [
        1.7,
        1.7,
        1.7
      ]
    },
    "fixed": {
      "rotation": [
        0,
        -180,
        0
      ],
      "translation": [
        0,
        3.25,
        -8.5
      ],
      "scale": [
        2,
        2,
        2
      ]
    }
  },
  "groups": [
    0,
    1,
    2,
    3,
    4,
    5,
    6,
    7,
    8,
    9,
    10,
    11,
    12,
    13,
    14,
    15,
    16,
    17,
    18,
    19,
    20,
    21,
    22,
    23,
    24,
    25,
    26,
    27,
    28,
    29,
    30,
    31,
    32,
    33,
    34,
    35,
    36,
    {
      "name": "group",
      "origin": [
        7.1,
        11.51256,
        8.17678
      ],
      "color": 0,
      "boneType": "",
      "children": []
    },
    37,
    38,
    39,
    40
  ]
}