{
  "credit": "MadewithBlockbench",
  "texture_size": [
    64,
    64
  ],
  "textures": {
    "0": "lunar_studios:enderkariz/angel_set/angel_armor_helmet",
    "1": "lunar_studios:enderkariz/angel_set/angel_armor_helmet_2",
    "particle": "lunar_studios:enderkariz/angel_set/angel_armor_helmet"
  },
  "elements": [
    {
      "from": [
        5,
        0.25,
        5
      ],
      "to": [
        11,
        1.75,
        11
      ],
      "rotation": {
        "angle": 0,
        "axis": "y",
        "origin": [
          8,
          0.5,
          8
        ]
      },
      "faces": {
        "north": {
          "uv": [
            5.25,
            8.75,
            6.75,
            9.125
          ],
          "texture": "#0"
        },
        "east": {
          "uv": [
            8.75,
            5.5,
            10.25,
            5.875
          ],
          "texture": "#0"
        },
        "south": {
          "uv": [
            6.75,
            8.75,
            8.25,
            9.125
          ],
          "texture": "#0"
        },
        "west": {
          "uv": [
            8.25,
            8.75,
            9.75,
            9.125
          ],
          "texture": "#0"
        },
        "up": {
          "uv": [
            9.5,
            3.25,
            8,
            1.75
          ],
          "texture": "#0"
        },
        "down": {
          "uv": [
            9.5,
            3.25,
            8,
            4.75
          ],
          "texture": "#0"
        }
      }
    },
    {
      "from": [
        7.25,
        -3.25,
        11
      ],
      "to": [
        7.275,
        4.75,
        18
      ],
      "rotation": {
        "angle": -22.5,
        "axis": "y",
        "origin": [
          7.25,
          1,
          11
        ]
      },
      "faces": {
        "north": {
          "uv": [
            0,
            0,
            1,
            1
          ],
          "texture": "#1"
        },
        "east": {
          "uv": [
            16,
            0,
            2,
            16
          ],
          "texture": "#1"
        },
        "south": {
          "uv": [
            0,
            0,
            1,
            1
          ],
          "texture": "#1"
        },
        "west": {
          "uv": [
            2,
            0,
            16,
            16
          ],
          "texture": "#1"
        },
        "up": {
          "uv": [
            0,
            0,
            1,
            1
          ],
          "texture": "#1"
        },
        "down": {
          "uv": [
            0,
            0,
            1,
            1
          ],
          "texture": "#1"
        }
      }
    },
    {
      "from": [
        8.725,
        -3.25,
        11
      ],
      "to": [
        8.75,
        4.75,
        18
      ],
      "rotation": {
        "angle": 22.5,
        "axis": "y",
        "origin": [
          8.75,
          1,
          11
        ]
      },
      "faces": {
        "north": {
          "uv": [
            1,
            0,
            0,
            1
          ],
          "texture": "#1"
        },
        "east": {
          "uv": [
            16,
            0,
            2,
            16
          ],
          "texture": "#1"
        },
        "south": {
          "uv": [
            1,
            0,
            0,
            1
          ],
          "texture": "#1"
        },
        "west": {
          "uv": [
            2,
            0,
            16,
            16
          ],
          "texture": "#1"
        },
        "up": {
          "uv": [
            1,
            0,
            0,
            1
          ],
          "texture": "#1"
        },
        "down": {
          "uv": [
            1,
            0,
            0,
            1
          ],
          "texture": "#1"
        }
      }
    },
    {
      "from": [
        7.75,
        3.8,
        4.6
      ],
      "to": [
        8.25,
        7.3,
        5.6
      ],
      "rotation": {
        "angle": 22.5,
        "axis": "x",
        "origin": [
          5.5,
          4,
          5.5
        ]
      },
      "faces": {
        "north": {
          "uv": [
            9.25,
            10,
            9.375,
            10.875
          ],
          "texture": "#0"
        },
        "east": {
          "uv": [
            9.5,
            3.5,
            9.75,
            4.375
          ],
          "texture": "#0"
        },
        "south": {
          "uv": [
            10,
            9.5,
            10.125,
            10.375
          ],
          "texture": "#0"
        },
        "west": {
          "uv": [
            5.25,
            9.5,
            5.5,
            10.375
          ],
          "texture": "#0"
        },
        "up": {
          "uv": [
            1.875,
            10.75,
            1.75,
            10.5
          ],
          "texture": "#0"
        },
        "down": {
          "uv": [
            2.125,
            10.5,
            2,
            10.75
          ],
          "texture": "#0"
        }
      }
    },
    {
      "from": [
        8,
        7.3,
        4.6
      ],
      "to": [
        8,
        8.8,
        5.6
      ],
      "rotation": {
        "angle": 22.5,
        "axis": "x",
        "origin": [
          5.5,
          4,
          5.5
        ]
      },
      "faces": {
        "north": {
          "uv": [
            0,
            0,
            0,
            0.375
          ],
          "texture": "#0"
        },
        "east": {
          "uv": [
            0.5,
            10.25,
            0.75,
            10.625
          ],
          "texture": "#0"
        },
        "south": {
          "uv": [
            0,
            0,
            0,
            0.375
          ],
          "texture": "#0"
        },
        "west": {
          "uv": [
            0.75,
            10.25,
            1,
            10.625
          ],
          "texture": "#0"
        },
        "up": {
          "uv": [
            0,
            0.25,
            0,
            0
          ],
          "texture": "#0"
        },
        "down": {
          "uv": [
            0,
            0,
            0,
            0.25
          ],
          "texture": "#0"
        }
      }
    },
    {
      "from": [
        10.5,
        3.9,
        5.3
      ],
      "to": [
        11,
        4.9,
        10.8
      ],
      "rotation": {
        "angle": -22.5,
        "axis": "x",
        "origin": [
          10.5,
          4,
          5.5
        ]
      },
      "faces": {
        "north": {
          "uv": [
            0.25,
            10.5,
            0.375,
            10.75
          ],
          "texture": "#0"
        },
        "east": {
          "uv": [
            8.75,
            6,
            10.125,
            6.25
          ],
          "texture": "#0"
        },
        "south": {
          "uv": [
            1.5,
            10.5,
            1.625,
            10.75
          ],
          "texture": "#0"
        },
        "west": {
          "uv": [
            5.25,
            9.25,
            6.625,
            9.5
          ],
          "texture": "#0"
        },
        "up": {
          "uv": [
            5.625,
            10.875,
            5.5,
            9.5
          ],
          "texture": "#0"
        },
        "down": {
          "uv": [
            5.875,
            9.5,
            5.75,
            10.875
          ],
          "texture": "#0"
        }
      }
    },
    {
      "from": [
        10.5,
        3.9,
        10.8
      ],
      "to": [
        10.5,
        4.9,
        12.3
      ],
      "rotation": {
        "angle": -22.5,
        "axis": "x",
        "origin": [
          10.5,
          4,
          5.5
        ]
      },
      "faces": {
        "north": {
          "uv": [
            0,
            0,
            0,
            0.25
          ],
          "texture": "#0"
        },
        "east": {
          "uv": [
            10,
            8.25,
            10.375,
            8.5
          ],
          "texture": "#0"
        },
        "south": {
          "uv": [
            0,
            0,
            0,
            0.25
          ],
          "texture": "#0"
        },
        "west": {
          "uv": [
            0,
            10.25,
            0.375,
            10.5
          ],
          "texture": "#0"
        },
        "up": {
          "uv": [
            0,
            0.375,
            0,
            0
          ],
          "texture": "#0"
        },
        "down": {
          "uv": [
            0,
            0,
            0,
            0.375
          ],
          "texture": "#0"
        }
      }
    },
    {
      "from": [
        7.25,
        3.75,
        4.5
      ],
      "to": [
        8.75,
        5.25,
        5
      ],
      "rotation": {
        "angle": 45,
        "axis": "z",
        "origin": [
          8,
          4.5,
          4.5
        ]
      },
      "faces": {
        "north": {
          "uv": [
            9.75,
            7,
            10.125,
            7.375
          ],
          "texture": "#0"
        },
        "east": {
          "uv": [
            10.25,
            8.75,
            10.375,
            9.125
          ],
          "texture": "#0"
        },
        "south": {
          "uv": [
            7.25,
            9.75,
            7.625,
            10.125
          ],
          "texture": "#0"
        },
        "west": {
          "uv": [
            10.25,
            9.25,
            10.375,
            9.625
          ],
          "texture": "#0"
        },
        "up": {
          "uv": [
            9.875,
            10.375,
            9.5,
            10.25
          ],
          "texture": "#0"
        },
        "down": {
          "uv": [
            10.625,
            9.75,
            10.25,
            9.875
          ],
          "texture": "#0"
        }
      }
    },
    {
      "from": [
        5.5,
        3.75,
        5
      ],
      "to": [
        10.5,
        4.75,
        5.5
      ],
      "rotation": {
        "angle": 0,
        "axis": "y",
        "origin": [
          8,
          0.5,
          8
        ]
      },
      "faces": {
        "north": {
          "uv": [
            9.5,
            3,
            10.75,
            3.25
          ],
          "texture": "#0"
        },
        "east": {
          "uv": [
            4.75,
            10.5,
            4.875,
            10.75
          ],
          "texture": "#0"
        },
        "south": {
          "uv": [
            9.5,
            3.25,
            10.75,
            3.5
          ],
          "texture": "#0"
        },
        "west": {
          "uv": [
            10.5,
            4.75,
            10.625,
            5
          ],
          "texture": "#0"
        },
        "up": {
          "uv": [
            10.75,
            4.625,
            9.5,
            4.5
          ],
          "texture": "#0"
        },
        "down": {
          "uv": [
            7.75,
            9.5,
            6.5,
            9.625
          ],
          "texture": "#0"
        }
      }
    },
    {
      "from": [
        5.5,
        4.25,
        4.75
      ],
      "to": [
        10.5,
        7.25,
        4.75
      ],
      "rotation": {
        "angle": 0,
        "axis": "y",
        "origin": [
          8,
          0.5,
          8
        ]
      },
      "faces": {
        "north": {
          "uv": [
            8,
            6.25,
            9.25,
            7
          ],
          "texture": "#0"
        },
        "east": {
          "uv": [
            0,
            0,
            0,
            0.75
          ],
          "texture": "#0"
        },
        "south": {
          "uv": [
            8.75,
            4.75,
            10,
            5.5
          ],
          "texture": "#0"
        },
        "west": {
          "uv": [
            0,
            0,
            0,
            0.75
          ],
          "texture": "#0"
        },
        "up": {
          "uv": [
            1.25,
            0,
            0,
            0
          ],
          "texture": "#0"
        },
        "down": {
          "uv": [
            1.25,
            0,
            0,
            0
          ],
          "texture": "#0"
        }
      }
    },
    {
      "from": [
        7.5,
        2.25,
        5
      ],
      "to": [
        8.5,
        3.75,
        5.5
      ],
      "rotation": {
        "angle": 0,
        "axis": "y",
        "origin": [
          8,
          0.5,
          8
        ]
      },
      "faces": {
        "north": {
          "uv": [
            1,
            10.25,
            1.25,
            10.625
          ],
          "texture": "#0"
        },
        "east": {
          "uv": [
            10.25,
            10,
            10.375,
            10.375
          ],
          "texture": "#0"
        },
        "south": {
          "uv": [
            1.25,
            10.25,
            1.5,
            10.625
          ],
          "texture": "#0"
        },
        "west": {
          "uv": [
            0,
            10.5,
            0.125,
            10.875
          ],
          "texture": "#0"
        },
        "up": {
          "uv": [
            2.5,
            10.625,
            2.25,
            10.5
          ],
          "texture": "#0"
        },
        "down": {
          "uv": [
            2.75,
            10.5,
            2.5,
            10.625
          ],
          "texture": "#0"
        }
      }
    },
    {
      "from": [
        7.75,
        1.75,
        4.5
      ],
      "to": [
        8.25,
        2.75,
        5
      ],
      "rotation": {
        "angle": 0,
        "axis": "y",
        "origin": [
          8,
          0.5,
          8
        ]
      },
      "faces": {
        "north": {
          "uv": [
            2.75,
            10.5,
            2.875,
            10.75
          ],
          "texture": "#0"
        },
        "east": {
          "uv": [
            3,
            10.5,
            3.125,
            10.75
          ],
          "texture": "#0"
        },
        "south": {
          "uv": [
            3.25,
            10.5,
            3.375,
            10.75
          ],
          "texture": "#0"
        },
        "west": {
          "uv": [
            3.5,
            10.5,
            3.625,
            10.75
          ],
          "texture": "#0"
        },
        "up": {
          "uv": [
            10.625,
            5.625,
            10.5,
            5.5
          ],
          "texture": "#0"
        },
        "down": {
          "uv": [
            10.625,
            5.75,
            10.5,
            5.875
          ],
          "texture": "#0"
        }
      }
    },
    {
      "from": [
        8,
        2.75,
        4.5
      ],
      "to": [
        8,
        3.75,
        5
      ],
      "rotation": {
        "angle": 0,
        "axis": "y",
        "origin": [
          8,
          0.5,
          8
        ]
      },
      "faces": {
        "north": {
          "uv": [
            0,
            0,
            0,
            0.25
          ],
          "texture": "#0"
        },
        "east": {
          "uv": [
            10.5,
            3.5,
            10.625,
            3.75
          ],
          "texture": "#0"
        },
        "south": {
          "uv": [
            0,
            0,
            0,
            0.25
          ],
          "texture": "#0"
        },
        "west": {
          "uv": [
            3.75,
            10.5,
            3.875,
            10.75
          ],
          "texture": "#0"
        },
        "up": {
          "uv": [
            0,
            0.125,
            0,
            0
          ],
          "texture": "#0"
        },
        "down": {
          "uv": [
            0,
            0,
            0,
            0.125
          ],
          "texture": "#0"
        }
      }
    },
    {
      "from": [
        5,
        3.9,
        5.3
      ],
      "to": [
        5.5,
        4.9,
        10.8
      ],
      "rotation": {
        "angle": -22.5,
        "axis": "x",
        "origin": [
          5.5,
          4,
          5.5
        ]
      },
      "faces": {
        "north": {
          "uv": [
            10.5,
            4.25,
            10.625,
            4.5
          ],
          "texture": "#0"
        },
        "east": {
          "uv": [
            9.25,
            6.25,
            10.625,
            6.5
          ],
          "texture": "#0"
        },
        "south": {
          "uv": [
            4.5,
            10.5,
            4.625,
            10.75
          ],
          "texture": "#0"
        },
        "west": {
          "uv": [
            9.25,
            6.5,
            10.625,
            6.75
          ],
          "texture": "#0"
        },
        "up": {
          "uv": [
            6.125,
            10.875,
            6,
            9.5
          ],
          "texture": "#0"
        },
        "down": {
          "uv": [
            6.375,
            9.5,
            6.25,
            10.875
          ],
          "texture": "#0"
        }
      }
    },
    {
      "from": [
        5.5,
        3.9,
        10.8
      ],
      "to": [
        5.5,
        4.9,
        12.3
      ],
      "rotation": {
        "angle": -22.5,
        "axis": "x",
        "origin": [
          5.5,
          4,
          5.5
        ]
      },
      "faces": {
        "north": {
          "uv": [
            0,
            0,
            0,
            0.25
          ],
          "texture": "#0"
        },
        "east": {
          "uv": [
            1.5,
            10.25,
            1.875,
            10.5
          ],
          "texture": "#0"
        },
        "south": {
          "uv": [
            0,
            0,
            0,
            0.25
          ],
          "texture": "#0"
        },
        "west": {
          "uv": [
            2,
            10.25,
            2.375,
            10.5
          ],
          "texture": "#0"
        },
        "up": {
          "uv": [
            0,
            0.375,
            0,
            0
          ],
          "texture": "#0"
        },
        "down": {
          "uv": [
            0,
            0,
            0,
            0.375
          ],
          "texture": "#0"
        }
      }
    },
    {
      "from": [
        4.95,
        3.75,
        4.5
      ],
      "to": [
        5.55,
        4.75,
        5.5
      ],
      "rotation": {
        "angle": 45,
        "axis": "x",
        "origin": [
          4.5,
          4.25,
          5
        ]
      },
      "faces": {
        "north": {
          "uv": [
            10.5,
            3.75,
            10.625,
            4
          ],
          "texture": "#0"
        },
        "east": {
          "uv": [
            2.5,
            10.25,
            2.75,
            10.5
          ],
          "texture": "#0"
        },
        "south": {
          "uv": [
            4,
            10.5,
            4.125,
            10.75
          ],
          "texture": "#0"
        },
        "west": {
          "uv": [
            2.75,
            10.25,
            3,
            10.5
          ],
          "texture": "#0"
        },
        "up": {
          "uv": [
            10.625,
            4.25,
            10.5,
            4
          ],
          "texture": "#0"
        },
        "down": {
          "uv": [
            4.375,
            10.5,
            4.25,
            10.75
          ],
          "texture": "#0"
        }
      }
    },
    {
      "from": [
        10.45,
        3.75,
        4.5
      ],
      "to": [
        11.05,
        4.75,
        5.5
      ],
      "rotation": {
        "angle": 45,
        "axis": "x",
        "origin": [
          11.5,
          4.25,
          5
        ]
      },
      "faces": {
        "north": {
          "uv": [
            5,
            10.5,
            5.125,
            10.75
          ],
          "texture": "#0"
        },
        "east": {
          "uv": [
            3,
            10.25,
            3.25,
            10.5
          ],
          "texture": "#0"
        },
        "south": {
          "uv": [
            10.5,
            5,
            10.625,
            5.25
          ],
          "texture": "#0"
        },
        "west": {
          "uv": [
            2.5,
            10.25,
            2.75,
            10.5
          ],
          "texture": "#0"
        },
        "up": {
          "uv": [
            5.375,
            10.75,
            5.25,
            10.5
          ],
          "texture": "#0"
        },
        "down": {
          "uv": [
            10.625,
            5.25,
            10.5,
            5.5
          ],
          "texture": "#0"
        }
      }
    },
    {
      "from": [
        5.5,
        0.75,
        5.5
      ],
      "to": [
        10.5,
        5.75,
        10.5
      ],
      "rotation": {
        "angle": 0,
        "axis": "y",
        "origin": [
          8,
          0.5,
          8
        ]
      },
      "faces": {
        "north": {
          "uv": [
            2.75,
            12.375,
            4,
            13.625
          ],
          "texture": "#0"
        },
        "east": {
          "uv": [
            4,
            11,
            2.75,
            12.25
          ],
          "texture": "#0"
        },
        "south": {
          "uv": [
            0,
            11,
            1.25,
            12.25
          ],
          "texture": "#0"
        },
        "west": {
          "uv": [
            2.75,
            11,
            4,
            12.25
          ],
          "texture": "#0"
        },
        "up": {
          "uv": [
            0,
            12.375,
            1.25,
            13.625
          ],
          "texture": "#0"
        },
        "down": {
          "uv": [
            14.75,
            14.75,
            16,
            16
          ],
          "texture": "#0"
        }
      }
    },
    {
      "from": [
        5.375,
        0.625,
        5.375
      ],
      "to": [
        10.625,
        5.875,
        10.625
      ],
      "rotation": {
        "angle": 0,
        "axis": "y",
        "origin": [
          8,
          0.5,
          8
        ]
      },
      "faces": {
        "north": {
          "uv": [
            4.125,
            12.375,
            5.375,
            13.625
          ],
          "texture": "#0"
        },
        "east": {
          "uv": [
            5.375,
            11,
            4.125,
            12.25
          ],
          "texture": "#0"
        },
        "south": {
          "uv": [
            1.375,
            11,
            2.625,
            12.25
          ],
          "texture": "#0"
        },
        "west": {
          "uv": [
            4.125,
            11,
            5.375,
            12.25
          ],
          "texture": "#0"
        },
        "up": {
          "uv": [
            1.375,
            12.375,
            2.625,
            13.625
          ],
          "texture": "#0"
        },
        "down": {
          "uv": [
            14.75,
            14.75,
            16,
            16
          ],
          "texture": "#0"
        }
      }
    }
  ],
  "display": {
    "thirdperson_righthand": {
      "rotation": [
        70,
        0,
        0
      ],
      "translation": [
        0,
        1.25,
        4.5
      ]
    },
    "thirdperson_lefthand": {
      "rotation": [
        70,
        0,
        0
      ],
      "translation": [
        0,
        1.25,
        4.5
      ]
    },
    "firstperson_righthand": {
      "rotation": [
        -13.5,
        104,
        0
      ],
      "translation": [
        1.25,
        6.5,
        1.25
      ],
      "scale": [
        0.5,
        0.5,
        0.5
      ]
    },
    "firstperson_lefthand": {
      "rotation": [
        -13.5,
        104,
        0
      ],
      "translation": [
        1.25,
        6.5,
        1.25
      ],
      "scale": [
        0.5,
        0.5,
        0.5
      ]
    },
    "ground": {
      "translation": [
        0,
        11.75,
        0
      ]
    },
    "gui": {
      "rotation": [
        177.53,
        -25.44,
        178.04
      ],
      "translation": [
        0,
        3.75,
        0
      ]
    },
    "head": {
      "translation": [
        -0.25,
        16,
        0
      ],
      "scale": [
        3,
        3,
        3
      ]
    },
    "fixed": {
      "translation": [
        0,
        19.25,
        -10.5
      ],
      "scale": [
        4,
        4,
        4
      ]
    }
  },
  "groups": [
    {
      "name": "group",
      "origin": [
        8,
        -0.5,
        8
      ],
      "color": 0,
      "children": [
        0,
        1,
        2,
        3,
        4,
        5,
        6,
        7,
        8,
        9,
        10,
        11,
        12,
        13,
        14,
        15,
        16,
        17,
        18
      ]
    }
  ]
}