{"credit":"Made with Blockbench","textures":{"0":"lunar_studios:enderkariz/angel_set/angel_armor_helmet","particle":"lunar_studios:enderkariz/angel_set/angel_armor_helmet"},"elements":[{"from":[3.41166,-0.5,11.20805],"to":[5.91166,0.5,12.20805],"rotation":{"angle":22.5,"axis":"y","origin":[-0.08834,-6.5,6.70805]},"faces":{"north":{"uv":[7.75,9.5,8.375,9.75],"texture":"#0"},"east":{"uv":[3.5,10.25,3.75,10.5],"texture":"#0"},"south":{"uv":[8.5,9.5,9.125,9.75],"texture":"#0"},"west":{"uv":[3.75,10.25,4,10.5],"texture":"#0"},"up":{"uv":[9.875,9.75,9.25,9.5],"texture":"#0"},"down":{"uv":[10.375,3.5,9.75,3.75],"texture":"#0"}}},{"from":[6.5597,-1.55,8.49329],"to":[7.5597,0.45,9.49329],"rotation":{"angle":0,"axis":"y","origin":[-0.4403,-5.5,6.49329]},"faces":{"north":{"uv":[9.75,7.5,10,8],"texture":"#0"},"east":{"uv":[7.75,9.75,8,10.25],"texture":"#0"},"south":{"uv":[8,9.75,8.25,10.25],"texture":"#0"},"west":{"uv":[9.75,8,10,8.5],"texture":"#0"},"up":{"uv":[4.75,10.5,4.5,10.25],"texture":"#0"},"down":{"uv":[5,10.25,4.75,10.5],"texture":"#0"}}},{"from":[4.91695,-0.49502,8.95805],"to":[5.91695,0.50498,10.95805],"rotation":{"angle":22.5,"axis":"z","origin":[5.42032,-0.00389,11]},"faces":{"north":{"uv":[5,10.25,5.25,10.5],"texture":"#0"},"east":{"uv":[8.25,9.75,8.75,10],"texture":"#0"},"south":{"uv":[10.25,5.5,10.5,5.75],"texture":"#0"},"west":{"uv":[9.75,8.5,10.25,8.75],"texture":"#0"},"up":{"uv":[9,10.25,8.75,9.75],"texture":"#0"},"down":{"uv":[10,8.75,9.75,9.25],"texture":"#0"}}},{"from":[1.05978,3.26419,8.95805],"to":[2.05978,4.26419,10.95805],"rotation":{"angle":0,"axis":"y","origin":[5.42032,-0.00389,11]},"faces":{"north":{"uv":[10.25,5.75,10.5,6],"texture":"#0"},"east":{"uv":[9,9.75,9.5,10],"texture":"#0"},"south":{"uv":[10.25,6,10.5,6.25],"texture":"#0"},"west":{"uv":[9.75,9.25,10.25,9.5],"texture":"#0"},"up":{"uv":[9.75,10.25,9.5,9.75],"texture":"#0"},"down":{"uv":[10,9.75,9.75,10.25],"texture":"#0"}}},{"from":[-0.0175,-0.52741,9.45],"to":[5.4825,0.47259,10.45],"rotation":{"angle":-45,"axis":"z","origin":[5.42032,-0.00389,11]},"faces":{"north":{"uv":[6.75,9.25,8.125,9.5],"texture":"#0"},"east":{"uv":[4,10.25,4.25,10.5],"texture":"#0"},"south":{"uv":[9.25,6.75,10.625,7],"texture":"#0"},"west":{"uv":[4.25,10.25,4.5,10.5],"texture":"#0"},"up":{"uv":[9.625,9.5,8.25,9.25],"texture":"#0"},"down":{"uv":[10.875,1.75,9.5,2],"texture":"#0"}}},{"from":[-10.5175,-6.02741,9.95],"to":[4.9825,0.47259,9.95],"rotation":{"angle":-45,"axis":"z","origin":[5.42032,-0.00389,11]},"faces":{"north":{"uv":[0,0,3.875,1.625],"texture":"#0"},"east":{"uv":[0,0,0,1.625],"texture":"#0"},"south":{"uv":[0,1.75,3.875,3.375],"texture":"#0"},"west":{"uv":[0,0,0,1.625],"texture":"#0"},"up":{"uv":[3.875,0,0,0],"texture":"#0"},"down":{"uv":[3.875,0,0,0],"texture":"#0"}}},{"from":[-10.90432,-6.42806,10.25],"to":[4.59568,0.07194,10.25],"rotation":{"angle":22.5,"axis":"y","origin":[2.72032,-5.70389,10]},"faces":{"north":{"uv":[0,3.5,3.875,5.125],"texture":"#0"},"east":{"uv":[0,0,0,1.625],"texture":"#0"},"south":{"uv":[4,0,7.875,1.625],"texture":"#0"},"west":{"uv":[0,0,0,1.625],"texture":"#0"},"up":{"uv":[3.875,0,0,0],"texture":"#0"},"down":{"uv":[3.875,0,0,0],"texture":"#0"}}},{"from":[-9.73275,-5.25648,10.25],"to":[3.26725,1.24352,10.25],"rotation":{"angle":22.5,"axis":"z","origin":[2.72032,-1.70389,10]},"faces":{"north":{"uv":[0,7,3.25,8.625],"texture":"#0"},"east":{"uv":[0,0,0,1.625],"texture":"#0"},"south":{"uv":[3.25,7,6.5,8.625],"texture":"#0"},"west":{"uv":[0,0,0,1.625],"texture":"#0"},"up":{"uv":[3.25,0,0,0],"texture":"#0"},"down":{"uv":[3.25,0,0,0],"texture":"#0"}}},{"from":[4.07968,-6.0927,9.46404],"to":[7.07968,-0.0927,9.46404],"rotation":{"angle":-22.5,"axis":"z","origin":[5.48435,-0.0927,9.0488]},"faces":{"north":{"uv":[8,4.75,8.75,6.25],"texture":"#0"},"east":{"uv":[0,0,0,1.5],"texture":"#0"},"south":{"uv":[0,8.75,0.75,10.25],"texture":"#0"},"west":{"uv":[0,0,0,1.5],"texture":"#0"},"up":{"uv":[0.75,0,0,0],"texture":"#0"},"down":{"uv":[0.75,0,0,0],"texture":"#0"}}},{"from":[1.51402,-6.0927,9.9488],"to":[4.51402,-0.0927,9.9488],"rotation":{"angle":22.5,"axis":"y","origin":[4.48435,-6.0927,4.0488]},"faces":{"north":{"uv":[0.75,8.75,1.5,10.25],"texture":"#0"},"east":{"uv":[0,0,0,1.5],"texture":"#0"},"south":{"uv":[1.5,8.75,2.25,10.25],"texture":"#0"},"west":{"uv":[0,0,0,1.5],"texture":"#0"},"up":{"uv":[0.75,0,0,0],"texture":"#0"},"down":{"uv":[0.75,0,0,0],"texture":"#0"}}},{"from":[10.08834,-0.5,11.20805],"to":[12.58834,0.5,12.20805],"rotation":{"angle":-22.5,"axis":"y","origin":[16.08834,-6.5,6.70805]},"faces":{"north":{"uv":[8.375,9.5,7.75,9.75],"texture":"#0"},"east":{"uv":[4,10.25,3.75,10.5],"texture":"#0"},"south":{"uv":[9.125,9.5,8.5,9.75],"texture":"#0"},"west":{"uv":[3.75,10.25,3.5,10.5],"texture":"#0"},"up":{"uv":[9.25,9.75,9.875,9.5],"texture":"#0"},"down":{"uv":[9.75,3.5,10.375,3.75],"texture":"#0"}}},{"from":[8.4403,-1.55,8.49329],"to":[9.4403,0.45,9.49329],"rotation":{"angle":0,"axis":"y","origin":[16.4403,-5.5,6.49329]},"faces":{"north":{"uv":[10,7.5,9.75,8],"texture":"#0"},"east":{"uv":[10,8,9.75,8.5],"texture":"#0"},"south":{"uv":[8.25,9.75,8,10.25],"texture":"#0"},"west":{"uv":[8,9.75,7.75,10.25],"texture":"#0"},"up":{"uv":[4.5,10.5,4.75,10.25],"texture":"#0"},"down":{"uv":[4.75,10.25,5,10.5],"texture":"#0"}}},{"from":[10.08305,-0.49502,8.95805],"to":[11.08305,0.50498,10.95805],"rotation":{"angle":-22.5,"axis":"z","origin":[10.57968,-0.00389,11]},"faces":{"north":{"uv":[5.25,10.25,5,10.5],"texture":"#0"},"east":{"uv":[10.25,8.5,9.75,8.75],"texture":"#0"},"south":{"uv":[10.5,5.5,10.25,5.75],"texture":"#0"},"west":{"uv":[8.75,9.75,8.25,10],"texture":"#0"},"up":{"uv":[8.75,10.25,9,9.75],"texture":"#0"},"down":{"uv":[9.75,8.75,10,9.25],"texture":"#0"}}},{"from":[13.94022,3.26419,8.95805],"to":[14.94022,4.26419,10.95805],"rotation":{"angle":0,"axis":"y","origin":[10.57968,-0.00389,11]},"faces":{"north":{"uv":[10.5,5.75,10.25,6],"texture":"#0"},"east":{"uv":[10.25,9.25,9.75,9.5],"texture":"#0"},"south":{"uv":[10.5,6,10.25,6.25],"texture":"#0"},"west":{"uv":[9.5,9.75,9,10],"texture":"#0"},"up":{"uv":[9.5,10.25,9.75,9.75],"texture":"#0"},"down":{"uv":[9.75,9.75,10,10.25],"texture":"#0"}}},{"from":[10.5175,-0.52741,9.45],"to":[16.0175,0.47259,10.45],"rotation":{"angle":45,"axis":"z","origin":[10.57968,-0.00389,11]},"faces":{"north":{"uv":[8.125,9.25,6.75,9.5],"texture":"#0"},"east":{"uv":[4.5,10.25,4.25,10.5],"texture":"#0"},"south":{"uv":[10.625,6.75,9.25,7],"texture":"#0"},"west":{"uv":[4.25,10.25,4,10.5],"texture":"#0"},"up":{"uv":[8.25,9.5,9.625,9.25],"texture":"#0"},"down":{"uv":[9.5,1.75,10.875,2],"texture":"#0"}}},{"from":[11.0175,-6.02741,9.95],"to":[26.5175,0.47259,9.95],"rotation":{"angle":45,"axis":"z","origin":[10.57968,-0.00389,11]},"faces":{"north":{"uv":[3.875,0,0,1.625],"texture":"#0"},"east":{"uv":[0,0,0,1.625],"texture":"#0"},"south":{"uv":[3.875,1.75,0,3.375],"texture":"#0"},"west":{"uv":[0,0,0,1.625],"texture":"#0"},"up":{"uv":[0,0,3.875,0],"texture":"#0"},"down":{"uv":[0,0,3.875,0],"texture":"#0"}}},{"from":[11.40432,-6.42806,10.25],"to":[26.90432,0.07194,10.25],"rotation":{"angle":-22.5,"axis":"y","origin":[13.27968,-5.70389,10]},"faces":{"north":{"uv":[3.875,3.5,0,5.125],"texture":"#0"},"east":{"uv":[0,0,0,1.625],"texture":"#0"},"south":{"uv":[7.875,0,4,1.625],"texture":"#0"},"west":{"uv":[0,0,0,1.625],"texture":"#0"},"up":{"uv":[0,0,3.875,0],"texture":"#0"},"down":{"uv":[0,0,3.875,0],"texture":"#0"}}},{"from":[12.73275,-5.25648,10.25],"to":[25.73275,1.24352,10.25],"rotation":{"angle":-22.5,"axis":"z","origin":[13.27968,-1.70389,10]},"faces":{"north":{"uv":[3.25,7,0,8.625],"texture":"#0"},"east":{"uv":[0,0,0,1.625],"texture":"#0"},"south":{"uv":[6.5,7,3.25,8.625],"texture":"#0"},"west":{"uv":[0,0,0,1.625],"texture":"#0"},"up":{"uv":[0,0,3.25,0],"texture":"#0"},"down":{"uv":[0,0,3.25,0],"texture":"#0"}}},{"from":[8.92032,-6.0927,9.46404],"to":[11.92032,-0.0927,9.46404],"rotation":{"angle":22.5,"axis":"z","origin":[10.51565,-0.0927,9.0488]},"faces":{"north":{"uv":[8.75,4.75,8,6.25],"texture":"#0"},"east":{"uv":[0,0,0,1.5],"texture":"#0"},"south":{"uv":[0.75,8.75,0,10.25],"texture":"#0"},"west":{"uv":[0,0,0,1.5],"texture":"#0"},"up":{"uv":[0,0,0.75,0],"texture":"#0"},"down":{"uv":[0,0,0.75,0],"texture":"#0"}}},{"from":[11.48598,-6.0927,9.9488],"to":[14.48598,-0.0927,9.9488],"rotation":{"angle":-22.5,"axis":"y","origin":[11.51565,-6.0927,4.0488]},"faces":{"north":{"uv":[1.5,8.75,0.75,10.25],"texture":"#0"},"east":{"uv":[0,0,0,1.5],"texture":"#0"},"south":{"uv":[2.25,8.75,1.5,10.25],"texture":"#0"},"west":{"uv":[0,0,0,1.5],"texture":"#0"},"up":{"uv":[0,0,0.75,0],"texture":"#0"},"down":{"uv":[0,0,0.75,0],"texture":"#0"}}}],"display":{"thirdperson_righthand":{"rotation":[70,0,0],"translation":[0,1.25,1.5],"scale":[0.39844,0.39844,0.39844]},"thirdperson_lefthand":{"rotation":[70,0,0],"translation":[0,1.25,1.5],"scale":[0.39844,0.39844,0.39844]},"firstperson_righthand":{"rotation":[-13.5,104,0],"translation":[1.25,6.5,1.25],"scale":[0.5,0.5,0.5]},"firstperson_lefthand":{"rotation":[-13.5,104,0],"translation":[1.25,6.5,1.25],"scale":[0.5,0.5,0.5]},"ground":{"translation":[0,11.75,0]},"gui":{"rotation":[177.53,-25.44,178.04],"translation":[1.25,2.5,0],"scale":[0.48047,0.48047,0.48047]},"head":{"translation":[1,-25,4.75],"scale":[2.06445,2.06445,1]},"fixed":{"translation":[0,34.5,-10.5],"scale":[4,4,4]}},"groups":[{"name":"group","origin":[8,-0.5,8],"color":0,"children":[]},0,1,2,3,4,5,6,7,8,9,10,11,12,13,14,15,16,17,18,19]}