{"credit":"Made by PolygonMC","texture_size":[24,24],"textures":{"0":"winterset:backpack","1":"winterset:animations/animations_1","particle":"winterset:backpack"},"elements":[{"from":[5,-15.5,5.5],"to":[11,-11.5,10.5],"rotation":{"angle":0,"axis":"y","origin":[5.5,-15.5,5.5]},"faces":{"north":{"uv":[4,0,8,2.66667],"texture":"#0","tintindex":0},"east":{"uv":[4,8,7.33333,10.66667],"texture":"#0","tintindex":0},"south":{"uv":[4,2.66667,8,5.33333],"texture":"#0","tintindex":0},"west":{"uv":[8,5.33333,11.33333,8],"texture":"#0","tintindex":0},"up":{"uv":[4,3.33333,0,0],"texture":"#0","tintindex":0},"down":{"uv":[4,3.33333,0,6.66667],"texture":"#0","tintindex":0}}},{"from":[5,-8.5,5.5],"to":[11,-7.5,9.5],"rotation":{"angle":0,"axis":"y","origin":[5.5,-9,5.5]},"faces":{"north":{"uv":[9.66667,10,13.66667,10.66667],"texture":"#0","tintindex":0},"east":{"uv":[4,10.66667,6.66667,11.33333],"texture":"#0","tintindex":0},"west":{"uv":[6.66667,10.66667,9.33333,11.33333],"texture":"#0","tintindex":0},"up":{"uv":[12,2.66667,8,0],"texture":"#0","tintindex":0},"down":{"uv":[12,2.66667,8,5.33333],"texture":"#0","tintindex":0}}},{"from":[10,-11.5,6],"to":[10.5,-11,9.5],"rotation":{"angle":0,"axis":"y","origin":[5.5,-15.5,5.5]},"faces":{"north":{"uv":[5.33333,13,5.66667,13.33333],"texture":"#0","tintindex":0},"east":{"uv":[12,8,14.33333,8.33333],"texture":"#0","tintindex":0},"west":{"uv":[12,8.33333,14.33333,8.66667],"texture":"#0","tintindex":0},"up":{"uv":[9.33333,13.66667,9,11.33333],"texture":"#0","tintindex":0}}},{"from":[10.24975,-11,6.25],"to":[10.24975,-9,9.5],"rotation":{"angle":0,"axis":"y","origin":[5.24975,-15,5.5]},"faces":{"east":{"uv":[7.33333,9.33333,9.5,10.66667],"texture":"#0","tintindex":0}}},{"from":[5.75025,-11,6.25],"to":[5.75025,-9,9.5],"rotation":{"angle":0,"axis":"y","origin":[10.75025,-15,5.5]},"faces":{"west":{"uv":[9.5,9.33333,7.33333,10.66667],"texture":"#0","tintindex":0}}},{"from":[5.75025,-11,6.25],"to":[10.25025,-9,6.25],"rotation":{"angle":0,"axis":"y","origin":[8.62525,-10,6.25]},"faces":{"north":{"uv":[7.33333,8,10.33333,9.33333],"texture":"#0","tintindex":0}}},{"from":[6,-11.5,6],"to":[10,-11,6.5],"rotation":{"angle":0,"axis":"y","origin":[5.5,-15.5,6.5]},"faces":{"north":{"uv":[11.33333,7,14,7.33333],"texture":"#0","tintindex":0},"south":{"uv":[11.33333,7.33333,14,7.66667],"texture":"#0","tintindex":0},"up":{"uv":[14,8,11.33333,7.66667],"texture":"#0","tintindex":0}}},{"from":[5.5,-11.5,6],"to":[6,-11,9.5],"rotation":{"angle":0,"axis":"y","origin":[5.5,-15.5,5.5]},"faces":{"north":{"uv":[13,5.33333,13.33333,5.66667],"texture":"#0","tintindex":0},"east":{"uv":[12,8.66667,14.33333,9],"texture":"#0","tintindex":0},"west":{"uv":[12,9,14.33333,9.33333],"texture":"#0","tintindex":0},"up":{"uv":[7.33333,14.33333,7,12],"texture":"#0","tintindex":0}}},{"from":[10,-9,6],"to":[10.5,-8.5,9.5],"rotation":{"angle":0,"axis":"y","origin":[5.5,-4.5,5.5]},"faces":{"north":{"uv":[5.33333,13.33333,5.66667,13],"texture":"#0","tintindex":0},"east":{"uv":[12,8.33333,14.33333,8],"texture":"#0","tintindex":0},"west":{"uv":[12,8.66667,14.33333,8.33333],"texture":"#0","tintindex":0},"down":{"uv":[9.33333,11.33333,9,13.66667],"texture":"#0","tintindex":0}}},{"from":[6,-9,6],"to":[10,-8.5,6.5],"rotation":{"angle":0,"axis":"y","origin":[5.5,-4.5,6.5]},"faces":{"north":{"uv":[11.33333,7.33333,14,7],"texture":"#0","tintindex":0},"south":{"uv":[11.33333,7.66667,14,7.33333],"texture":"#0","tintindex":0},"down":{"uv":[14,7.66667,11.33333,8],"texture":"#0","tintindex":0}}},{"from":[5.5,-9,6],"to":[6,-8.5,9.5],"rotation":{"angle":0,"axis":"y","origin":[5.5,-4.5,5.5]},"faces":{"north":{"uv":[13,5.66667,13.33333,5.33333],"texture":"#0","tintindex":0},"east":{"uv":[12,9,14.33333,8.66667],"texture":"#0","tintindex":0},"west":{"uv":[12,9.33333,14.33333,9],"texture":"#0","tintindex":0},"down":{"uv":[7.33333,12,7,14.33333],"texture":"#0","tintindex":0}}},{"from":[5,-11.5,9.5],"to":[11,-7.5,10.5],"rotation":{"angle":0,"axis":"y","origin":[5.5,-11.5,5.5]},"faces":{"north":{"uv":[4,5.33333,8,8],"texture":"#0","tintindex":0},"east":{"uv":[0,10.66667,0.66667,13.33333],"texture":"#0","tintindex":0},"south":{"uv":[0,6.66667,4,9.33333],"texture":"#0","tintindex":0},"west":{"uv":[0.66667,10.66667,1.33333,13.33333],"texture":"#0","tintindex":0},"up":{"uv":[13.66667,10,9.66667,9.33333],"texture":"#0","tintindex":0}}},{"from":[11,-14.5,6],"to":[12,-12.5,10],"rotation":{"angle":0,"axis":"y","origin":[12,-14.5,7.5]},"faces":{"north":{"uv":[7.66667,11.33333,8.33333,12.66667],"texture":"#0","tintindex":0},"east":{"uv":[0,9.33333,2.66667,10.66667],"texture":"#0","tintindex":0},"south":{"uv":[8.33333,11.33333,9,12.66667],"texture":"#0","tintindex":0},"up":{"uv":[2,13.33333,1.33333,10.66667],"texture":"#0","tintindex":0},"down":{"uv":[2.66667,10.66667,2,13.33333],"texture":"#0","tintindex":0}}},{"from":[4,-14.5,6],"to":[5,-12.5,10],"rotation":{"angle":0,"axis":"y","origin":[4,-14.5,7.5]},"faces":{"north":{"uv":[8.33333,11.33333,7.66667,12.66667],"texture":"#0","tintindex":0},"south":{"uv":[9,11.33333,8.33333,12.66667],"texture":"#0","tintindex":0},"west":{"uv":[2.66667,9.33333,0,10.66667],"texture":"#0","tintindex":0},"up":{"uv":[1.33333,13.33333,2,10.66667],"texture":"#0","tintindex":0},"down":{"uv":[2,10.66667,2.66667,13.33333],"texture":"#0","tintindex":0}}},{"from":[8.25,-14.5,4.5],"to":[10.75,-12.5,5.5],"rotation":{"angle":0,"axis":"y","origin":[11.5,-13.5,5]},"faces":{"north":{"uv":[10.33333,8,12,9.33333],"texture":"#0","tintindex":0},"east":{"uv":[11.33333,10.66667,12,12],"texture":"#0","tintindex":0},"west":{"uv":[12,0,12.66667,1.33333],"texture":"#0","tintindex":0},"up":{"uv":[13,6,11.33333,5.33333],"texture":"#0","tintindex":0},"down":{"uv":[7.66667,11.33333,6,12],"texture":"#0","tintindex":0}}},{"from":[5.25,-14.5,4.5],"to":[7.75,-12.5,5.5],"rotation":{"angle":0,"axis":"y","origin":[8.5,-13.5,5]},"faces":{"north":{"uv":[10.33333,8,12,9.33333],"texture":"#0","tintindex":0},"east":{"uv":[11.33333,10.66667,12,12],"texture":"#0","tintindex":0},"west":{"uv":[12,0,12.66667,1.33333],"texture":"#0","tintindex":0},"up":{"uv":[13,6,11.33333,5.33333],"texture":"#0","tintindex":0},"down":{"uv":[7.66667,11.33333,6,12],"texture":"#0","tintindex":0}}},{"from":[9.5,-7.5,10],"to":[10.5,-6.5,10.5],"rotation":{"angle":0,"axis":"y","origin":[10.5,-8,10]},"faces":{"north":{"uv":[7.66667,12.66667,8.33333,13.33333],"texture":"#0","tintindex":0},"east":{"uv":[4.66667,13,5,13.66667],"texture":"#0","tintindex":0},"south":{"uv":[8.33333,12.66667,9,13.33333],"texture":"#0","tintindex":0},"west":{"uv":[5,13,5.33333,13.66667],"texture":"#0","tintindex":0},"up":{"uv":[13.66667,5.33333,13,5],"texture":"#0","tintindex":0}}},{"from":[9.5,-7,10.5],"to":[10.5,-6.5,13],"rotation":{"angle":0,"axis":"y","origin":[10.5,-8,10.5]},"faces":{"east":{"uv":[12.66667,0.33333,14.33333,0.66667],"texture":"#0","tintindex":0},"west":{"uv":[12.66667,0.66667,14.33333,1],"texture":"#0","tintindex":0},"up":{"uv":[5.33333,13,4.66667,11.33333],"texture":"#0","tintindex":0},"down":{"uv":[6,11.33333,5.33333,13],"texture":"#0","tintindex":0}}},{"from":[9.5,-13.5,13],"to":[10.5,-6.5,13.5],"rotation":{"angle":0,"axis":"y","origin":[10.5,-8.5,13]},"faces":{"north":{"uv":[2.66667,9.33333,3.33333,14],"texture":"#0","tintindex":0},"east":{"uv":[9.33333,10.66667,9.66667,15.33333],"texture":"#0","tintindex":0},"south":{"uv":[3.33333,9.33333,4,14],"texture":"#0","tintindex":0},"west":{"uv":[9.66667,10.66667,10,15.33333],"texture":"#0","tintindex":0},"up":{"uv":[13.33333,1.33333,12.66667,1],"texture":"#0","tintindex":0},"down":{"uv":[13.33333,6.66667,12.66667,7],"texture":"#0","tintindex":0}}},{"from":[9.5,-13.5,10.5],"to":[10.5,-13,13],"rotation":{"angle":0,"axis":"y","origin":[10.5,-14.5,10.5]},"faces":{"east":{"uv":[12,11.66667,13.66667,12],"texture":"#0","tintindex":0},"west":{"uv":[12.66667,0,14.33333,0.33333],"texture":"#0","tintindex":0},"up":{"uv":[11.33333,12.33333,10.66667,10.66667],"texture":"#0","tintindex":0},"down":{"uv":[4.66667,11.33333,4,13],"texture":"#0","tintindex":0}}},{"from":[5.5,-7.5,10],"to":[6.5,-6.5,10.5],"rotation":{"angle":0,"axis":"y","origin":[5.5,-8,10]},"faces":{"north":{"uv":[8.33333,12.66667,7.66667,13.33333],"texture":"#0","tintindex":0},"east":{"uv":[5.33333,13,5,13.66667],"texture":"#0","tintindex":0},"south":{"uv":[9,12.66667,8.33333,13.33333],"texture":"#0","tintindex":0},"west":{"uv":[5,13,4.66667,13.66667],"texture":"#0","tintindex":0},"up":{"uv":[13,5.33333,13.66667,5],"texture":"#0","tintindex":0}}},{"from":[5.5,-7,10.5],"to":[6.5,-6.5,13],"rotation":{"angle":0,"axis":"y","origin":[5.5,-8,10.5]},"faces":{"east":{"uv":[14.33333,0.66667,12.66667,1],"texture":"#0","tintindex":0},"west":{"uv":[14.33333,0.33333,12.66667,0.66667],"texture":"#0","tintindex":0},"up":{"uv":[4.66667,13,5.33333,11.33333],"texture":"#0","tintindex":0},"down":{"uv":[5.33333,11.33333,6,13],"texture":"#0","tintindex":0}}},{"from":[5.5,-13.5,13],"to":[6.5,-6.5,13.5],"rotation":{"angle":0,"axis":"y","origin":[5.5,-8.5,13]},"faces":{"north":{"uv":[3.33333,9.33333,2.66667,14],"texture":"#0","tintindex":0},"east":{"uv":[10,10.66667,9.66667,15.33333],"texture":"#0","tintindex":0},"south":{"uv":[4,9.33333,3.33333,14],"texture":"#0","tintindex":0},"west":{"uv":[9.66667,10.66667,9.33333,15.33333],"texture":"#0","tintindex":0},"up":{"uv":[12.66667,1.33333,13.33333,1],"texture":"#0","tintindex":0},"down":{"uv":[12.66667,6.66667,13.33333,7],"texture":"#0","tintindex":0}}},{"from":[5.5,-13.5,10.5],"to":[6.5,-13,13],"rotation":{"angle":0,"axis":"y","origin":[5.5,-14.5,10.5]},"faces":{"east":{"uv":[14.33333,0,12.66667,0.33333],"texture":"#0","tintindex":0},"west":{"uv":[13.66667,11.66667,12,12],"texture":"#0","tintindex":0},"up":{"uv":[10.66667,12.33333,11.33333,10.66667],"texture":"#0","tintindex":0},"down":{"uv":[4,11.33333,4.66667,13],"texture":"#0","tintindex":0}}},{"from":[7.34235,-11.54548,7.845],"to":[8.65235,-10.08048,9.155],"rotation":{"angle":0,"axis":"y","origin":[7.99735,-10.11923,8.5]},"faces":{"north":{"uv":[12,2.33333,12.83333,3.33333],"texture":"#0","tintindex":0},"east":{"uv":[12,3.33333,12.83333,4.33333],"texture":"#0","tintindex":0},"south":{"uv":[12,4.33333,12.83333,5.33333],"texture":"#0","tintindex":0},"west":{"uv":[6,12,6.83333,13],"texture":"#0","tintindex":0},"up":{"uv":[11.83333,13.16667,11,12.33333],"texture":"#0","tintindex":0},"down":{"uv":[12.83333,12.33333,12,13.16667],"texture":"#0","tintindex":0}}},{"from":[7.99515,-10.08048,7.595],"to":[8.01015,-8.77049,9.405],"rotation":{"angle":-45,"axis":"y","origin":[8.00265,-9.42548,8.5]},"faces":{"east":{"uv":[12.5,6,11.33333,6.83333],"texture":"#0","tintindex":0},"west":{"uv":[11.33333,6,12.5,6.83333],"texture":"#0","tintindex":0}}},{"from":[7.09765,-10.08048,8.4925],"to":[8.90765,-8.77049,8.5075],"rotation":{"angle":-45,"axis":"y","origin":[8.00265,-9.42548,8.5]},"faces":{"north":{"uv":[11.33333,6,12.5,6.83333],"texture":"#0","tintindex":0},"south":{"uv":[12.5,6,11.33333,6.83333],"texture":"#0","tintindex":0}}},{"from":[8.48245,-10.86672,8.4925],"to":[9.76755,-9.93662,8.5075],"rotation":{"angle":-22.5,"axis":"z","origin":[9.12875,-10.83173,8.49625]},"faces":{"north":{"uv":[12.66667,6,13.5,6.66667],"texture":"#0","tintindex":0},"south":{"uv":[13.5,6,12.66667,6.66667],"texture":"#0","tintindex":0}}},{"from":[9.125,-10.86672,7.84995],"to":[9.14,-9.93662,9.13505],"rotation":{"angle":-22.5,"axis":"z","origin":[9.12875,-10.83173,8.49625]},"faces":{"east":{"uv":[13.5,6,12.66667,6.66667],"texture":"#0","tintindex":0},"west":{"uv":[12.66667,6,13.5,6.66667],"texture":"#0","tintindex":0}}},{"from":[8.65995,-11.78187,7.53495],"to":[9.59005,-10.74172,8.46505],"rotation":{"angle":-22.5,"axis":"z","origin":[9.12875,-10.83173,7.99625]},"faces":{"north":{"uv":[10,12.66667,10.66667,13.33333],"texture":"#0","tintindex":0},"east":{"uv":[13,2.33333,13.66667,3],"texture":"#0","tintindex":0},"south":{"uv":[13,3,13.66667,3.66667],"texture":"#0","tintindex":0},"west":{"uv":[13,3.66667,13.66667,4.33333],"texture":"#0","tintindex":0},"up":{"uv":[4.66667,13.66667,4,13],"texture":"#0","tintindex":0},"down":{"uv":[13.66667,4.33333,13,5],"texture":"#0","tintindex":0}}},{"from":[6.40995,-11.78187,8.03495],"to":[7.34005,-10.74172,8.96505],"rotation":{"angle":22.5,"axis":"z","origin":[6.87125,-10.83173,8.49625]},"faces":{"north":{"uv":[10.66667,12.66667,10,13.33333],"texture":"#0","tintindex":0},"east":{"uv":[13.66667,3.66667,13,4.33333],"texture":"#0","tintindex":0},"south":{"uv":[13.66667,3,13,3.66667],"texture":"#0","tintindex":0},"west":{"uv":[13.66667,2.33333,13,3],"texture":"#0","tintindex":0},"up":{"uv":[4,13.66667,4.66667,13],"texture":"#0","tintindex":0},"down":{"uv":[13,4.33333,13.66667,5],"texture":"#0","tintindex":0}}},{"from":[6.23245,-10.86672,8.4925],"to":[7.51755,-9.93662,8.5075],"rotation":{"angle":22.5,"axis":"z","origin":[6.87125,-10.83173,8.49625]},"faces":{"north":{"uv":[13.5,6,12.66667,6.66667],"texture":"#0","tintindex":0},"south":{"uv":[12.66667,6,13.5,6.66667],"texture":"#0","tintindex":0}}},{"from":[6.86,-10.86672,7.84995],"to":[6.875,-9.93662,9.13505],"rotation":{"angle":22.5,"axis":"z","origin":[6.87125,-10.83173,8.49625]},"faces":{"east":{"uv":[13.5,6,12.66667,6.66667],"texture":"#0","tintindex":0},"west":{"uv":[12.66667,6,13.5,6.66667],"texture":"#0","tintindex":0}}},{"from":[7.5387,-11.65687,6.90995],"to":[8.4688,-10.61672,7.84005],"rotation":{"angle":-22.5,"axis":"x","origin":[8,-10.70673,7.37125]},"faces":{"north":{"uv":[10.66667,12.66667,10,13.33333],"texture":"#0","tintindex":0},"east":{"uv":[13.66667,3.66667,13,4.33333],"texture":"#0","tintindex":0},"south":{"uv":[13.66667,3,13,3.66667],"texture":"#0","tintindex":0},"west":{"uv":[13.66667,2.33333,13,3],"texture":"#0","tintindex":0},"up":{"uv":[4,13.66667,4.66667,13],"texture":"#0","tintindex":0},"down":{"uv":[13,4.33333,13.66667,5],"texture":"#0","tintindex":0}}},{"from":[7.3612,-10.74172,7.3675],"to":[8.6463,-9.81162,7.3825],"rotation":{"angle":-22.5,"axis":"x","origin":[8,-10.70673,7.37125]},"faces":{"north":{"uv":[13.5,6,12.66667,6.66667],"texture":"#0","tintindex":0},"south":{"uv":[12.66667,6,13.5,6.66667],"texture":"#0","tintindex":0}}},{"from":[7.98875,-10.74172,6.72495],"to":[8.00375,-9.81162,8.01005],"rotation":{"angle":-22.5,"axis":"x","origin":[8,-10.70673,7.37125]},"faces":{"east":{"uv":[13.5,6,12.66667,6.66667],"texture":"#0","tintindex":0},"west":{"uv":[12.66667,6,13.5,6.66667],"texture":"#0","tintindex":0}}},{"from":[9.5,-11.5,5.5],"to":[10.5,-8.5,5.515],"rotation":{"angle":0,"axis":"y","origin":[9.5,-13,5.5]},"faces":{"north":{"uv":[10,10.66667,10.66667,12.66667],"texture":"#0","tintindex":0},"south":{"uv":[10.66667,10.66667,10,12.66667],"texture":"#0","tintindex":0}}},{"from":[5.5,-11.5,5.5],"to":[6.5,-8.5,5.515],"rotation":{"angle":0,"axis":"y","origin":[6.5,-13,5.5]},"faces":{"north":{"uv":[10.66667,10.66667,10,12.66667],"texture":"#0","tintindex":0},"south":{"uv":[10,10.66667,10.66667,12.66667],"texture":"#0","tintindex":0}}},{"from":[6,-12.125,8.25],"to":[10,-8.125,8.265],"rotation":{"angle":45,"axis":"y","origin":[8,-10.125,8.2575]},"faces":{"north":{"uv":[1.5,1.5,14.33333,14.33333],"texture":"#1","tintindex":0},"south":{"uv":[14.33333,1.5,1.5,14.33333],"texture":"#1","tintindex":0}}},{"from":[6,-12.125,8.25],"to":[10,-8.125,8.265],"rotation":{"angle":-45,"axis":"y","origin":[8,-10.125,8.2575]},"faces":{"north":{"uv":[1.5,1.5,14.33333,14.33333],"texture":"#1","tintindex":0},"south":{"uv":[14.33333,1.5,1.5,14.33333],"texture":"#1","tintindex":0}}}],"gui_light":"front","display":{"thirdperson_righthand":{"rotation":[48.75,0,0],"translation":[0,-2,-4.75],"scale":[0.5,0.5,0.5]},"thirdperson_lefthand":{"rotation":[67.75,180,0],"translation":[-5.5,-9.25,7.5],"scale":[0.75977,0.75977,0.75977]},"firstperson_righthand":{"rotation":[157.5,0,-180],"translation":[1.75,3.75,-4.5],"scale":[0.83594,0.83594,0.83594]},"firstperson_lefthand":{"scale":[0,0,0]},"ground":{"rotation":[35,0,0],"translation":[0,7.75,0],"scale":[0.7,0.7,0.7]},"gui":{"rotation":[0,135,0],"translation":[-1,27.5,0],"scale":[1.43,1.43,1.43]},"head":{"rotation":[0,180,0],"translation":[0,-72,8],"scale":[2.16406,2.16406,2.16406]},"fixed":{"rotation":[-90,0,0],"translation":[0,0,-16.5],"scale":[2,2,2]}}}