{
	"credit": "Made with Blockbench",
	"texture_size": [64, 64],
	"textures": {
		"0": "lunar_studios:enderkariz/loki_set/loki_scepter",
		"particle": "lunar_studios:enderkariz/loki_set/loki_scepter"
	},
	"elements": [
		{
			"from": [7, 13, 5],
			"to": [9, 16, 7],
			"rotation": {"angle": 0, "axis": "y", "origin": [8, -1, -2]},
			"faces": {
				"north": {"uv": [13.25, 2, 12.25, 0.5], "texture": "#0"},
				"east": {"uv": [12.25, 2, 13.25, 0.5], "texture": "#0"},
				"south": {"uv": [13.25, 2, 12.25, 0.5], "texture": "#0"},
				"west": {"uv": [12.25, 2, 13.25, 0.5], "texture": "#0"},
				"up": {"uv": [12.25, 1.5, 13.25, 0.5], "texture": "#0"},
				"down": {"uv": [12.25, 2, 13.25, 0.5], "texture": "#0"}
			}
		},
		{
			"from": [6.95, 9.53492, 5.68925],
			"to": [9.05, 13.53492, 7.68925],
			"rotation": {"angle": -22.5, "axis": "x", "origin": [7.5, 11.53492, 6.68925]},
			"faces": {
				"north": {"uv": [13.25, 0, 12.25, 2], "texture": "#0"},
				"east": {"uv": [12.25, 0, 13.25, 2], "texture": "#0"},
				"south": {"uv": [13.25, 0, 12.25, 2], "texture": "#0"},
				"west": {"uv": [12.25, 0, 13.25, 2], "texture": "#0"},
				"up": {"uv": [12.25, 0, 13.25, 1], "texture": "#0"},
				"down": {"uv": [12.25, 0, 13.25, 1], "texture": "#0"}
			}
		},
		{
			"from": [6.5, 9.30448, 6.94495],
			"to": [9.5, 11.30448, 8.94495],
			"rotation": {"angle": -45, "axis": "x", "origin": [7, 9.30448, 7.94495]},
			"faces": {
				"north": {"uv": [15, 4.5, 15.25, 5.5], "texture": "#0"},
				"east": {"uv": [15, 4.5, 16, 5.5], "rotation": 270, "texture": "#0"},
				"south": {"uv": [15.75, 4.5, 16, 5.5], "texture": "#0"},
				"west": {"uv": [15, 4.5, 16, 5.5], "texture": "#0"},
				"up": {"uv": [15.75, 5.5, 16, 4.5], "texture": "#0"},
				"down": {"uv": [15, 4.5, 15.25, 5.5], "texture": "#0"}
			}
		},
		{
			"from": [7.5, 15.80866, 4.96194],
			"to": [8.5, 17.80866, 5.96194],
			"rotation": {"angle": 22.5, "axis": "x", "origin": [8, 15.80866, 5.46194]},
			"faces": {
				"north": {"uv": [12, 0.75, 11.5, 1.75], "texture": "#0"},
				"east": {"uv": [11.5, 0.75, 12, 1.75], "texture": "#0"},
				"south": {"uv": [12, 0.75, 11.5, 1.75], "texture": "#0"},
				"west": {"uv": [11.5, 0.75, 12, 1.75], "texture": "#0"},
				"up": {"uv": [11.5, 0.75, 12, 1.25], "texture": "#0"},
				"down": {"uv": [11.5, 0.75, 12, 1.25], "texture": "#0"}
			}
		},
		{
			"from": [7.5, -10, 6.8],
			"to": [8.5, 8, 7.8],
			"rotation": {"angle": 45, "axis": "y", "origin": [8, -2, 7.3]},
			"faces": {
				"north": {"uv": [14.75, 0, 14.25, 9], "texture": "#0"},
				"east": {"uv": [14.25, 0, 14.75, 9], "texture": "#0"},
				"south": {"uv": [14.75, 0, 14.25, 9], "texture": "#0"},
				"west": {"uv": [14.25, 0, 14.75, 9], "texture": "#0"},
				"up": {"uv": [14.25, 0, 14.75, 9], "texture": "#0"},
				"down": {"uv": [14.25, 0, 14.75, 9], "texture": "#0"}
			}
		},
		{
			"from": [7, -11, 6.3],
			"to": [9, -10, 8.3],
			"rotation": {"angle": 45, "axis": "y", "origin": [8, -2, 7.3]},
			"faces": {
				"north": {"uv": [16, 1.25, 15, 1.75], "texture": "#0"},
				"east": {"uv": [16, 1.25, 15, 1.75], "texture": "#0"},
				"south": {"uv": [15, 1.25, 16, 1.75], "texture": "#0"},
				"west": {"uv": [15, 1.25, 16, 1.75], "texture": "#0"},
				"up": {"uv": [15, 2, 16, 3], "texture": "#0"},
				"down": {"uv": [15, 3.25, 16, 4.25], "texture": "#0"}
			}
		},
		{
			"from": [7.5, -7.56462, 4.10183],
			"to": [8.5, -6.56462, 5.10183],
			"rotation": {"angle": 22.5, "axis": "x", "origin": [8, -15.56462, -4.69817]},
			"faces": {
				"north": {"uv": [12, 0, 11.5, 0.5], "texture": "#0"},
				"east": {"uv": [11.5, 0, 12, 0.5], "texture": "#0"},
				"south": {"uv": [12, 0, 11.5, 0.5], "texture": "#0"},
				"west": {"uv": [11.5, 0, 12, 0.5], "texture": "#0"},
				"up": {"uv": [11.5, 0, 12, 0.5], "texture": "#0"},
				"down": {"uv": [11.5, 0, 12, 0.5], "texture": "#0"}
			}
		},
		{
			"from": [8, 2, 5.8],
			"to": [8, 8, 6.8],
			"rotation": {"angle": 0, "axis": "y", "origin": [8, -1, -2]},
			"faces": {
				"north": {"uv": [13.5, 0, 14, 3], "texture": "#0"},
				"east": {"uv": [14, 0, 13.5, 3], "texture": "#0"},
				"south": {"uv": [13.5, 0, 14, 3], "texture": "#0"},
				"west": {"uv": [13.5, 0, 14, 3], "texture": "#0"},
				"up": {"uv": [13.5, 0, 14, 3], "texture": "#0"},
				"down": {"uv": [13.5, 0, 14, 3], "texture": "#0"}
			}
		},
		{
			"from": [7, 18.2, 6],
			"to": [9, 20.2, 8],
			"rotation": {"angle": 45, "axis": "x", "origin": [8, 19.2, 7]},
			"faces": {
				"north": {"uv": [15, 0, 16, 1], "texture": "#0"},
				"east": {"uv": [15, 0, 16, 1], "texture": "#0"},
				"south": {"uv": [15, 0, 16, 1], "texture": "#0"},
				"west": {"uv": [15, 0, 16, 1], "texture": "#0"},
				"up": {"uv": [15, 0, 16, 1], "texture": "#0"},
				"down": {"uv": [15, 0, 16, 1], "texture": "#0"}
			}
		},
		{
			"from": [8, -10, 8],
			"to": [8, -6, 9],
			"rotation": {"angle": 0, "axis": "y", "origin": [8, -6, -2]},
			"faces": {
				"north": {"uv": [13.5, 0, 14, 2], "texture": "#0"},
				"east": {"uv": [14, 0, 13.5, 2], "texture": "#0"},
				"south": {"uv": [13.5, 0, 14, 2], "texture": "#0"},
				"west": {"uv": [13.5, 0, 14, 2], "texture": "#0"},
				"up": {"uv": [13.5, 0, 14, 2], "texture": "#0"},
				"down": {"uv": [13.5, 0, 14, 2], "texture": "#0"}
			}
		},
		{
			"from": [7.3, -10.56462, 3.90183],
			"to": [8.8, -7.56462, 5.40183],
			"rotation": {"angle": 22.5, "axis": "x", "origin": [8, -15.56462, -4.69817]},
			"faces": {
				"north": {"uv": [13.25, 2.25, 12.5, 3.75], "texture": "#0"},
				"east": {"uv": [12.5, 2.25, 13.25, 3.75], "texture": "#0"},
				"south": {"uv": [13.25, 2.25, 12.5, 3.75], "texture": "#0"},
				"west": {"uv": [12.5, 2.25, 13.25, 3.75], "texture": "#0"},
				"up": {"uv": [12.5, 3, 13.25, 3.75], "texture": "#0"},
				"down": {"uv": [12.5, 3, 13.25, 3.75], "texture": "#0"}
			}
		},
		{
			"from": [8, 6, 2.5],
			"to": [8, 31, 13.5],
			"rotation": {"angle": 0, "axis": "y", "origin": [8, -1, -2]},
			"faces": {
				"north": {"uv": [0, 0, 0, 16], "texture": "#missing"},
				"east": {"uv": [5.5, 0, 0, 12.5], "texture": "#0"},
				"south": {"uv": [0, 0, 0, 16], "texture": "#missing"},
				"west": {"uv": [0, 0, 5.5, 12.5], "texture": "#0"},
				"up": {"uv": [0, 0, 13, 0], "rotation": 90, "texture": "#missing"},
				"down": {"uv": [0, 0, 13, 0], "rotation": 270, "texture": "#missing"}
			}
		},
		{
			"from": [7, 6, 6.3],
			"to": [9, 7, 8.3],
			"rotation": {"angle": 45, "axis": "y", "origin": [8, -2, 7.3]},
			"faces": {
				"north": {"uv": [16, 1.25, 15, 1.75], "texture": "#0"},
				"east": {"uv": [16, 1.25, 15, 1.75], "texture": "#0"},
				"south": {"uv": [15, 1.25, 16, 1.75], "texture": "#0"},
				"west": {"uv": [15, 1.25, 16, 1.75], "texture": "#0"},
				"up": {"uv": [15, 2, 16, 3], "texture": "#0"},
				"down": {"uv": [15, 3.25, 16, 4.25], "texture": "#0"}
			}
		},
		{
			"from": [7, 8, 6.3],
			"to": [9, 9, 8.3],
			"rotation": {"angle": 0, "axis": "y", "origin": [8, -2, 7.3]},
			"faces": {
				"north": {"uv": [16, 1.25, 15, 1.75], "texture": "#0"},
				"east": {"uv": [16, 1.25, 15, 1.75], "texture": "#0"},
				"south": {"uv": [15, 1.25, 16, 1.75], "texture": "#0"},
				"west": {"uv": [15, 1.25, 16, 1.75], "texture": "#0"},
				"up": {"uv": [15, 2, 16, 3], "texture": "#0"},
				"down": {"uv": [15, 3.25, 16, 4.25], "texture": "#0"}
			}
		},
		{
			"from": [7.5, -16, 5.06677],
			"to": [8.5, -14, 7.06677],
			"rotation": {"angle": -22.5, "axis": "x", "origin": [-5, -16.22087, 6.06677]},
			"faces": {
				"north": {"uv": [15, 4.5, 15.25, 5.5], "texture": "#0"},
				"east": {"uv": [15, 4.5, 16, 5.5], "rotation": 270, "texture": "#0"},
				"south": {"uv": [15.75, 4.5, 16, 5.5], "texture": "#0"},
				"west": {"uv": [15, 4.5, 16, 5.5], "texture": "#0"},
				"up": {"uv": [15.75, 5.5, 16, 4.5], "texture": "#0"},
				"down": {"uv": [15, 4.5, 15.25, 5.5], "texture": "#0"}
			}
		}
	],
	"display": {
		"thirdperson_righthand": {
			"translation": [0, 6.75, 2]
		},
		"ground": {
			"translation": [0, 19, 0],
			"scale": [0.75391, 0.75391, 0.75391]
		},
		"gui": {
			"rotation": [-90.35, 44.5, 90.26],
			"translation": [0, 1, 0],
			"scale": [0.41211, 0.41211, 0.41211]
		}
	},
	"groups": [
		{
			"name": "group",
			"origin": [-5, -16.22087, 6.06677],
			"color": 0,
			"children": [0, 1, 2, 3, 4, 5, 6, 7, 8, 9, 10, 11, 12, 13, 14]
		}
	]
}