{
	"credit": "Made with Blockbench",
	"texture_size": [64, 64],
	"textures": {
		"0": "lunar_studios:enderkariz/loki_set/loki_helmet",
		"particle": "lunar_studios:enderkariz/loki_set/loki_helmet"
	},
	"elements": [
		{
			"from": [3, 0, 3],
			"to": [13, 10, 13],
			"faces": {
				"north": {"uv": [2.25, 0, 4.75, 2.5], "texture": "#0"},
				"east": {"uv": [7.25, 0, 4.75, 2.5], "texture": "#0"},
				"south": {"uv": [7.25, 0, 9.75, 2.5], "texture": "#0"},
				"west": {"uv": [4.75, 0, 7.25, 2.5], "texture": "#0"},
				"up": {"uv": [2.5, 5, 0, 2.5], "rotation": 180, "texture": "#0"},
				"down": {"uv": [9.75, 0, 10, 0.25], "texture": "#0"}
			}
		},
		{
			"from": [13, -2, 4],
			"to": [14, 2, 12],
			"rotation": {"angle": -22.5, "axis": "x", "origin": [2.5, 1, 3]},
			"faces": {
				"north": {"uv": [1.75, 1.25, 2, 2.25], "texture": "#0"},
				"east": {"uv": [0, 1.25, 2, 2.25], "texture": "#0"},
				"south": {"uv": [0, 1.25, 0.25, 2.25], "texture": "#0"},
				"west": {"uv": [2, 1.25, 0, 2.25], "texture": "#0"},
				"up": {"uv": [2, 1.25, 0, 1.5], "rotation": 90, "texture": "#0"},
				"down": {"uv": [0, 2, 2, 2.25], "rotation": 90, "texture": "#0"}
			}
		},
		{
			"from": [11, 8, 3],
			"to": [14, 11, 7],
			"rotation": {"angle": -22.5, "axis": "y", "origin": [13, 9.5, 2]},
			"faces": {
				"north": {"uv": [4.75, 2.75, 4, 3.5], "texture": "#0"},
				"east": {"uv": [3.75, 3.5, 2.75, 2.75], "rotation": 180, "texture": "#0"},
				"south": {"uv": [3.5, 3.75, 2.75, 4.5], "texture": "#0"},
				"west": {"uv": [2.75, 3.5, 3.75, 2.75], "rotation": 180, "texture": "#0"},
				"up": {"uv": [4.5, 3.75, 3.75, 4.75], "rotation": 180, "texture": "#0"},
				"down": {"uv": [5.75, 3.75, 5, 2.75], "rotation": 180, "texture": "#0"}
			}
		},
		{
			"from": [6.5, 6, 3],
			"to": [9.5, 8, 3],
			"rotation": {"angle": 45, "axis": "x", "origin": [8, 9.5, 3]},
			"faces": {
				"north": {"uv": [2, 5.75, 1.25, 5.25], "rotation": 180, "texture": "#0"},
				"east": {"uv": [0, 0, 0, 0.5], "texture": "#missing"},
				"south": {"uv": [1.25, 5.75, 2, 5.25], "rotation": 180, "texture": "#0"},
				"west": {"uv": [0, 0, 0, 0.5], "texture": "#missing"},
				"up": {"uv": [0, 0, 0.75, 0], "texture": "#missing"},
				"down": {"uv": [0, 0, 0.75, 0], "texture": "#missing"}
			}
		},
		{
			"from": [11.1412, 8.5685, -0.34329],
			"to": [13.1412, 10.5685, 3.65671],
			"rotation": {"angle": 22.5, "axis": "x", "origin": [12.5412, 9.7685, 2.95671]},
			"faces": {
				"north": {"uv": [6.5, 2.75, 7, 3.25], "texture": "#0"},
				"east": {"uv": [6, 2.75, 7, 3.25], "texture": "#0"},
				"south": {"uv": [6.5, 2.75, 7, 3.25], "texture": "#0"},
				"west": {"uv": [7, 3.25, 6, 2.75], "texture": "#0"},
				"up": {"uv": [7, 2.75, 6, 3.25], "rotation": 90, "texture": "#0"},
				"down": {"uv": [6, 3.25, 7, 2.75], "rotation": 90, "texture": "#0"}
			}
		},
		{
			"from": [11.2, 10.63312, 0.6202],
			"to": [13.1, 14.63312, 2.6202],
			"rotation": {"angle": -22.5, "axis": "x", "origin": [12.5412, 7.33312, 1.8202]},
			"faces": {
				"north": {"uv": [7, 3.5, 6, 4], "rotation": 90, "texture": "#0"},
				"east": {"uv": [7, 4, 6, 3.5], "rotation": 90, "texture": "#0"},
				"south": {"uv": [7, 3.5, 6, 4], "rotation": 90, "texture": "#0"},
				"west": {"uv": [7, 4, 6, 3.5], "rotation": 90, "texture": "#0"},
				"up": {"uv": [6.5, 4, 6, 3.5], "rotation": 90, "texture": "#0"},
				"down": {"uv": [6.5, 4, 6, 3.5], "rotation": 90, "texture": "#0"}
			}
		},
		{
			"from": [12.1412, 12.21822, -1.08205],
			"to": [12.1412, 20.21822, 6.91795],
			"rotation": {"angle": 0, "axis": "y", "origin": [12.5412, 6.31822, -0.88205]},
			"faces": {
				"north": {"uv": [0, 0, 0, 2], "rotation": 180, "texture": "#missing"},
				"east": {"uv": [7.25, 2.75, 9.25, 4.75], "texture": "#0"},
				"south": {"uv": [0, 0, 0, 2], "texture": "#missing"},
				"west": {"uv": [9.25, 2.75, 7.25, 4.75], "texture": "#0"},
				"up": {"uv": [0, 0, 0, 2], "rotation": 180, "texture": "#missing"},
				"down": {"uv": [0, 0, 0, 2], "texture": "#missing"}
			}
		},
		{
			"from": [11.2, 15.61822, -1.66783],
			"to": [13.1, 17.61822, 0.33217],
			"rotation": {"angle": 45, "axis": "x", "origin": [12.15, 16.61822, -0.66783]},
			"faces": {
				"north": {"uv": [4.5, 3.75, 4, 4.25], "rotation": 270, "texture": "#0"},
				"east": {"uv": [4.5, 3.75, 4, 4.25], "rotation": 270, "texture": "#0"},
				"south": {"uv": [4.5, 3.75, 4, 4.25], "rotation": 270, "texture": "#0"},
				"west": {"uv": [4.5, 3.75, 4, 4.25], "rotation": 270, "texture": "#0"},
				"up": {"uv": [4.5, 3.75, 4, 4.25], "rotation": 90, "texture": "#0"},
				"down": {"uv": [4.5, 3.75, 4, 4.25], "rotation": 90, "texture": "#0"}
			}
		},
		{
			"from": [4, 2, 11.5],
			"to": [12, 9, 14.5],
			"rotation": {"angle": -22.5, "axis": "x", "origin": [8, 5, 14.5]},
			"faces": {
				"north": {"uv": [10, 0, 12, 1.75], "texture": "#0"},
				"east": {"uv": [10, 0, 10.75, 1.75], "texture": "#0"},
				"south": {"uv": [10, 0, 12, 1.75], "texture": "#0"},
				"west": {"uv": [11.25, 0, 12, 1.75], "texture": "#0"},
				"up": {"uv": [10, 0.75, 12, 0], "texture": "#0"},
				"down": {"uv": [10, 1.75, 12, 1], "texture": "#0"}
			}
		},
		{
			"from": [2, -2, 4],
			"to": [3, 2, 12],
			"rotation": {"angle": -22.5, "axis": "x", "origin": [13.5, 1, 3]},
			"faces": {
				"north": {"uv": [2, 1.25, 1.75, 2.25], "texture": "#0"},
				"east": {"uv": [0, 1.25, 2, 2.25], "texture": "#0"},
				"south": {"uv": [0.25, 1.25, 0, 2.25], "texture": "#0"},
				"west": {"uv": [2, 1.25, 0, 2.25], "texture": "#0"},
				"up": {"uv": [2, 1.5, 0, 1.25], "rotation": 90, "texture": "#0"},
				"down": {"uv": [0, 2.25, 2, 2], "rotation": 90, "texture": "#0"}
			}
		},
		{
			"from": [6, 8, 2],
			"to": [10, 11, 4],
			"rotation": {"angle": 45, "axis": "x", "origin": [8, 9.5, 3]},
			"faces": {
				"north": {"uv": [1, 6, 0, 5.25], "rotation": 180, "texture": "#0"},
				"east": {"uv": [3.75, 3.5, 3.5, 3], "texture": "#0"},
				"south": {"uv": [0, 6, 1, 5.25], "rotation": 180, "texture": "#0"},
				"west": {"uv": [3.75, 3.5, 3.5, 3], "texture": "#0"},
				"up": {"uv": [3.75, 3.5, 2.75, 3], "rotation": 180, "texture": "#0"},
				"down": {"uv": [3.75, 3.5, 2.75, 3], "rotation": 180, "texture": "#0"}
			}
		},
		{
			"from": [11.1412, 13.61822, -2.08205],
			"to": [13.1412, 16.61822, -0.08205],
			"rotation": {"angle": 0, "axis": "y", "origin": [12.5, 10.91822, -0.88205]},
			"faces": {
				"north": {"uv": [6.75, 3.25, 6, 2.75], "rotation": 270, "texture": "#0"},
				"east": {"uv": [6.75, 2.75, 6, 3.25], "rotation": 270, "texture": "#0"},
				"south": {"uv": [6, 2.75, 6.75, 3.25], "rotation": 90, "texture": "#0"},
				"west": {"uv": [6, 3.25, 6.75, 2.75], "rotation": 90, "texture": "#0"},
				"up": {"uv": [6.5, 3.25, 7, 2.75], "texture": "#0"},
				"down": {"uv": [6.5, 3.25, 7, 2.75], "rotation": 180, "texture": "#0"}
			}
		},
		{
			"from": [3.8588, 12.21822, -1.08205],
			"to": [3.8588, 20.21822, 6.91795],
			"rotation": {"angle": 0, "axis": "y", "origin": [3.4588, 6.31822, -0.88205]},
			"faces": {
				"north": {"uv": [0, 0, 0, 2], "rotation": 180, "texture": "#missing"},
				"east": {"uv": [7.25, 2.75, 9.25, 4.75], "texture": "#0"},
				"south": {"uv": [0, 0, 0, 2], "texture": "#missing"},
				"west": {"uv": [9.25, 2.75, 7.25, 4.75], "texture": "#0"},
				"up": {"uv": [0, 0, 0, 2], "rotation": 180, "texture": "#missing"},
				"down": {"uv": [0, 0, 0, 2], "texture": "#missing"}
			}
		},
		{
			"from": [2.9, 15.61822, -1.66783],
			"to": [4.8, 17.61822, 0.33217],
			"rotation": {"angle": 45, "axis": "x", "origin": [3.85, 16.61822, -0.66783]},
			"faces": {
				"north": {"uv": [4.5, 4.25, 4, 3.75], "rotation": 270, "texture": "#0"},
				"east": {"uv": [4.5, 4.25, 4, 3.75], "rotation": 270, "texture": "#0"},
				"south": {"uv": [4.5, 4.25, 4, 3.75], "rotation": 270, "texture": "#0"},
				"west": {"uv": [4.5, 4.25, 4, 3.75], "rotation": 270, "texture": "#0"},
				"up": {"uv": [4.5, 4.25, 4, 3.75], "rotation": 90, "texture": "#0"},
				"down": {"uv": [4.5, 4.25, 4, 3.75], "rotation": 90, "texture": "#0"}
			}
		},
		{
			"from": [2.8588, 13.61822, -2.08205],
			"to": [4.8588, 16.61822, -0.08205],
			"rotation": {"angle": 0, "axis": "y", "origin": [3.5, 10.91822, -0.88205]},
			"faces": {
				"north": {"uv": [6.75, 2.75, 6, 3.25], "rotation": 270, "texture": "#0"},
				"east": {"uv": [6, 2.75, 6.75, 3.25], "rotation": 90, "texture": "#0"},
				"south": {"uv": [6, 3.25, 6.75, 2.75], "rotation": 90, "texture": "#0"},
				"west": {"uv": [6.75, 3.25, 6, 2.75], "rotation": 270, "texture": "#0"},
				"up": {"uv": [7, 3.25, 6.5, 2.75], "texture": "#0"},
				"down": {"uv": [7, 3.25, 6.5, 2.75], "rotation": 180, "texture": "#0"}
			}
		},
		{
			"from": [2.9, 10.63312, 0.6202],
			"to": [4.8, 14.63312, 2.6202],
			"rotation": {"angle": -22.5, "axis": "x", "origin": [3.4588, 7.33312, 1.8202]},
			"faces": {
				"north": {"uv": [7, 4, 6, 3.5], "rotation": 90, "texture": "#0"},
				"east": {"uv": [7, 3.5, 6, 4], "rotation": 90, "texture": "#0"},
				"south": {"uv": [7, 4, 6, 3.5], "rotation": 90, "texture": "#0"},
				"west": {"uv": [7, 3.5, 6, 4], "rotation": 90, "texture": "#0"},
				"up": {"uv": [6.5, 3.5, 6, 4], "rotation": 90, "texture": "#0"},
				"down": {"uv": [6.5, 3.5, 6, 4], "rotation": 90, "texture": "#0"}
			}
		},
		{
			"from": [2.8588, 8.5685, -0.34329],
			"to": [4.8588, 10.5685, 3.65671],
			"rotation": {"angle": 22.5, "axis": "x", "origin": [3.4588, 9.7685, 2.95671]},
			"faces": {
				"north": {"uv": [7, 2.75, 6.5, 3.25], "texture": "#0"},
				"east": {"uv": [6, 3.25, 7, 2.75], "texture": "#0"},
				"south": {"uv": [7, 2.75, 6.5, 3.25], "texture": "#0"},
				"west": {"uv": [7, 2.75, 6, 3.25], "texture": "#0"},
				"up": {"uv": [7, 3.25, 6, 2.75], "rotation": 90, "texture": "#0"},
				"down": {"uv": [6, 2.75, 7, 3.25], "rotation": 90, "texture": "#0"}
			}
		},
		{
			"from": [2, 8, 3],
			"to": [5, 11, 7],
			"rotation": {"angle": 22.5, "axis": "y", "origin": [3, 9.5, 2]},
			"faces": {
				"north": {"uv": [4, 2.75, 4.75, 3.5], "texture": "#0"},
				"east": {"uv": [3.75, 3.5, 2.75, 2.75], "rotation": 180, "texture": "#0"},
				"south": {"uv": [2.75, 3.75, 3.5, 4.5], "texture": "#0"},
				"west": {"uv": [2.75, 3.5, 3.75, 2.75], "rotation": 180, "texture": "#0"},
				"up": {"uv": [3.75, 3.75, 4.5, 4.75], "rotation": 180, "texture": "#0"},
				"down": {"uv": [5, 3.75, 5.75, 2.75], "rotation": 180, "texture": "#0"}
			}
		},
		{
			"from": [2.5, -1.46508, 0.22836],
			"to": [2.5, 2.53492, 4.22836],
			"rotation": {"angle": -22.5, "axis": "x", "origin": [2.5, 0.69344, 4.4588]},
			"faces": {
				"north": {"uv": [0.75, 0, 0, 0.75], "texture": "#missing"},
				"east": {"uv": [0, 0, 1, 1], "texture": "#0"},
				"south": {"uv": [0.75, 0, 0, 0.75], "texture": "#missing"},
				"west": {"uv": [1, 0, 0, 1], "texture": "#0"},
				"up": {"uv": [0.75, 0, 0, 0.75], "texture": "#missing"},
				"down": {"uv": [0.75, 0, 0, 0.75], "texture": "#missing"}
			}
		},
		{
			"from": [13.5, -1.46508, 0.22836],
			"to": [13.5, 2.53492, 4.22836],
			"rotation": {"angle": -22.5, "axis": "x", "origin": [13.5, 0.69344, 4.4588]},
			"faces": {
				"north": {"uv": [0, 0, 0.75, 0.75], "texture": "#missing"},
				"east": {"uv": [0, 0, 1, 1], "texture": "#0"},
				"south": {"uv": [0, 0, 0.75, 0.75], "texture": "#missing"},
				"west": {"uv": [1, 0, 0, 1], "texture": "#0"},
				"up": {"uv": [0, 0, 0.75, 0.75], "texture": "#missing"},
				"down": {"uv": [0, 0, 0.75, 0.75], "texture": "#missing"}
			}
		}
	],
	"display": {
		"thirdperson_righthand": {
			"translation": [0.75, 1.5, 0],
			"scale": [0.5, 0.5, 0.5]
		},
		"thirdperson_lefthand": {
			"translation": [0.75, 1.5, 0],
			"scale": [0.5, 0.5, 0.5]
		},
		"firstperson_righthand": {
			"translation": [0, 4.25, 0],
			"scale": [0.5, 0.5, 0.5]
		},
		"firstperson_lefthand": {
			"translation": [0, 4.25, 0],
			"scale": [0.5, 0.5, 0.5]
		},
		"ground": {
			"translation": [0, 8, 0],
			"scale": [0.5625, 0.5625, 0.5625]
		},
		"gui": {
			"rotation": [8, -144, 0],
			"scale": [0.55664, 0.55664, 0.55664]
		},
		"head": {
			"translation": [0, 4, 0],
			"scale": [1.4, 1.4, 1.4]
		},
		"fixed": {
			"translation": [0, 0, -4.25]
		}
	},
	"groups": [
		{
			"name": "group",
			"origin": [13.5, 0.69344, 4.4588],
			"color": 0,
			"children": [0, 1, 2, 3, 4, 5, 6, 7, 8, 9, 10, 11, 12, 13, 14, 15, 16, 17, 18, 19]
		}
	]
}