{"credit":"Made by PolygonMC","texture_size":[24,24],"textures":{"0":"winterset:backpack","1":"winterset:animations/animations_1","particle":"winterset:backpack"},"elements":[{"from":[2,0,3],"to":[14,8,13],"rotation":{"angle":0,"axis":"y","origin":[3,0,3]},"faces":{"north":{"uv":[4,0,8,2.66667],"texture":"#0","tintindex":0},"east":{"uv":[4,8,7.33333,10.66667],"texture":"#0","tintindex":0},"south":{"uv":[4,2.66667,8,5.33333],"texture":"#0","tintindex":0},"west":{"uv":[8,5.33333,11.33333,8],"texture":"#0","tintindex":0},"up":{"uv":[4,3.33333,0,0],"texture":"#0","tintindex":0},"down":{"uv":[4,3.33333,0,6.66667],"texture":"#0","tintindex":0}}},{"from":[2,14,3],"to":[14,16,11],"rotation":{"angle":0,"axis":"y","origin":[3,13,3]},"faces":{"north":{"uv":[9.66667,10,13.66667,10.66667],"texture":"#0","tintindex":0},"east":{"uv":[4,10.66667,6.66667,11.33333],"texture":"#0","tintindex":0},"west":{"uv":[6.66667,10.66667,9.33333,11.33333],"texture":"#0","tintindex":0},"up":{"uv":[12,2.66667,8,0],"texture":"#0","tintindex":0},"down":{"uv":[12,2.66667,8,5.33333],"texture":"#0","tintindex":0}}},{"from":[12,8,4],"to":[13,9,11],"rotation":{"angle":0,"axis":"y","origin":[3,0,3]},"faces":{"north":{"uv":[5.33333,13,5.66667,13.33333],"texture":"#0","tintindex":0},"east":{"uv":[12,8,14.33333,8.33333],"texture":"#0","tintindex":0},"west":{"uv":[12,8.33333,14.33333,8.66667],"texture":"#0","tintindex":0},"up":{"uv":[9.33333,13.66667,9,11.33333],"texture":"#0","tintindex":0}}},{"from":[12.4995,9,4.5],"to":[12.4995,13,11],"rotation":{"angle":0,"axis":"y","origin":[2.4995,1,3]},"faces":{"east":{"uv":[7.33333,9.33333,9.5,10.66667],"texture":"#0","tintindex":0}}},{"from":[3.5005,9,4.5],"to":[3.5005,13,11],"rotation":{"angle":0,"axis":"y","origin":[13.5005,1,3]},"faces":{"west":{"uv":[9.5,9.33333,7.33333,10.66667],"texture":"#0","tintindex":0}}},{"from":[3.5005,9,4.5],"to":[12.5005,13,4.5],"rotation":{"angle":0,"axis":"y","origin":[9.2505,11,4.5]},"faces":{"north":{"uv":[7.33333,8,10.33333,9.33333],"texture":"#0","tintindex":0}}},{"from":[4,8,4],"to":[12,9,5],"rotation":{"angle":0,"axis":"y","origin":[3,0,5]},"faces":{"north":{"uv":[11.33333,7,14,7.33333],"texture":"#0","tintindex":0},"south":{"uv":[11.33333,7.33333,14,7.66667],"texture":"#0","tintindex":0},"up":{"uv":[14,8,11.33333,7.66667],"texture":"#0","tintindex":0}}},{"from":[3,8,4],"to":[4,9,11],"rotation":{"angle":0,"axis":"y","origin":[3,0,3]},"faces":{"north":{"uv":[13,5.33333,13.33333,5.66667],"texture":"#0","tintindex":0},"east":{"uv":[12,8.66667,14.33333,9],"texture":"#0","tintindex":0},"west":{"uv":[12,9,14.33333,9.33333],"texture":"#0","tintindex":0},"up":{"uv":[7.33333,14.33333,7,12],"texture":"#0","tintindex":0}}},{"from":[12,13,4],"to":[13,14,11],"rotation":{"angle":0,"axis":"y","origin":[3,22,3]},"faces":{"north":{"uv":[5.33333,13.33333,5.66667,13],"texture":"#0","tintindex":0},"east":{"uv":[12,8.33333,14.33333,8],"texture":"#0","tintindex":0},"west":{"uv":[12,8.66667,14.33333,8.33333],"texture":"#0","tintindex":0},"down":{"uv":[9.33333,11.33333,9,13.66667],"texture":"#0","tintindex":0}}},{"from":[4,13,4],"to":[12,14,5],"rotation":{"angle":0,"axis":"y","origin":[3,22,5]},"faces":{"north":{"uv":[11.33333,7.33333,14,7],"texture":"#0","tintindex":0},"south":{"uv":[11.33333,7.66667,14,7.33333],"texture":"#0","tintindex":0},"down":{"uv":[14,7.66667,11.33333,8],"texture":"#0","tintindex":0}}},{"from":[3,13,4],"to":[4,14,11],"rotation":{"angle":0,"axis":"y","origin":[3,22,3]},"faces":{"north":{"uv":[13,5.66667,13.33333,5.33333],"texture":"#0","tintindex":0},"east":{"uv":[12,9,14.33333,8.66667],"texture":"#0","tintindex":0},"west":{"uv":[12,9.33333,14.33333,9],"texture":"#0","tintindex":0},"down":{"uv":[7.33333,12,7,14.33333],"texture":"#0","tintindex":0}}},{"from":[2,8,11],"to":[14,16,13],"rotation":{"angle":0,"axis":"y","origin":[3,8,3]},"faces":{"north":{"uv":[4,5.33333,8,8],"texture":"#0","tintindex":0},"east":{"uv":[0,10.66667,0.66667,13.33333],"texture":"#0","tintindex":0},"south":{"uv":[0,6.66667,4,9.33333],"texture":"#0","tintindex":0},"west":{"uv":[0.66667,10.66667,1.33333,13.33333],"texture":"#0","tintindex":0},"up":{"uv":[13.66667,10,9.66667,9.33333],"texture":"#0","tintindex":0}}},{"from":[14,2,4],"to":[16,6,12],"rotation":{"angle":0,"axis":"y","origin":[16,2,7]},"faces":{"north":{"uv":[7.66667,11.33333,8.33333,12.66667],"texture":"#0","tintindex":0},"east":{"uv":[0,9.33333,2.66667,10.66667],"texture":"#0","tintindex":0},"south":{"uv":[8.33333,11.33333,9,12.66667],"texture":"#0","tintindex":0},"up":{"uv":[2,13.33333,1.33333,10.66667],"texture":"#0","tintindex":0},"down":{"uv":[2.66667,10.66667,2,13.33333],"texture":"#0","tintindex":0}}},{"from":[0,2,4],"to":[2,6,12],"rotation":{"angle":0,"axis":"y","origin":[0,2,7]},"faces":{"north":{"uv":[8.33333,11.33333,7.66667,12.66667],"texture":"#0","tintindex":0},"south":{"uv":[9,11.33333,8.33333,12.66667],"texture":"#0","tintindex":0},"west":{"uv":[2.66667,9.33333,0,10.66667],"texture":"#0","tintindex":0},"up":{"uv":[1.33333,13.33333,2,10.66667],"texture":"#0","tintindex":0},"down":{"uv":[2,10.66667,2.66667,13.33333],"texture":"#0","tintindex":0}}},{"from":[8.5,2,1],"to":[13.5,6,3],"rotation":{"angle":0,"axis":"y","origin":[15,4,2]},"faces":{"north":{"uv":[10.33333,8,12,9.33333],"texture":"#0","tintindex":0},"east":{"uv":[11.33333,10.66667,12,12],"texture":"#0","tintindex":0},"west":{"uv":[12,0,12.66667,1.33333],"texture":"#0","tintindex":0},"up":{"uv":[13,6,11.33333,5.33333],"texture":"#0","tintindex":0},"down":{"uv":[7.66667,11.33333,6,12],"texture":"#0","tintindex":0}}},{"from":[2.5,2,1],"to":[7.5,6,3],"rotation":{"angle":0,"axis":"y","origin":[9,4,2]},"faces":{"north":{"uv":[10.33333,8,12,9.33333],"texture":"#0","tintindex":0},"east":{"uv":[11.33333,10.66667,12,12],"texture":"#0","tintindex":0},"west":{"uv":[12,0,12.66667,1.33333],"texture":"#0","tintindex":0},"up":{"uv":[13,6,11.33333,5.33333],"texture":"#0","tintindex":0},"down":{"uv":[7.66667,11.33333,6,12],"texture":"#0","tintindex":0}}},{"from":[11,16,12],"to":[13,18,13],"rotation":{"angle":0,"axis":"y","origin":[13,15,12]},"faces":{"north":{"uv":[7.66667,12.66667,8.33333,13.33333],"texture":"#0","tintindex":0},"east":{"uv":[4.66667,13,5,13.66667],"texture":"#0","tintindex":0},"south":{"uv":[8.33333,12.66667,9,13.33333],"texture":"#0","tintindex":0},"west":{"uv":[5,13,5.33333,13.66667],"texture":"#0","tintindex":0},"up":{"uv":[13.66667,5.33333,13,5],"texture":"#0","tintindex":0}}},{"from":[11,17,13],"to":[13,18,18],"rotation":{"angle":0,"axis":"y","origin":[13,15,13]},"faces":{"east":{"uv":[12.66667,0.33333,14.33333,0.66667],"texture":"#0","tintindex":0},"west":{"uv":[12.66667,0.66667,14.33333,1],"texture":"#0","tintindex":0},"up":{"uv":[5.33333,13,4.66667,11.33333],"texture":"#0","tintindex":0},"down":{"uv":[6,11.33333,5.33333,13],"texture":"#0","tintindex":0}}},{"from":[11,4,18],"to":[13,18,19],"rotation":{"angle":0,"axis":"y","origin":[13,14,18]},"faces":{"north":{"uv":[2.66667,9.33333,3.33333,14],"texture":"#0","tintindex":0},"east":{"uv":[9.33333,10.66667,9.66667,15.33333],"texture":"#0","tintindex":0},"south":{"uv":[3.33333,9.33333,4,14],"texture":"#0","tintindex":0},"west":{"uv":[9.66667,10.66667,10,15.33333],"texture":"#0","tintindex":0},"up":{"uv":[13.33333,1.33333,12.66667,1],"texture":"#0","tintindex":0},"down":{"uv":[13.33333,6.66667,12.66667,7],"texture":"#0","tintindex":0}}},{"from":[11,4,13],"to":[13,5,18],"rotation":{"angle":0,"axis":"y","origin":[13,2,13]},"faces":{"east":{"uv":[12,11.66667,13.66667,12],"texture":"#0","tintindex":0},"west":{"uv":[12.66667,0,14.33333,0.33333],"texture":"#0","tintindex":0},"up":{"uv":[11.33333,12.33333,10.66667,10.66667],"texture":"#0","tintindex":0},"down":{"uv":[4.66667,11.33333,4,13],"texture":"#0","tintindex":0}}},{"from":[3,16,12],"to":[5,18,13],"rotation":{"angle":0,"axis":"y","origin":[3,15,12]},"faces":{"north":{"uv":[8.33333,12.66667,7.66667,13.33333],"texture":"#0","tintindex":0},"east":{"uv":[5.33333,13,5,13.66667],"texture":"#0","tintindex":0},"south":{"uv":[9,12.66667,8.33333,13.33333],"texture":"#0","tintindex":0},"west":{"uv":[5,13,4.66667,13.66667],"texture":"#0","tintindex":0},"up":{"uv":[13,5.33333,13.66667,5],"texture":"#0","tintindex":0}}},{"from":[3,17,13],"to":[5,18,18],"rotation":{"angle":0,"axis":"y","origin":[3,15,13]},"faces":{"east":{"uv":[14.33333,0.66667,12.66667,1],"texture":"#0","tintindex":0},"west":{"uv":[14.33333,0.33333,12.66667,0.66667],"texture":"#0","tintindex":0},"up":{"uv":[4.66667,13,5.33333,11.33333],"texture":"#0","tintindex":0},"down":{"uv":[5.33333,11.33333,6,13],"texture":"#0","tintindex":0}}},{"from":[3,4,18],"to":[5,18,19],"rotation":{"angle":0,"axis":"y","origin":[3,14,18]},"faces":{"north":{"uv":[3.33333,9.33333,2.66667,14],"texture":"#0","tintindex":0},"east":{"uv":[10,10.66667,9.66667,15.33333],"texture":"#0","tintindex":0},"south":{"uv":[4,9.33333,3.33333,14],"texture":"#0","tintindex":0},"west":{"uv":[9.66667,10.66667,9.33333,15.33333],"texture":"#0","tintindex":0},"up":{"uv":[12.66667,1.33333,13.33333,1],"texture":"#0","tintindex":0},"down":{"uv":[12.66667,6.66667,13.33333,7],"texture":"#0","tintindex":0}}},{"from":[3,4,13],"to":[5,5,18],"rotation":{"angle":0,"axis":"y","origin":[3,2,13]},"faces":{"east":{"uv":[14.33333,0,12.66667,0.33333],"texture":"#0","tintindex":0},"west":{"uv":[13.66667,11.66667,12,12],"texture":"#0","tintindex":0},"up":{"uv":[10.66667,12.33333,11.33333,10.66667],"texture":"#0","tintindex":0},"down":{"uv":[4,11.33333,4.66667,13],"texture":"#0","tintindex":0}}},{"from":[6.6847,7.90903,7.69],"to":[9.3047,10.83903,10.31],"rotation":{"angle":0,"axis":"y","origin":[7.9947,10.76153,9]},"faces":{"north":{"uv":[12,2.33333,12.83333,3.33333],"texture":"#0","tintindex":0},"east":{"uv":[12,3.33333,12.83333,4.33333],"texture":"#0","tintindex":0},"south":{"uv":[12,4.33333,12.83333,5.33333],"texture":"#0","tintindex":0},"west":{"uv":[6,12,6.83333,13],"texture":"#0","tintindex":0},"up":{"uv":[11.83333,13.16667,11,12.33333],"texture":"#0","tintindex":0},"down":{"uv":[12.83333,12.33333,12,13.16667],"texture":"#0","tintindex":0}}},{"from":[7.9903,10.83903,7.19],"to":[8.0203,13.45903,10.81],"rotation":{"angle":-45,"axis":"y","origin":[8.0053,12.14903,9]},"faces":{"east":{"uv":[12.5,6,11.33333,6.83333],"texture":"#0","tintindex":0},"west":{"uv":[11.33333,6,12.5,6.83333],"texture":"#0","tintindex":0}}},{"from":[6.1953,10.83903,8.985],"to":[9.8153,13.45903,9.015],"rotation":{"angle":-45,"axis":"y","origin":[8.0053,12.14903,9]},"faces":{"north":{"uv":[11.33333,6,12.5,6.83333],"texture":"#0","tintindex":0},"south":{"uv":[12.5,6,11.33333,6.83333],"texture":"#0","tintindex":0}}},{"from":[8.9649,9.26656,8.985],"to":[11.5351,11.12676,9.015],"rotation":{"angle":-22.5,"axis":"z","origin":[10.2575,9.33653,8.9925]},"faces":{"north":{"uv":[12.66667,6,13.5,6.66667],"texture":"#0","tintindex":0},"south":{"uv":[13.5,6,12.66667,6.66667],"texture":"#0","tintindex":0}}},{"from":[10.25,9.26656,7.6999],"to":[10.28,11.12676,10.2701],"rotation":{"angle":-22.5,"axis":"z","origin":[10.2575,9.33653,8.9925]},"faces":{"east":{"uv":[13.5,6,12.66667,6.66667],"texture":"#0","tintindex":0},"west":{"uv":[12.66667,6,13.5,6.66667],"texture":"#0","tintindex":0}}},{"from":[9.3199,7.43626,7.0699],"to":[11.1801,9.51656,8.9301],"rotation":{"angle":-22.5,"axis":"z","origin":[10.2575,9.33653,7.9925]},"faces":{"north":{"uv":[10,12.66667,10.66667,13.33333],"texture":"#0","tintindex":0},"east":{"uv":[13,2.33333,13.66667,3],"texture":"#0","tintindex":0},"south":{"uv":[13,3,13.66667,3.66667],"texture":"#0","tintindex":0},"west":{"uv":[13,3.66667,13.66667,4.33333],"texture":"#0","tintindex":0},"up":{"uv":[4.66667,13.66667,4,13],"texture":"#0","tintindex":0},"down":{"uv":[13.66667,4.33333,13,5],"texture":"#0","tintindex":0}}},{"from":[4.8199,7.43626,8.0699],"to":[6.6801,9.51656,9.9301],"rotation":{"angle":22.5,"axis":"z","origin":[5.7425,9.33653,8.9925]},"faces":{"north":{"uv":[10.66667,12.66667,10,13.33333],"texture":"#0","tintindex":0},"east":{"uv":[13.66667,3.66667,13,4.33333],"texture":"#0","tintindex":0},"south":{"uv":[13.66667,3,13,3.66667],"texture":"#0","tintindex":0},"west":{"uv":[13.66667,2.33333,13,3],"texture":"#0","tintindex":0},"up":{"uv":[4,13.66667,4.66667,13],"texture":"#0","tintindex":0},"down":{"uv":[13,4.33333,13.66667,5],"texture":"#0","tintindex":0}}},{"from":[4.4649,9.26656,8.985],"to":[7.0351,11.12676,9.015],"rotation":{"angle":22.5,"axis":"z","origin":[5.7425,9.33653,8.9925]},"faces":{"north":{"uv":[13.5,6,12.66667,6.66667],"texture":"#0","tintindex":0},"south":{"uv":[12.66667,6,13.5,6.66667],"texture":"#0","tintindex":0}}},{"from":[5.72,9.26656,7.6999],"to":[5.75,11.12676,10.2701],"rotation":{"angle":22.5,"axis":"z","origin":[5.7425,9.33653,8.9925]},"faces":{"east":{"uv":[13.5,6,12.66667,6.66667],"texture":"#0","tintindex":0},"west":{"uv":[12.66667,6,13.5,6.66667],"texture":"#0","tintindex":0}}},{"from":[7.0774,7.68626,5.8199],"to":[8.9376,9.76656,7.6801],"rotation":{"angle":-22.5,"axis":"x","origin":[8,9.58653,6.7425]},"faces":{"north":{"uv":[10.66667,12.66667,10,13.33333],"texture":"#0","tintindex":0},"east":{"uv":[13.66667,3.66667,13,4.33333],"texture":"#0","tintindex":0},"south":{"uv":[13.66667,3,13,3.66667],"texture":"#0","tintindex":0},"west":{"uv":[13.66667,2.33333,13,3],"texture":"#0","tintindex":0},"up":{"uv":[4,13.66667,4.66667,13],"texture":"#0","tintindex":0},"down":{"uv":[13,4.33333,13.66667,5],"texture":"#0","tintindex":0}}},{"from":[6.7224,9.51656,6.735],"to":[9.2926,11.37676,6.765],"rotation":{"angle":-22.5,"axis":"x","origin":[8,9.58653,6.7425]},"faces":{"north":{"uv":[13.5,6,12.66667,6.66667],"texture":"#0","tintindex":0},"south":{"uv":[12.66667,6,13.5,6.66667],"texture":"#0","tintindex":0}}},{"from":[7.9775,9.51656,5.4499],"to":[8.0075,11.37676,8.0201],"rotation":{"angle":-22.5,"axis":"x","origin":[8,9.58653,6.7425]},"faces":{"east":{"uv":[13.5,6,12.66667,6.66667],"texture":"#0","tintindex":0},"west":{"uv":[12.66667,6,13.5,6.66667],"texture":"#0","tintindex":0}}},{"from":[11,8,3],"to":[13,14,3.03],"rotation":{"angle":0,"axis":"y","origin":[11,5,3]},"faces":{"north":{"uv":[10,10.66667,10.66667,12.66667],"texture":"#0","tintindex":0},"south":{"uv":[10.66667,10.66667,10,12.66667],"texture":"#0","tintindex":0}}},{"from":[3,8,3],"to":[5,14,3.03],"rotation":{"angle":0,"axis":"y","origin":[5,5,3]},"faces":{"north":{"uv":[10.66667,10.66667,10,12.66667],"texture":"#0","tintindex":0},"south":{"uv":[10,10.66667,10.66667,12.66667],"texture":"#0","tintindex":0}}},{"from":[4,6.75,8.5],"to":[12,14.75,8.53],"rotation":{"angle":45,"axis":"y","origin":[8,10.75,8.515]},"faces":{"north":{"uv":[1.5,1.5,14.33333,14.33333],"texture":"#1","tintindex":0},"south":{"uv":[14.33333,1.5,1.5,14.33333],"texture":"#1","tintindex":0}}},{"from":[4,6.75,8.5],"to":[12,14.75,8.53],"rotation":{"angle":-45,"axis":"y","origin":[8,10.75,8.515]},"faces":{"north":{"uv":[1.5,1.5,14.33333,14.33333],"texture":"#1","tintindex":0},"south":{"uv":[14.33333,1.5,1.5,14.33333],"texture":"#1","tintindex":0}}}],"gui_light":"front","display":{"thirdperson_righthand":{"rotation":[48.75,0,0],"translation":[0,-2,-4.75],"scale":[0.5,0.5,0.5]},"thirdperson_lefthand":{"rotation":[67.75,180,0],"translation":[-5.5,-9.25,7.5],"scale":[0.75977,0.75977,0.75977]},"firstperson_righthand":{"rotation":[157.5,0,-180],"translation":[1.75,3.75,-4.5],"scale":[0.83594,0.83594,0.83594]},"firstperson_lefthand":{"scale":[0,0,0]},"ground":{"rotation":[35,0,0],"translation":[0,7.75,0],"scale":[0.7,0.7,0.7]},"gui":{"rotation":[0,135,0],"translation":[-1,-0.25,0],"scale":[0.76953,0.76953,0.76953]},"head":{"rotation":[0,180,0],"translation":[0,-51.75,8],"scale":[1.08203,1.08203,1.08203]},"fixed":{"rotation":[-90,0,0],"translation":[0,0,-16.5],"scale":[2,2,2]}}}