{
  "credit": "Made by PolygonMC",
  "texture_size": [
    24,
    24
  ],
  "textures": {
    "4": "winterset:bow"
  },
  "elements": [
    {
      "from": [
        7.5,
        5,
        7.5
      ],
      "to": [
        8.5,
        5.5,
        8.5
      ],
      "rotation": {
        "angle": 0,
        "axis": "y",
        "origin": [
          7.5,
          3.5,
          7.5
        ]
      },
      "faces": {
        "north": {
          "uv": [
            4.66667,
            13.33333,
            5.33333,
            13.66667
          ],
          "texture": "#4"
        },
        "east": {
          "uv": [
            5.33333,
            13.33333,
            6,
            13.66667
          ],
          "texture": "#4"
        },
        "south": {
          "uv": [
            6,
            13.33333,
            6.66667,
            13.66667
          ],
          "texture": "#4"
        },
        "west": {
          "uv": [
            6.66667,
            13.33333,
            7.33333,
            13.66667
          ],
          "texture": "#4"
        }
      }
    },
    {
      "from": [
        7.4,
        5.975,
        7.4
      ],
      "to": [
        8.6,
        6.575,
        8.6
      ],
      "rotation": {
        "angle": 0,
        "axis": "y",
        "origin": [
          7.5,
          4.975,
          7.5
        ]
      },
      "faces": {
        "north": {
          "uv": [
            0.66667,
            13.33333,
            1.5,
            13.66667
          ],
          "texture": "#4"
        },
        "east": {
          "uv": [
            13.33333,
            1.33333,
            14.16667,
            1.66667
          ],
          "texture": "#4"
        },
        "south": {
          "uv": [
            2,
            13.33333,
            2.83333,
            13.66667
          ],
          "texture": "#4"
        },
        "west": {
          "uv": [
            13.33333,
            2,
            14.16667,
            2.33333
          ],
          "texture": "#4"
        },
        "up": {
          "uv": [
            15,
            13.16667,
            14.16667,
            12.33333
          ],
          "texture": "#4"
        }
      }
    },
    {
      "from": [
        7.4,
        9.425,
        7.4
      ],
      "to": [
        8.6,
        10.025,
        8.6
      ],
      "rotation": {
        "angle": 0,
        "axis": "y",
        "origin": [
          7.5,
          7.925,
          7.5
        ]
      },
      "faces": {
        "north": {
          "uv": [
            13.33333,
            2.66667,
            14.16667,
            3
          ],
          "texture": "#4"
        },
        "east": {
          "uv": [
            3.33333,
            13.33333,
            4.16667,
            13.66667
          ],
          "texture": "#4"
        },
        "south": {
          "uv": [
            13.33333,
            3.33333,
            14.16667,
            3.66667
          ],
          "texture": "#4"
        },
        "west": {
          "uv": [
            13.33333,
            4,
            14.16667,
            4.33333
          ],
          "texture": "#4"
        },
        "down": {
          "uv": [
            12.16667,
            4.66667,
            11.33333,
            5.5
          ],
          "texture": "#4"
        }
      }
    },
    {
      "from": [
        7.5,
        6.575,
        7.5
      ],
      "to": [
        8.5,
        9.425,
        8.5
      ],
      "rotation": {
        "angle": 0,
        "axis": "y",
        "origin": [
          8,
          8,
          8
        ]
      },
      "faces": {
        "north": {
          "uv": [
            6,
            5.33333,
            6.66667,
            7.16667
          ],
          "texture": "#4"
        },
        "east": {
          "uv": [
            6.66667,
            5.33333,
            7.33333,
            7.16667
          ],
          "texture": "#4"
        },
        "south": {
          "uv": [
            7.33333,
            2.66667,
            8,
            4.5
          ],
          "texture": "#4"
        },
        "west": {
          "uv": [
            7.33333,
            4.66667,
            8,
            6.5
          ],
          "texture": "#4"
        }
      }
    },
    {
      "from": [
        7.25,
        5.475,
        7.25
      ],
      "to": [
        8.75,
        5.975,
        8.75
      ],
      "rotation": {
        "angle": 0,
        "axis": "y",
        "origin": [
          7.5,
          4.475,
          7.5
        ]
      },
      "faces": {
        "north": {
          "uv": [
            4,
            14.66667,
            5,
            15
          ],
          "texture": "#4"
        },
        "east": {
          "uv": [
            12.66667,
            4.66667,
            13.66667,
            5
          ],
          "texture": "#4"
        },
        "south": {
          "uv": [
            5.33333,
            14.66667,
            6.33333,
            15
          ],
          "texture": "#4"
        },
        "west": {
          "uv": [
            12.66667,
            5.33333,
            13.66667,
            5.66667
          ],
          "texture": "#4"
        },
        "up": {
          "uv": [
            10.33333,
            5,
            9.33333,
            4
          ],
          "texture": "#4"
        },
        "down": {
          "uv": [
            15,
            10,
            14,
            11
          ],
          "texture": "#4"
        }
      }
    },
    {
      "from": [
        7.25,
        10.025,
        7.25
      ],
      "to": [
        8.75,
        10.525,
        8.75
      ],
      "rotation": {
        "angle": 0,
        "axis": "y",
        "origin": [
          7.5,
          9.025,
          7.5
        ]
      },
      "faces": {
        "north": {
          "uv": [
            12.66667,
            6,
            13.66667,
            6.33333
          ],
          "texture": "#4"
        },
        "east": {
          "uv": [
            6.66667,
            12.66667,
            7.66667,
            13
          ],
          "texture": "#4"
        },
        "south": {
          "uv": [
            12.66667,
            6.66667,
            13.66667,
            7
          ],
          "texture": "#4"
        },
        "west": {
          "uv": [
            12.66667,
            7.33333,
            13.66667,
            7.66667
          ],
          "texture": "#4"
        },
        "up": {
          "uv": [
            10.33333,
            6.33333,
            9.33333,
            5.33333
          ],
          "texture": "#4"
        },
        "down": {
          "uv": [
            8.33333,
            9.33333,
            7.33333,
            10.33333
          ],
          "texture": "#4"
        }
      }
    },
    {
      "from": [
        7.33,
        4.08,
        7.33
      ],
      "to": [
        8.67,
        5.42,
        8.67
      ],
      "rotation": {
        "angle": -45,
        "axis": "x",
        "origin": [
          8,
          4.75,
          8
        ]
      },
      "faces": {
        "north": {
          "uv": [
            6,
            11.33333,
            6.83333,
            12.16667
          ],
          "texture": "#4"
        },
        "east": {
          "uv": [
            11.33333,
            6,
            12.16667,
            6.83333
          ],
          "texture": "#4"
        },
        "south": {
          "uv": [
            11.33333,
            7.33333,
            12.16667,
            8.16667
          ],
          "texture": "#4"
        },
        "west": {
          "uv": [
            11.33333,
            8.66667,
            12.16667,
            9.5
          ],
          "texture": "#4"
        },
        "up": {
          "uv": [
            12.16667,
            10.83333,
            11.33333,
            10
          ],
          "texture": "#4"
        },
        "down": {
          "uv": [
            12.16667,
            11.33333,
            11.33333,
            12.16667
          ],
          "texture": "#4"
        }
      }
    },
    {
      "from": [
        7.75,
        4.25628,
        5.53731
      ],
      "to": [
        8.25,
        5.25628,
        6.03731
      ],
      "rotation": {
        "angle": 45,
        "axis": "x",
        "origin": [
          8,
          4.13128,
          6.28731
        ]
      },
      "faces": {
        "north": {
          "uv": [
            7.33333,
            13.33333,
            7.66667,
            14
          ],
          "texture": "#4"
        },
        "east": {
          "uv": [
            8,
            13.33333,
            8.33333,
            14
          ],
          "texture": "#4"
        },
        "south": {
          "uv": [
            8.66667,
            13.33333,
            9,
            14
          ],
          "texture": "#4"
        },
        "west": {
          "uv": [
            9.33333,
            13.33333,
            9.66667,
            14
          ],
          "texture": "#4"
        },
        "up": {
          "uv": [
            2.33333,
            14.33333,
            2,
            14
          ],
          "texture": "#4"
        },
        "down": {
          "uv": [
            3,
            14,
            2.66667,
            14.33333
          ],
          "texture": "#4"
        }
      }
    },
    {
      "from": [
        7.75,
        4.25628,
        6.03731
      ],
      "to": [
        8.25,
        4.75628,
        6.53731
      ],
      "rotation": {
        "angle": 45,
        "axis": "x",
        "origin": [
          8,
          4.13128,
          6.28731
        ]
      },
      "faces": {
        "east": {
          "uv": [
            3.33333,
            14,
            3.66667,
            14.33333
          ],
          "texture": "#4"
        },
        "south": {
          "uv": [
            4,
            14,
            4.33333,
            14.33333
          ],
          "texture": "#4"
        },
        "west": {
          "uv": [
            4.66667,
            14,
            5,
            14.33333
          ],
          "texture": "#4"
        },
        "up": {
          "uv": [
            14.33333,
            5,
            14,
            4.66667
          ],
          "texture": "#4"
        },
        "down": {
          "uv": [
            5.66667,
            14,
            5.33333,
            14.33333
          ],
          "texture": "#4"
        }
      }
    },
    {
      "from": [
        7.75,
        4.25628,
        9.96269
      ],
      "to": [
        8.25,
        5.25628,
        10.46269
      ],
      "rotation": {
        "angle": -45,
        "axis": "x",
        "origin": [
          8,
          4.13128,
          9.71269
        ]
      },
      "faces": {
        "north": {
          "uv": [
            10,
            13.33333,
            10.33333,
            14
          ],
          "texture": "#4"
        },
        "east": {
          "uv": [
            10.66667,
            13.33333,
            11,
            14
          ],
          "texture": "#4"
        },
        "south": {
          "uv": [
            11.33333,
            13.33333,
            11.66667,
            14
          ],
          "texture": "#4"
        },
        "west": {
          "uv": [
            13.33333,
            11.33333,
            13.66667,
            12
          ],
          "texture": "#4"
        },
        "up": {
          "uv": [
            14.33333,
            5.66667,
            14,
            5.33333
          ],
          "texture": "#4"
        },
        "down": {
          "uv": [
            6.33333,
            14,
            6,
            14.33333
          ],
          "texture": "#4"
        }
      }
    },
    {
      "from": [
        7.75,
        4.25628,
        9.46269
      ],
      "to": [
        8.25,
        4.75628,
        9.96269
      ],
      "rotation": {
        "angle": -45,
        "axis": "x",
        "origin": [
          8,
          4.13128,
          9.71269
        ]
      },
      "faces": {
        "north": {
          "uv": [
            14,
            6,
            14.33333,
            6.33333
          ],
          "texture": "#4"
        },
        "east": {
          "uv": [
            6.66667,
            14,
            7,
            14.33333
          ],
          "texture": "#4"
        },
        "west": {
          "uv": [
            14,
            6.66667,
            14.33333,
            7
          ],
          "texture": "#4"
        },
        "up": {
          "uv": [
            7.66667,
            14.33333,
            7.33333,
            14
          ],
          "texture": "#4"
        },
        "down": {
          "uv": [
            14.33333,
            7.33333,
            14,
            7.66667
          ],
          "texture": "#4"
        }
      }
    },
    {
      "from": [
        7.5,
        10.5,
        7.5
      ],
      "to": [
        8.5,
        11,
        8.5
      ],
      "rotation": {
        "angle": 0,
        "axis": "y",
        "origin": [
          7.5,
          12.5,
          7.5
        ]
      },
      "faces": {
        "north": {
          "uv": [
            4.66667,
            13.66667,
            5.33333,
            13.33333
          ],
          "texture": "#4"
        },
        "east": {
          "uv": [
            5.33333,
            13.66667,
            6,
            13.33333
          ],
          "texture": "#4"
        },
        "south": {
          "uv": [
            6,
            13.66667,
            6.66667,
            13.33333
          ],
          "texture": "#4"
        },
        "west": {
          "uv": [
            6.66667,
            13.66667,
            7.33333,
            13.33333
          ],
          "texture": "#4"
        }
      }
    },
    {
      "from": [
        7.33,
        10.58,
        7.33
      ],
      "to": [
        8.67,
        11.92,
        8.67
      ],
      "rotation": {
        "angle": 45,
        "axis": "x",
        "origin": [
          8,
          11.25,
          8
        ]
      },
      "faces": {
        "north": {
          "uv": [
            6,
            12.16667,
            6.83333,
            11.33333
          ],
          "texture": "#4"
        },
        "east": {
          "uv": [
            11.33333,
            6.83333,
            12.16667,
            6
          ],
          "texture": "#4"
        },
        "south": {
          "uv": [
            11.33333,
            8.16667,
            12.16667,
            7.33333
          ],
          "texture": "#4"
        },
        "west": {
          "uv": [
            11.33333,
            9.5,
            12.16667,
            8.66667
          ],
          "texture": "#4"
        },
        "up": {
          "uv": [
            12.16667,
            12.16667,
            11.33333,
            11.33333
          ],
          "texture": "#4"
        },
        "down": {
          "uv": [
            12.16667,
            10,
            11.33333,
            10.83333
          ],
          "texture": "#4"
        }
      }
    },
    {
      "from": [
        7.75,
        10.74372,
        5.53731
      ],
      "to": [
        8.25,
        11.74372,
        6.03731
      ],
      "rotation": {
        "angle": -45,
        "axis": "x",
        "origin": [
          8,
          11.86872,
          6.28731
        ]
      },
      "faces": {
        "north": {
          "uv": [
            7.33333,
            14,
            7.66667,
            13.33333
          ],
          "texture": "#4"
        },
        "east": {
          "uv": [
            8,
            14,
            8.33333,
            13.33333
          ],
          "texture": "#4"
        },
        "south": {
          "uv": [
            8.66667,
            14,
            9,
            13.33333
          ],
          "texture": "#4"
        },
        "west": {
          "uv": [
            9.33333,
            14,
            9.66667,
            13.33333
          ],
          "texture": "#4"
        },
        "up": {
          "uv": [
            3,
            14.33333,
            2.66667,
            14
          ],
          "texture": "#4"
        },
        "down": {
          "uv": [
            2.33333,
            14,
            2,
            14.33333
          ],
          "texture": "#4"
        }
      }
    },
    {
      "from": [
        7.75,
        11.24372,
        6.03731
      ],
      "to": [
        8.25,
        11.74372,
        6.53731
      ],
      "rotation": {
        "angle": -45,
        "axis": "x",
        "origin": [
          8,
          11.86872,
          6.28731
        ]
      },
      "faces": {
        "east": {
          "uv": [
            3.33333,
            14.33333,
            3.66667,
            14
          ],
          "texture": "#4"
        },
        "south": {
          "uv": [
            4,
            14.33333,
            4.33333,
            14
          ],
          "texture": "#4"
        },
        "west": {
          "uv": [
            4.66667,
            14.33333,
            5,
            14
          ],
          "texture": "#4"
        },
        "up": {
          "uv": [
            5.66667,
            14.33333,
            5.33333,
            14
          ],
          "texture": "#4"
        },
        "down": {
          "uv": [
            14.33333,
            4.66667,
            14,
            5
          ],
          "texture": "#4"
        }
      }
    },
    {
      "from": [
        7.75,
        10.74372,
        9.96269
      ],
      "to": [
        8.25,
        11.74372,
        10.46269
      ],
      "rotation": {
        "angle": 45,
        "axis": "x",
        "origin": [
          8,
          11.86872,
          9.71269
        ]
      },
      "faces": {
        "north": {
          "uv": [
            10,
            14,
            10.33333,
            13.33333
          ],
          "texture": "#4"
        },
        "east": {
          "uv": [
            10.66667,
            14,
            11,
            13.33333
          ],
          "texture": "#4"
        },
        "south": {
          "uv": [
            11.33333,
            14,
            11.66667,
            13.33333
          ],
          "texture": "#4"
        },
        "west": {
          "uv": [
            13.33333,
            12,
            13.66667,
            11.33333
          ],
          "texture": "#4"
        },
        "up": {
          "uv": [
            6.33333,
            14.33333,
            6,
            14
          ],
          "texture": "#4"
        },
        "down": {
          "uv": [
            14.33333,
            5.33333,
            14,
            5.66667
          ],
          "texture": "#4"
        }
      }
    },
    {
      "from": [
        7.75,
        11.24372,
        9.46269
      ],
      "to": [
        8.25,
        11.74372,
        9.96269
      ],
      "rotation": {
        "angle": 45,
        "axis": "x",
        "origin": [
          8,
          11.86872,
          9.71269
        ]
      },
      "faces": {
        "north": {
          "uv": [
            14,
            6.33333,
            14.33333,
            6
          ],
          "texture": "#4"
        },
        "east": {
          "uv": [
            6.66667,
            14.33333,
            7,
            14
          ],
          "texture": "#4"
        },
        "west": {
          "uv": [
            14,
            7,
            14.33333,
            6.66667
          ],
          "texture": "#4"
        },
        "up": {
          "uv": [
            14.33333,
            7.66667,
            14,
            7.33333
          ],
          "texture": "#4"
        },
        "down": {
          "uv": [
            7.66667,
            14,
            7.33333,
            14.33333
          ],
          "texture": "#4"
        }
      }
    },
    {
      "from": [
        7.75,
        17.02486,
        9.43985
      ],
      "to": [
        8.25,
        18.52486,
        10.93985
      ],
      "rotation": {
        "angle": -22.5,
        "axis": "x",
        "origin": [
          8,
          18.56695,
          10.02299
        ]
      },
      "faces": {
        "north": {
          "uv": [
            12.66667,
            11.33333,
            13,
            12.33333
          ],
          "texture": "#4"
        },
        "east": {
          "uv": [
            10.66667,
            1.33333,
            11.66667,
            2.33333
          ],
          "texture": "#4"
        },
        "south": {
          "uv": [
            12,
            12.66667,
            12.33333,
            13.66667
          ],
          "texture": "#4"
        },
        "west": {
          "uv": [
            10.66667,
            2.66667,
            11.66667,
            3.66667
          ],
          "texture": "#4"
        },
        "up": {
          "uv": [
            13,
            13.66667,
            12.66667,
            12.66667
          ],
          "texture": "#4"
        },
        "down": {
          "uv": [
            0.33333,
            13.33333,
            0,
            14.33333
          ],
          "texture": "#4"
        }
      }
    },
    {
      "from": [
        7.15,
        12.425,
        7.985
      ],
      "to": [
        8.85,
        13.925,
        8.015
      ],
      "rotation": {
        "angle": 45,
        "axis": "y",
        "origin": [
          8,
          13.175,
          8
        ]
      },
      "faces": {
        "north": {
          "uv": [
            8.66667,
            0,
            9.83333,
            1
          ],
          "texture": "#4"
        },
        "south": {
          "uv": [
            8.66667,
            0,
            9.83333,
            1
          ],
          "texture": "#4"
        }
      }
    },
    {
      "from": [
        7.985,
        12.425,
        7.15
      ],
      "to": [
        8.015,
        13.925,
        8.85
      ],
      "rotation": {
        "angle": 45,
        "axis": "y",
        "origin": [
          8,
          13.175,
          8
        ]
      },
      "faces": {
        "east": {
          "uv": [
            8.66667,
            0,
            9.83333,
            1
          ],
          "texture": "#4"
        },
        "west": {
          "uv": [
            8.66667,
            0,
            9.83333,
            1
          ],
          "texture": "#4"
        }
      }
    },
    {
      "from": [
        7.4,
        13.925,
        7.4
      ],
      "to": [
        8.6,
        14.925,
        8.6
      ],
      "rotation": {
        "angle": 0,
        "axis": "y",
        "origin": [
          7.5,
          18.925,
          7.5
        ]
      },
      "faces": {
        "north": {
          "uv": [
            0,
            14.66667,
            0.83333,
            15.33333
          ],
          "texture": "#4"
        },
        "east": {
          "uv": [
            12.66667,
            0,
            13.5,
            0.66667
          ],
          "texture": "#4"
        },
        "south": {
          "uv": [
            12.66667,
            0.66667,
            13.5,
            1.33333
          ],
          "texture": "#4"
        },
        "west": {
          "uv": [
            1.33333,
            14.66667,
            2.16667,
            15.33333
          ],
          "texture": "#4"
        },
        "down": {
          "uv": [
            12.83333,
            2.66667,
            12,
            3.5
          ],
          "texture": "#4"
        }
      }
    },
    {
      "from": [
        7.15,
        18.99052,
        9.82348
      ],
      "to": [
        8.85,
        20.49052,
        9.85348
      ],
      "rotation": {
        "angle": 45,
        "axis": "x",
        "origin": [
          8,
          18.56695,
          10.02299
        ]
      },
      "faces": {
        "north": {
          "uv": [
            8,
            5.33333,
            9.16667,
            6.33333
          ],
          "texture": "#4"
        },
        "south": {
          "uv": [
            7.33333,
            8,
            8.5,
            9
          ],
          "texture": "#4"
        }
      }
    },
    {
      "from": [
        7.985,
        18.99052,
        8.98848
      ],
      "to": [
        8.015,
        20.49052,
        10.68848
      ],
      "rotation": {
        "angle": 45,
        "axis": "x",
        "origin": [
          8,
          18.56695,
          10.02299
        ]
      },
      "faces": {
        "east": {
          "uv": [
            8,
            4,
            9.16667,
            5
          ],
          "texture": "#4"
        },
        "west": {
          "uv": [
            14,
            8.66667,
            15.16667,
            9.66667
          ],
          "texture": "#4"
        }
      }
    },
    {
      "from": [
        7.4,
        17.99052,
        9.23848
      ],
      "to": [
        8.6,
        18.99052,
        10.43848
      ],
      "rotation": {
        "angle": 45,
        "axis": "x",
        "origin": [
          8,
          18.56695,
          10.02299
        ]
      },
      "faces": {
        "north": {
          "uv": [
            12,
            4,
            12.83333,
            4.66667
          ],
          "texture": "#4"
        },
        "east": {
          "uv": [
            7.33333,
            12,
            8.16667,
            12.66667
          ],
          "texture": "#4"
        },
        "south": {
          "uv": [
            8.66667,
            12,
            9.5,
            12.66667
          ],
          "texture": "#4"
        },
        "west": {
          "uv": [
            10,
            12,
            10.83333,
            12.66667
          ],
          "texture": "#4"
        },
        "up": {
          "uv": [
            12.83333,
            2.16667,
            12,
            1.33333
          ],
          "texture": "#4"
        }
      }
    },
    {
      "from": [
        7.95,
        14.15681,
        4.36906
      ],
      "to": [
        8.05,
        15.35681,
        6.46906
      ],
      "rotation": {
        "angle": -45,
        "axis": "x",
        "origin": [
          7.875,
          14.50681,
          5.41906
        ]
      },
      "faces": {
        "east": {
          "uv": [
            10.66667,
            2.66667,
            9.33333,
            3.5
          ],
          "texture": "#4"
        },
        "west": {
          "uv": [
            9.33333,
            2.66667,
            10.66667,
            3.5
          ],
          "texture": "#4"
        }
      }
    },
    {
      "from": [
        7.985,
        15.2179,
        2.70711
      ],
      "to": [
        8.015,
        17.2179,
        6.20711
      ],
      "rotation": {
        "angle": 0,
        "axis": "y",
        "origin": [
          7.835,
          13.2179,
          -1.79289
        ]
      },
      "faces": {
        "east": {
          "uv": [
            8.33333,
            0,
            6,
            1.33333
          ],
          "texture": "#4"
        },
        "west": {
          "uv": [
            6,
            0,
            8.33333,
            1.33333
          ],
          "texture": "#4"
        }
      }
    },
    {
      "from": [
        7.5,
        14.41079,
        3.58579
      ],
      "to": [
        8.5,
        15.41079,
        5.58579
      ],
      "rotation": {
        "angle": 45,
        "axis": "x",
        "origin": [
          7.5,
          13.41079,
          6.58579
        ]
      },
      "faces": {
        "north": {
          "uv": [
            2.5,
            14.66667,
            3.16667,
            15.33333
          ],
          "texture": "#4"
        },
        "east": {
          "uv": [
            10.66667,
            4,
            12,
            4.66667
          ],
          "texture": "#4"
        },
        "south": {
          "uv": [
            3.16667,
            14.66667,
            3.83333,
            15.33333
          ],
          "texture": "#4"
        },
        "west": {
          "uv": [
            14.16667,
            11.33333,
            15.5,
            12
          ],
          "texture": "#4"
        },
        "down": {
          "uv": [
            11.33333,
            4.66667,
            10.66667,
            6
          ],
          "texture": "#4"
        }
      }
    },
    {
      "from": [
        7.5,
        15.41079,
        3.58579
      ],
      "to": [
        8.5,
        15.91079,
        4.58579
      ],
      "rotation": {
        "angle": 45,
        "axis": "x",
        "origin": [
          7.5,
          13.41079,
          6.58579
        ]
      },
      "faces": {
        "north": {
          "uv": [
            0.66667,
            14,
            1.33333,
            14.33333
          ],
          "texture": "#4"
        },
        "east": {
          "uv": [
            14,
            0.66667,
            14.66667,
            1
          ],
          "texture": "#4"
        },
        "west": {
          "uv": [
            1.33333,
            14,
            2,
            14.33333
          ],
          "texture": "#4"
        },
        "up": {
          "uv": [
            11.33333,
            6.66667,
            10.66667,
            6
          ],
          "texture": "#4"
        }
      }
    },
    {
      "from": [
        7.95,
        17.2179,
        4.05711
      ],
      "to": [
        8.05,
        18.8179,
        6.85711
      ],
      "rotation": {
        "angle": 45,
        "axis": "x",
        "origin": [
          7.875,
          17.7679,
          5.45711
        ]
      },
      "faces": {
        "east": {
          "uv": [
            7.83333,
            1.33333,
            6,
            2.33333
          ],
          "texture": "#4"
        },
        "west": {
          "uv": [
            6,
            1.33333,
            7.83333,
            2.33333
          ],
          "texture": "#4"
        }
      }
    },
    {
      "from": [
        7.1,
        15.075,
        8.25
      ],
      "to": [
        8.9,
        16.575,
        9.75
      ],
      "rotation": {
        "angle": -45,
        "axis": "x",
        "origin": [
          7.25,
          14.825,
          8
        ]
      },
      "faces": {
        "north": {
          "uv": [
            6,
            7.33333,
            7.16667,
            8.33333
          ],
          "texture": "#4"
        },
        "east": {
          "uv": [
            10,
            8,
            11,
            9
          ],
          "texture": "#4"
        },
        "south": {
          "uv": [
            7.33333,
            6.66667,
            8.5,
            7.66667
          ],
          "texture": "#4"
        },
        "west": {
          "uv": [
            10,
            9.33333,
            11,
            10.33333
          ],
          "texture": "#4"
        },
        "up": {
          "uv": [
            9.16667,
            2.33333,
            8,
            1.33333
          ],
          "texture": "#4"
        },
        "down": {
          "uv": [
            9.16667,
            2.66667,
            8,
            3.66667
          ],
          "texture": "#4"
        }
      }
    },
    {
      "from": [
        7.35,
        14.825,
        8
      ],
      "to": [
        8.65,
        16.825,
        10
      ],
      "rotation": {
        "angle": -45,
        "axis": "x",
        "origin": [
          7.25,
          14.825,
          8
        ]
      },
      "faces": {
        "north": {
          "uv": [
            6,
            8.66667,
            6.83333,
            10
          ],
          "texture": "#4"
        },
        "east": {
          "uv": [
            6,
            2.66667,
            7.33333,
            4
          ],
          "texture": "#4"
        },
        "south": {
          "uv": [
            8.66667,
            6.66667,
            9.5,
            8
          ],
          "texture": "#4"
        },
        "west": {
          "uv": [
            6,
            4,
            7.33333,
            5.33333
          ],
          "texture": "#4"
        },
        "up": {
          "uv": [
            9.5,
            9.33333,
            8.66667,
            8
          ],
          "texture": "#4"
        },
        "down": {
          "uv": [
            10.16667,
            1.33333,
            9.33333,
            2.66667
          ],
          "texture": "#4"
        }
      }
    },
    {
      "from": [
        7.25,
        14.425,
        7.25
      ],
      "to": [
        8.75,
        14.925,
        8.75
      ],
      "rotation": {
        "angle": 0,
        "axis": "y",
        "origin": [
          7.5,
          6.425,
          7.5
        ]
      },
      "faces": {
        "north": {
          "uv": [
            12.66667,
            9.33333,
            13.66667,
            9.66667
          ],
          "texture": "#4"
        },
        "east": {
          "uv": [
            12.66667,
            10,
            13.66667,
            10.33333
          ],
          "texture": "#4"
        },
        "south": {
          "uv": [
            10.66667,
            12.66667,
            11.66667,
            13
          ],
          "texture": "#4"
        },
        "west": {
          "uv": [
            12.66667,
            10.66667,
            13.66667,
            11
          ],
          "texture": "#4"
        },
        "up": {
          "uv": [
            7,
            11,
            6,
            10
          ],
          "texture": "#4"
        },
        "down": {
          "uv": [
            11,
            6.66667,
            10,
            7.66667
          ],
          "texture": "#4"
        }
      }
    },
    {
      "from": [
        7.25,
        17.99052,
        9.08848
      ],
      "to": [
        8.75,
        18.49052,
        10.58848
      ],
      "rotation": {
        "angle": 45,
        "axis": "x",
        "origin": [
          8,
          18.56695,
          10.02299
        ]
      },
      "faces": {
        "north": {
          "uv": [
            8,
            12.66667,
            9,
            13
          ],
          "texture": "#4"
        },
        "east": {
          "uv": [
            12.66667,
            8,
            13.66667,
            8.33333
          ],
          "texture": "#4"
        },
        "south": {
          "uv": [
            12.66667,
            8.66667,
            13.66667,
            9
          ],
          "texture": "#4"
        },
        "west": {
          "uv": [
            9.33333,
            12.66667,
            10.33333,
            13
          ],
          "texture": "#4"
        },
        "up": {
          "uv": [
            9.66667,
            10.33333,
            8.66667,
            9.33333
          ],
          "texture": "#4"
        },
        "down": {
          "uv": [
            11,
            0,
            10,
            1
          ],
          "texture": "#4"
        }
      }
    },
    {
      "from": [
        7.4,
        16.49052,
        9.23848
      ],
      "to": [
        8.6,
        17.99052,
        10.43848
      ],
      "rotation": {
        "angle": 45,
        "axis": "x",
        "origin": [
          8,
          18.56695,
          10.02299
        ]
      },
      "faces": {
        "north": {
          "uv": [
            7.33333,
            10.66667,
            8.16667,
            11.66667
          ],
          "texture": "#4"
        },
        "east": {
          "uv": [
            8.66667,
            10.66667,
            9.5,
            11.66667
          ],
          "texture": "#4"
        },
        "south": {
          "uv": [
            10,
            10.66667,
            10.83333,
            11.66667
          ],
          "texture": "#4"
        },
        "west": {
          "uv": [
            11.33333,
            0,
            12.16667,
            1
          ],
          "texture": "#4"
        }
      }
    },
    {
      "from": [
        7.5,
        14.925,
        7.5
      ],
      "to": [
        8.5,
        15.425,
        8.5
      ],
      "rotation": {
        "angle": 0,
        "axis": "y",
        "origin": [
          7.5,
          13.925,
          7.5
        ]
      },
      "faces": {
        "north": {
          "uv": [
            13.33333,
            12,
            14,
            12.33333
          ],
          "texture": "#4"
        },
        "east": {
          "uv": [
            13.33333,
            12.66667,
            14,
            13
          ],
          "texture": "#4"
        },
        "south": {
          "uv": [
            13.33333,
            13.33333,
            14,
            13.66667
          ],
          "texture": "#4"
        },
        "west": {
          "uv": [
            14,
            0,
            14.66667,
            0.33333
          ],
          "texture": "#4"
        }
      }
    },
    {
      "from": [
        7.5,
        0.575,
        7.5
      ],
      "to": [
        8.5,
        1.075,
        8.5
      ],
      "rotation": {
        "angle": 0,
        "axis": "y",
        "origin": [
          8,
          -0.35113,
          7.58974
        ]
      },
      "faces": {
        "north": {
          "uv": [
            13.33333,
            12.33333,
            14,
            12
          ],
          "texture": "#4"
        },
        "east": {
          "uv": [
            13.33333,
            13,
            14,
            12.66667
          ],
          "texture": "#4"
        },
        "south": {
          "uv": [
            13.33333,
            13.66667,
            14,
            13.33333
          ],
          "texture": "#4"
        },
        "west": {
          "uv": [
            14,
            0.33333,
            14.66667,
            0
          ],
          "texture": "#4"
        }
      }
    },
    {
      "from": [
        7.4,
        -3.06209,
        6.95897
      ],
      "to": [
        8.6,
        -1.56209,
        8.15897
      ],
      "rotation": {
        "angle": -45,
        "axis": "x",
        "origin": [
          8,
          -0.35113,
          7.58974
        ]
      },
      "faces": {
        "north": {
          "uv": [
            7.33333,
            11.66667,
            8.16667,
            10.66667
          ],
          "texture": "#4"
        },
        "east": {
          "uv": [
            8.66667,
            11.66667,
            9.5,
            10.66667
          ],
          "texture": "#4"
        },
        "south": {
          "uv": [
            10,
            11.66667,
            10.83333,
            10.66667
          ],
          "texture": "#4"
        },
        "west": {
          "uv": [
            11.33333,
            1,
            12.16667,
            0
          ],
          "texture": "#4"
        }
      }
    },
    {
      "from": [
        7.25,
        -3.56209,
        6.80897
      ],
      "to": [
        8.75,
        -3.06209,
        8.30897
      ],
      "rotation": {
        "angle": -45,
        "axis": "x",
        "origin": [
          8,
          -0.35113,
          7.58974
        ]
      },
      "faces": {
        "north": {
          "uv": [
            8,
            13,
            9,
            12.66667
          ],
          "texture": "#4"
        },
        "east": {
          "uv": [
            12.66667,
            8.33333,
            13.66667,
            8
          ],
          "texture": "#4"
        },
        "south": {
          "uv": [
            12.66667,
            9,
            13.66667,
            8.66667
          ],
          "texture": "#4"
        },
        "west": {
          "uv": [
            9.33333,
            13,
            10.33333,
            12.66667
          ],
          "texture": "#4"
        },
        "up": {
          "uv": [
            11,
            1,
            10,
            0
          ],
          "texture": "#4"
        },
        "down": {
          "uv": [
            9.66667,
            9.33333,
            8.66667,
            10.33333
          ],
          "texture": "#4"
        }
      }
    },
    {
      "from": [
        7.25,
        1.075,
        7.25
      ],
      "to": [
        8.75,
        1.575,
        8.75
      ],
      "rotation": {
        "angle": 0,
        "axis": "y",
        "origin": [
          8,
          -0.35113,
          7.58974
        ]
      },
      "faces": {
        "north": {
          "uv": [
            12.66667,
            9.66667,
            13.66667,
            9.33333
          ],
          "texture": "#4"
        },
        "east": {
          "uv": [
            12.66667,
            10.33333,
            13.66667,
            10
          ],
          "texture": "#4"
        },
        "south": {
          "uv": [
            10.66667,
            13,
            11.66667,
            12.66667
          ],
          "texture": "#4"
        },
        "west": {
          "uv": [
            12.66667,
            11,
            13.66667,
            10.66667
          ],
          "texture": "#4"
        },
        "up": {
          "uv": [
            11,
            7.66667,
            10,
            6.66667
          ],
          "texture": "#4"
        },
        "down": {
          "uv": [
            7,
            10,
            6,
            11
          ],
          "texture": "#4"
        }
      }
    },
    {
      "from": [
        7.35,
        -0.98189,
        6.8007
      ],
      "to": [
        8.65,
        1.01811,
        8.8007
      ],
      "rotation": {
        "angle": 45,
        "axis": "x",
        "origin": [
          8,
          -0.35113,
          7.58974
        ]
      },
      "faces": {
        "north": {
          "uv": [
            6,
            10,
            6.83333,
            8.66667
          ],
          "texture": "#4"
        },
        "east": {
          "uv": [
            6,
            4,
            7.33333,
            2.66667
          ],
          "texture": "#4"
        },
        "south": {
          "uv": [
            8.66667,
            8,
            9.5,
            6.66667
          ],
          "texture": "#4"
        },
        "west": {
          "uv": [
            6,
            5.33333,
            7.33333,
            4
          ],
          "texture": "#4"
        },
        "up": {
          "uv": [
            10.16667,
            2.66667,
            9.33333,
            1.33333
          ],
          "texture": "#4"
        },
        "down": {
          "uv": [
            9.5,
            8,
            8.66667,
            9.33333
          ],
          "texture": "#4"
        }
      }
    },
    {
      "from": [
        7.1,
        -0.73189,
        7.0507
      ],
      "to": [
        8.9,
        0.76811,
        8.5507
      ],
      "rotation": {
        "angle": 45,
        "axis": "x",
        "origin": [
          8,
          -0.35113,
          7.58974
        ]
      },
      "faces": {
        "north": {
          "uv": [
            6,
            8.33333,
            7.16667,
            7.33333
          ],
          "texture": "#4"
        },
        "east": {
          "uv": [
            10,
            9,
            11,
            8
          ],
          "texture": "#4"
        },
        "south": {
          "uv": [
            7.33333,
            7.66667,
            8.5,
            6.66667
          ],
          "texture": "#4"
        },
        "west": {
          "uv": [
            10,
            10.33333,
            11,
            9.33333
          ],
          "texture": "#4"
        },
        "up": {
          "uv": [
            9.16667,
            3.66667,
            8,
            2.66667
          ],
          "texture": "#4"
        },
        "down": {
          "uv": [
            9.16667,
            1.33333,
            8,
            2.33333
          ],
          "texture": "#4"
        }
      }
    },
    {
      "from": [
        7.95,
        -0.89494,
        3.67993
      ],
      "to": [
        8.05,
        0.70506,
        6.47993
      ],
      "rotation": {
        "angle": -45,
        "axis": "x",
        "origin": [
          8,
          -0.35113,
          7.58974
        ]
      },
      "faces": {
        "east": {
          "uv": [
            7.83333,
            2.33333,
            6,
            1.33333
          ],
          "texture": "#4"
        },
        "west": {
          "uv": [
            6,
            2.33333,
            7.83333,
            1.33333
          ],
          "texture": "#4"
        }
      }
    },
    {
      "from": [
        7.5,
        -0.0621,
        5.95897
      ],
      "to": [
        8.5,
        0.4379,
        6.95897
      ],
      "rotation": {
        "angle": -45,
        "axis": "x",
        "origin": [
          8,
          -0.35113,
          7.58974
        ]
      },
      "faces": {
        "north": {
          "uv": [
            0.66667,
            14.33333,
            1.33333,
            14
          ],
          "texture": "#4"
        },
        "east": {
          "uv": [
            14,
            1,
            14.66667,
            0.66667
          ],
          "texture": "#4"
        },
        "west": {
          "uv": [
            1.33333,
            14.33333,
            2,
            14
          ],
          "texture": "#4"
        },
        "down": {
          "uv": [
            11.33333,
            6,
            10.66667,
            6.66667
          ],
          "texture": "#4"
        }
      }
    },
    {
      "from": [
        7.5,
        0.4379,
        5.95897
      ],
      "to": [
        8.5,
        1.4379,
        7.95897
      ],
      "rotation": {
        "angle": -45,
        "axis": "x",
        "origin": [
          8,
          -0.35113,
          7.58974
        ]
      },
      "faces": {
        "north": {
          "uv": [
            2.5,
            15.33333,
            3.16667,
            14.66667
          ],
          "texture": "#4"
        },
        "east": {
          "uv": [
            10.66667,
            4.66667,
            12,
            4
          ],
          "texture": "#4"
        },
        "south": {
          "uv": [
            3.16667,
            15.33333,
            3.83333,
            14.66667
          ],
          "texture": "#4"
        },
        "west": {
          "uv": [
            14.16667,
            12,
            15.5,
            11.33333
          ],
          "texture": "#4"
        },
        "up": {
          "uv": [
            11.33333,
            6,
            10.66667,
            4.66667
          ],
          "texture": "#4"
        }
      }
    },
    {
      "from": [
        7.985,
        -1.2179,
        2.70711
      ],
      "to": [
        8.015,
        0.7821,
        6.20711
      ],
      "rotation": {
        "angle": 0,
        "axis": "y",
        "origin": [
          8,
          -0.35113,
          7.58974
        ]
      },
      "faces": {
        "east": {
          "uv": [
            8.33333,
            1.33333,
            6,
            0
          ],
          "texture": "#4"
        },
        "west": {
          "uv": [
            6,
            1.33333,
            8.33333,
            0
          ],
          "texture": "#4"
        }
      }
    },
    {
      "from": [
        7.95,
        -1.4319,
        3.7007
      ],
      "to": [
        8.05,
        -0.2319,
        5.8007
      ],
      "rotation": {
        "angle": 45,
        "axis": "x",
        "origin": [
          8,
          -0.35113,
          7.58974
        ]
      },
      "faces": {
        "east": {
          "uv": [
            10.66667,
            3.5,
            9.33333,
            2.66667
          ],
          "texture": "#4"
        },
        "west": {
          "uv": [
            9.33333,
            3.5,
            10.66667,
            2.66667
          ],
          "texture": "#4"
        }
      }
    },
    {
      "from": [
        7.4,
        -4.06209,
        6.95897
      ],
      "to": [
        8.6,
        -3.06209,
        8.15897
      ],
      "rotation": {
        "angle": -45,
        "axis": "x",
        "origin": [
          8,
          -0.35113,
          7.58974
        ]
      },
      "faces": {
        "north": {
          "uv": [
            12,
            4.66667,
            12.83333,
            4
          ],
          "texture": "#4"
        },
        "east": {
          "uv": [
            7.33333,
            12.66667,
            8.16667,
            12
          ],
          "texture": "#4"
        },
        "south": {
          "uv": [
            8.66667,
            12.66667,
            9.5,
            12
          ],
          "texture": "#4"
        },
        "west": {
          "uv": [
            10,
            12.66667,
            10.83333,
            12
          ],
          "texture": "#4"
        },
        "down": {
          "uv": [
            12.83333,
            1.33333,
            12,
            2.16667
          ],
          "texture": "#4"
        }
      }
    },
    {
      "from": [
        7.985,
        -5.56209,
        6.70897
      ],
      "to": [
        8.015,
        -4.06209,
        8.40897
      ],
      "rotation": {
        "angle": -45,
        "axis": "x",
        "origin": [
          8,
          -0.35113,
          7.58974
        ]
      },
      "faces": {
        "east": {
          "uv": [
            8,
            5,
            9.16667,
            4
          ],
          "texture": "#4"
        },
        "west": {
          "uv": [
            14,
            9.66667,
            15.16667,
            8.66667
          ],
          "texture": "#4"
        }
      }
    },
    {
      "from": [
        7.15,
        -5.56209,
        7.54397
      ],
      "to": [
        8.85,
        -4.06209,
        7.57397
      ],
      "rotation": {
        "angle": -45,
        "axis": "x",
        "origin": [
          8,
          -0.35113,
          7.58974
        ]
      },
      "faces": {
        "north": {
          "uv": [
            8,
            6.33333,
            9.16667,
            5.33333
          ],
          "texture": "#4"
        },
        "south": {
          "uv": [
            7.33333,
            9,
            8.5,
            8
          ],
          "texture": "#4"
        }
      }
    },
    {
      "from": [
        7.4,
        1.075,
        7.4
      ],
      "to": [
        8.6,
        2.075,
        8.6
      ],
      "rotation": {
        "angle": 0,
        "axis": "y",
        "origin": [
          8,
          -0.35113,
          7.58974
        ]
      },
      "faces": {
        "north": {
          "uv": [
            0,
            15.33333,
            0.83333,
            14.66667
          ],
          "texture": "#4"
        },
        "east": {
          "uv": [
            12.66667,
            0.66667,
            13.5,
            0
          ],
          "texture": "#4"
        },
        "south": {
          "uv": [
            12.66667,
            1.33333,
            13.5,
            0.66667
          ],
          "texture": "#4"
        },
        "west": {
          "uv": [
            1.33333,
            15.33333,
            2.16667,
            14.66667
          ],
          "texture": "#4"
        },
        "up": {
          "uv": [
            12.83333,
            3.5,
            12,
            2.66667
          ],
          "texture": "#4"
        }
      }
    },
    {
      "from": [
        6.8599,
        2.075,
        7.86484
      ],
      "to": [
        8.5599,
        3.575,
        7.89484
      ],
      "rotation": {
        "angle": 45,
        "axis": "y",
        "origin": [
          8,
          -0.35113,
          7.58974
        ]
      },
      "faces": {
        "north": {
          "uv": [
            8.66667,
            1,
            9.83333,
            0
          ],
          "texture": "#4"
        },
        "south": {
          "uv": [
            8.66667,
            1,
            9.83333,
            0
          ],
          "texture": "#4"
        }
      }
    },
    {
      "from": [
        7.75,
        -1.42502,
        10.10259
      ],
      "to": [
        8.25,
        0.07498,
        11.60259
      ],
      "rotation": {
        "angle": 22.5,
        "axis": "x",
        "origin": [
          8,
          -0.35113,
          7.58974
        ]
      },
      "faces": {
        "north": {
          "uv": [
            12.66667,
            12.33333,
            13,
            11.33333
          ],
          "texture": "#4"
        },
        "east": {
          "uv": [
            10.66667,
            2.33333,
            11.66667,
            1.33333
          ],
          "texture": "#4"
        },
        "south": {
          "uv": [
            12,
            13.66667,
            12.33333,
            12.66667
          ],
          "texture": "#4"
        },
        "west": {
          "uv": [
            10.66667,
            3.66667,
            11.66667,
            2.66667
          ],
          "texture": "#4"
        },
        "up": {
          "uv": [
            0.33333,
            14.33333,
            0,
            13.33333
          ],
          "texture": "#4"
        },
        "down": {
          "uv": [
            13,
            12.66667,
            12.66667,
            13.66667
          ],
          "texture": "#4"
        }
      }
    },
    {
      "from": [
        7.6949,
        2.075,
        7.02984
      ],
      "to": [
        7.7249,
        3.575,
        8.72984
      ],
      "rotation": {
        "angle": 45,
        "axis": "y",
        "origin": [
          8,
          -0.35113,
          7.58974
        ]
      },
      "faces": {
        "east": {
          "uv": [
            8.66667,
            1,
            9.83333,
            0
          ],
          "texture": "#4"
        },
        "west": {
          "uv": [
            8.66667,
            1,
            9.83333,
            0
          ],
          "texture": "#4"
        }
      }
    },
    {
      "from": [
        7.985,
        -1.5,
        10.25
      ],
      "to": [
        8.015,
        17.5,
        17.25
      ],
      "rotation": {
        "angle": 0,
        "axis": "y",
        "origin": [
          7.985,
          1,
          10.25
        ]
      },
      "faces": {
        "east": {
          "uv": [
            4.66667,
            0,
            0,
            12.66667
          ],
          "texture": "#4"
        },
        "west": {
          "uv": [
            0,
            0,
            4.66667,
            12.66667
          ],
          "texture": "#4"
        }
      }
    }
  ],
  "gui_light": "front",
  "display": {
    "thirdperson_righthand": {
      "translation": [
        0,
        -2,
        1
      ]
    },
    "thirdperson_lefthand": {
      "translation": [
        0,
        -2,
        1
      ]
    },
    "firstperson_righthand": {
      "translation": [
        0,
        3.75,
        1
      ]
    },
    "firstperson_lefthand": {
      "translation": [
        0,
        3.75,
        1
      ]
    },
    "ground": {
      "rotation": [
        45,
        0,
        0
      ],
      "translation": [
        0,
        4.25,
        0
      ],
      "scale": [
        0.7,
        0.7,
        0.7
      ]
    },
    "gui": {
      "rotation": [
        90,
        45,
        90
      ],
      "translation": [
        -0.5,
        0.5,
        0
      ],
      "scale": [
        0.7,
        0.7,
        0.7
      ]
    },
    "head": {
      "rotation": [
        0,
        -90,
        0
      ]
    },
    "fixed": {
      "rotation": [
        0,
        -90,
        0
      ],
      "translation": [
        0,
        0,
        -1.25
      ],
      "scale": [
        2,
        2,
        2
      ]
    }
  }
}