{
  "credit": "Made by PolygonMC",
  "texture_size": [
    24,
    24
  ],
  "textures": {
    "0": "winterset:key",
    "1": "winterset:animations/animations_1",
    "particle": "winterset:key"
  },
  "elements": [
    {
      "from": [
        7.5,
        7.75,
        4.76467
      ],
      "to": [
        8.5,
        8.75,
        6.76467
      ],
      "rotation": {
        "angle": 0,
        "axis": "y",
        "origin": [
          7.5,
          7.75,
          5.76467
        ]
      },
      "faces": {
        "north": {
          "uv": [
            8,
            2.66667,
            9.33333,
            4
          ],
          "texture": "#0"
        },
        "east": {
          "uv": [
            2.66667,
            0,
            5.33333,
            1.33333
          ],
          "texture": "#0"
        },
        "south": {
          "uv": [
            8,
            4,
            9.33333,
            5.33333
          ],
          "texture": "#0"
        },
        "west": {
          "uv": [
            2.66667,
            1.33333,
            5.33333,
            2.66667
          ],
          "texture": "#0"
        },
        "up": {
          "uv": [
            4,
            5.33333,
            2.66667,
            2.66667
          ],
          "texture": "#0"
        },
        "down": {
          "uv": [
            5.33333,
            2.66667,
            4,
            5.33333
          ],
          "texture": "#0"
        }
      }
    },
    {
      "from": [
        7.6,
        7.85,
        6.76467
      ],
      "to": [
        8.4,
        8.65,
        7.26467
      ],
      "rotation": {
        "angle": 0,
        "axis": "y",
        "origin": [
          7.5,
          7.75,
          5.76467
        ]
      },
      "faces": {
        "north": {
          "uv": [
            10.66667,
            4,
            11.66667,
            5
          ],
          "texture": "#0"
        },
        "east": {
          "uv": [
            12,
            0,
            12.66667,
            1
          ],
          "texture": "#0"
        },
        "south": {
          "uv": [
            10.66667,
            5.33333,
            11.66667,
            6.33333
          ],
          "texture": "#0"
        },
        "west": {
          "uv": [
            12,
            1.33333,
            12.66667,
            2.33333
          ],
          "texture": "#0"
        },
        "up": {
          "uv": [
            13,
            3.33333,
            12,
            2.66667
          ],
          "texture": "#0"
        },
        "down": {
          "uv": [
            5,
            12,
            4,
            12.66667
          ],
          "texture": "#0"
        }
      }
    },
    {
      "from": [
        7.7,
        7.95,
        7.26467
      ],
      "to": [
        8.3,
        8.55,
        8.76467
      ],
      "rotation": {
        "angle": 0,
        "axis": "y",
        "origin": [
          7.5,
          7.75,
          6.26467
        ]
      },
      "faces": {
        "north": {
          "uv": [
            2.66667,
            13.33333,
            3.33333,
            14
          ],
          "texture": "#0"
        },
        "east": {
          "uv": [
            9.33333,
            0,
            11.33333,
            0.66667
          ],
          "texture": "#0"
        },
        "south": {
          "uv": [
            13.33333,
            2.66667,
            14,
            3.33333
          ],
          "texture": "#0"
        },
        "west": {
          "uv": [
            1.33333,
            9.33333,
            3.33333,
            10
          ],
          "texture": "#0"
        },
        "up": {
          "uv": [
            10,
            3.33333,
            9.33333,
            1.33333
          ],
          "texture": "#0"
        },
        "down": {
          "uv": [
            4.66667,
            9.33333,
            4,
            11.33333
          ],
          "texture": "#0"
        }
      }
    },
    {
      "from": [
        7.6,
        7.85,
        8.76467
      ],
      "to": [
        8.4,
        8.65,
        9.26467
      ],
      "rotation": {
        "angle": 0,
        "axis": "y",
        "origin": [
          7.5,
          7.75,
          7.76467
        ]
      },
      "faces": {
        "north": {
          "uv": [
            10.66667,
            6.66667,
            11.66667,
            7.66667
          ],
          "texture": "#0"
        },
        "east": {
          "uv": [
            8,
            12,
            8.66667,
            13
          ],
          "texture": "#0"
        },
        "south": {
          "uv": [
            8,
            10.66667,
            9,
            11.66667
          ],
          "texture": "#0"
        },
        "west": {
          "uv": [
            9.33333,
            12,
            10,
            13
          ],
          "texture": "#0"
        },
        "up": {
          "uv": [
            13,
            10,
            12,
            9.33333
          ],
          "texture": "#0"
        },
        "down": {
          "uv": [
            11.66667,
            12,
            10.66667,
            12.66667
          ],
          "texture": "#0"
        }
      }
    },
    {
      "from": [
        7.5,
        7.5,
        9.01467
      ],
      "to": [
        8.5,
        9,
        10.51467
      ],
      "rotation": {
        "angle": -45,
        "axis": "x",
        "origin": [
          8,
          8.25,
          9.76467
        ]
      },
      "faces": {
        "north": {
          "uv": [
            0,
            5.33333,
            1.33333,
            7.33333
          ],
          "texture": "#0"
        },
        "east": {
          "uv": [
            0,
            0,
            2,
            2
          ],
          "texture": "#0"
        },
        "south": {
          "uv": [
            5.33333,
            0,
            6.66667,
            2
          ],
          "texture": "#0"
        },
        "west": {
          "uv": [
            0,
            2.66667,
            2,
            4.66667
          ],
          "texture": "#0"
        },
        "up": {
          "uv": [
            2.66667,
            7.33333,
            1.33333,
            5.33333
          ],
          "texture": "#0"
        },
        "down": {
          "uv": [
            4,
            5.33333,
            2.66667,
            7.33333
          ],
          "texture": "#0"
        }
      }
    },
    {
      "from": [
        7.25,
        7.75,
        9.26467
      ],
      "to": [
        8.75,
        8.75,
        10.26467
      ],
      "rotation": {
        "angle": -45,
        "axis": "x",
        "origin": [
          8,
          8.25,
          9.76467
        ]
      },
      "faces": {
        "north": {
          "uv": [
            5.33333,
            4,
            7.33333,
            5.33333
          ],
          "texture": "#0"
        },
        "east": {
          "uv": [
            5.33333,
            8,
            6.66667,
            9.33333
          ],
          "texture": "#0"
        },
        "south": {
          "uv": [
            6.66667,
            0,
            8.66667,
            1.33333
          ],
          "texture": "#0"
        },
        "west": {
          "uv": [
            6.66667,
            8,
            8,
            9.33333
          ],
          "texture": "#0"
        },
        "up": {
          "uv": [
            8.66667,
            2.66667,
            6.66667,
            1.33333
          ],
          "texture": "#0"
        },
        "down": {
          "uv": [
            6,
            6.66667,
            4,
            8
          ],
          "texture": "#0"
        }
      }
    },
    {
      "from": [
        7.8525,
        6.91,
        5.46967
      ],
      "to": [
        8.1475,
        7.84,
        6.05967
      ],
      "rotation": {
        "angle": 0,
        "axis": "y",
        "origin": [
          7.8525,
          6.16,
          4.96967
        ]
      },
      "faces": {
        "north": {
          "uv": [
            12,
            10.66667,
            12.33333,
            12
          ],
          "texture": "#0"
        },
        "east": {
          "uv": [
            10.66667,
            8,
            11.33333,
            9.33333
          ],
          "texture": "#0"
        },
        "south": {
          "uv": [
            12,
            12,
            12.33333,
            13.33333
          ],
          "texture": "#0"
        },
        "west": {
          "uv": [
            10.66667,
            9.33333,
            11.33333,
            10.66667
          ],
          "texture": "#0"
        },
        "up": {
          "uv": [
            8.33333,
            14,
            8,
            13.33333
          ],
          "texture": "#0"
        },
        "down": {
          "uv": [
            13.66667,
            8,
            13.33333,
            8.66667
          ],
          "texture": "#0"
        }
      }
    },
    {
      "from": [
        7.705,
        6.66,
        6.05967
      ],
      "to": [
        8.295,
        7.84,
        6.64967
      ],
      "rotation": {
        "angle": 0,
        "axis": "y",
        "origin": [
          7.8525,
          6.16,
          4.96967
        ]
      },
      "faces": {
        "north": {
          "uv": [
            9.33333,
            4,
            10,
            5.66667
          ],
          "texture": "#0"
        },
        "east": {
          "uv": [
            5.33333,
            9.33333,
            6,
            11
          ],
          "texture": "#0"
        },
        "south": {
          "uv": [
            6.66667,
            9.33333,
            7.33333,
            11
          ],
          "texture": "#0"
        },
        "west": {
          "uv": [
            9.33333,
            6.66667,
            10,
            8.33333
          ],
          "texture": "#0"
        },
        "up": {
          "uv": [
            0.66667,
            14,
            0,
            13.33333
          ],
          "texture": "#0"
        },
        "down": {
          "uv": [
            14,
            0,
            13.33333,
            0.66667
          ],
          "texture": "#0"
        }
      }
    },
    {
      "from": [
        7.705,
        6.66,
        4.87967
      ],
      "to": [
        8.295,
        7.84,
        5.46967
      ],
      "rotation": {
        "angle": 0,
        "axis": "y",
        "origin": [
          7.8525,
          6.16,
          4.96967
        ]
      },
      "faces": {
        "north": {
          "uv": [
            9.33333,
            9.33333,
            10,
            11
          ],
          "texture": "#0"
        },
        "east": {
          "uv": [
            1.33333,
            10.66667,
            2,
            12.33333
          ],
          "texture": "#0"
        },
        "south": {
          "uv": [
            10.66667,
            1.33333,
            11.33333,
            3
          ],
          "texture": "#0"
        },
        "west": {
          "uv": [
            2.66667,
            10.66667,
            3.33333,
            12.33333
          ],
          "texture": "#0"
        },
        "up": {
          "uv": [
            2,
            14,
            1.33333,
            13.33333
          ],
          "texture": "#0"
        },
        "down": {
          "uv": [
            14,
            1.33333,
            13.33333,
            2
          ],
          "texture": "#0"
        }
      }
    },
    {
      "from": [
        7.75,
        7.75,
        10.07533
      ],
      "to": [
        8.25,
        8.75,
        11.57533
      ],
      "rotation": {
        "angle": 0,
        "axis": "x",
        "origin": [
          8,
          8.25,
          11.07533
        ]
      },
      "faces": {
        "north": {
          "uv": [
            10.66667,
            10.66667,
            11.33333,
            12
          ],
          "texture": "#0"
        },
        "east": {
          "uv": [
            5.33333,
            2.66667,
            7.33333,
            4
          ],
          "texture": "#0"
        },
        "south": {
          "uv": [
            0,
            12,
            0.66667,
            13.33333
          ],
          "texture": "#0"
        },
        "west": {
          "uv": [
            4,
            5.33333,
            6,
            6.66667
          ],
          "texture": "#0"
        },
        "up": {
          "uv": [
            8.66667,
            10,
            8,
            8
          ],
          "texture": "#0"
        },
        "down": {
          "uv": [
            0.66667,
            9.33333,
            0,
            11.33333
          ],
          "texture": "#0"
        }
      }
    },
    {
      "from": [
        7.815,
        8.38,
        9.83533
      ],
      "to": [
        8.185,
        9.12,
        11.31533
      ],
      "rotation": {
        "angle": -22.5,
        "axis": "x",
        "origin": [
          8,
          8.75,
          10.57533
        ]
      },
      "faces": {
        "north": {
          "uv": [
            4,
            13.33333,
            4.33333,
            14.33333
          ],
          "texture": "#0"
        },
        "east": {
          "uv": [
            6.66667,
            5.33333,
            8.66667,
            6.33333
          ],
          "texture": "#0"
        },
        "south": {
          "uv": [
            13.33333,
            4,
            13.66667,
            5
          ],
          "texture": "#0"
        },
        "west": {
          "uv": [
            6.66667,
            6.66667,
            8.66667,
            7.66667
          ],
          "texture": "#0"
        },
        "up": {
          "uv": [
            12.33333,
            6,
            12,
            4
          ],
          "texture": "#0"
        },
        "down": {
          "uv": [
            5.66667,
            12,
            5.33333,
            14
          ],
          "texture": "#0"
        }
      }
    },
    {
      "from": [
        7.815,
        7.38,
        9.83533
      ],
      "to": [
        8.185,
        8.12,
        11.31533
      ],
      "rotation": {
        "angle": 22.5,
        "axis": "x",
        "origin": [
          8,
          7.75,
          10.57533
        ]
      },
      "faces": {
        "north": {
          "uv": [
            13.33333,
            5.33333,
            13.66667,
            6.33333
          ],
          "texture": "#0"
        },
        "east": {
          "uv": [
            0,
            8,
            2,
            9
          ],
          "texture": "#0"
        },
        "south": {
          "uv": [
            13.33333,
            6.66667,
            13.66667,
            7.66667
          ],
          "texture": "#0"
        },
        "west": {
          "uv": [
            2.66667,
            8,
            4.66667,
            9
          ],
          "texture": "#0"
        },
        "up": {
          "uv": [
            7,
            14,
            6.66667,
            12
          ],
          "texture": "#0"
        },
        "down": {
          "uv": [
            12.33333,
            6.66667,
            12,
            8.66667
          ],
          "texture": "#0"
        }
      }
    },
    {
      "from": [
        8,
        3.25,
        1.73939
      ],
      "to": [
        8.03,
        11.25,
        9.73939
      ],
      "rotation": {
        "angle": 45,
        "axis": "y",
        "origin": [
          8,
          7.25,
          5.73939
        ]
      },
      "faces": {
        "east": {
          "uv": [
            13.83333,
            2,
            2,
            13.83333
          ],
          "texture": "#1"
        },
        "west": {
          "uv": [
            2,
            2,
            13.83333,
            13.83333
          ],
          "texture": "#1"
        }
      }
    },
    {
      "from": [
        4,
        3.25,
        5.73939
      ],
      "to": [
        12,
        11.25,
        5.76939
      ],
      "rotation": {
        "angle": 45,
        "axis": "y",
        "origin": [
          8,
          7.25,
          5.73939
        ]
      },
      "faces": {
        "north": {
          "uv": [
            2,
            2,
            13.83333,
            13.83333
          ],
          "texture": "#1"
        },
        "south": {
          "uv": [
            13.83333,
            2,
            2,
            13.83333
          ],
          "texture": "#1"
        }
      }
    }
  ],
  "gui_light": "front",
  "display": {
    "thirdperson_righthand": {
      "rotation": [
        90,
        0,
        0
      ],
      "translation": [
        0,
        2,
        0.5
      ]
    },
    "thirdperson_lefthand": {
      "rotation": [
        90,
        0,
        0
      ],
      "translation": [
        0,
        2,
        0.5
      ]
    },
    "firstperson_righthand": {
      "rotation": [
        55,
        0,
        -35
      ],
      "translation": [
        -4,
        6.5,
        5.25
      ]
    },
    "firstperson_lefthand": {
      "rotation": [
        55,
        0,
        -35
      ],
      "translation": [
        -4,
        6.5,
        5.25
      ]
    },
    "ground": {
      "rotation": [
        45,
        0,
        0
      ]
    },
    "gui": {
      "rotation": [
        -90,
        135,
        90
      ],
      "translation": [
        0,
        0.25,
        0
      ],
      "scale": [
        2.55664,
        2.55664,
        2.55664
      ]
    },
    "fixed": {
      "rotation": [
        90,
        -45,
        90
      ],
      "translation": [
        0,
        0,
        -1.75
      ],
      "scale": [
        3.16016,
        3.16016,
        3.16016
      ]
    }
  }
}