{
  "credit": "Made by PolygonMC",
  "texture_size": [
    28,
    28
  ],
  "textures": {
    "3": "winterset:animations/animations_1",
    "4": "winterset:shield"
  },
  "elements": [
    {
      "from": [
        7.5,
        2.43713,
        5.55
      ],
      "to": [
        8.5,
        2.93713,
        6.55
      ],
      "rotation": {
        "angle": 0,
        "axis": "y",
        "origin": [
          8.5,
          0.93713,
          5.55
        ]
      },
      "faces": {
        "north": {
          "uv": [
            9.14286,
            13.14286,
            9.71429,
            13.42857
          ],
          "texture": "#4"
        },
        "east": {
          "uv": [
            7.42857,
            13.14286,
            8,
            13.42857
          ],
          "texture": "#4"
        },
        "south": {
          "uv": [
            8,
            13.14286,
            8.57143,
            13.42857
          ],
          "texture": "#4"
        },
        "west": {
          "uv": [
            8.57143,
            13.14286,
            9.14286,
            13.42857
          ],
          "texture": "#4"
        }
      }
    },
    {
      "from": [
        7.5,
        12.41213,
        5.55
      ],
      "to": [
        8.5,
        12.91213,
        6.55
      ],
      "rotation": {
        "angle": 0,
        "axis": "y",
        "origin": [
          8.5,
          11.41213,
          5.55
        ]
      },
      "faces": {
        "north": {
          "uv": [
            11.42857,
            13.14286,
            12,
            13.42857
          ],
          "texture": "#4"
        },
        "east": {
          "uv": [
            9.71429,
            13.14286,
            10.28571,
            13.42857
          ],
          "texture": "#4"
        },
        "south": {
          "uv": [
            10.28571,
            13.14286,
            10.85714,
            13.42857
          ],
          "texture": "#4"
        },
        "west": {
          "uv": [
            10.85714,
            13.14286,
            11.42857,
            13.42857
          ],
          "texture": "#4"
        }
      }
    },
    {
      "from": [
        7.4,
        5.975,
        9.45
      ],
      "to": [
        8.6,
        6.575,
        10.65
      ],
      "rotation": {
        "angle": 0,
        "axis": "y",
        "origin": [
          8.5,
          4.975,
          9.55
        ]
      },
      "faces": {
        "north": {
          "uv": [
            13.14286,
            5.14286,
            13.85714,
            5.42857
          ],
          "texture": "#4"
        },
        "east": {
          "uv": [
            13.14286,
            3.42857,
            13.85714,
            3.71429
          ],
          "texture": "#4"
        },
        "south": {
          "uv": [
            13.14286,
            4,
            13.85714,
            4.28571
          ],
          "texture": "#4"
        },
        "west": {
          "uv": [
            13.14286,
            4.57143,
            13.85714,
            4.85714
          ],
          "texture": "#4"
        },
        "up": {
          "uv": [
            11.57143,
            7,
            10.85714,
            6.28571
          ],
          "rotation": 90,
          "texture": "#4"
        }
      }
    },
    {
      "from": [
        7.4,
        9.425,
        9.45
      ],
      "to": [
        8.6,
        10.025,
        10.65
      ],
      "rotation": {
        "angle": 0,
        "axis": "y",
        "origin": [
          8.5,
          7.925,
          9.55
        ]
      },
      "faces": {
        "north": {
          "uv": [
            13.14286,
            6.85714,
            13.85714,
            7.14286
          ],
          "texture": "#4"
        },
        "east": {
          "uv": [
            13.14286,
            5.71429,
            13.85714,
            6
          ],
          "texture": "#4"
        },
        "south": {
          "uv": [
            6.28571,
            13.14286,
            7,
            13.42857
          ],
          "texture": "#4"
        },
        "west": {
          "uv": [
            13.14286,
            6.28571,
            13.85714,
            6.57143
          ],
          "texture": "#4"
        },
        "down": {
          "uv": [
            9.85714,
            10.85714,
            9.14286,
            11.57143
          ],
          "rotation": 270,
          "texture": "#4"
        }
      }
    },
    {
      "from": [
        7.5,
        6.575,
        9.55
      ],
      "to": [
        8.5,
        9.425,
        10.55
      ],
      "rotation": {
        "angle": 0,
        "axis": "y",
        "origin": [
          8,
          8,
          10.05
        ]
      },
      "faces": {
        "north": {
          "uv": [
            9.14286,
            5.71429,
            9.71429,
            7.28571
          ],
          "texture": "#4"
        },
        "east": {
          "uv": [
            8.57143,
            8.57143,
            9.14286,
            10.14286
          ],
          "texture": "#4"
        },
        "south": {
          "uv": [
            9.14286,
            2.28571,
            9.71429,
            3.85714
          ],
          "texture": "#4"
        },
        "west": {
          "uv": [
            9.14286,
            4,
            9.71429,
            5.57143
          ],
          "texture": "#4"
        }
      }
    },
    {
      "from": [
        7.4,
        3.41213,
        5.45
      ],
      "to": [
        8.6,
        6.91213,
        6.65
      ],
      "rotation": {
        "angle": 0,
        "axis": "y",
        "origin": [
          8,
          9.48713,
          13.05
        ]
      },
      "faces": {
        "north": {
          "uv": [
            6.85714,
            7.42857,
            7.57143,
            9.42857
          ],
          "texture": "#4"
        },
        "east": {
          "uv": [
            6.28571,
            5.14286,
            7,
            7.14286
          ],
          "texture": "#4"
        },
        "south": {
          "uv": [
            7.42857,
            5.14286,
            8.14286,
            7.14286
          ],
          "texture": "#4"
        },
        "west": {
          "uv": [
            5.71429,
            7.42857,
            6.42857,
            9.42857
          ],
          "texture": "#4"
        }
      }
    },
    {
      "from": [
        7.25,
        5.475,
        9.3
      ],
      "to": [
        8.75,
        5.975,
        10.8
      ],
      "rotation": {
        "angle": 0,
        "axis": "y",
        "origin": [
          8.5,
          4.475,
          9.55
        ]
      },
      "faces": {
        "north": {
          "uv": [
            12.57143,
            7.42857,
            13.42857,
            7.71429
          ],
          "texture": "#4"
        },
        "east": {
          "uv": [
            12.57143,
            2.85714,
            13.42857,
            3.14286
          ],
          "texture": "#4"
        },
        "south": {
          "uv": [
            6.28571,
            12.57143,
            7.14286,
            12.85714
          ],
          "texture": "#4"
        },
        "west": {
          "uv": [
            7.42857,
            12.57143,
            8.28571,
            12.85714
          ],
          "texture": "#4"
        },
        "up": {
          "uv": [
            10.57143,
            7.71429,
            9.71429,
            6.85714
          ],
          "rotation": 90,
          "texture": "#4"
        },
        "down": {
          "uv": [
            10,
            9.71429,
            9.14286,
            10.57143
          ],
          "rotation": 270,
          "texture": "#4"
        }
      }
    },
    {
      "from": [
        7.25,
        10.025,
        9.3
      ],
      "to": [
        8.75,
        10.525,
        10.8
      ],
      "rotation": {
        "angle": 0,
        "axis": "y",
        "origin": [
          8.5,
          0.525,
          9.55
        ]
      },
      "faces": {
        "north": {
          "uv": [
            12.57143,
            9.71429,
            13.42857,
            10
          ],
          "texture": "#4"
        },
        "east": {
          "uv": [
            12.57143,
            8,
            13.42857,
            8.28571
          ],
          "texture": "#4"
        },
        "south": {
          "uv": [
            12.57143,
            8.57143,
            13.42857,
            8.85714
          ],
          "texture": "#4"
        },
        "west": {
          "uv": [
            12.57143,
            9.14286,
            13.42857,
            9.42857
          ],
          "texture": "#4"
        },
        "up": {
          "uv": [
            0.85714,
            11.14286,
            0,
            10.28571
          ],
          "rotation": 90,
          "texture": "#4"
        },
        "down": {
          "uv": [
            2,
            10.28571,
            1.14286,
            11.14286
          ],
          "rotation": 270,
          "texture": "#4"
        }
      }
    },
    {
      "from": [
        7.25,
        2.91213,
        5.3
      ],
      "to": [
        8.75,
        3.41213,
        6.8
      ],
      "rotation": {
        "angle": 0,
        "axis": "y",
        "origin": [
          8.5,
          1.91213,
          12.55
        ]
      },
      "faces": {
        "north": {
          "uv": [
            12.57143,
            11.42857,
            13.42857,
            11.71429
          ],
          "texture": "#4"
        },
        "east": {
          "uv": [
            10.28571,
            12.57143,
            11.14286,
            12.85714
          ],
          "texture": "#4"
        },
        "south": {
          "uv": [
            12.57143,
            10.28571,
            13.42857,
            10.57143
          ],
          "texture": "#4"
        },
        "west": {
          "uv": [
            12.57143,
            10.85714,
            13.42857,
            11.14286
          ],
          "texture": "#4"
        },
        "up": {
          "uv": [
            3.14286,
            11.14286,
            2.28571,
            10.28571
          ],
          "rotation": 90,
          "texture": "#4"
        },
        "down": {
          "uv": [
            4.28571,
            10.28571,
            3.42857,
            11.14286
          ],
          "rotation": 270,
          "texture": "#4"
        }
      }
    },
    {
      "from": [
        7.25,
        6.91213,
        5.3
      ],
      "to": [
        8.75,
        7.41213,
        6.8
      ],
      "rotation": {
        "angle": 0,
        "axis": "y",
        "origin": [
          8.5,
          5.91213,
          5.55
        ]
      },
      "faces": {
        "north": {
          "uv": [
            13.14286,
            0.57143,
            14,
            0.85714
          ],
          "texture": "#4"
        },
        "east": {
          "uv": [
            12.57143,
            12,
            13.42857,
            12.28571
          ],
          "texture": "#4"
        },
        "south": {
          "uv": [
            12.57143,
            12.57143,
            13.42857,
            12.85714
          ],
          "texture": "#4"
        },
        "west": {
          "uv": [
            13.14286,
            0,
            14,
            0.28571
          ],
          "texture": "#4"
        },
        "up": {
          "uv": [
            5.42857,
            11.14286,
            4.57143,
            10.28571
          ],
          "rotation": 90,
          "texture": "#4"
        },
        "down": {
          "uv": [
            11.14286,
            8,
            10.28571,
            8.85714
          ],
          "rotation": 270,
          "texture": "#4"
        }
      }
    },
    {
      "from": [
        7.25,
        11.91213,
        5.3
      ],
      "to": [
        8.75,
        12.41213,
        6.8
      ],
      "rotation": {
        "angle": 0,
        "axis": "y",
        "origin": [
          8.5,
          3.91213,
          5.55
        ]
      },
      "faces": {
        "north": {
          "uv": [
            2.28571,
            13.14286,
            3.14286,
            13.42857
          ],
          "texture": "#4"
        },
        "east": {
          "uv": [
            1.14286,
            13.14286,
            2,
            13.42857
          ],
          "texture": "#4"
        },
        "south": {
          "uv": [
            13.14286,
            1.14286,
            14,
            1.42857
          ],
          "texture": "#4"
        },
        "west": {
          "uv": [
            13.14286,
            1.71429,
            14,
            2
          ],
          "texture": "#4"
        },
        "up": {
          "uv": [
            11.14286,
            10,
            10.28571,
            9.14286
          ],
          "rotation": 90,
          "texture": "#4"
        },
        "down": {
          "uv": [
            11.14286,
            10.28571,
            10.28571,
            11.14286
          ],
          "rotation": 270,
          "texture": "#4"
        }
      }
    },
    {
      "from": [
        7.33,
        1.51713,
        5.38
      ],
      "to": [
        8.67,
        2.85713,
        6.72
      ],
      "rotation": {
        "angle": -45,
        "axis": "z",
        "origin": [
          8,
          2.18713,
          6.05
        ]
      },
      "faces": {
        "north": {
          "uv": [
            3.42857,
            11.42857,
            4.14286,
            12.14286
          ],
          "texture": "#4"
        },
        "east": {
          "uv": [
            0,
            11.42857,
            0.71429,
            12.14286
          ],
          "texture": "#4"
        },
        "south": {
          "uv": [
            1.14286,
            11.42857,
            1.85714,
            12.14286
          ],
          "texture": "#4"
        },
        "west": {
          "uv": [
            2.28571,
            11.42857,
            3,
            12.14286
          ],
          "texture": "#4"
        },
        "up": {
          "uv": [
            5.28571,
            12.14286,
            4.57143,
            11.42857
          ],
          "rotation": 90,
          "texture": "#4"
        },
        "down": {
          "uv": [
            12.14286,
            4.57143,
            11.42857,
            5.28571
          ],
          "rotation": 270,
          "texture": "#4"
        }
      }
    },
    {
      "from": [
        7.33,
        4.35766,
        9.38
      ],
      "to": [
        8.67,
        5.69766,
        10.72
      ],
      "rotation": {
        "angle": -45,
        "axis": "z",
        "origin": [
          8,
          5.02766,
          3.05
        ]
      },
      "faces": {
        "north": {
          "uv": [
            11.42857,
            9.71429,
            12.14286,
            10.42857
          ],
          "texture": "#4"
        },
        "east": {
          "uv": [
            6.28571,
            11.42857,
            7,
            12.14286
          ],
          "texture": "#4"
        },
        "south": {
          "uv": [
            11.42857,
            7.42857,
            12.14286,
            8.14286
          ],
          "texture": "#4"
        },
        "west": {
          "uv": [
            11.42857,
            8.57143,
            12.14286,
            9.28571
          ],
          "texture": "#4"
        },
        "up": {
          "uv": [
            11,
            12.14286,
            10.28571,
            11.42857
          ],
          "rotation": 90,
          "texture": "#4"
        },
        "down": {
          "uv": [
            12.14286,
            10.85714,
            11.42857,
            11.57143
          ],
          "rotation": 270,
          "texture": "#4"
        }
      }
    },
    {
      "from": [
        7.33,
        10.30234,
        9.38
      ],
      "to": [
        8.67,
        11.64234,
        10.72
      ],
      "rotation": {
        "angle": 45,
        "axis": "z",
        "origin": [
          8,
          10.97234,
          3.05
        ]
      },
      "faces": {
        "north": {
          "uv": [
            12,
            5.71429,
            12.71429,
            6.42857
          ],
          "texture": "#4"
        },
        "east": {
          "uv": [
            12,
            0,
            12.71429,
            0.71429
          ],
          "texture": "#4"
        },
        "south": {
          "uv": [
            12,
            1.14286,
            12.71429,
            1.85714
          ],
          "texture": "#4"
        },
        "west": {
          "uv": [
            12,
            3.42857,
            12.71429,
            4.14286
          ],
          "texture": "#4"
        },
        "up": {
          "uv": [
            9.28571,
            12.71429,
            8.57143,
            12
          ],
          "rotation": 90,
          "texture": "#4"
        },
        "down": {
          "uv": [
            12.14286,
            12,
            11.42857,
            12.71429
          ],
          "rotation": 270,
          "texture": "#4"
        }
      }
    },
    {
      "from": [
        6,
        12.31213,
        5.4
      ],
      "to": [
        8,
        14.31213,
        6.7
      ],
      "rotation": {
        "angle": -45,
        "axis": "z",
        "origin": [
          8,
          12.31213,
          5.3
        ]
      },
      "faces": {
        "north": {
          "uv": [
            8.57143,
            1.14286,
            9.71429,
            2.28571
          ],
          "texture": "#4"
        },
        "east": {
          "uv": [
            9.71429,
            4.57143,
            10.42857,
            5.71429
          ],
          "texture": "#4"
        },
        "south": {
          "uv": [
            8.57143,
            0,
            9.71429,
            1.14286
          ],
          "texture": "#4"
        },
        "west": {
          "uv": [
            5.71429,
            9.71429,
            6.42857,
            10.85714
          ],
          "texture": "#4"
        },
        "up": {
          "uv": [
            10.42857,
            6.85714,
            9.71429,
            5.71429
          ],
          "rotation": 90,
          "texture": "#4"
        },
        "down": {
          "uv": [
            7.57143,
            9.71429,
            6.85714,
            10.85714
          ],
          "rotation": 270,
          "texture": "#4"
        }
      }
    },
    {
      "from": [
        6.25,
        12.56213,
        5.15
      ],
      "to": [
        7.75,
        14.06213,
        6.95
      ],
      "rotation": {
        "angle": -45,
        "axis": "z",
        "origin": [
          8,
          12.31213,
          5.3
        ]
      },
      "faces": {
        "north": {
          "uv": [
            10.85714,
            1.14286,
            11.71429,
            2
          ],
          "texture": "#4"
        },
        "east": {
          "uv": [
            9.14286,
            8.57143,
            10.14286,
            9.42857
          ],
          "texture": "#4"
        },
        "south": {
          "uv": [
            10.85714,
            0,
            11.71429,
            0.85714
          ],
          "texture": "#4"
        },
        "west": {
          "uv": [
            9.71429,
            0,
            10.71429,
            0.85714
          ],
          "texture": "#4"
        },
        "up": {
          "uv": [
            10.71429,
            2,
            9.71429,
            1.14286
          ],
          "rotation": 90,
          "texture": "#4"
        },
        "down": {
          "uv": [
            10.71429,
            2.28571,
            9.71429,
            3.14286
          ],
          "rotation": 270,
          "texture": "#4"
        }
      }
    },
    {
      "from": [
        8.62794,
        13.86287,
        5.9
      ],
      "to": [
        10.22794,
        16.66287,
        6
      ],
      "rotation": {
        "angle": 0,
        "axis": "x",
        "origin": [
          10.1545,
          15.16842,
          5.95
        ]
      },
      "faces": {
        "north": {
          "uv": [
            8,
            7.42857,
            9.57143,
            8.28571
          ],
          "rotation": 90,
          "texture": "#4"
        },
        "south": {
          "uv": [
            9.57143,
            7.42857,
            8,
            8.28571
          ],
          "rotation": 270,
          "texture": "#4"
        }
      }
    },
    {
      "from": [
        11.41421,
        12.89792,
        5.55
      ],
      "to": [
        12.41421,
        13.39792,
        6.55
      ],
      "rotation": {
        "angle": 45,
        "axis": "z",
        "origin": [
          9.41421,
          10.89792,
          5.55
        ]
      },
      "faces": {
        "north": {
          "uv": [
            13.14286,
            13.14286,
            13.71429,
            13.42857
          ],
          "texture": "#4"
        },
        "east": {
          "uv": [
            12,
            13.14286,
            12.57143,
            13.42857
          ],
          "texture": "#4"
        },
        "south": {
          "uv": [
            12.57143,
            13.14286,
            13.14286,
            13.42857
          ],
          "texture": "#4"
        },
        "up": {
          "uv": [
            10.28571,
            8.57143,
            9.71429,
            8
          ],
          "rotation": 90,
          "texture": "#4"
        }
      }
    },
    {
      "from": [
        10.41421,
        11.89792,
        5.55
      ],
      "to": [
        12.41421,
        12.89792,
        6.55
      ],
      "rotation": {
        "angle": 45,
        "axis": "z",
        "origin": [
          9.41421,
          10.89792,
          5.55
        ]
      },
      "faces": {
        "north": {
          "uv": [
            10.85714,
            4,
            12,
            4.57143
          ],
          "texture": "#4"
        },
        "east": {
          "uv": [
            10.85714,
            7.42857,
            11.42857,
            8
          ],
          "texture": "#4"
        },
        "south": {
          "uv": [
            10.85714,
            3.42857,
            12,
            4
          ],
          "texture": "#4"
        },
        "west": {
          "uv": [
            8.57143,
            11.42857,
            9.14286,
            12
          ],
          "texture": "#4"
        },
        "down": {
          "uv": [
            6.28571,
            6.28571,
            5.71429,
            7.42857
          ],
          "rotation": 270,
          "texture": "#4"
        }
      }
    },
    {
      "from": [
        8.99289,
        13.30503,
        5.935
      ],
      "to": [
        12.49289,
        15.30503,
        5.965
      ],
      "rotation": {
        "angle": 45,
        "axis": "z",
        "origin": [
          10.1545,
          15.16842,
          5.95
        ]
      },
      "faces": {
        "north": {
          "uv": [
            6.28571,
            4,
            8.28571,
            5.14286
          ],
          "texture": "#4"
        },
        "south": {
          "uv": [
            8.28571,
            4,
            6.28571,
            5.14286
          ],
          "texture": "#4"
        }
      }
    },
    {
      "from": [
        6.625,
        -1.26287,
        6.035
      ],
      "to": [
        9.375,
        2.73713,
        6.065
      ],
      "rotation": {
        "angle": 45,
        "axis": "y",
        "origin": [
          8,
          0.73713,
          6.05
        ]
      },
      "faces": {
        "north": {
          "uv": [
            4.57143,
            4,
            6.14286,
            6.28571
          ],
          "texture": "#4"
        },
        "south": {
          "uv": [
            6.14286,
            4,
            4.57143,
            6.28571
          ],
          "texture": "#4"
        }
      }
    },
    {
      "from": [
        6.625,
        -1.26287,
        6.035
      ],
      "to": [
        9.375,
        2.73713,
        6.065
      ],
      "rotation": {
        "angle": -45,
        "axis": "y",
        "origin": [
          8,
          0.73713,
          6.05
        ]
      },
      "faces": {
        "north": {
          "uv": [
            4.57143,
            4,
            6.14286,
            6.28571
          ],
          "texture": "#4"
        },
        "south": {
          "uv": [
            6.14286,
            4,
            4.57143,
            6.28571
          ],
          "texture": "#4"
        }
      }
    },
    {
      "from": [
        7.4,
        6.91213,
        5.45
      ],
      "to": [
        8.6,
        7.91213,
        6.65
      ],
      "rotation": {
        "angle": 0,
        "axis": "y",
        "origin": [
          8.5,
          2.91213,
          5.55
        ]
      },
      "faces": {
        "north": {
          "uv": [
            12.57143,
            2.28571,
            13.28571,
            2.85714
          ],
          "texture": "#4"
        },
        "east": {
          "uv": [
            12,
            6.85714,
            12.71429,
            7.42857
          ],
          "texture": "#4"
        },
        "south": {
          "uv": [
            1.14286,
            12.57143,
            1.85714,
            13.14286
          ],
          "texture": "#4"
        },
        "west": {
          "uv": [
            2.28571,
            12.57143,
            3,
            13.14286
          ],
          "texture": "#4"
        },
        "up": {
          "uv": [
            0.71429,
            13.28571,
            0,
            12.57143
          ],
          "rotation": 90,
          "texture": "#4"
        }
      }
    },
    {
      "from": [
        7.15,
        7.91213,
        6.035
      ],
      "to": [
        8.85,
        9.41213,
        6.065
      ],
      "rotation": {
        "angle": 45,
        "axis": "y",
        "origin": [
          8,
          8.66213,
          6.05
        ]
      },
      "faces": {
        "north": {
          "uv": [
            9.71429,
            3.42857,
            10.71429,
            4.28571
          ],
          "texture": "#4"
        },
        "south": {
          "uv": [
            10.71429,
            3.42857,
            9.71429,
            4.28571
          ],
          "texture": "#4"
        }
      }
    },
    {
      "from": [
        7.985,
        7.91213,
        5.2
      ],
      "to": [
        8.015,
        9.41213,
        6.9
      ],
      "rotation": {
        "angle": 45,
        "axis": "y",
        "origin": [
          8,
          8.66213,
          6.05
        ]
      },
      "faces": {
        "east": {
          "uv": [
            9.71429,
            3.42857,
            10.71429,
            4.28571
          ],
          "texture": "#4"
        },
        "west": {
          "uv": [
            10.71429,
            3.42857,
            9.71429,
            4.28571
          ],
          "texture": "#4"
        }
      }
    },
    {
      "from": [
        7.985,
        9.93181,
        5.2
      ],
      "to": [
        8.015,
        11.43181,
        6.9
      ],
      "rotation": {
        "angle": 45,
        "axis": "y",
        "origin": [
          8,
          10.68181,
          6.05
        ]
      },
      "faces": {
        "east": {
          "uv": [
            9.71429,
            4.28571,
            10.71429,
            3.42857
          ],
          "texture": "#4"
        },
        "west": {
          "uv": [
            10.71429,
            4.28571,
            9.71429,
            3.42857
          ],
          "texture": "#4"
        }
      }
    },
    {
      "from": [
        7.15,
        9.93181,
        6.035
      ],
      "to": [
        8.85,
        11.43181,
        6.065
      ],
      "rotation": {
        "angle": 45,
        "axis": "y",
        "origin": [
          8,
          10.68181,
          6.05
        ]
      },
      "faces": {
        "north": {
          "uv": [
            9.71429,
            4.28571,
            10.71429,
            3.42857
          ],
          "texture": "#4"
        },
        "south": {
          "uv": [
            10.71429,
            4.28571,
            9.71429,
            3.42857
          ],
          "texture": "#4"
        }
      }
    },
    {
      "from": [
        7.4,
        11.43181,
        5.45
      ],
      "to": [
        8.6,
        12.43181,
        6.65
      ],
      "rotation": {
        "angle": 0,
        "axis": "y",
        "origin": [
          8.5,
          16.43181,
          5.55
        ]
      },
      "faces": {
        "north": {
          "uv": [
            12.57143,
            2.85714,
            13.28571,
            2.28571
          ],
          "texture": "#4"
        },
        "east": {
          "uv": [
            12,
            7.42857,
            12.71429,
            6.85714
          ],
          "texture": "#4"
        },
        "south": {
          "uv": [
            1.14286,
            13.14286,
            1.85714,
            12.57143
          ],
          "texture": "#4"
        },
        "west": {
          "uv": [
            2.28571,
            13.14286,
            3,
            12.57143
          ],
          "texture": "#4"
        },
        "down": {
          "uv": [
            0.71429,
            12.57143,
            0,
            13.28571
          ],
          "rotation": 270,
          "texture": "#4"
        }
      }
    },
    {
      "from": [
        5,
        10.60266,
        5.3
      ],
      "to": [
        11,
        16.60266,
        5.3
      ],
      "rotation": {
        "angle": 0,
        "axis": "y",
        "origin": [
          8,
          13.60266,
          5.3
        ]
      },
      "faces": {
        "north": {
          "uv": [
            2,
            2,
            14,
            14
          ],
          "texture": "#3"
        }
      }
    },
    {
      "from": [
        4.625,
        6.275,
        5
      ],
      "to": [
        11.375,
        13.025,
        5.03
      ],
      "rotation": {
        "angle": -45,
        "axis": "z",
        "origin": [
          8,
          9.65,
          5.015
        ]
      },
      "faces": {
        "north": {
          "uv": [
            4.57143,
            0,
            8.42857,
            3.85714
          ],
          "texture": "#4"
        },
        "south": {
          "uv": [
            4.57143,
            0,
            8.42857,
            3.85714
          ],
          "texture": "#4"
        }
      }
    },
    {
      "from": [
        9.99848,
        11.39212,
        5.8085
      ],
      "to": [
        10.86848,
        13.39212,
        6.2915
      ],
      "rotation": {
        "angle": 22.5,
        "axis": "z",
        "origin": [
          11.01848,
          11.39212,
          5.3035
        ]
      },
      "faces": {
        "north": {
          "uv": [
            8.57143,
            10.28571,
            9.14286,
            11.42857
          ],
          "texture": "#4"
        },
        "east": {
          "uv": [
            9.71429,
            12,
            10,
            13.14286
          ],
          "texture": "#4"
        },
        "south": {
          "uv": [
            8.57143,
            6.28571,
            9.14286,
            7.42857
          ],
          "texture": "#4"
        },
        "west": {
          "uv": [
            3.42857,
            12.57143,
            3.71429,
            13.71429
          ],
          "texture": "#4"
        },
        "up": {
          "uv": [
            0.28571,
            14.28571,
            0,
            13.71429
          ],
          "rotation": 90,
          "texture": "#4"
        }
      }
    },
    {
      "from": [
        9.78323,
        9.70889,
        5.8035
      ],
      "to": [
        10.70823,
        11.70889,
        6.2965
      ],
      "rotation": {
        "angle": 45,
        "axis": "z",
        "origin": [
          10.78323,
          11.70889,
          5.3035
        ]
      },
      "faces": {
        "north": {
          "uv": [
            5.71429,
            10.85714,
            6.28571,
            12
          ],
          "texture": "#4"
        },
        "east": {
          "uv": [
            4,
            12.57143,
            4.28571,
            13.71429
          ],
          "texture": "#4"
        },
        "south": {
          "uv": [
            10.85714,
            4.57143,
            11.42857,
            5.71429
          ],
          "texture": "#4"
        },
        "west": {
          "uv": [
            4.57143,
            12.57143,
            4.85714,
            13.71429
          ],
          "texture": "#4"
        },
        "up": {
          "uv": [
            0.85714,
            14.28571,
            0.57143,
            13.71429
          ],
          "rotation": 90,
          "texture": "#4"
        }
      }
    },
    {
      "from": [
        12.02526,
        10.27682,
        5.8
      ],
      "to": [
        14.02526,
        11.27682,
        6.3
      ],
      "rotation": {
        "angle": -22.5,
        "axis": "z",
        "origin": [
          10.02526,
          11.27682,
          5.3
        ]
      },
      "faces": {
        "north": {
          "uv": [
            6.28571,
            10.85714,
            7.42857,
            11.42857
          ],
          "texture": "#4"
        },
        "east": {
          "uv": [
            1.14286,
            13.71429,
            1.42857,
            14.28571
          ],
          "texture": "#4"
        },
        "south": {
          "uv": [
            10.85714,
            5.71429,
            12,
            6.28571
          ],
          "texture": "#4"
        },
        "west": {
          "uv": [
            1.71429,
            13.71429,
            2,
            14.28571
          ],
          "texture": "#4"
        },
        "up": {
          "uv": [
            12.85714,
            5.71429,
            12.57143,
            4.57143
          ],
          "rotation": 90,
          "texture": "#4"
        },
        "down": {
          "uv": [
            5.42857,
            12.57143,
            5.14286,
            13.71429
          ],
          "rotation": 270,
          "texture": "#4"
        }
      }
    },
    {
      "from": [
        11.77526,
        2.27682,
        5.8
      ],
      "to": [
        14.02526,
        3.27682,
        6.3
      ],
      "rotation": {
        "angle": -22.5,
        "axis": "z",
        "origin": [
          10.02526,
          11.27682,
          5.3
        ]
      },
      "faces": {
        "north": {
          "uv": [
            10.85714,
            2.85714,
            12.14286,
            3.42857
          ],
          "texture": "#4"
        },
        "east": {
          "uv": [
            2.28571,
            13.71429,
            2.57143,
            14.28571
          ],
          "texture": "#4"
        },
        "south": {
          "uv": [
            10.85714,
            2.28571,
            12.14286,
            2.85714
          ],
          "texture": "#4"
        },
        "up": {
          "uv": [
            7.71429,
            12.14286,
            7.42857,
            10.85714
          ],
          "rotation": 90,
          "texture": "#4"
        },
        "down": {
          "uv": [
            6,
            12,
            5.71429,
            13.28571
          ],
          "rotation": 270,
          "texture": "#4"
        }
      }
    },
    {
      "from": [
        13.02526,
        3.27682,
        5.8
      ],
      "to": [
        14.02526,
        10.27682,
        6.3
      ],
      "rotation": {
        "angle": -22.5,
        "axis": "z",
        "origin": [
          10.02526,
          11.27682,
          5.3
        ]
      },
      "faces": {
        "north": {
          "uv": [
            5.14286,
            6.28571,
            5.71429,
            10.28571
          ],
          "texture": "#4"
        },
        "east": {
          "uv": [
            8.57143,
            2.28571,
            8.85714,
            6.28571
          ],
          "texture": "#4"
        },
        "south": {
          "uv": [
            4.57143,
            6.28571,
            5.14286,
            10.28571
          ],
          "texture": "#4"
        },
        "west": {
          "uv": [
            8,
            8.57143,
            8.28571,
            12.57143
          ],
          "texture": "#4"
        }
      }
    },
    {
      "from": [
        8.475,
        -0.91553,
        6.15
      ],
      "to": [
        16.475,
        17.08447,
        6.18
      ],
      "rotation": {
        "angle": 0,
        "axis": "y",
        "origin": [
          16,
          -0.91553,
          -0.35
        ]
      },
      "faces": {
        "north": {
          "uv": [
            0,
            0,
            4.57143,
            10.28571
          ],
          "texture": "#4"
        },
        "south": {
          "uv": [
            4.57143,
            0,
            0,
            10.28571
          ],
          "texture": "#4"
        }
      }
    },
    {
      "from": [
        5.77206,
        13.86287,
        5.9
      ],
      "to": [
        7.37206,
        16.66287,
        6
      ],
      "rotation": {
        "angle": 0,
        "axis": "x",
        "origin": [
          5.8455,
          15.16842,
          5.95
        ]
      },
      "faces": {
        "north": {
          "uv": [
            8,
            8.28571,
            9.57143,
            7.42857
          ],
          "rotation": 90,
          "texture": "#4"
        },
        "south": {
          "uv": [
            9.57143,
            8.28571,
            8,
            7.42857
          ],
          "rotation": 270,
          "texture": "#4"
        }
      }
    },
    {
      "from": [
        3.58579,
        12.89792,
        5.55
      ],
      "to": [
        4.58579,
        13.39792,
        6.55
      ],
      "rotation": {
        "angle": -45,
        "axis": "z",
        "origin": [
          6.58579,
          10.89792,
          5.55
        ]
      },
      "faces": {
        "north": {
          "uv": [
            13.71429,
            13.14286,
            13.14286,
            13.42857
          ],
          "texture": "#4"
        },
        "south": {
          "uv": [
            13.14286,
            13.14286,
            12.57143,
            13.42857
          ],
          "texture": "#4"
        },
        "west": {
          "uv": [
            12.57143,
            13.14286,
            12,
            13.42857
          ],
          "texture": "#4"
        },
        "up": {
          "uv": [
            10.28571,
            8,
            9.71429,
            8.57143
          ],
          "rotation": 90,
          "texture": "#4"
        }
      }
    },
    {
      "from": [
        3.58579,
        11.89792,
        5.55
      ],
      "to": [
        5.58579,
        12.89792,
        6.55
      ],
      "rotation": {
        "angle": -45,
        "axis": "z",
        "origin": [
          6.58579,
          10.89792,
          5.55
        ]
      },
      "faces": {
        "north": {
          "uv": [
            12,
            4,
            10.85714,
            4.57143
          ],
          "texture": "#4"
        },
        "east": {
          "uv": [
            9.14286,
            11.42857,
            8.57143,
            12
          ],
          "texture": "#4"
        },
        "south": {
          "uv": [
            12,
            3.42857,
            10.85714,
            4
          ],
          "texture": "#4"
        },
        "west": {
          "uv": [
            11.42857,
            7.42857,
            10.85714,
            8
          ],
          "texture": "#4"
        },
        "down": {
          "uv": [
            6.28571,
            7.42857,
            5.71429,
            6.28571
          ],
          "rotation": 270,
          "texture": "#4"
        }
      }
    },
    {
      "from": [
        3.50711,
        13.30503,
        5.935
      ],
      "to": [
        7.00711,
        15.30503,
        5.965
      ],
      "rotation": {
        "angle": -45,
        "axis": "z",
        "origin": [
          5.8455,
          15.16842,
          5.95
        ]
      },
      "faces": {
        "north": {
          "uv": [
            8.28571,
            4,
            6.28571,
            5.14286
          ],
          "texture": "#4"
        },
        "south": {
          "uv": [
            6.28571,
            4,
            8.28571,
            5.14286
          ],
          "texture": "#4"
        }
      }
    },
    {
      "from": [
        5.13152,
        11.39212,
        5.8085
      ],
      "to": [
        6.00152,
        13.39212,
        6.2915
      ],
      "rotation": {
        "angle": -22.5,
        "axis": "z",
        "origin": [
          4.98152,
          11.39212,
          5.3035
        ]
      },
      "faces": {
        "north": {
          "uv": [
            9.14286,
            10.28571,
            8.57143,
            11.42857
          ],
          "texture": "#4"
        },
        "east": {
          "uv": [
            3.71429,
            12.57143,
            3.42857,
            13.71429
          ],
          "texture": "#4"
        },
        "south": {
          "uv": [
            9.14286,
            6.28571,
            8.57143,
            7.42857
          ],
          "texture": "#4"
        },
        "west": {
          "uv": [
            10,
            12,
            9.71429,
            13.14286
          ],
          "texture": "#4"
        },
        "up": {
          "uv": [
            0.28571,
            13.71429,
            0,
            14.28571
          ],
          "rotation": 90,
          "texture": "#4"
        }
      }
    },
    {
      "from": [
        5.29177,
        9.70889,
        5.8035
      ],
      "to": [
        6.21677,
        11.70889,
        6.2965
      ],
      "rotation": {
        "angle": -45,
        "axis": "z",
        "origin": [
          5.21677,
          11.70889,
          5.3035
        ]
      },
      "faces": {
        "north": {
          "uv": [
            6.28571,
            10.85714,
            5.71429,
            12
          ],
          "texture": "#4"
        },
        "east": {
          "uv": [
            4.85714,
            12.57143,
            4.57143,
            13.71429
          ],
          "texture": "#4"
        },
        "south": {
          "uv": [
            11.42857,
            4.57143,
            10.85714,
            5.71429
          ],
          "texture": "#4"
        },
        "west": {
          "uv": [
            4.28571,
            12.57143,
            4,
            13.71429
          ],
          "texture": "#4"
        },
        "up": {
          "uv": [
            0.85714,
            13.71429,
            0.57143,
            14.28571
          ],
          "rotation": 90,
          "texture": "#4"
        }
      }
    },
    {
      "from": [
        1.97474,
        10.27682,
        5.8
      ],
      "to": [
        3.97474,
        11.27682,
        6.3
      ],
      "rotation": {
        "angle": 22.5,
        "axis": "z",
        "origin": [
          5.97474,
          11.27682,
          5.3
        ]
      },
      "faces": {
        "north": {
          "uv": [
            7.42857,
            10.85714,
            6.28571,
            11.42857
          ],
          "texture": "#4"
        },
        "east": {
          "uv": [
            2,
            13.71429,
            1.71429,
            14.28571
          ],
          "texture": "#4"
        },
        "south": {
          "uv": [
            12,
            5.71429,
            10.85714,
            6.28571
          ],
          "texture": "#4"
        },
        "west": {
          "uv": [
            1.42857,
            13.71429,
            1.14286,
            14.28571
          ],
          "texture": "#4"
        },
        "up": {
          "uv": [
            12.85714,
            4.57143,
            12.57143,
            5.71429
          ],
          "rotation": 90,
          "texture": "#4"
        },
        "down": {
          "uv": [
            5.42857,
            13.71429,
            5.14286,
            12.57143
          ],
          "rotation": 270,
          "texture": "#4"
        }
      }
    },
    {
      "from": [
        1.97474,
        3.27682,
        5.8
      ],
      "to": [
        2.97474,
        10.27682,
        6.3
      ],
      "rotation": {
        "angle": 22.5,
        "axis": "z",
        "origin": [
          5.97474,
          11.27682,
          5.3
        ]
      },
      "faces": {
        "north": {
          "uv": [
            5.71429,
            6.28571,
            5.14286,
            10.28571
          ],
          "texture": "#4"
        },
        "east": {
          "uv": [
            8.28571,
            8.57143,
            8,
            12.57143
          ],
          "texture": "#4"
        },
        "south": {
          "uv": [
            5.14286,
            6.28571,
            4.57143,
            10.28571
          ],
          "texture": "#4"
        },
        "west": {
          "uv": [
            8.85714,
            2.28571,
            8.57143,
            6.28571
          ],
          "texture": "#4"
        }
      }
    },
    {
      "from": [
        1.97474,
        2.27682,
        5.8
      ],
      "to": [
        4.22474,
        3.27682,
        6.3
      ],
      "rotation": {
        "angle": 22.5,
        "axis": "z",
        "origin": [
          5.97474,
          11.27682,
          5.3
        ]
      },
      "faces": {
        "north": {
          "uv": [
            12.14286,
            2.85714,
            10.85714,
            3.42857
          ],
          "texture": "#4"
        },
        "south": {
          "uv": [
            12.14286,
            2.28571,
            10.85714,
            2.85714
          ],
          "texture": "#4"
        },
        "west": {
          "uv": [
            2.57143,
            13.71429,
            2.28571,
            14.28571
          ],
          "texture": "#4"
        },
        "up": {
          "uv": [
            7.71429,
            10.85714,
            7.42857,
            12.14286
          ],
          "rotation": 90,
          "texture": "#4"
        },
        "down": {
          "uv": [
            6,
            13.28571,
            5.71429,
            12
          ],
          "rotation": 270,
          "texture": "#4"
        }
      }
    },
    {
      "from": [
        -0.475,
        -0.91553,
        6.15
      ],
      "to": [
        7.525,
        17.08447,
        6.18
      ],
      "rotation": {
        "angle": 0,
        "axis": "y",
        "origin": [
          0,
          -0.91553,
          -0.35
        ]
      },
      "faces": {
        "north": {
          "uv": [
            4.57143,
            0,
            0,
            10.28571
          ],
          "texture": "#4"
        },
        "south": {
          "uv": [
            0,
            0,
            4.57143,
            10.28571
          ],
          "texture": "#4"
        }
      }
    }
  ],
  "gui_light": "front",
  "display": {
    "thirdperson_righthand": {
      "rotation": [
        0,
        -60,
        0
      ],
      "translation": [
        2,
        -2,
        0
      ]
    },
    "thirdperson_lefthand": {
      "rotation": [
        0,
        -60,
        0
      ],
      "translation": [
        2,
        -2,
        0
      ]
    },
    "firstperson_righthand": {
      "rotation": [
        0,
        0,
        11
      ],
      "translation": [
        1.5,
        1,
        1
      ]
    },
    "firstperson_lefthand": {
      "rotation": [
        0,
        0,
        11
      ],
      "translation": [
        1.5,
        1,
        1
      ]
    },
    "ground": {
      "rotation": [
        45,
        0,
        0
      ],
      "translation": [
        0,
        4.25,
        0
      ],
      "scale": [
        0.7,
        0.7,
        0.7
      ]
    },
    "gui": {
      "rotation": [
        0,
        180,
        0
      ],
      "translation": [
        0,
        0.25,
        0
      ],
      "scale": [
        0.8,
        0.8,
        0.8
      ]
    },
    "fixed": {
      "translation": [
        0,
        0.5,
        1.5
      ],
      "scale": [
        2,
        2,
        2
      ]
    }
  }
}