{
  "credit": "Made by PolygonMC",
  "texture_size": [
    20,
    20
  ],
  "textures": {
    "3": "winterset:animations/animations_1",
    "4": "winterset:shovel"
  },
  "elements": [
    {
      "from": [
        7.5,
        1.2,
        7.5
      ],
      "to": [
        8.5,
        1.7,
        8.5
      ],
      "rotation": {
        "angle": 0,
        "axis": "y",
        "origin": [
          7.5,
          -0.3,
          7.5
        ]
      },
      "faces": {
        "north": {
          "uv": [
            8,
            13.6,
            8.8,
            14
          ],
          "texture": "#4"
        },
        "east": {
          "uv": [
            13.6,
            8,
            14.4,
            8.4
          ],
          "texture": "#4"
        },
        "south": {
          "uv": [
            9.6,
            13.6,
            10.4,
            14
          ],
          "texture": "#4"
        },
        "west": {
          "uv": [
            10.4,
            13.6,
            11.2,
            14
          ],
          "texture": "#4"
        }
      }
    },
    {
      "from": [
        7.5,
        11.5,
        7.5
      ],
      "to": [
        8.5,
        12,
        8.5
      ],
      "rotation": {
        "angle": 0,
        "axis": "y",
        "origin": [
          7.5,
          10.5,
          7.5
        ]
      },
      "faces": {
        "north": {
          "uv": [
            11.2,
            13.6,
            12,
            14
          ],
          "texture": "#4"
        },
        "east": {
          "uv": [
            13.6,
            11.2,
            14.4,
            11.6
          ],
          "texture": "#4"
        },
        "south": {
          "uv": [
            12,
            13.6,
            12.8,
            14
          ],
          "texture": "#4"
        },
        "west": {
          "uv": [
            13.6,
            12,
            14.4,
            12.4
          ],
          "texture": "#4"
        }
      }
    },
    {
      "from": [
        7.4,
        2.2,
        7.4
      ],
      "to": [
        8.6,
        2.8,
        8.6
      ],
      "rotation": {
        "angle": 0,
        "axis": "y",
        "origin": [
          7.5,
          1.2,
          7.5
        ]
      },
      "faces": {
        "north": {
          "uv": [
            12.8,
            8.8,
            13.8,
            9.2
          ],
          "texture": "#4"
        },
        "east": {
          "uv": [
            9.6,
            12.8,
            10.6,
            13.2
          ],
          "texture": "#4"
        },
        "south": {
          "uv": [
            12.8,
            9.6,
            13.8,
            10
          ],
          "texture": "#4"
        },
        "west": {
          "uv": [
            12.8,
            10.4,
            13.8,
            10.8
          ],
          "texture": "#4"
        },
        "up": {
          "uv": [
            11.4,
            5.8,
            10.4,
            4.8
          ],
          "texture": "#4"
        }
      }
    },
    {
      "from": [
        7.4,
        5.65,
        7.4
      ],
      "to": [
        8.6,
        6.25,
        8.6
      ],
      "rotation": {
        "angle": 0,
        "axis": "y",
        "origin": [
          7.5,
          4.15,
          7.5
        ]
      },
      "faces": {
        "north": {
          "uv": [
            11.2,
            12.8,
            12.2,
            13.2
          ],
          "texture": "#4"
        },
        "east": {
          "uv": [
            12.8,
            12.8,
            13.8,
            13.2
          ],
          "texture": "#4"
        },
        "south": {
          "uv": [
            0,
            13.6,
            1,
            14
          ],
          "texture": "#4"
        },
        "west": {
          "uv": [
            1.6,
            13.6,
            2.6,
            14
          ],
          "texture": "#4"
        },
        "down": {
          "uv": [
            7.4,
            10.4,
            6.4,
            11.4
          ],
          "texture": "#4"
        }
      }
    },
    {
      "from": [
        7.5,
        2.8,
        7.5
      ],
      "to": [
        8.5,
        5.65,
        8.5
      ],
      "rotation": {
        "angle": 0,
        "axis": "y",
        "origin": [
          8,
          4.225,
          8
        ]
      },
      "faces": {
        "north": {
          "uv": [
            1.6,
            6.4,
            2.4,
            8.6
          ],
          "texture": "#4"
        },
        "east": {
          "uv": [
            6.4,
            5.6,
            7.2,
            7.8
          ],
          "texture": "#4"
        },
        "south": {
          "uv": [
            4.8,
            7.2,
            5.6,
            9.4
          ],
          "texture": "#4"
        },
        "west": {
          "uv": [
            5.6,
            7.2,
            6.4,
            9.4
          ],
          "texture": "#4"
        }
      }
    },
    {
      "from": [
        7.25,
        1.7,
        7.25
      ],
      "to": [
        8.75,
        2.2,
        8.75
      ],
      "rotation": {
        "angle": 0,
        "axis": "y",
        "origin": [
          7.5,
          0.7,
          7.5
        ]
      },
      "faces": {
        "north": {
          "uv": [
            12,
            11.2,
            13.2,
            11.6
          ],
          "texture": "#4"
        },
        "east": {
          "uv": [
            12,
            12,
            13.2,
            12.4
          ],
          "texture": "#4"
        },
        "south": {
          "uv": [
            0,
            12.8,
            1.2,
            13.2
          ],
          "texture": "#4"
        },
        "west": {
          "uv": [
            12.8,
            0,
            14,
            0.4
          ],
          "texture": "#4"
        },
        "up": {
          "uv": [
            9.2,
            10,
            8,
            8.8
          ],
          "texture": "#4"
        },
        "down": {
          "uv": [
            1.2,
            9.6,
            0,
            10.8
          ],
          "texture": "#4"
        }
      }
    },
    {
      "from": [
        7.25,
        6.25,
        7.25
      ],
      "to": [
        8.75,
        6.75,
        8.75
      ],
      "rotation": {
        "angle": 0,
        "axis": "y",
        "origin": [
          7.5,
          5.25,
          7.5
        ]
      },
      "faces": {
        "north": {
          "uv": [
            12.8,
            0.8,
            14,
            1.2
          ],
          "texture": "#4"
        },
        "east": {
          "uv": [
            1.6,
            12.8,
            2.8,
            13.2
          ],
          "texture": "#4"
        },
        "south": {
          "uv": [
            12.8,
            1.6,
            14,
            2
          ],
          "texture": "#4"
        },
        "west": {
          "uv": [
            12.8,
            2.4,
            14,
            2.8
          ],
          "texture": "#4"
        },
        "up": {
          "uv": [
            2.8,
            10.8,
            1.6,
            9.6
          ],
          "texture": "#4"
        },
        "down": {
          "uv": [
            10.8,
            1.6,
            9.6,
            2.8
          ],
          "texture": "#4"
        }
      }
    },
    {
      "from": [
        7.25,
        11,
        7.25
      ],
      "to": [
        8.75,
        11.5,
        8.75
      ],
      "rotation": {
        "angle": 0,
        "axis": "y",
        "origin": [
          7.5,
          3,
          7.5
        ]
      },
      "faces": {
        "north": {
          "uv": [
            12.8,
            3.2,
            14,
            3.6
          ],
          "texture": "#4"
        },
        "east": {
          "uv": [
            12.8,
            4,
            14,
            4.4
          ],
          "texture": "#4"
        },
        "south": {
          "uv": [
            12.8,
            4.8,
            14,
            5.2
          ],
          "texture": "#4"
        },
        "west": {
          "uv": [
            12.8,
            5.6,
            14,
            6
          ],
          "texture": "#4"
        },
        "up": {
          "uv": [
            4.4,
            10.8,
            3.2,
            9.6
          ],
          "texture": "#4"
        },
        "down": {
          "uv": [
            10.8,
            3.2,
            9.6,
            4.4
          ],
          "texture": "#4"
        }
      }
    },
    {
      "from": [
        7.33,
        0.28,
        7.33
      ],
      "to": [
        8.67,
        1.62,
        8.67
      ],
      "rotation": {
        "angle": -45,
        "axis": "x",
        "origin": [
          8,
          0.95,
          8
        ]
      },
      "faces": {
        "north": {
          "uv": [
            10.4,
            6.4,
            11.4,
            7.4
          ],
          "texture": "#4"
        },
        "east": {
          "uv": [
            8,
            10.4,
            9,
            11.4
          ],
          "texture": "#4"
        },
        "south": {
          "uv": [
            9.6,
            10.4,
            10.6,
            11.4
          ],
          "texture": "#4"
        },
        "west": {
          "uv": [
            0,
            11.2,
            1,
            12.2
          ],
          "texture": "#4"
        },
        "up": {
          "uv": [
            12.2,
            1.8,
            11.2,
            0.8
          ],
          "texture": "#4"
        },
        "down": {
          "uv": [
            2.6,
            11.2,
            1.6,
            12.2
          ],
          "texture": "#4"
        }
      }
    },
    {
      "from": [
        7.35,
        11.4,
        8
      ],
      "to": [
        8.65,
        13.4,
        10
      ],
      "rotation": {
        "angle": -45,
        "axis": "x",
        "origin": [
          7.25,
          11.4,
          8
        ]
      },
      "faces": {
        "north": {
          "uv": [
            8,
            3.2,
            9,
            4.8
          ],
          "texture": "#4"
        },
        "east": {
          "uv": [
            4.8,
            5.6,
            6.4,
            7.2
          ],
          "texture": "#4"
        },
        "south": {
          "uv": [
            8.8,
            0,
            9.8,
            1.6
          ],
          "texture": "#4"
        },
        "west": {
          "uv": [
            0,
            6.4,
            1.6,
            8
          ],
          "texture": "#4"
        },
        "up": {
          "uv": [
            9.8,
            6.4,
            8.8,
            4.8
          ],
          "texture": "#4"
        },
        "down": {
          "uv": [
            7.4,
            8.8,
            6.4,
            10.4
          ],
          "texture": "#4"
        }
      }
    },
    {
      "from": [
        7.1,
        11.65,
        8.25
      ],
      "to": [
        8.9,
        13.15,
        9.75
      ],
      "rotation": {
        "angle": -45,
        "axis": "x",
        "origin": [
          7.25,
          11.4,
          8
        ]
      },
      "faces": {
        "north": {
          "uv": [
            7.2,
            5.6,
            8.6,
            6.8
          ],
          "texture": "#4"
        },
        "east": {
          "uv": [
            4.8,
            9.6,
            6,
            10.8
          ],
          "texture": "#4"
        },
        "south": {
          "uv": [
            7.2,
            7.2,
            8.6,
            8.4
          ],
          "texture": "#4"
        },
        "west": {
          "uv": [
            9.6,
            8,
            10.8,
            9.2
          ],
          "texture": "#4"
        },
        "up": {
          "uv": [
            1.4,
            9.2,
            0,
            8
          ],
          "texture": "#4"
        },
        "down": {
          "uv": [
            9.4,
            1.6,
            8,
            2.8
          ],
          "texture": "#4"
        }
      }
    },
    {
      "from": [
        7.75,
        0.45628,
        5.53731
      ],
      "to": [
        8.25,
        1.45628,
        6.03731
      ],
      "rotation": {
        "angle": 45,
        "axis": "x",
        "origin": [
          8,
          0.33128,
          6.28731
        ]
      },
      "faces": {
        "north": {
          "uv": [
            12.8,
            13.6,
            13.2,
            14.4
          ],
          "texture": "#4"
        },
        "east": {
          "uv": [
            13.6,
            13.6,
            14,
            14.4
          ],
          "texture": "#4"
        },
        "south": {
          "uv": [
            0,
            14.4,
            0.4,
            15.2
          ],
          "texture": "#4"
        },
        "west": {
          "uv": [
            14.4,
            0,
            14.8,
            0.8
          ],
          "texture": "#4"
        },
        "up": {
          "uv": [
            8.4,
            14.8,
            8,
            14.4
          ],
          "texture": "#4"
        },
        "down": {
          "uv": [
            14.8,
            8,
            14.4,
            8.4
          ],
          "texture": "#4"
        }
      }
    },
    {
      "from": [
        7.75,
        0.45628,
        6.03731
      ],
      "to": [
        8.25,
        0.95628,
        6.53731
      ],
      "rotation": {
        "angle": 45,
        "axis": "x",
        "origin": [
          8,
          0.33128,
          6.28731
        ]
      },
      "faces": {
        "east": {
          "uv": [
            8.8,
            14.4,
            9.2,
            14.8
          ],
          "texture": "#4"
        },
        "south": {
          "uv": [
            14.4,
            8.8,
            14.8,
            9.2
          ],
          "texture": "#4"
        },
        "west": {
          "uv": [
            9.6,
            14.4,
            10,
            14.8
          ],
          "texture": "#4"
        },
        "up": {
          "uv": [
            14.8,
            10,
            14.4,
            9.6
          ],
          "texture": "#4"
        },
        "down": {
          "uv": [
            10.8,
            14.4,
            10.4,
            14.8
          ],
          "texture": "#4"
        }
      }
    },
    {
      "from": [
        7.75,
        0.45628,
        9.96269
      ],
      "to": [
        8.25,
        1.45628,
        10.46269
      ],
      "rotation": {
        "angle": -45,
        "axis": "x",
        "origin": [
          8,
          0.33128,
          9.71269
        ]
      },
      "faces": {
        "north": {
          "uv": [
            0.8,
            14.4,
            1.2,
            15.2
          ],
          "texture": "#4"
        },
        "east": {
          "uv": [
            14.4,
            0.8,
            14.8,
            1.6
          ],
          "texture": "#4"
        },
        "south": {
          "uv": [
            1.6,
            14.4,
            2,
            15.2
          ],
          "texture": "#4"
        },
        "west": {
          "uv": [
            14.4,
            1.6,
            14.8,
            2.4
          ],
          "texture": "#4"
        },
        "up": {
          "uv": [
            14.8,
            10.8,
            14.4,
            10.4
          ],
          "texture": "#4"
        },
        "down": {
          "uv": [
            11.6,
            14.4,
            11.2,
            14.8
          ],
          "texture": "#4"
        }
      }
    },
    {
      "from": [
        7.75,
        0.45628,
        9.46269
      ],
      "to": [
        8.25,
        0.95628,
        9.96269
      ],
      "rotation": {
        "angle": -45,
        "axis": "x",
        "origin": [
          8,
          0.33128,
          9.71269
        ]
      },
      "faces": {
        "north": {
          "uv": [
            14.4,
            11.2,
            14.8,
            11.6
          ],
          "texture": "#4"
        },
        "east": {
          "uv": [
            12,
            14.4,
            12.4,
            14.8
          ],
          "texture": "#4"
        },
        "west": {
          "uv": [
            14.4,
            12,
            14.8,
            12.4
          ],
          "texture": "#4"
        },
        "up": {
          "uv": [
            13.2,
            14.8,
            12.8,
            14.4
          ],
          "texture": "#4"
        },
        "down": {
          "uv": [
            14.8,
            12.8,
            14.4,
            13.2
          ],
          "texture": "#4"
        }
      }
    },
    {
      "from": [
        7.5,
        12.4,
        4.58579
      ],
      "to": [
        8.5,
        13.4,
        5.58579
      ],
      "rotation": {
        "angle": 45,
        "axis": "x",
        "origin": [
          7.5,
          11.4,
          6.58579
        ]
      },
      "faces": {
        "north": {
          "uv": [
            8,
            4.8,
            8.8,
            5.6
          ],
          "texture": "#4"
        },
        "east": {
          "uv": [
            6.4,
            8,
            7.2,
            8.8
          ],
          "texture": "#4"
        },
        "west": {
          "uv": [
            1.6,
            8.8,
            2.4,
            9.6
          ],
          "texture": "#4"
        },
        "up": {
          "uv": [
            9.6,
            8.8,
            8.8,
            8
          ],
          "texture": "#4"
        },
        "down": {
          "uv": [
            11.2,
            0.8,
            10.4,
            1.6
          ],
          "texture": "#4"
        }
      }
    },
    {
      "from": [
        7.5,
        11.4,
        5.58579
      ],
      "to": [
        8.5,
        12.4,
        6.58579
      ],
      "rotation": {
        "angle": 45,
        "axis": "x",
        "origin": [
          7.5,
          11.4,
          6.58579
        ]
      },
      "faces": {
        "north": {
          "uv": [
            12,
            0,
            12.8,
            0.8
          ],
          "texture": "#4"
        },
        "east": {
          "uv": [
            7.2,
            12,
            8,
            12.8
          ],
          "texture": "#4"
        },
        "south": {
          "uv": [
            12,
            7.2,
            12.8,
            8
          ],
          "texture": "#4"
        },
        "west": {
          "uv": [
            8,
            12,
            8.8,
            12.8
          ],
          "texture": "#4"
        },
        "down": {
          "uv": [
            9.6,
            12,
            8.8,
            12.8
          ],
          "texture": "#4"
        }
      }
    },
    {
      "from": [
        7.5,
        11.69289,
        2.37868
      ],
      "to": [
        8.5,
        12.69289,
        4.37868
      ],
      "rotation": {
        "angle": 45,
        "axis": "x",
        "origin": [
          7.5,
          10.69289,
          5.37868
        ]
      },
      "faces": {
        "north": {
          "uv": [
            9.6,
            12,
            10.4,
            12.8
          ],
          "texture": "#4"
        },
        "east": {
          "uv": [
            9.6,
            9.6,
            11.2,
            10.4
          ],
          "texture": "#4"
        },
        "south": {
          "uv": [
            12,
            9.6,
            12.8,
            10.4
          ],
          "texture": "#4"
        },
        "west": {
          "uv": [
            10.4,
            0,
            12,
            0.8
          ],
          "texture": "#4"
        },
        "up": {
          "uv": [
            3.2,
            5.6,
            2.4,
            4
          ],
          "texture": "#4"
        },
        "down": {
          "uv": [
            4.8,
            8,
            4,
            9.6
          ],
          "texture": "#4"
        }
      }
    },
    {
      "from": [
        7.75,
        11.69289,
        3.87868
      ],
      "to": [
        8.25,
        12.69289,
        4.87868
      ],
      "rotation": {
        "angle": 45,
        "axis": "x",
        "origin": [
          7.5,
          10.69289,
          5.87868
        ]
      },
      "faces": {
        "north": {
          "uv": [
            2.4,
            14.4,
            2.8,
            15.2
          ],
          "texture": "#4"
        },
        "east": {
          "uv": [
            10.4,
            12,
            11.2,
            12.8
          ],
          "texture": "#4"
        },
        "west": {
          "uv": [
            12,
            10.4,
            12.8,
            11.2
          ],
          "texture": "#4"
        },
        "down": {
          "uv": [
            14.8,
            2.4,
            14.4,
            3.2
          ],
          "texture": "#4"
        }
      }
    },
    {
      "from": [
        7.5,
        12.69289,
        2.37868
      ],
      "to": [
        8.5,
        13.19289,
        3.37868
      ],
      "rotation": {
        "angle": 45,
        "axis": "x",
        "origin": [
          7.5,
          10.69289,
          5.37868
        ]
      },
      "faces": {
        "north": {
          "uv": [
            3.2,
            14.4,
            4,
            14.8
          ],
          "texture": "#4"
        },
        "east": {
          "uv": [
            14.4,
            3.2,
            15.2,
            3.6
          ],
          "texture": "#4"
        },
        "south": {
          "uv": [
            4,
            14.4,
            4.8,
            14.8
          ],
          "texture": "#4"
        },
        "west": {
          "uv": [
            14.4,
            4,
            15.2,
            4.4
          ],
          "texture": "#4"
        },
        "up": {
          "uv": [
            12,
            12.8,
            11.2,
            12
          ],
          "texture": "#4"
        }
      }
    },
    {
      "from": [
        7.985,
        12.5,
        1.5
      ],
      "to": [
        8.015,
        14.5,
        5
      ],
      "rotation": {
        "angle": 0,
        "axis": "y",
        "origin": [
          7.835,
          10.5,
          -3
        ]
      },
      "faces": {
        "east": {
          "uv": [
            8.4,
            0,
            5.6,
            1.6
          ],
          "texture": "#4"
        },
        "west": {
          "uv": [
            5.6,
            0,
            8.4,
            1.6
          ],
          "texture": "#4"
        }
      }
    },
    {
      "from": [
        7.95,
        14.5,
        2.85
      ],
      "to": [
        8.05,
        16.1,
        5.65
      ],
      "rotation": {
        "angle": 45,
        "axis": "x",
        "origin": [
          7.875,
          15.05,
          4.25
        ]
      },
      "faces": {
        "east": {
          "uv": [
            7.8,
            4,
            5.6,
            5.2
          ],
          "texture": "#4"
        },
        "west": {
          "uv": [
            5.6,
            4,
            7.8,
            5.2
          ],
          "texture": "#4"
        }
      }
    },
    {
      "from": [
        7.95,
        11.43891,
        3.16195
      ],
      "to": [
        8.05,
        12.63891,
        5.26195
      ],
      "rotation": {
        "angle": -45,
        "axis": "x",
        "origin": [
          7.875,
          11.78891,
          4.21195
        ]
      },
      "faces": {
        "east": {
          "uv": [
            10.4,
            6.4,
            8.8,
            7.4
          ],
          "texture": "#4"
        },
        "west": {
          "uv": [
            8.8,
            6.4,
            10.4,
            7.4
          ],
          "texture": "#4"
        }
      }
    },
    {
      "from": [
        7.5,
        12.4,
        10.41421
      ],
      "to": [
        8.5,
        13.4,
        11.41421
      ],
      "rotation": {
        "angle": -45,
        "axis": "x",
        "origin": [
          7.5,
          11.4,
          9.41421
        ]
      },
      "faces": {
        "east": {
          "uv": [
            7.2,
            8,
            6.4,
            8.8
          ],
          "texture": "#4"
        },
        "south": {
          "uv": [
            8.8,
            4.8,
            8,
            5.6
          ],
          "texture": "#4"
        },
        "west": {
          "uv": [
            2.4,
            8.8,
            1.6,
            9.6
          ],
          "texture": "#4"
        },
        "up": {
          "uv": [
            9.6,
            8,
            8.8,
            8.8
          ],
          "texture": "#4"
        },
        "down": {
          "uv": [
            11.2,
            1.6,
            10.4,
            0.8
          ],
          "texture": "#4"
        }
      }
    },
    {
      "from": [
        7.5,
        11.4,
        9.41421
      ],
      "to": [
        8.5,
        12.4,
        10.41421
      ],
      "rotation": {
        "angle": -45,
        "axis": "x",
        "origin": [
          7.5,
          11.4,
          9.41421
        ]
      },
      "faces": {
        "north": {
          "uv": [
            12.8,
            7.2,
            12,
            8
          ],
          "texture": "#4"
        },
        "east": {
          "uv": [
            8,
            12,
            7.2,
            12.8
          ],
          "texture": "#4"
        },
        "south": {
          "uv": [
            12.8,
            0,
            12,
            0.8
          ],
          "texture": "#4"
        },
        "west": {
          "uv": [
            8.8,
            12,
            8,
            12.8
          ],
          "texture": "#4"
        },
        "down": {
          "uv": [
            9.6,
            12.8,
            8.8,
            12
          ],
          "texture": "#4"
        }
      }
    },
    {
      "from": [
        7.5,
        11.69289,
        11.62132
      ],
      "to": [
        8.5,
        12.69289,
        13.62132
      ],
      "rotation": {
        "angle": -45,
        "axis": "x",
        "origin": [
          7.5,
          10.69289,
          10.62132
        ]
      },
      "faces": {
        "north": {
          "uv": [
            12.8,
            9.6,
            12,
            10.4
          ],
          "texture": "#4"
        },
        "east": {
          "uv": [
            11.2,
            9.6,
            9.6,
            10.4
          ],
          "texture": "#4"
        },
        "south": {
          "uv": [
            10.4,
            12,
            9.6,
            12.8
          ],
          "texture": "#4"
        },
        "west": {
          "uv": [
            12,
            0,
            10.4,
            0.8
          ],
          "texture": "#4"
        },
        "up": {
          "uv": [
            3.2,
            4,
            2.4,
            5.6
          ],
          "texture": "#4"
        },
        "down": {
          "uv": [
            4.8,
            9.6,
            4,
            8
          ],
          "texture": "#4"
        }
      }
    },
    {
      "from": [
        7.75,
        11.69289,
        11.12132
      ],
      "to": [
        8.25,
        12.69289,
        12.12132
      ],
      "rotation": {
        "angle": -45,
        "axis": "x",
        "origin": [
          7.5,
          10.69289,
          10.12132
        ]
      },
      "faces": {
        "east": {
          "uv": [
            11.2,
            12,
            10.4,
            12.8
          ],
          "texture": "#4"
        },
        "south": {
          "uv": [
            2.8,
            14.4,
            2.4,
            15.2
          ],
          "texture": "#4"
        },
        "west": {
          "uv": [
            12.8,
            10.4,
            12,
            11.2
          ],
          "texture": "#4"
        },
        "down": {
          "uv": [
            14.8,
            3.2,
            14.4,
            2.4
          ],
          "texture": "#4"
        }
      }
    },
    {
      "from": [
        7.5,
        12.69289,
        12.62132
      ],
      "to": [
        8.5,
        13.19289,
        13.62132
      ],
      "rotation": {
        "angle": -45,
        "axis": "x",
        "origin": [
          7.5,
          10.69289,
          10.62132
        ]
      },
      "faces": {
        "north": {
          "uv": [
            4.8,
            14.4,
            4,
            14.8
          ],
          "texture": "#4"
        },
        "east": {
          "uv": [
            15.2,
            3.2,
            14.4,
            3.6
          ],
          "texture": "#4"
        },
        "south": {
          "uv": [
            4,
            14.4,
            3.2,
            14.8
          ],
          "texture": "#4"
        },
        "west": {
          "uv": [
            15.2,
            4,
            14.4,
            4.4
          ],
          "texture": "#4"
        },
        "up": {
          "uv": [
            12,
            12,
            11.2,
            12.8
          ],
          "texture": "#4"
        }
      }
    },
    {
      "from": [
        7.985,
        12.5,
        11
      ],
      "to": [
        8.015,
        14.5,
        14.5
      ],
      "rotation": {
        "angle": 0,
        "axis": "y",
        "origin": [
          7.835,
          10.5,
          19
        ]
      },
      "faces": {
        "east": {
          "uv": [
            5.6,
            0,
            8.4,
            1.6
          ],
          "texture": "#4"
        },
        "west": {
          "uv": [
            8.4,
            0,
            5.6,
            1.6
          ],
          "texture": "#4"
        }
      }
    },
    {
      "from": [
        7.95,
        14.5,
        10.35
      ],
      "to": [
        8.05,
        16.1,
        13.15
      ],
      "rotation": {
        "angle": -45,
        "axis": "x",
        "origin": [
          7.875,
          15.05,
          11.75
        ]
      },
      "faces": {
        "east": {
          "uv": [
            5.6,
            4,
            7.8,
            5.2
          ],
          "texture": "#4"
        },
        "west": {
          "uv": [
            7.8,
            4,
            5.6,
            5.2
          ],
          "texture": "#4"
        }
      }
    },
    {
      "from": [
        7.95,
        11.43891,
        10.73805
      ],
      "to": [
        8.05,
        12.63891,
        12.83805
      ],
      "rotation": {
        "angle": 45,
        "axis": "x",
        "origin": [
          7.875,
          11.78891,
          11.78805
        ]
      },
      "faces": {
        "east": {
          "uv": [
            8.8,
            6.4,
            10.4,
            7.4
          ],
          "texture": "#4"
        },
        "west": {
          "uv": [
            10.4,
            6.4,
            8.8,
            7.4
          ],
          "texture": "#4"
        }
      }
    },
    {
      "from": [
        7.985,
        -2.5,
        6.625
      ],
      "to": [
        8.015,
        1.5,
        9.375
      ],
      "rotation": {
        "angle": 45,
        "axis": "y",
        "origin": [
          8,
          -0.5,
          8
        ]
      },
      "faces": {
        "east": {
          "uv": [
            5.4,
            0,
            3.2,
            3.2
          ],
          "texture": "#4"
        },
        "west": {
          "uv": [
            3.2,
            0,
            5.4,
            3.2
          ],
          "texture": "#4"
        }
      }
    },
    {
      "from": [
        7.985,
        -2.5,
        6.625
      ],
      "to": [
        8.015,
        1.5,
        9.375
      ],
      "rotation": {
        "angle": -45,
        "axis": "y",
        "origin": [
          8,
          -0.5,
          8
        ]
      },
      "faces": {
        "east": {
          "uv": [
            5.4,
            0,
            3.2,
            3.2
          ],
          "texture": "#4"
        },
        "west": {
          "uv": [
            3.2,
            0,
            5.4,
            3.2
          ],
          "texture": "#4"
        }
      }
    },
    {
      "from": [
        7.4,
        6.25,
        7.4
      ],
      "to": [
        8.6,
        7.25,
        8.6
      ],
      "rotation": {
        "angle": 0,
        "axis": "y",
        "origin": [
          7.5,
          2.25,
          7.5
        ]
      },
      "faces": {
        "north": {
          "uv": [
            11.2,
            4,
            12.2,
            4.8
          ],
          "texture": "#4"
        },
        "east": {
          "uv": [
            4.8,
            11.2,
            5.8,
            12
          ],
          "texture": "#4"
        },
        "south": {
          "uv": [
            11.2,
            8,
            12.2,
            8.8
          ],
          "texture": "#4"
        },
        "west": {
          "uv": [
            11.2,
            8.8,
            12.2,
            9.6
          ],
          "texture": "#4"
        },
        "up": {
          "uv": [
            12.2,
            3.4,
            11.2,
            2.4
          ],
          "texture": "#4"
        }
      }
    },
    {
      "from": [
        7.985,
        7.25,
        7.15
      ],
      "to": [
        8.015,
        8.75,
        8.85
      ],
      "rotation": {
        "angle": 45,
        "axis": "y",
        "origin": [
          8,
          8,
          8
        ]
      },
      "faces": {
        "east": {
          "uv": [
            3.8,
            8,
            2.4,
            9.2
          ],
          "texture": "#4"
        },
        "west": {
          "uv": [
            2.4,
            8,
            3.8,
            9.2
          ],
          "texture": "#4"
        }
      }
    },
    {
      "from": [
        7.985,
        7.25,
        7.15
      ],
      "to": [
        8.015,
        8.75,
        8.85
      ],
      "rotation": {
        "angle": -45,
        "axis": "y",
        "origin": [
          8,
          8,
          8
        ]
      },
      "faces": {
        "east": {
          "uv": [
            3.8,
            8,
            2.4,
            9.2
          ],
          "texture": "#4"
        },
        "west": {
          "uv": [
            2.4,
            8,
            3.8,
            9.2
          ],
          "texture": "#4"
        }
      }
    },
    {
      "from": [
        7.4,
        10.5,
        7.4
      ],
      "to": [
        8.6,
        11.5,
        8.6
      ],
      "rotation": {
        "angle": 0,
        "axis": "y",
        "origin": [
          7.5,
          15.5,
          7.5
        ]
      },
      "faces": {
        "north": {
          "uv": [
            11.2,
            4.8,
            12.2,
            4
          ],
          "texture": "#4"
        },
        "east": {
          "uv": [
            4.8,
            12,
            5.8,
            11.2
          ],
          "texture": "#4"
        },
        "south": {
          "uv": [
            11.2,
            8.8,
            12.2,
            8
          ],
          "texture": "#4"
        },
        "west": {
          "uv": [
            11.2,
            9.6,
            12.2,
            8.8
          ],
          "texture": "#4"
        },
        "down": {
          "uv": [
            12.2,
            2.4,
            11.2,
            3.4
          ],
          "texture": "#4"
        }
      }
    },
    {
      "from": [
        7.985,
        9,
        7.15
      ],
      "to": [
        8.015,
        10.5,
        8.85
      ],
      "rotation": {
        "angle": 45,
        "axis": "y",
        "origin": [
          8,
          9.75,
          8
        ]
      },
      "faces": {
        "east": {
          "uv": [
            3.8,
            9.2,
            2.4,
            8
          ],
          "texture": "#4"
        },
        "west": {
          "uv": [
            2.4,
            9.2,
            3.8,
            8
          ],
          "texture": "#4"
        }
      }
    },
    {
      "from": [
        7.985,
        9,
        7.15
      ],
      "to": [
        8.015,
        10.5,
        8.85
      ],
      "rotation": {
        "angle": -45,
        "axis": "y",
        "origin": [
          8,
          9.75,
          8
        ]
      },
      "faces": {
        "east": {
          "uv": [
            3.8,
            9.2,
            2.4,
            8
          ],
          "texture": "#4"
        },
        "west": {
          "uv": [
            2.4,
            9.2,
            3.8,
            8
          ],
          "texture": "#4"
        }
      }
    },
    {
      "from": [
        8.8,
        9.8,
        5
      ],
      "to": [
        8.8,
        15.8,
        11
      ],
      "rotation": {
        "angle": 0,
        "axis": "y",
        "origin": [
          16,
          6,
          5
        ]
      },
      "faces": {
        "east": {
          "uv": [
            14,
            2,
            2,
            14
          ],
          "texture": "#3"
        }
      }
    },
    {
      "from": [
        7.2,
        9.8,
        5
      ],
      "to": [
        7.2,
        15.8,
        11
      ],
      "rotation": {
        "angle": 0,
        "axis": "y",
        "origin": [
          0,
          6,
          5
        ]
      },
      "faces": {
        "west": {
          "uv": [
            2,
            2,
            14,
            14
          ],
          "texture": "#3"
        }
      }
    },
    {
      "from": [
        7.75,
        12.35711,
        8.25
      ],
      "to": [
        8.25,
        14.85711,
        10.75
      ],
      "rotation": {
        "angle": -45,
        "axis": "x",
        "origin": [
          7.25,
          12.10711,
          8
        ]
      },
      "faces": {
        "north": {
          "uv": [
            11.2,
            9.6,
            11.6,
            11.6
          ],
          "texture": "#4"
        },
        "east": {
          "uv": [
            5.6,
            1.6,
            7.6,
            3.6
          ],
          "texture": "#4"
        },
        "south": {
          "uv": [
            4.8,
            12,
            5.2,
            14
          ],
          "texture": "#4"
        },
        "west": {
          "uv": [
            2.4,
            5.6,
            4.4,
            7.6
          ],
          "texture": "#4"
        },
        "up": {
          "uv": [
            12.4,
            6.8,
            12,
            4.8
          ],
          "texture": "#4"
        },
        "down": {
          "uv": [
            6,
            12,
            5.6,
            14
          ],
          "texture": "#4"
        }
      }
    },
    {
      "from": [
        7.7535,
        14.72843,
        6.75
      ],
      "to": [
        8.2465,
        17.72843,
        9.25
      ],
      "rotation": {
        "angle": 0,
        "axis": "x",
        "origin": [
          8.0035,
          15.97843,
          8
        ]
      },
      "faces": {
        "north": {
          "uv": [
            3.2,
            11.2,
            3.6,
            13.6
          ],
          "texture": "#4"
        },
        "east": {
          "uv": [
            3.2,
            3.2,
            5.2,
            5.6
          ],
          "texture": "#4"
        },
        "south": {
          "uv": [
            4,
            11.2,
            4.4,
            13.6
          ],
          "texture": "#4"
        },
        "west": {
          "uv": [
            0,
            4,
            2,
            6.4
          ],
          "texture": "#4"
        },
        "up": {
          "uv": [
            6.8,
            14,
            6.4,
            12
          ],
          "texture": "#4"
        }
      }
    },
    {
      "from": [
        7.7585,
        17.27132,
        7.45711
      ],
      "to": [
        8.2415,
        18.02132,
        8.20711
      ],
      "rotation": {
        "angle": -45,
        "axis": "x",
        "origin": [
          7.7585,
          17.02132,
          7.45711
        ]
      },
      "faces": {
        "north": {
          "uv": [
            4.8,
            14.4,
            5.2,
            15
          ],
          "texture": "#4"
        },
        "east": {
          "uv": [
            3.2,
            13.6,
            3.8,
            14.2
          ],
          "texture": "#4"
        },
        "south": {
          "uv": [
            14.4,
            4.8,
            14.8,
            5.4
          ],
          "texture": "#4"
        },
        "west": {
          "uv": [
            4,
            13.6,
            4.6,
            14.2
          ],
          "texture": "#4"
        },
        "up": {
          "uv": [
            6,
            15,
            5.6,
            14.4
          ],
          "texture": "#4"
        },
        "down": {
          "uv": [
            14.8,
            5.6,
            14.4,
            6.2
          ],
          "texture": "#4"
        }
      }
    },
    {
      "from": [
        7.76,
        17.70876,
        7.281
      ],
      "to": [
        8.24,
        18.25876,
        8.719
      ],
      "rotation": {
        "angle": 0,
        "axis": "x",
        "origin": [
          7.76,
          17.25876,
          7.281
        ]
      },
      "faces": {
        "north": {
          "uv": [
            13.6,
            14.4,
            14,
            14.8
          ],
          "texture": "#4"
        },
        "east": {
          "uv": [
            12.8,
            6.4,
            14,
            6.8
          ],
          "texture": "#4"
        },
        "south": {
          "uv": [
            14.4,
            13.6,
            14.8,
            14
          ],
          "texture": "#4"
        },
        "west": {
          "uv": [
            7.2,
            12.8,
            8.4,
            13.2
          ],
          "texture": "#4"
        },
        "up": {
          "uv": [
            13.2,
            8.4,
            12.8,
            7.2
          ],
          "texture": "#4"
        },
        "down": {
          "uv": [
            9.2,
            12.8,
            8.8,
            14
          ],
          "texture": "#4"
        }
      }
    },
    {
      "from": [
        7.7585,
        17.27132,
        8.89645
      ],
      "to": [
        8.2415,
        18.02132,
        9.64645
      ],
      "rotation": {
        "angle": -45,
        "axis": "x",
        "origin": [
          7.7585,
          17.02132,
          8.89645
        ]
      },
      "faces": {
        "north": {
          "uv": [
            6.4,
            14.4,
            6.8,
            15
          ],
          "texture": "#4"
        },
        "east": {
          "uv": [
            7.2,
            13.6,
            7.8,
            14.2
          ],
          "texture": "#4"
        },
        "south": {
          "uv": [
            14.4,
            6.4,
            14.8,
            7
          ],
          "texture": "#4"
        },
        "west": {
          "uv": [
            13.6,
            7.2,
            14.2,
            7.8
          ],
          "texture": "#4"
        },
        "up": {
          "uv": [
            7.6,
            15,
            7.2,
            14.4
          ],
          "texture": "#4"
        },
        "down": {
          "uv": [
            14.8,
            7.2,
            14.4,
            7.8
          ],
          "texture": "#4"
        }
      }
    },
    {
      "from": [
        7.985,
        14.22843,
        6
      ],
      "to": [
        8.015,
        19.22843,
        10
      ],
      "rotation": {
        "angle": 0,
        "axis": "y",
        "origin": [
          7.985,
          14.22843,
          6
        ]
      },
      "faces": {
        "east": {
          "uv": [
            3.2,
            0,
            0,
            4
          ],
          "texture": "#4"
        },
        "west": {
          "uv": [
            0,
            0,
            3.2,
            4
          ],
          "texture": "#4"
        }
      }
    }
  ],
  "gui_light": "front",
  "display": {
    "thirdperson_righthand": {
      "translation": [
        0,
        1.75,
        1
      ]
    },
    "thirdperson_lefthand": {
      "translation": [
        0,
        1.75,
        1
      ]
    },
    "firstperson_righthand": {
      "rotation": [
        -10,
        0,
        0
      ],
      "translation": [
        0,
        2,
        0
      ]
    },
    "firstperson_lefthand": {
      "rotation": [
        -10,
        0,
        0
      ],
      "translation": [
        0,
        2,
        0
      ]
    },
    "ground": {
      "rotation": [
        -45,
        0,
        0
      ],
      "translation": [
        0,
        4.25,
        0
      ],
      "scale": [
        0.7,
        0.7,
        0.7
      ]
    },
    "gui": {
      "rotation": [
        -90,
        45,
        90
      ],
      "translation": [
        0.75,
        -0.75,
        0
      ],
      "scale": [
        0.9,
        0.9,
        0.9
      ]
    },
    "head": {
      "rotation": [
        0,
        -90,
        0
      ]
    },
    "fixed": {
      "rotation": [
        0,
        -90,
        0
      ],
      "translation": [
        0,
        0,
        -1.25
      ],
      "scale": [
        2,
        2,
        2
      ]
    }
  }
}