{
  "credit": "Made by PolygonMC",
  "texture_size": [
    24,
    24
  ],
  "textures": {
    "3": "winterset:animations/animations_1",
    "5": "winterset:spear"
  },
  "elements": [
    {
      "from": [
        7.5,
        1.2,
        7.5
      ],
      "to": [
        8.5,
        1.7,
        8.5
      ],
      "rotation": {
        "angle": 0,
        "axis": "y",
        "origin": [
          7.5,
          -0.3,
          7.5
        ]
      },
      "faces": {
        "north": {
          "uv": [
            1.33333,
            12.66667,
            2,
            13
          ],
          "texture": "#5"
        },
        "east": {
          "uv": [
            2,
            12.66667,
            2.66667,
            13
          ],
          "texture": "#5"
        },
        "south": {
          "uv": [
            2.66667,
            12.66667,
            3.33333,
            13
          ],
          "texture": "#5"
        },
        "west": {
          "uv": [
            12.66667,
            2.66667,
            13.33333,
            3
          ],
          "texture": "#5"
        }
      }
    },
    {
      "from": [
        7.5,
        22.75,
        7.5
      ],
      "to": [
        8.5,
        23.25,
        8.5
      ],
      "rotation": {
        "angle": 0,
        "axis": "y",
        "origin": [
          7.5,
          21.75,
          7.5
        ]
      },
      "faces": {
        "north": {
          "uv": [
            3.33333,
            12.66667,
            4,
            13
          ],
          "texture": "#5"
        },
        "east": {
          "uv": [
            12.66667,
            3.33333,
            13.33333,
            3.66667
          ],
          "texture": "#5"
        },
        "south": {
          "uv": [
            4,
            12.66667,
            4.66667,
            13
          ],
          "texture": "#5"
        },
        "west": {
          "uv": [
            4.66667,
            12.66667,
            5.33333,
            13
          ],
          "texture": "#5"
        }
      }
    },
    {
      "from": [
        7.4,
        8.2,
        7.4
      ],
      "to": [
        8.6,
        8.8,
        8.6
      ],
      "rotation": {
        "angle": 0,
        "axis": "y",
        "origin": [
          7.5,
          7.2,
          7.5
        ]
      },
      "faces": {
        "north": {
          "uv": [
            12,
            1.33333,
            12.83333,
            1.66667
          ],
          "texture": "#5"
        },
        "east": {
          "uv": [
            12,
            2,
            12.83333,
            2.33333
          ],
          "texture": "#5"
        },
        "south": {
          "uv": [
            2.66667,
            12,
            3.5,
            12.33333
          ],
          "texture": "#5"
        },
        "west": {
          "uv": [
            4,
            12,
            4.83333,
            12.33333
          ],
          "texture": "#5"
        },
        "up": {
          "uv": [
            8.83333,
            10.16667,
            8,
            9.33333
          ],
          "texture": "#5"
        }
      }
    },
    {
      "from": [
        7.4,
        11.65,
        7.4
      ],
      "to": [
        8.6,
        12.25,
        8.6
      ],
      "rotation": {
        "angle": 0,
        "axis": "y",
        "origin": [
          7.5,
          10.15,
          7.5
        ]
      },
      "faces": {
        "north": {
          "uv": [
            12,
            4,
            12.83333,
            4.33333
          ],
          "texture": "#5"
        },
        "east": {
          "uv": [
            5.33333,
            12,
            6.16667,
            12.33333
          ],
          "texture": "#5"
        },
        "south": {
          "uv": [
            6.66667,
            12,
            7.5,
            12.33333
          ],
          "texture": "#5"
        },
        "west": {
          "uv": [
            8,
            12,
            8.83333,
            12.33333
          ],
          "texture": "#5"
        },
        "down": {
          "uv": [
            10.16667,
            8.66667,
            9.33333,
            9.5
          ],
          "texture": "#5"
        }
      }
    },
    {
      "from": [
        7.5,
        8.8,
        7.5
      ],
      "to": [
        8.5,
        11.65,
        8.5
      ],
      "rotation": {
        "angle": 0,
        "axis": "y",
        "origin": [
          8,
          10.225,
          8
        ]
      },
      "faces": {
        "north": {
          "uv": [
            4.66667,
            2,
            5.33333,
            3.83333
          ],
          "texture": "#5"
        },
        "east": {
          "uv": [
            2.66667,
            6.66667,
            3.33333,
            8.5
          ],
          "texture": "#5"
        },
        "south": {
          "uv": [
            6.66667,
            2.66667,
            7.33333,
            4.5
          ],
          "texture": "#5"
        },
        "west": {
          "uv": [
            3.33333,
            6.66667,
            4,
            8.5
          ],
          "texture": "#5"
        }
      }
    },
    {
      "from": [
        7.4,
        7.1,
        7.4
      ],
      "to": [
        8.6,
        7.7,
        8.6
      ],
      "rotation": {
        "angle": 0,
        "axis": "y",
        "origin": [
          7.5,
          5.6,
          7.5
        ]
      },
      "faces": {
        "north": {
          "uv": [
            12,
            8.66667,
            12.83333,
            9
          ],
          "texture": "#5"
        },
        "east": {
          "uv": [
            12,
            9.33333,
            12.83333,
            9.66667
          ],
          "texture": "#5"
        },
        "south": {
          "uv": [
            12,
            10,
            12.83333,
            10.33333
          ],
          "texture": "#5"
        },
        "west": {
          "uv": [
            12,
            10.66667,
            12.83333,
            11
          ],
          "texture": "#5"
        },
        "down": {
          "uv": [
            10.83333,
            0,
            10,
            0.83333
          ],
          "texture": "#5"
        }
      }
    },
    {
      "from": [
        7.5,
        2.75,
        7.5
      ],
      "to": [
        8.5,
        7.1,
        8.5
      ],
      "rotation": {
        "angle": 0,
        "axis": "y",
        "origin": [
          8,
          10.675,
          8
        ]
      },
      "faces": {
        "north": {
          "uv": [
            5.33333,
            0,
            6,
            2.83333
          ],
          "texture": "#5"
        },
        "east": {
          "uv": [
            5.33333,
            3.33333,
            6,
            6.16667
          ],
          "texture": "#5"
        },
        "south": {
          "uv": [
            6,
            0,
            6.66667,
            2.83333
          ],
          "texture": "#5"
        },
        "west": {
          "uv": [
            6,
            3.33333,
            6.66667,
            6.16667
          ],
          "texture": "#5"
        }
      }
    },
    {
      "from": [
        7.4,
        12.75,
        7.4
      ],
      "to": [
        8.6,
        16.25,
        8.6
      ],
      "rotation": {
        "angle": 0,
        "axis": "y",
        "origin": [
          8,
          18.825,
          8
        ]
      },
      "faces": {
        "north": {
          "uv": [
            1.33333,
            4,
            2.16667,
            6.33333
          ],
          "texture": "#5"
        },
        "east": {
          "uv": [
            2.66667,
            4,
            3.5,
            6.33333
          ],
          "texture": "#5"
        },
        "south": {
          "uv": [
            4,
            4,
            4.83333,
            6.33333
          ],
          "texture": "#5"
        },
        "west": {
          "uv": [
            0,
            5.33333,
            0.83333,
            7.66667
          ],
          "texture": "#5"
        }
      }
    },
    {
      "from": [
        7.4,
        2.2,
        7.4
      ],
      "to": [
        8.6,
        2.8,
        8.6
      ],
      "rotation": {
        "angle": 0,
        "axis": "y",
        "origin": [
          7.5,
          1.2,
          7.5
        ]
      },
      "faces": {
        "north": {
          "uv": [
            12,
            11.33333,
            12.83333,
            11.66667
          ],
          "texture": "#5"
        },
        "east": {
          "uv": [
            12,
            12,
            12.83333,
            12.33333
          ],
          "texture": "#5"
        },
        "south": {
          "uv": [
            12.66667,
            0,
            13.5,
            0.33333
          ],
          "texture": "#5"
        },
        "west": {
          "uv": [
            12.66667,
            0.66667,
            13.5,
            1
          ],
          "texture": "#5"
        },
        "up": {
          "uv": [
            3.5,
            10.83333,
            2.66667,
            10
          ],
          "texture": "#5"
        }
      }
    },
    {
      "from": [
        7.25,
        7.7,
        7.25
      ],
      "to": [
        8.75,
        8.2,
        8.75
      ],
      "rotation": {
        "angle": 0,
        "axis": "y",
        "origin": [
          7.5,
          6.7,
          7.5
        ]
      },
      "faces": {
        "north": {
          "uv": [
            8,
            10.66667,
            9,
            11
          ],
          "texture": "#5"
        },
        "east": {
          "uv": [
            10.66667,
            8.66667,
            11.66667,
            9
          ],
          "texture": "#5"
        },
        "south": {
          "uv": [
            10.66667,
            9.33333,
            11.66667,
            9.66667
          ],
          "texture": "#5"
        },
        "west": {
          "uv": [
            10.66667,
            10,
            11.66667,
            10.33333
          ],
          "texture": "#5"
        },
        "up": {
          "uv": [
            9,
            5,
            8,
            4
          ],
          "texture": "#5"
        },
        "down": {
          "uv": [
            6.33333,
            8,
            5.33333,
            9
          ],
          "texture": "#5"
        }
      }
    },
    {
      "from": [
        7.25,
        1.7,
        7.25
      ],
      "to": [
        8.75,
        2.2,
        8.75
      ],
      "rotation": {
        "angle": 0,
        "axis": "y",
        "origin": [
          7.5,
          0.7,
          7.5
        ]
      },
      "faces": {
        "north": {
          "uv": [
            10.66667,
            10.66667,
            11.66667,
            11
          ],
          "texture": "#5"
        },
        "east": {
          "uv": [
            11.33333,
            0,
            12.33333,
            0.33333
          ],
          "texture": "#5"
        },
        "south": {
          "uv": [
            11.33333,
            0.66667,
            12.33333,
            1
          ],
          "texture": "#5"
        },
        "west": {
          "uv": [
            2.66667,
            11.33333,
            3.66667,
            11.66667
          ],
          "texture": "#5"
        },
        "up": {
          "uv": [
            9,
            6.33333,
            8,
            5.33333
          ],
          "texture": "#5"
        },
        "down": {
          "uv": [
            9,
            6.66667,
            8,
            7.66667
          ],
          "texture": "#5"
        }
      }
    },
    {
      "from": [
        7.25,
        12.25,
        7.25
      ],
      "to": [
        8.75,
        12.75,
        8.75
      ],
      "rotation": {
        "angle": 0,
        "axis": "y",
        "origin": [
          7.5,
          11.25,
          7.5
        ]
      },
      "faces": {
        "north": {
          "uv": [
            11.33333,
            2.66667,
            12.33333,
            3
          ],
          "texture": "#5"
        },
        "east": {
          "uv": [
            11.33333,
            3.33333,
            12.33333,
            3.66667
          ],
          "texture": "#5"
        },
        "south": {
          "uv": [
            4,
            11.33333,
            5,
            11.66667
          ],
          "texture": "#5"
        },
        "west": {
          "uv": [
            11.33333,
            4.66667,
            12.33333,
            5
          ],
          "texture": "#5"
        },
        "up": {
          "uv": [
            9,
            9,
            8,
            8
          ],
          "texture": "#5"
        },
        "down": {
          "uv": [
            9.66667,
            0,
            8.66667,
            1
          ],
          "texture": "#5"
        }
      }
    },
    {
      "from": [
        7.25,
        16.25,
        7.25
      ],
      "to": [
        8.75,
        16.75,
        8.75
      ],
      "rotation": {
        "angle": 0,
        "axis": "y",
        "origin": [
          7.5,
          15.25,
          7.5
        ]
      },
      "faces": {
        "north": {
          "uv": [
            5.33333,
            11.33333,
            6.33333,
            11.66667
          ],
          "texture": "#5"
        },
        "east": {
          "uv": [
            11.33333,
            5.33333,
            12.33333,
            5.66667
          ],
          "texture": "#5"
        },
        "south": {
          "uv": [
            11.33333,
            6,
            12.33333,
            6.33333
          ],
          "texture": "#5"
        },
        "west": {
          "uv": [
            6.66667,
            11.33333,
            7.66667,
            11.66667
          ],
          "texture": "#5"
        },
        "up": {
          "uv": [
            3.66667,
            9.66667,
            2.66667,
            8.66667
          ],
          "texture": "#5"
        },
        "down": {
          "uv": [
            9.66667,
            2.66667,
            8.66667,
            3.66667
          ],
          "texture": "#5"
        }
      }
    },
    {
      "from": [
        7.25,
        22.25,
        7.25
      ],
      "to": [
        8.75,
        22.75,
        8.75
      ],
      "rotation": {
        "angle": 0,
        "axis": "y",
        "origin": [
          7.5,
          14.25,
          7.5
        ]
      },
      "faces": {
        "north": {
          "uv": [
            11.33333,
            6.66667,
            12.33333,
            7
          ],
          "texture": "#5"
        },
        "east": {
          "uv": [
            11.33333,
            7.33333,
            12.33333,
            7.66667
          ],
          "texture": "#5"
        },
        "south": {
          "uv": [
            8,
            11.33333,
            9,
            11.66667
          ],
          "texture": "#5"
        },
        "west": {
          "uv": [
            11.33333,
            8,
            12.33333,
            8.33333
          ],
          "texture": "#5"
        },
        "up": {
          "uv": [
            7.66667,
            9.66667,
            6.66667,
            8.66667
          ],
          "texture": "#5"
        },
        "down": {
          "uv": [
            1,
            9.33333,
            0,
            10.33333
          ],
          "texture": "#5"
        }
      }
    },
    {
      "from": [
        7.33,
        0.28,
        7.33
      ],
      "to": [
        8.67,
        1.62,
        8.67
      ],
      "rotation": {
        "angle": -45,
        "axis": "x",
        "origin": [
          8,
          0.95,
          8
        ]
      },
      "faces": {
        "north": {
          "uv": [
            10,
            2.66667,
            10.83333,
            3.5
          ],
          "texture": "#5"
        },
        "east": {
          "uv": [
            5.33333,
            10,
            6.16667,
            10.83333
          ],
          "texture": "#5"
        },
        "south": {
          "uv": [
            10,
            6,
            10.83333,
            6.83333
          ],
          "texture": "#5"
        },
        "west": {
          "uv": [
            6.66667,
            10,
            7.5,
            10.83333
          ],
          "texture": "#5"
        },
        "up": {
          "uv": [
            10.83333,
            8.16667,
            10,
            7.33333
          ],
          "texture": "#5"
        },
        "down": {
          "uv": [
            10.16667,
            10,
            9.33333,
            10.83333
          ],
          "texture": "#5"
        }
      }
    },
    {
      "from": [
        7.35,
        22.65,
        8
      ],
      "to": [
        8.65,
        24.65,
        10
      ],
      "rotation": {
        "angle": -45,
        "axis": "x",
        "origin": [
          7.25,
          22.65,
          8
        ]
      },
      "faces": {
        "north": {
          "uv": [
            6.66667,
            7.33333,
            7.5,
            8.66667
          ],
          "texture": "#5"
        },
        "east": {
          "uv": [
            1.33333,
            6.66667,
            2.66667,
            8
          ],
          "texture": "#5"
        },
        "south": {
          "uv": [
            0,
            8,
            0.83333,
            9.33333
          ],
          "texture": "#5"
        },
        "west": {
          "uv": [
            6.66667,
            1.33333,
            8,
            2.66667
          ],
          "texture": "#5"
        },
        "up": {
          "uv": [
            2.16667,
            9.33333,
            1.33333,
            8
          ],
          "texture": "#5"
        },
        "down": {
          "uv": [
            8.83333,
            1.33333,
            8,
            2.66667
          ],
          "texture": "#5"
        }
      }
    },
    {
      "from": [
        7.1,
        22.9,
        8.25
      ],
      "to": [
        8.9,
        24.4,
        9.75
      ],
      "rotation": {
        "angle": -45,
        "axis": "x",
        "origin": [
          7.25,
          22.65,
          8
        ]
      },
      "faces": {
        "north": {
          "uv": [
            4,
            6.66667,
            5.16667,
            7.66667
          ],
          "texture": "#5"
        },
        "east": {
          "uv": [
            1.33333,
            9.33333,
            2.33333,
            10.33333
          ],
          "texture": "#5"
        },
        "south": {
          "uv": [
            6.66667,
            4.66667,
            7.83333,
            5.66667
          ],
          "texture": "#5"
        },
        "west": {
          "uv": [
            9.33333,
            1.33333,
            10.33333,
            2.33333
          ],
          "texture": "#5"
        },
        "up": {
          "uv": [
            6.5,
            7.66667,
            5.33333,
            6.66667
          ],
          "texture": "#5"
        },
        "down": {
          "uv": [
            7.83333,
            6,
            6.66667,
            7
          ],
          "texture": "#5"
        }
      }
    },
    {
      "from": [
        7.75,
        0.45628,
        5.53731
      ],
      "to": [
        8.25,
        1.45628,
        6.03731
      ],
      "rotation": {
        "angle": 45,
        "axis": "x",
        "origin": [
          8,
          0.33128,
          6.28731
        ]
      },
      "faces": {
        "north": {
          "uv": [
            12.66667,
            4.66667,
            13,
            5.33333
          ],
          "texture": "#5"
        },
        "east": {
          "uv": [
            5.33333,
            12.66667,
            5.66667,
            13.33333
          ],
          "texture": "#5"
        },
        "south": {
          "uv": [
            12.66667,
            5.33333,
            13,
            6
          ],
          "texture": "#5"
        },
        "west": {
          "uv": [
            6,
            12.66667,
            6.33333,
            13.33333
          ],
          "texture": "#5"
        },
        "up": {
          "uv": [
            12.33333,
            13,
            12,
            12.66667
          ],
          "texture": "#5"
        },
        "down": {
          "uv": [
            13,
            12.66667,
            12.66667,
            13
          ],
          "texture": "#5"
        }
      }
    },
    {
      "from": [
        7.75,
        0.45628,
        6.03731
      ],
      "to": [
        8.25,
        0.95628,
        6.53731
      ],
      "rotation": {
        "angle": 45,
        "axis": "x",
        "origin": [
          8,
          0.33128,
          6.28731
        ]
      },
      "faces": {
        "east": {
          "uv": [
            0,
            13.33333,
            0.33333,
            13.66667
          ],
          "texture": "#5"
        },
        "south": {
          "uv": [
            0.66667,
            13.33333,
            1,
            13.66667
          ],
          "texture": "#5"
        },
        "west": {
          "uv": [
            1.33333,
            13.33333,
            1.66667,
            13.66667
          ],
          "texture": "#5"
        },
        "up": {
          "uv": [
            13.66667,
            1.66667,
            13.33333,
            1.33333
          ],
          "texture": "#5"
        },
        "down": {
          "uv": [
            2.33333,
            13.33333,
            2,
            13.66667
          ],
          "texture": "#5"
        }
      }
    },
    {
      "from": [
        7.75,
        0.45628,
        9.96269
      ],
      "to": [
        8.25,
        1.45628,
        10.46269
      ],
      "rotation": {
        "angle": -45,
        "axis": "x",
        "origin": [
          8,
          0.33128,
          9.71269
        ]
      },
      "faces": {
        "north": {
          "uv": [
            12.66667,
            6,
            13,
            6.66667
          ],
          "texture": "#5"
        },
        "east": {
          "uv": [
            6.66667,
            12.66667,
            7,
            13.33333
          ],
          "texture": "#5"
        },
        "south": {
          "uv": [
            12.66667,
            6.66667,
            13,
            7.33333
          ],
          "texture": "#5"
        },
        "west": {
          "uv": [
            7.33333,
            12.66667,
            7.66667,
            13.33333
          ],
          "texture": "#5"
        },
        "up": {
          "uv": [
            13.66667,
            2.33333,
            13.33333,
            2
          ],
          "texture": "#5"
        },
        "down": {
          "uv": [
            3,
            13.33333,
            2.66667,
            13.66667
          ],
          "texture": "#5"
        }
      }
    },
    {
      "from": [
        7.75,
        0.45628,
        9.46269
      ],
      "to": [
        8.25,
        0.95628,
        9.96269
      ],
      "rotation": {
        "angle": -45,
        "axis": "x",
        "origin": [
          8,
          0.33128,
          9.71269
        ]
      },
      "faces": {
        "north": {
          "uv": [
            13.33333,
            2.66667,
            13.66667,
            3
          ],
          "texture": "#5"
        },
        "east": {
          "uv": [
            3.33333,
            13.33333,
            3.66667,
            13.66667
          ],
          "texture": "#5"
        },
        "west": {
          "uv": [
            13.33333,
            3.33333,
            13.66667,
            3.66667
          ],
          "texture": "#5"
        },
        "up": {
          "uv": [
            4.33333,
            13.66667,
            4,
            13.33333
          ],
          "texture": "#5"
        },
        "down": {
          "uv": [
            13.66667,
            4,
            13.33333,
            4.33333
          ],
          "texture": "#5"
        }
      }
    },
    {
      "from": [
        7.5,
        22.23579,
        10.41421
      ],
      "to": [
        8.5,
        23.23579,
        12.41421
      ],
      "rotation": {
        "angle": -45,
        "axis": "x",
        "origin": [
          7.5,
          21.23579,
          9.41421
        ]
      },
      "faces": {
        "north": {
          "uv": [
            1.33333,
            3.33333,
            2,
            4
          ],
          "texture": "#5"
        },
        "east": {
          "uv": [
            5.33333,
            9.33333,
            6.66667,
            10
          ],
          "texture": "#5"
        },
        "south": {
          "uv": [
            4,
            2,
            4.66667,
            2.66667
          ],
          "texture": "#5"
        },
        "west": {
          "uv": [
            9.33333,
            5.33333,
            10.66667,
            6
          ],
          "texture": "#5"
        },
        "up": {
          "uv": [
            10,
            7.33333,
            9.33333,
            6
          ],
          "texture": "#5"
        },
        "down": {
          "uv": [
            10,
            7.33333,
            9.33333,
            8.66667
          ],
          "texture": "#5"
        }
      }
    },
    {
      "from": [
        7.5,
        23.23579,
        11.41421
      ],
      "to": [
        8.5,
        23.73579,
        12.41421
      ],
      "rotation": {
        "angle": -45,
        "axis": "x",
        "origin": [
          7.5,
          21.23579,
          9.41421
        ]
      },
      "faces": {
        "north": {
          "uv": [
            12.66667,
            7.33333,
            13.33333,
            7.66667
          ],
          "texture": "#5"
        },
        "east": {
          "uv": [
            8,
            12.66667,
            8.66667,
            13
          ],
          "texture": "#5"
        },
        "south": {
          "uv": [
            12.66667,
            8,
            13.33333,
            8.33333
          ],
          "texture": "#5"
        },
        "west": {
          "uv": [
            8.66667,
            12.66667,
            9.33333,
            13
          ],
          "texture": "#5"
        },
        "up": {
          "uv": [
            8,
            4.66667,
            7.33333,
            4
          ],
          "texture": "#5"
        }
      }
    },
    {
      "from": [
        7.985,
        23.0429,
        9.79289
      ],
      "to": [
        8.015,
        25.0429,
        13.29289
      ],
      "rotation": {
        "angle": 0,
        "axis": "y",
        "origin": [
          7.835,
          21.0429,
          17.79289
        ]
      },
      "faces": {
        "east": {
          "uv": [
            4.33333,
            2.66667,
            2,
            4
          ],
          "texture": "#5"
        },
        "west": {
          "uv": [
            2,
            2.66667,
            4.33333,
            4
          ],
          "texture": "#5"
        }
      }
    },
    {
      "from": [
        7.95,
        25.0429,
        9.14289
      ],
      "to": [
        8.05,
        26.6429,
        11.94289
      ],
      "rotation": {
        "angle": -45,
        "axis": "x",
        "origin": [
          7.875,
          25.5929,
          10.54289
        ]
      },
      "faces": {
        "east": {
          "uv": [
            8.5,
            0,
            6.66667,
            1
          ],
          "texture": "#5"
        },
        "west": {
          "uv": [
            6.66667,
            0,
            8.5,
            1
          ],
          "texture": "#5"
        }
      }
    },
    {
      "from": [
        7.95,
        21.98181,
        9.53094
      ],
      "to": [
        8.05,
        23.18181,
        11.63094
      ],
      "rotation": {
        "angle": 45,
        "axis": "x",
        "origin": [
          7.875,
          22.33181,
          10.58094
        ]
      },
      "faces": {
        "east": {
          "uv": [
            5.33333,
            8,
            4,
            8.83333
          ],
          "texture": "#5"
        },
        "west": {
          "uv": [
            4,
            8,
            5.33333,
            8.83333
          ],
          "texture": "#5"
        }
      }
    },
    {
      "from": [
        7.5,
        22.23579,
        3.58579
      ],
      "to": [
        8.5,
        23.23579,
        5.58579
      ],
      "rotation": {
        "angle": 45,
        "axis": "x",
        "origin": [
          7.5,
          21.23579,
          6.58579
        ]
      },
      "faces": {
        "north": {
          "uv": [
            4.66667,
            2,
            4,
            2.66667
          ],
          "texture": "#5"
        },
        "east": {
          "uv": [
            6.66667,
            9.33333,
            5.33333,
            10
          ],
          "texture": "#5"
        },
        "south": {
          "uv": [
            2,
            3.33333,
            1.33333,
            4
          ],
          "texture": "#5"
        },
        "west": {
          "uv": [
            10.66667,
            5.33333,
            9.33333,
            6
          ],
          "texture": "#5"
        },
        "up": {
          "uv": [
            10,
            6,
            9.33333,
            7.33333
          ],
          "texture": "#5"
        },
        "down": {
          "uv": [
            10,
            8.66667,
            9.33333,
            7.33333
          ],
          "texture": "#5"
        }
      }
    },
    {
      "from": [
        7.5,
        23.23579,
        3.58579
      ],
      "to": [
        8.5,
        23.73579,
        4.58579
      ],
      "rotation": {
        "angle": 45,
        "axis": "x",
        "origin": [
          7.5,
          21.23579,
          6.58579
        ]
      },
      "faces": {
        "north": {
          "uv": [
            13.33333,
            8,
            12.66667,
            8.33333
          ],
          "texture": "#5"
        },
        "east": {
          "uv": [
            8.66667,
            12.66667,
            8,
            13
          ],
          "texture": "#5"
        },
        "south": {
          "uv": [
            13.33333,
            7.33333,
            12.66667,
            7.66667
          ],
          "texture": "#5"
        },
        "west": {
          "uv": [
            9.33333,
            12.66667,
            8.66667,
            13
          ],
          "texture": "#5"
        },
        "up": {
          "uv": [
            8,
            4,
            7.33333,
            4.66667
          ],
          "texture": "#5"
        }
      }
    },
    {
      "from": [
        7.985,
        23.0429,
        2.70711
      ],
      "to": [
        8.015,
        25.0429,
        6.20711
      ],
      "rotation": {
        "angle": 0,
        "axis": "y",
        "origin": [
          7.835,
          21.0429,
          -1.79289
        ]
      },
      "faces": {
        "east": {
          "uv": [
            2,
            2.66667,
            4.33333,
            4
          ],
          "texture": "#5"
        },
        "west": {
          "uv": [
            4.33333,
            2.66667,
            2,
            4
          ],
          "texture": "#5"
        }
      }
    },
    {
      "from": [
        7.95,
        25.0429,
        4.05711
      ],
      "to": [
        8.05,
        26.6429,
        6.85711
      ],
      "rotation": {
        "angle": 45,
        "axis": "x",
        "origin": [
          7.875,
          25.5929,
          5.45711
        ]
      },
      "faces": {
        "east": {
          "uv": [
            6.66667,
            0,
            8.5,
            1
          ],
          "texture": "#5"
        },
        "west": {
          "uv": [
            8.5,
            0,
            6.66667,
            1
          ],
          "texture": "#5"
        }
      }
    },
    {
      "from": [
        7.95,
        21.98181,
        4.36906
      ],
      "to": [
        8.05,
        23.18181,
        6.46906
      ],
      "rotation": {
        "angle": -45,
        "axis": "x",
        "origin": [
          7.875,
          22.33181,
          5.41906
        ]
      },
      "faces": {
        "east": {
          "uv": [
            4,
            8,
            5.33333,
            8.83333
          ],
          "texture": "#5"
        },
        "west": {
          "uv": [
            5.33333,
            8,
            4,
            8.83333
          ],
          "texture": "#5"
        }
      }
    },
    {
      "from": [
        7.985,
        -2.5,
        6.625
      ],
      "to": [
        8.015,
        1.5,
        9.375
      ],
      "rotation": {
        "angle": 45,
        "axis": "y",
        "origin": [
          8,
          -0.5,
          8
        ]
      },
      "faces": {
        "east": {
          "uv": [
            3.83333,
            0,
            2,
            2.66667
          ],
          "texture": "#5"
        },
        "west": {
          "uv": [
            2,
            0,
            3.83333,
            2.66667
          ],
          "texture": "#5"
        }
      }
    },
    {
      "from": [
        7.985,
        -2.5,
        6.625
      ],
      "to": [
        8.015,
        1.5,
        9.375
      ],
      "rotation": {
        "angle": -45,
        "axis": "y",
        "origin": [
          8,
          -0.5,
          8
        ]
      },
      "faces": {
        "east": {
          "uv": [
            3.83333,
            0,
            2,
            2.66667
          ],
          "texture": "#5"
        },
        "west": {
          "uv": [
            2,
            0,
            3.83333,
            2.66667
          ],
          "texture": "#5"
        }
      }
    },
    {
      "from": [
        7.4,
        16.75,
        7.4
      ],
      "to": [
        8.6,
        17.75,
        8.6
      ],
      "rotation": {
        "angle": 0,
        "axis": "y",
        "origin": [
          7.5,
          12.75,
          7.5
        ]
      },
      "faces": {
        "north": {
          "uv": [
            10.66667,
            1.33333,
            11.5,
            2
          ],
          "texture": "#5"
        },
        "east": {
          "uv": [
            10.66667,
            2,
            11.5,
            2.66667
          ],
          "texture": "#5"
        },
        "south": {
          "uv": [
            4,
            10.66667,
            4.83333,
            11.33333
          ],
          "texture": "#5"
        },
        "west": {
          "uv": [
            10.66667,
            4,
            11.5,
            4.66667
          ],
          "texture": "#5"
        },
        "up": {
          "uv": [
            0.83333,
            11.5,
            0,
            10.66667
          ],
          "texture": "#5"
        }
      }
    },
    {
      "from": [
        7.985,
        17.75,
        7.15
      ],
      "to": [
        8.015,
        19.25,
        8.85
      ],
      "rotation": {
        "angle": 45,
        "axis": "y",
        "origin": [
          8,
          18.5,
          8
        ]
      },
      "faces": {
        "east": {
          "uv": [
            8.5,
            2.66667,
            7.33333,
            3.66667
          ],
          "texture": "#5"
        },
        "west": {
          "uv": [
            7.33333,
            2.66667,
            8.5,
            3.66667
          ],
          "texture": "#5"
        }
      }
    },
    {
      "from": [
        7.15,
        17.75,
        7.985
      ],
      "to": [
        8.85,
        19.25,
        8.015
      ],
      "rotation": {
        "angle": 45,
        "axis": "y",
        "origin": [
          8,
          18.5,
          8
        ]
      },
      "faces": {
        "north": {
          "uv": [
            7.33333,
            2.66667,
            8.5,
            3.66667
          ],
          "texture": "#5"
        },
        "south": {
          "uv": [
            8.5,
            2.66667,
            7.33333,
            3.66667
          ],
          "texture": "#5"
        }
      }
    },
    {
      "from": [
        7.4,
        21.25,
        7.4
      ],
      "to": [
        8.6,
        22.25,
        8.6
      ],
      "rotation": {
        "angle": 0,
        "axis": "y",
        "origin": [
          7.5,
          26.25,
          7.5
        ]
      },
      "faces": {
        "north": {
          "uv": [
            10.66667,
            2,
            11.5,
            1.33333
          ],
          "texture": "#5"
        },
        "east": {
          "uv": [
            10.66667,
            2.66667,
            11.5,
            2
          ],
          "texture": "#5"
        },
        "south": {
          "uv": [
            4,
            11.33333,
            4.83333,
            10.66667
          ],
          "texture": "#5"
        },
        "west": {
          "uv": [
            10.66667,
            4.66667,
            11.5,
            4
          ],
          "texture": "#5"
        },
        "down": {
          "uv": [
            0.83333,
            10.66667,
            0,
            11.5
          ],
          "texture": "#5"
        }
      }
    },
    {
      "from": [
        7.985,
        19.75,
        7.15
      ],
      "to": [
        8.015,
        21.25,
        8.85
      ],
      "rotation": {
        "angle": 45,
        "axis": "y",
        "origin": [
          8,
          20.5,
          8
        ]
      },
      "faces": {
        "east": {
          "uv": [
            8.5,
            3.66667,
            7.33333,
            2.66667
          ],
          "texture": "#5"
        },
        "west": {
          "uv": [
            7.33333,
            3.66667,
            8.5,
            2.66667
          ],
          "texture": "#5"
        }
      }
    },
    {
      "from": [
        7.15,
        19.75,
        7.985
      ],
      "to": [
        8.85,
        21.25,
        8.015
      ],
      "rotation": {
        "angle": 45,
        "axis": "y",
        "origin": [
          8,
          20.5,
          8
        ]
      },
      "faces": {
        "north": {
          "uv": [
            7.33333,
            3.66667,
            8.5,
            2.66667
          ],
          "texture": "#5"
        },
        "south": {
          "uv": [
            8.5,
            3.66667,
            7.33333,
            2.66667
          ],
          "texture": "#5"
        }
      }
    },
    {
      "from": [
        7.75,
        24.56421,
        8
      ],
      "to": [
        8.25,
        26.06421,
        9.5
      ],
      "rotation": {
        "angle": -45,
        "axis": "x",
        "origin": [
          7.75,
          24.56421,
          8
        ]
      },
      "faces": {
        "north": {
          "uv": [
            9.33333,
            11.33333,
            9.66667,
            12.33333
          ],
          "texture": "#5"
        },
        "east": {
          "uv": [
            4,
            9.33333,
            5,
            10.33333
          ],
          "texture": "#5"
        },
        "south": {
          "uv": [
            10,
            11.33333,
            10.33333,
            12.33333
          ],
          "texture": "#5"
        },
        "west": {
          "uv": [
            9.33333,
            4,
            10.33333,
            5
          ],
          "texture": "#5"
        },
        "up": {
          "uv": [
            11,
            12.33333,
            10.66667,
            11.33333
          ],
          "texture": "#5"
        },
        "down": {
          "uv": [
            11.66667,
            11.33333,
            11.33333,
            12.33333
          ],
          "texture": "#5"
        }
      }
    },
    {
      "from": [
        7.75,
        27.75047,
        8
      ],
      "to": [
        8.25,
        28.81047,
        9.06
      ],
      "rotation": {
        "angle": -45,
        "axis": "x",
        "origin": [
          7.75,
          27.75047,
          8
        ]
      },
      "faces": {
        "north": {
          "uv": [
            9.33333,
            12.66667,
            9.66667,
            13.33333
          ],
          "texture": "#5"
        },
        "east": {
          "uv": [
            10.66667,
            4.66667,
            11.33333,
            5.33333
          ],
          "texture": "#5"
        },
        "south": {
          "uv": [
            10,
            12.66667,
            10.33333,
            13.33333
          ],
          "texture": "#5"
        },
        "west": {
          "uv": [
            10.66667,
            5.33333,
            11.33333,
            6
          ],
          "texture": "#5"
        },
        "up": {
          "uv": [
            11,
            13.33333,
            10.66667,
            12.66667
          ],
          "texture": "#5"
        },
        "down": {
          "uv": [
            11.66667,
            12.66667,
            11.33333,
            13.33333
          ],
          "texture": "#5"
        }
      }
    },
    {
      "from": [
        7.7535,
        25.62487,
        7.25
      ],
      "to": [
        8.2465,
        28.5,
        8.75
      ],
      "rotation": {
        "angle": 0,
        "axis": "x",
        "origin": [
          8.0035,
          26.37487,
          8
        ]
      },
      "faces": {
        "north": {
          "uv": [
            1.33333,
            10.66667,
            1.66667,
            12.66667
          ],
          "texture": "#5"
        },
        "east": {
          "uv": [
            0,
            3.33333,
            1,
            5.33333
          ],
          "texture": "#5"
        },
        "south": {
          "uv": [
            2,
            10.66667,
            2.33333,
            12.66667
          ],
          "texture": "#5"
        },
        "west": {
          "uv": [
            4,
            0,
            5,
            2
          ],
          "texture": "#5"
        },
        "up": {
          "uv": [
            0.33333,
            13,
            0,
            12
          ],
          "texture": "#5"
        },
        "down": {
          "uv": [
            1,
            12,
            0.66667,
            13
          ],
          "texture": "#5"
        }
      }
    },
    {
      "from": [
        7.985,
        25.62487,
        6.875
      ],
      "to": [
        8.015,
        30.5,
        9.125
      ],
      "rotation": {
        "angle": 0,
        "axis": "x",
        "origin": [
          7.742,
          26.37487,
          7.875
        ]
      },
      "faces": {
        "east": {
          "uv": [
            1.5,
            0,
            0,
            3.33333
          ],
          "texture": "#5"
        },
        "west": {
          "uv": [
            0,
            0,
            1.5,
            3.33333
          ],
          "texture": "#5"
        }
      }
    },
    {
      "from": [
        8.8,
        21.05,
        5
      ],
      "to": [
        8.8,
        27.05,
        11
      ],
      "rotation": {
        "angle": 0,
        "axis": "y",
        "origin": [
          16,
          16,
          5
        ]
      },
      "faces": {
        "east": {
          "uv": [
            14,
            2,
            2,
            14
          ],
          "texture": "#3"
        }
      }
    },
    {
      "from": [
        7.2,
        21.05,
        5
      ],
      "to": [
        7.2,
        27.05,
        11
      ],
      "rotation": {
        "angle": 0,
        "axis": "y",
        "origin": [
          0,
          16,
          5
        ]
      },
      "faces": {
        "west": {
          "uv": [
            2,
            2,
            14,
            14
          ],
          "texture": "#3"
        }
      }
    }
  ],
  "gui_light": "front",
  "display": {
    "thirdperson_righthand": {
      "translation": [
        0,
        -4.25,
        1
      ]
    },
    "thirdperson_lefthand": {
      "translation": [
        0,
        -4.25,
        1
      ]
    },
    "firstperson_righthand": {
      "rotation": [
        -10,
        0,
        0
      ],
      "translation": [
        0,
        -4,
        1
      ]
    },
    "firstperson_lefthand": {
      "rotation": [
        -10,
        0,
        0
      ],
      "translation": [
        0,
        -4,
        1
      ]
    },
    "ground": {
      "rotation": [
        -45,
        0,
        0
      ],
      "translation": [
        0,
        4.25,
        0
      ],
      "scale": [
        0.7,
        0.7,
        0.7
      ]
    },
    "gui": {
      "rotation": [
        -90,
        45,
        90
      ],
      "translation": [
        2.75,
        -2.75,
        0
      ],
      "scale": [
        0.7,
        0.7,
        0.7
      ]
    },
    "head": {
      "rotation": [
        0,
        -90,
        0
      ]
    },
    "fixed": {
      "rotation": [
        0,
        -90,
        0
      ],
      "translation": [
        0,
        -9.75,
        -1.25
      ],
      "scale": [
        2,
        2,
        2
      ]
    }
  }
}