{"credit":"Made by PolygonMC","texture_size":[24,24],"textures":{"2":"winterset:staff","3":"winterset:animations/animations_1","particle":"winterset:staff"},"elements":[{"from":[7.5,1.2,7.5],"to":[8.5,1.7,8.5],"rotation":{"angle":0,"axis":"y","origin":[7.5,-0.3,7.5]},"faces":{"north":{"uv":[6.66667,9.33333,7.33333,9.66667],"texture":"#2"},"east":{"uv":[8,10,8.66667,10.33333],"texture":"#2"},"south":{"uv":[12.66667,4,13.33333,4.33333],"texture":"#2"},"west":{"uv":[12.66667,4.66667,13.33333,5],"texture":"#2"}}},{"from":[7.5,19.675,7.5],"to":[8.5,20.175,8.5],"rotation":{"angle":0,"axis":"y","origin":[7.5,18.675,7.5]},"faces":{"north":{"uv":[5.33333,12.66667,6,13],"texture":"#2"},"east":{"uv":[12.66667,5.33333,13.33333,5.66667],"texture":"#2"},"south":{"uv":[6,12.66667,6.66667,13],"texture":"#2"},"west":{"uv":[12.66667,6,13.33333,6.33333],"texture":"#2"}}},{"from":[7.4,6.125,7.4],"to":[8.6,6.725,8.6],"rotation":{"angle":0,"axis":"y","origin":[7.5,5.125,7.5]},"faces":{"north":{"uv":[0,12.66667,0.83333,13],"texture":"#2"},"east":{"uv":[12.66667,0,13.5,0.33333],"texture":"#2"},"south":{"uv":[12.66667,0.66667,13.5,1],"texture":"#2"},"west":{"uv":[1.33333,12.66667,2.16667,13],"texture":"#2"},"up":{"uv":[4.83333,11.5,4,10.66667],"texture":"#2"}}},{"from":[7.4,9.575,7.4],"to":[8.6,10.175,8.6],"rotation":{"angle":0,"axis":"y","origin":[7.5,8.075,7.5]},"faces":{"north":{"uv":[12.66667,1.33333,13.5,1.66667],"texture":"#2"},"east":{"uv":[12.66667,2,13.5,2.33333],"texture":"#2"},"south":{"uv":[2.66667,12.66667,3.5,13],"texture":"#2"},"west":{"uv":[4,12.66667,4.83333,13],"texture":"#2"},"down":{"uv":[6.16667,10.66667,5.33333,11.5],"texture":"#2"}}},{"from":[7.5,6.725,7.5],"to":[8.5,9.575,8.5],"rotation":{"angle":0,"axis":"y","origin":[8,8.15,8]},"faces":{"north":{"uv":[2,7.33333,2.66667,9.16667],"texture":"#2"},"east":{"uv":[2.66667,7.33333,3.33333,9.16667],"texture":"#2"},"south":{"uv":[7.33333,2.66667,8,4.5],"texture":"#2"},"west":{"uv":[3.33333,7.33333,4,9.16667],"texture":"#2"}}},{"from":[7.4,10.675,7.4],"to":[8.6,14.175,8.6],"rotation":{"angle":0,"axis":"y","origin":[8,16.75,8]},"faces":{"north":{"uv":[4.66667,1.33333,5.5,3.66667],"texture":"#2"},"east":{"uv":[2,4.66667,2.83333,7],"texture":"#2"},"south":{"uv":[3.33333,4.66667,4.16667,7],"texture":"#2"},"west":{"uv":[4.66667,4,5.5,6.33333],"texture":"#2"}}},{"from":[7.4,2.175,7.4],"to":[8.6,5.675,8.6],"rotation":{"angle":0,"axis":"y","origin":[8,3.925,8]},"faces":{"north":{"uv":[6,1.33333,6.83333,3.66667],"texture":"#2"},"east":{"uv":[6,4,6.83333,6.33333],"texture":"#2"},"south":{"uv":[4.66667,6.66667,5.5,9],"texture":"#2"},"west":{"uv":[6,6.66667,6.83333,9],"texture":"#2"}}},{"from":[7.25,5.625,7.25],"to":[8.75,6.125,8.75],"rotation":{"angle":0,"axis":"y","origin":[7.5,4.625,7.5]},"faces":{"north":{"uv":[11.33333,6,12.33333,6.33333],"texture":"#2"},"east":{"uv":[6.66667,11.33333,7.66667,11.66667],"texture":"#2"},"south":{"uv":[11.33333,6.66667,12.33333,7],"texture":"#2"},"west":{"uv":[11.33333,7.33333,12.33333,7.66667],"texture":"#2"},"up":{"uv":[8.33333,9.66667,7.33333,8.66667],"texture":"#2"},"down":{"uv":[9.66667,8,8.66667,9],"texture":"#2"}}},{"from":[7.25,1.7,7.25],"to":[8.75,2.2,8.75],"rotation":{"angle":0,"axis":"y","origin":[7.5,0.7,7.5]},"faces":{"north":{"uv":[11.33333,8,12.33333,8.33333],"texture":"#2"},"east":{"uv":[11.33333,8.66667,12.33333,9],"texture":"#2"},"south":{"uv":[11.33333,9.33333,12.33333,9.66667],"texture":"#2"},"west":{"uv":[11.33333,10,12.33333,10.33333],"texture":"#2"},"up":{"uv":[2.33333,10.33333,1.33333,9.33333],"texture":"#2"},"down":{"uv":[3.66667,9.33333,2.66667,10.33333],"texture":"#2"}}},{"from":[7.25,10.175,7.25],"to":[8.75,10.675,8.75],"rotation":{"angle":0,"axis":"y","origin":[7.5,9.175,7.5]},"faces":{"north":{"uv":[1.33333,12,2.33333,12.33333],"texture":"#2"},"east":{"uv":[12,2.66667,13,3],"texture":"#2"},"south":{"uv":[12,3.33333,13,3.66667],"texture":"#2"},"west":{"uv":[4,12,5,12.33333],"texture":"#2"},"up":{"uv":[10.33333,3.66667,9.33333,2.66667],"texture":"#2"},"down":{"uv":[5,9.33333,4,10.33333],"texture":"#2"}}},{"from":[7.25,14.175,7.25],"to":[8.75,14.675,8.75],"rotation":{"angle":0,"axis":"y","origin":[7.5,13.175,7.5]},"faces":{"north":{"uv":[5.33333,12,6.33333,12.33333],"texture":"#2"},"east":{"uv":[6.66667,12,7.66667,12.33333],"texture":"#2"},"south":{"uv":[8,12,9,12.33333],"texture":"#2"},"west":{"uv":[9.33333,12,10.33333,12.33333],"texture":"#2"},"up":{"uv":[6.33333,10.33333,5.33333,9.33333],"texture":"#2"},"down":{"uv":[9.66667,9.33333,8.66667,10.33333],"texture":"#2"}}},{"from":[7.25,19.175,7.25],"to":[8.75,19.675,8.75],"rotation":{"angle":0,"axis":"y","origin":[7.5,11.175,7.5]},"faces":{"north":{"uv":[10.66667,12,11.66667,12.33333],"texture":"#2"},"east":{"uv":[12,10.66667,13,11],"texture":"#2"},"south":{"uv":[12,11.33333,13,11.66667],"texture":"#2"},"west":{"uv":[12,12,13,12.33333],"texture":"#2"},"up":{"uv":[1,11,0,10],"texture":"#2"},"down":{"uv":[11,0,10,1],"texture":"#2"}}},{"from":[7.33,0.28,7.33],"to":[8.67,1.62,8.67],"rotation":{"angle":-45,"axis":"x","origin":[8,0.95,8]},"faces":{"north":{"uv":[8,10.66667,8.83333,11.5],"texture":"#2"},"east":{"uv":[9.33333,10.66667,10.16667,11.5],"texture":"#2"},"south":{"uv":[10.66667,10.66667,11.5,11.5],"texture":"#2"},"west":{"uv":[0,11.33333,0.83333,12.16667],"texture":"#2"},"up":{"uv":[12.16667,0.83333,11.33333,0],"texture":"#2"},"down":{"uv":[12.16667,1.33333,11.33333,2.16667],"texture":"#2"}}},{"from":[7.35,19.575,8],"to":[8.65,21.575,10],"rotation":{"angle":-45,"axis":"x","origin":[7.25,19.575,8]},"faces":{"north":{"uv":[8.66667,0,9.5,1.33333],"texture":"#2"},"east":{"uv":[7.33333,0,8.66667,1.33333],"texture":"#2"},"south":{"uv":[8.66667,1.33333,9.5,2.66667],"texture":"#2"},"west":{"uv":[7.33333,1.33333,8.66667,2.66667],"texture":"#2"},"up":{"uv":[9.5,5.33333,8.66667,4],"texture":"#2"},"down":{"uv":[9.5,5.33333,8.66667,6.66667],"texture":"#2"}}},{"from":[7.1,19.825,8.25],"to":[8.9,21.325,9.75],"rotation":{"angle":-45,"axis":"x","origin":[7.25,19.575,8]},"faces":{"north":{"uv":[7.33333,4.66667,8.5,5.66667],"texture":"#2"},"east":{"uv":[10,1.33333,11,2.33333],"texture":"#2"},"south":{"uv":[7.33333,6,8.5,7],"texture":"#2"},"west":{"uv":[10,4,11,5],"texture":"#2"},"up":{"uv":[8.5,8.33333,7.33333,7.33333],"texture":"#2"},"down":{"uv":[9.16667,2.66667,8,3.66667],"texture":"#2"}}},{"from":[7.75,0.45628,5.53731],"to":[8.25,1.45628,6.03731],"rotation":{"angle":45,"axis":"x","origin":[8,0.33128,6.28731]},"faces":{"north":{"uv":[6.66667,12.66667,7,13.33333],"texture":"#2"},"east":{"uv":[12.66667,6.66667,13,7.33333],"texture":"#2"},"south":{"uv":[7.33333,12.66667,7.66667,13.33333],"texture":"#2"},"west":{"uv":[12.66667,7.33333,13,8],"texture":"#2"},"up":{"uv":[13,10.33333,12.66667,10],"texture":"#2"},"down":{"uv":[11,12.66667,10.66667,13],"texture":"#2"}}},{"from":[7.75,0.45628,6.03731],"to":[8.25,0.95628,6.53731],"rotation":{"angle":45,"axis":"x","origin":[8,0.33128,6.28731]},"faces":{"east":{"uv":[11.33333,12.66667,11.66667,13],"texture":"#2"},"south":{"uv":[12,12.66667,12.33333,13],"texture":"#2"},"west":{"uv":[12.66667,12.66667,13,13],"texture":"#2"},"up":{"uv":[0.33333,13.66667,0,13.33333],"texture":"#2"},"down":{"uv":[1,13.33333,0.66667,13.66667],"texture":"#2"}}},{"from":[7.75,0.45628,9.96269],"to":[8.25,1.45628,10.46269],"rotation":{"angle":-45,"axis":"x","origin":[8,0.33128,9.71269]},"faces":{"north":{"uv":[8,12.66667,8.33333,13.33333],"texture":"#2"},"east":{"uv":[12.66667,8,13,8.66667],"texture":"#2"},"south":{"uv":[8.66667,12.66667,9,13.33333],"texture":"#2"},"west":{"uv":[12.66667,8.66667,13,9.33333],"texture":"#2"},"up":{"uv":[1.66667,13.66667,1.33333,13.33333],"texture":"#2"},"down":{"uv":[2.33333,13.33333,2,13.66667],"texture":"#2"}}},{"from":[7.75,0.45628,9.46269],"to":[8.25,0.95628,9.96269],"rotation":{"angle":-45,"axis":"x","origin":[8,0.33128,9.71269]},"faces":{"north":{"uv":[2.66667,13.33333,3,13.66667],"texture":"#2"},"east":{"uv":[13.33333,2.66667,13.66667,3],"texture":"#2"},"west":{"uv":[3.33333,13.33333,3.66667,13.66667],"texture":"#2"},"up":{"uv":[13.66667,3.66667,13.33333,3.33333],"texture":"#2"},"down":{"uv":[4.33333,13.33333,4,13.66667],"texture":"#2"}}},{"from":[7.5,19.16079,10.41421],"to":[8.5,20.16079,12.41421],"rotation":{"angle":-45,"axis":"x","origin":[7.5,18.16079,9.41421]},"faces":{"north":{"uv":[8,4,8.66667,4.66667],"texture":"#2"},"east":{"uv":[2.66667,10.66667,4,11.33333],"texture":"#2"},"south":{"uv":[1.33333,8.66667,2,9.33333],"texture":"#2"},"west":{"uv":[10.66667,2.66667,12,3.33333],"texture":"#2"},"down":{"uv":[4.66667,7.33333,4,8.66667],"texture":"#2"}}},{"from":[7.5,20.16079,11.41421],"to":[8.5,20.66079,12.41421],"rotation":{"angle":-45,"axis":"x","origin":[7.5,18.16079,9.41421]},"faces":{"east":{"uv":[9.33333,12.66667,10,13],"texture":"#2"},"south":{"uv":[12.66667,9.33333,13.33333,9.66667],"texture":"#2"},"west":{"uv":[10,12.66667,10.66667,13],"texture":"#2"},"up":{"uv":[4.66667,9.33333,4,8.66667],"texture":"#2"}}},{"from":[7.985,19.9679,9.79289],"to":[8.015,21.9679,13.29289],"rotation":{"angle":0,"axis":"y","origin":[7.835,17.9679,17.79289]},"faces":{"east":{"uv":[7,0,4.66667,1.33333],"texture":"#2"},"west":{"uv":[4.66667,0,7,1.33333],"texture":"#2"}}},{"from":[7.95,21.9679,9.14289],"to":[8.05,23.5679,11.94289],"rotation":{"angle":-45,"axis":"x","origin":[7.875,22.5179,10.54289]},"faces":{"east":{"uv":[1.83333,7.33333,0,8.33333],"texture":"#2"},"west":{"uv":[0,7.33333,1.83333,8.33333],"texture":"#2"}}},{"from":[7.95,18.90681,9.53094],"to":[8.05,20.10681,11.63094],"rotation":{"angle":45,"axis":"x","origin":[7.875,19.25681,10.58094]},"faces":{"east":{"uv":[10,6.66667,8.66667,7.5],"texture":"#2"},"west":{"uv":[8.66667,6.66667,10,7.5],"texture":"#2"}}},{"from":[7.95,21.9679,4.05711],"to":[8.05,23.5679,6.85711],"rotation":{"angle":45,"axis":"x","origin":[7.875,22.5179,5.45711]},"faces":{"east":{"uv":[0,7.33333,1.83333,8.33333],"texture":"#2"},"west":{"uv":[1.83333,7.33333,0,8.33333],"texture":"#2"}}},{"from":[7.5,20.16079,3.58579],"to":[8.5,20.66079,4.58579],"rotation":{"angle":45,"axis":"x","origin":[7.5,18.16079,6.58579]},"faces":{"north":{"uv":[13.33333,9.33333,12.66667,9.66667],"texture":"#2"},"east":{"uv":[10,12.66667,9.33333,13],"texture":"#2"},"west":{"uv":[10.66667,12.66667,10,13],"texture":"#2"},"up":{"uv":[4.66667,8.66667,4,9.33333],"texture":"#2"}}},{"from":[7.5,19.16079,3.58579],"to":[8.5,20.16079,5.58579],"rotation":{"angle":45,"axis":"x","origin":[7.5,18.16079,6.58579]},"faces":{"north":{"uv":[2,8.66667,1.33333,9.33333],"texture":"#2"},"east":{"uv":[4,10.66667,2.66667,11.33333],"texture":"#2"},"south":{"uv":[8.66667,4,8,4.66667],"texture":"#2"},"west":{"uv":[12,2.66667,10.66667,3.33333],"texture":"#2"},"down":{"uv":[4.66667,8.66667,4,7.33333],"texture":"#2"}}},{"from":[7.985,19.9679,2.70711],"to":[8.015,21.9679,6.20711],"rotation":{"angle":0,"axis":"y","origin":[7.835,17.9679,-1.79289]},"faces":{"east":{"uv":[4.66667,0,7,1.33333],"texture":"#2"},"west":{"uv":[7,0,4.66667,1.33333],"texture":"#2"}}},{"from":[7.95,18.90681,4.36906],"to":[8.05,20.10681,6.46906],"rotation":{"angle":-45,"axis":"x","origin":[7.875,19.25681,5.41906]},"faces":{"east":{"uv":[8.66667,6.66667,10,7.5],"texture":"#2"},"west":{"uv":[10,6.66667,8.66667,7.5],"texture":"#2"}}},{"from":[7.985,-2.5,6.625],"to":[8.015,1.5,9.375],"rotation":{"angle":45,"axis":"y","origin":[8,-0.5,8]},"faces":{"east":{"uv":[1.83333,4.66667,0,7.33333],"texture":"#2"},"west":{"uv":[0,4.66667,1.83333,7.33333],"texture":"#2"}}},{"from":[7.985,-2.5,6.625],"to":[8.015,1.5,9.375],"rotation":{"angle":-45,"axis":"y","origin":[8,-0.5,8]},"faces":{"east":{"uv":[1.83333,4.66667,0,7.33333],"texture":"#2"},"west":{"uv":[0,4.66667,1.83333,7.33333],"texture":"#2"}}},{"from":[7.4,14.175,7.4],"to":[8.6,15.175,8.6],"rotation":{"angle":0,"axis":"y","origin":[7.5,10.175,7.5]},"faces":{"north":{"uv":[10.66667,3.33333,11.5,4],"texture":"#2"},"east":{"uv":[11.33333,4,12.16667,4.66667],"texture":"#2"},"south":{"uv":[11.33333,4.66667,12.16667,5.33333],"texture":"#2"},"west":{"uv":[11.33333,5.33333,12.16667,6],"texture":"#2"},"up":{"uv":[3.5,12.16667,2.66667,11.33333],"texture":"#2"}}},{"from":[7.985,15.175,7.15],"to":[8.015,16.675,8.85],"rotation":{"angle":45,"axis":"y","origin":[8,15.925,8]},"faces":{"east":{"uv":[1.16667,8.66667,0,9.66667],"texture":"#2"},"west":{"uv":[0,8.66667,1.16667,9.66667],"texture":"#2"}}},{"from":[7.15,15.175,7.985],"to":[8.85,16.675,8.015],"rotation":{"angle":45,"axis":"y","origin":[8,15.925,8]},"faces":{"north":{"uv":[0,8.66667,1.16667,9.66667],"texture":"#2"},"south":{"uv":[1.16667,8.66667,0,9.66667],"texture":"#2"}}},{"from":[7.4,18.675,7.4],"to":[8.6,19.675,8.6],"rotation":{"angle":0,"axis":"y","origin":[7.5,23.675,7.5]},"faces":{"north":{"uv":[10.66667,4,11.5,3.33333],"texture":"#2"},"east":{"uv":[11.33333,4.66667,12.16667,4],"texture":"#2"},"south":{"uv":[11.33333,5.33333,12.16667,4.66667],"texture":"#2"},"west":{"uv":[11.33333,6,12.16667,5.33333],"texture":"#2"},"down":{"uv":[3.5,11.33333,2.66667,12.16667],"texture":"#2"}}},{"from":[7.985,17.175,7.15],"to":[8.015,18.675,8.85],"rotation":{"angle":45,"axis":"y","origin":[8,17.925,8]},"faces":{"east":{"uv":[1.16667,9.66667,0,8.66667],"texture":"#2"},"west":{"uv":[0,9.66667,1.16667,8.66667],"texture":"#2"}}},{"from":[7.15,17.175,7.985],"to":[8.85,18.675,8.015],"rotation":{"angle":45,"axis":"y","origin":[8,17.925,8]},"faces":{"north":{"uv":[0,9.66667,1.16667,8.66667],"texture":"#2"},"south":{"uv":[1.16667,9.66667,0,8.66667],"texture":"#2"}}},{"from":[8.8,17.95,5],"to":[8.8,23.95,11],"rotation":{"angle":0,"axis":"y","origin":[16,12.9,5]},"faces":{"east":{"uv":[14,2,2,14],"texture":"#3"}}},{"from":[7.2,17.95,5],"to":[7.2,23.95,11],"rotation":{"angle":0,"axis":"y","origin":[0,12.9,5]},"faces":{"west":{"uv":[2,2,14,14],"texture":"#3"}}},{"from":[5,24.935,5],"to":[11,24.965,11],"rotation":{"angle":45,"axis":"x","origin":[8,24.95,8]},"faces":{"up":{"uv":[2,2,14,14],"rotation":270,"texture":"#3"},"down":{"uv":[14,2,2,14],"rotation":270,"texture":"#3"}}},{"from":[5,24.935,5],"to":[11,24.965,11],"rotation":{"angle":-45,"axis":"x","origin":[8,24.95,8]},"faces":{"up":{"uv":[2,2,14,14],"rotation":180,"texture":"#3"},"down":{"uv":[14,2,2,14],"texture":"#3"}}},{"from":[7.25,24.25,7.25],"to":[8.75,25.75,8.75],"rotation":{"angle":-45,"axis":"x","origin":[8,25,8]},"faces":{"north":{"uv":[10,5.33333,11,6.33333],"texture":"#2"},"east":{"uv":[6.66667,10,7.66667,11],"texture":"#2"},"south":{"uv":[10,6.66667,11,7.66667],"texture":"#2"},"west":{"uv":[10,8,11,9],"texture":"#2"},"up":{"uv":[11,10.33333,10,9.33333],"texture":"#2"},"down":{"uv":[2.33333,10.66667,1.33333,11.66667],"texture":"#2"}}},{"from":[4.625,21.5,8],"to":[11.375,28.25,8.03],"rotation":{"angle":-45,"axis":"y","origin":[8,24.875,8.015]},"faces":{"north":{"uv":[4.5,0,0,4.5],"texture":"#2"},"south":{"uv":[0,0,4.5,4.5],"texture":"#2"}}},{"from":[4.625,21.5,8],"to":[11.375,28.25,8.03],"rotation":{"angle":45,"axis":"y","origin":[8,24.875,8.015]},"faces":{"north":{"uv":[4.5,0,0,4.5],"texture":"#2"},"south":{"uv":[0,0,4.5,4.5],"texture":"#2"}}}],"gui_light":"front","display":{"thirdperson_righthand":{"translation":[0,-2.25,1]},"thirdperson_lefthand":{"translation":[0,-2.25,1]},"firstperson_righthand":{"rotation":[-10,0,0],"translation":[0,-1.5,1]},"firstperson_lefthand":{"rotation":[-10,0,0],"translation":[0,-1.5,1]},"ground":{"rotation":[-45,0,0],"translation":[0,4.25,0],"scale":[0.7,0.7,0.7]},"gui":{"rotation":[-90,45,90],"translation":[2.75,-2.75,0],"scale":[0.7,0.7,0.7]},"head":{"rotation":[0,-90,0]},"fixed":{"rotation":[0,-90,0],"translation":[0,-5.75,-1.25],"scale":[2,2,2]}}}