{"credit":"Made by PolygonMC","texture_size":[24,24],"textures":{"0":"winterset:wings","1":"winterset:animations/animations_1","particle":"winterset:wings"},"elements":[{"from":[10,6.58579,7.25],"to":[12,8.58579,8.75],"rotation":{"angle":45,"axis":"z","origin":[10,6.58579,7.25]},"faces":{"north":{"uv":[10.33333,7.66667,11.66667,9],"texture":"#0","tintindex":0},"east":{"uv":[10.33333,10.33333,11.33333,11.66667],"texture":"#0","tintindex":0},"south":{"uv":[10.33333,9,11.66667,10.33333],"texture":"#0","tintindex":0},"west":{"uv":[7.66667,11.66667,8.66667,13],"texture":"#0","tintindex":0},"up":{"uv":[13,8.66667,11.66667,7.66667],"texture":"#0","tintindex":0},"down":{"uv":[10.33333,11.66667,9,12.66667],"texture":"#0","tintindex":0}}},{"from":[10,5.58579,7.75],"to":[14,9.58579,8.25],"rotation":{"angle":45,"axis":"z","origin":[11,6.58579,7.25]},"faces":{"north":{"uv":[7.66667,9,10.33333,11.66667],"texture":"#0","tintindex":0},"east":{"uv":[11.66667,9,12,11.66667],"texture":"#0","tintindex":0},"south":{"uv":[10.33333,5,13,7.66667],"texture":"#0","tintindex":0},"west":{"uv":[10.33333,11.66667,10.66667,14.33333],"texture":"#0","tintindex":0},"up":{"uv":[13.66667,12,11,11.66667],"texture":"#0","tintindex":0},"down":{"uv":[3,12.33333,0.33333,12.66667],"texture":"#0","tintindex":0}}},{"from":[11.26777,7.88454,7.9],"to":[30.26777,14.88454,7.93],"rotation":{"angle":22.5,"axis":"z","origin":[16.26777,9.38454,7.4]},"faces":{"north":{"uv":[0,0,12.66667,4.66667],"texture":"#0","tintindex":0},"south":{"uv":[12.66667,0,0,4.66667],"texture":"#0","tintindex":0}}},{"from":[12.01777,5,8],"to":[27.01777,11,8.03],"rotation":{"angle":0,"axis":"z","origin":[17.01777,6.5,7.5]},"faces":{"north":{"uv":[0,4.66667,10,8.66667],"texture":"#0","tintindex":0},"south":{"uv":[10,4.66667,0,8.66667],"texture":"#0","tintindex":0}}},{"from":[10.11239,1.23254,8.2],"to":[21.11239,6.23254,8.2],"rotation":{"angle":-22.5,"axis":"z","origin":[15.61239,3.73254,8.2]},"faces":{"north":{"uv":[0,8.83333,7.33333,12.16667],"texture":"#0","tintindex":0},"south":{"uv":[7.33333,8.83333,0,12.16667],"texture":"#0","tintindex":0}}},{"from":[4,6.58579,7.25],"to":[6,8.58579,8.75],"rotation":{"angle":-45,"axis":"z","origin":[6,6.58579,7.25]},"faces":{"north":{"uv":[11.66667,7.66667,10.33333,9],"texture":"#0","tintindex":0},"east":{"uv":[8.66667,11.66667,7.66667,13],"texture":"#0","tintindex":0},"south":{"uv":[11.66667,9,10.33333,10.33333],"texture":"#0","tintindex":0},"west":{"uv":[11.33333,10.33333,10.33333,11.66667],"texture":"#0","tintindex":0},"up":{"uv":[11.66667,8.66667,13,7.66667],"texture":"#0","tintindex":0},"down":{"uv":[9,11.66667,10.33333,12.66667],"texture":"#0","tintindex":0}}},{"from":[-14.26777,7.88454,7.9],"to":[4.73223,14.88454,7.93],"rotation":{"angle":-22.5,"axis":"z","origin":[-0.26777,9.38454,7.4]},"faces":{"north":{"uv":[12.66667,0,0,4.66667],"texture":"#0","tintindex":0},"south":{"uv":[0,0,12.66667,4.66667],"texture":"#0","tintindex":0}}},{"from":[-11.01777,5,8],"to":[3.98223,11,8.03],"rotation":{"angle":0,"axis":"z","origin":[-1.01777,6.5,7.5]},"faces":{"north":{"uv":[10,4.66667,0,8.66667],"texture":"#0","tintindex":0},"south":{"uv":[0,4.66667,10,8.66667],"texture":"#0","tintindex":0}}},{"from":[-5.11239,1.23254,8.2],"to":[5.88761,6.23254,8.2],"rotation":{"angle":22.5,"axis":"z","origin":[0.38761,3.73254,8.2]},"faces":{"north":{"uv":[7.33333,8.83333,0,12.16667],"texture":"#0","tintindex":0},"south":{"uv":[0,8.83333,7.33333,12.16667],"texture":"#0","tintindex":0}}},{"from":[2,5.58579,7.75],"to":[6,9.58579,8.25],"rotation":{"angle":-45,"axis":"z","origin":[5,6.58579,7.25]},"faces":{"north":{"uv":[10.33333,9,7.66667,11.66667],"texture":"#0","tintindex":0},"east":{"uv":[10.66667,11.66667,10.33333,14.33333],"texture":"#0","tintindex":0},"south":{"uv":[13,5,10.33333,7.66667],"texture":"#0","tintindex":0},"west":{"uv":[12,9,11.66667,11.66667],"texture":"#0","tintindex":0},"up":{"uv":[11,12,13.66667,11.66667],"texture":"#0","tintindex":0},"down":{"uv":[0.33333,12.33333,3,12.66667],"texture":"#0","tintindex":0}}},{"from":[7.75,4,7.985],"to":[15.75,12,8.015],"rotation":{"angle":-45,"axis":"y","origin":[11.75,8,8]},"faces":{"north":{"uv":[14.33333,1.5,1.5,14.33333],"texture":"#1","tintindex":0},"south":{"uv":[1.5,1.5,14.33333,14.33333],"texture":"#1","tintindex":0}}},{"from":[7.75,4,7.985],"to":[15.75,12,8.015],"rotation":{"angle":45,"axis":"y","origin":[11.75,8,8]},"faces":{"north":{"uv":[14.33333,1.5,1.5,14.33333],"texture":"#1","tintindex":0},"south":{"uv":[1.5,1.5,14.33333,14.33333],"texture":"#1","tintindex":0}}},{"from":[0.25,4,7.985],"to":[8.25,12,8.015],"rotation":{"angle":45,"axis":"y","origin":[4.25,8,8]},"faces":{"north":{"uv":[1.5,1.5,14.33333,14.33333],"texture":"#1","tintindex":0},"south":{"uv":[14.33333,1.5,1.5,14.33333],"texture":"#1","tintindex":0}}},{"from":[0.25,4,7.985],"to":[8.25,12,8.015],"rotation":{"angle":-45,"axis":"y","origin":[4.25,8,8]},"faces":{"north":{"uv":[1.5,1.5,14.33333,14.33333],"texture":"#1","tintindex":0},"south":{"uv":[14.33333,1.5,1.5,14.33333],"texture":"#1","tintindex":0}}}],"gui_light":"front","display":{"thirdperson_righthand":{"rotation":[37.5,0,0],"translation":[0,0.25,1],"scale":[0.47852,0.47852,0.47852]},"thirdperson_lefthand":{"rotation":[67.5,0,0],"translation":[-5.5,-6,9.75],"scale":[1.3,1.3,1.3]},"firstperson_righthand":{"rotation":[-15.75,0,0],"translation":[0,1.25,0],"scale":[0.60156,0.60156,0.60156]},"firstperson_lefthand":{"rotation":[-15.75,0,0],"translation":[0,1.25,0],"scale":[0,0,0]},"ground":{"rotation":[-45,0,0],"translation":[0,6.5,0],"scale":[0.7,0.7,0.7]},"gui":{"scale":[0.47266,0.47266,0.47266]},"head":{"translation":[0,-48.5,5.5],"scale":[1.8,1.8,1.8]},"fixed":{"translation":[0,0,-2],"scale":[2,2,2]}}}