{
  "credit": "MadewithBlockbench",
  "texture_size": [
    128,
    128
  ],
  "textures": {
    "0": "elitecreatures:headlesshorseman_animated_weapon_set/headlesshorseman_texture_01",
    "1": "elitecreatures:headlesshorseman_animated_weapon_set/headlesshorseman_animation_01",
    "2": "elitecreatures:headlesshorseman_animated_weapon_set/headlesshorseman_animation_02",
    "3": "elitecreatures:headlesshorseman_animated_weapon_set/headlesshorseman_animation_03",
    "4": "elitecreatures:headlesshorseman_animated_weapon_set/headlesshorseman_animation_04",
    "particle": "elitecreatures:headlesshorseman_animated_weapon_set/headlesshorseman_texture_01"
  },
  "elements": [
    {
      "from": [
        4.5,
        11.5,
        12.1
      ],
      "to": [
        11.5,
        18.5,
        16.9
      ],
      "rotation": {
        "angle": 45,
        "axis": "z",
        "origin": [
          8,
          15,
          14.5
        ]
      },
      "faces": {
        "north": {
          "uv": [
            3.5,
            3.0625,
            2.625,
            3.9375
          ],
          "texture": "#0"
        },
        "east": {
          "uv": [
            4.125,
            3.0625,
            3.5,
            3.9375
          ],
          "texture": "#0"
        },
        "south": {
          "uv": [
            3.5,
            3.9375,
            2.625,
            4.5625
          ],
          "texture": "#0"
        },
        "west": {
          "uv": [
            4.125,
            3.0625,
            3.5,
            3.9375
          ],
          "texture": "#0"
        },
        "up": {
          "uv": [
            2.625,
            4.5375,
            3.5,
            3.9375
          ],
          "texture": "#0"
        },
        "down": {
          "uv": [
            2.625,
            4.5375,
            3.5,
            3.9375
          ],
          "texture": "#0"
        }
      }
    },
    {
      "from": [
        3,
        3,
        12
      ],
      "to": [
        13,
        15,
        17
      ],
      "rotation": {
        "angle": 0,
        "axis": "y",
        "origin": [
          0,
          -9,
          18
        ]
      },
      "faces": {
        "north": {
          "uv": [
            2,
            3.8125,
            0.75,
            5.3125
          ],
          "texture": "#0"
        },
        "east": {
          "uv": [
            2.625,
            3.8125,
            2,
            5.3125
          ],
          "texture": "#0"
        },
        "south": {
          "uv": [
            2,
            3.8125,
            0.75,
            5.3125
          ],
          "texture": "#0"
        },
        "west": {
          "uv": [
            2.625,
            3.8125,
            2,
            5.3125
          ],
          "texture": "#0"
        },
        "up": {
          "uv": [
            0.75,
            5.9375,
            2,
            5.3125
          ],
          "texture": "#0"
        },
        "down": {
          "uv": [
            0.75,
            5.9375,
            2,
            5.3125
          ],
          "texture": "#0"
        }
      }
    },
    {
      "from": [
        8.011,
        18.4,
        12.711
      ],
      "to": [
        11.811,
        21.4,
        16.511
      ],
      "rotation": {
        "angle": -22.5,
        "axis": "z",
        "origin": [
          10,
          20.89197,
          14.611
        ]
      },
      "faces": {
        "north": {
          "uv": [
            3.25,
            0.3125,
            3.75,
            0.8125
          ],
          "texture": "#0"
        },
        "east": {
          "uv": [
            3.25,
            0.3125,
            3.75,
            0.8125
          ],
          "texture": "#0"
        },
        "south": {
          "uv": [
            3.25,
            0.3125,
            3.75,
            0.8125
          ],
          "texture": "#0"
        },
        "west": {
          "uv": [
            3.25,
            0.3125,
            3.75,
            0.8125
          ],
          "texture": "#0"
        },
        "up": {
          "uv": [
            3.75,
            0.3125,
            4.25,
            0.8125
          ],
          "rotation": 90,
          "texture": "#0"
        },
        "down": {
          "uv": [
            3.75,
            0.3125,
            4.25,
            0.8125
          ],
          "rotation": 270,
          "texture": "#0"
        }
      }
    },
    {
      "from": [
        9.20262,
        20.84249,
        14.111
      ],
      "to": [
        10.20262,
        22.84249,
        15.111
      ],
      "rotation": {
        "angle": -45,
        "axis": "z",
        "origin": [
          10,
          20.89197,
          14.611
        ]
      },
      "faces": {
        "north": {
          "uv": [
            2.625,
            0.8125,
            2.75,
            1.0625
          ],
          "texture": "#0"
        },
        "east": {
          "uv": [
            2.625,
            0.8125,
            2.75,
            1.0625
          ],
          "texture": "#0"
        },
        "south": {
          "uv": [
            2.625,
            0.8125,
            2.75,
            1.0625
          ],
          "texture": "#0"
        },
        "west": {
          "uv": [
            2.625,
            0.8125,
            2.75,
            1.0625
          ],
          "texture": "#0"
        },
        "up": {
          "uv": [
            2.625,
            0.8125,
            2.75,
            0.9375
          ],
          "rotation": 90,
          "texture": "#0"
        },
        "down": {
          "uv": [
            2.625,
            0.8125,
            2.75,
            0.9375
          ],
          "rotation": 270,
          "texture": "#0"
        }
      }
    },
    {
      "from": [
        2.5,
        0,
        11.5
      ],
      "to": [
        13.5,
        3,
        17.5
      ],
      "rotation": {
        "angle": 0,
        "axis": "y",
        "origin": [
          0,
          -9,
          18
        ]
      },
      "faces": {
        "north": {
          "uv": [
            2.125,
            5.9375,
            0.75,
            6.3125
          ],
          "texture": "#0"
        },
        "east": {
          "uv": [
            1.5,
            7.0625,
            0.75,
            7.4375
          ],
          "texture": "#0"
        },
        "south": {
          "uv": [
            2.125,
            5.9375,
            0.75,
            6.3125
          ],
          "texture": "#0"
        },
        "west": {
          "uv": [
            1.5,
            7.0625,
            0.75,
            7.4375
          ],
          "texture": "#0"
        },
        "up": {
          "uv": [
            0.75,
            7.0625,
            2.125,
            6.3125
          ],
          "texture": "#0"
        },
        "down": {
          "uv": [
            0.75,
            7.0625,
            2.125,
            6.3125
          ],
          "texture": "#0"
        }
      }
    },
    {
      "from": [
        3,
        3,
        -1
      ],
      "to": [
        12,
        6,
        13
      ],
      "rotation": {
        "angle": -45,
        "axis": "x",
        "origin": [
          8.45,
          4.5,
          2
        ]
      },
      "faces": {
        "north": {
          "uv": [
            4.75,
            5.9375,
            5.875,
            6.3125
          ],
          "texture": "#0"
        },
        "east": {
          "uv": [
            6.375,
            3.5,
            8.125,
            3.875
          ],
          "texture": "#0"
        },
        "south": {
          "uv": [
            5.875,
            5.9375,
            4.75,
            6.3125
          ],
          "texture": "#0"
        },
        "west": {
          "uv": [
            6.375,
            3.5,
            8.125,
            3.875
          ],
          "texture": "#0"
        },
        "up": {
          "uv": [
            4.75,
            4.1875,
            5.875,
            5.9375
          ],
          "texture": "#0"
        },
        "down": {
          "uv": [
            4.75,
            4.1875,
            5.875,
            5.9375
          ],
          "texture": "#0"
        }
      }
    },
    {
      "from": [
        6.49541,
        9,
        4.50607
      ],
      "to": [
        9.49541,
        9,
        7.50607
      ],
      "rotation": {
        "angle": -45,
        "axis": "x",
        "origin": [
          8.45,
          4.5,
          2
        ]
      },
      "faces": {
        "north": {
          "uv": [
            0,
            6,
            0,
            0
          ],
          "rotation": 270,
          "texture": "#3"
        },
        "east": {
          "uv": [
            0,
            0,
            0,
            6
          ],
          "rotation": 90,
          "texture": "#3"
        },
        "south": {
          "uv": [
            0,
            0,
            0,
            6
          ],
          "rotation": 270,
          "texture": "#3"
        },
        "west": {
          "uv": [
            0,
            0,
            0,
            6
          ],
          "rotation": 270,
          "texture": "#3"
        },
        "up": {
          "uv": [
            6,
            6,
            0,
            0
          ],
          "texture": "#3"
        },
        "down": {
          "uv": [
            0,
            0,
            6,
            6
          ],
          "rotation": 180,
          "texture": "#3"
        }
      }
    },
    {
      "from": [
        6.49541,
        2.9,
        4.50607
      ],
      "to": [
        9.49541,
        8.9,
        7.50607
      ],
      "rotation": {
        "angle": -45,
        "axis": "x",
        "origin": [
          8.45,
          4.5,
          2
        ]
      },
      "faces": {
        "north": {
          "uv": [
            1,
            0,
            1.75,
            0.375
          ],
          "rotation": 270,
          "texture": "#0"
        },
        "east": {
          "uv": [
            1.75,
            0,
            2.5,
            0.375
          ],
          "rotation": 90,
          "texture": "#0"
        },
        "south": {
          "uv": [
            1.75,
            0,
            2.5,
            0.375
          ],
          "rotation": 270,
          "texture": "#0"
        },
        "west": {
          "uv": [
            1,
            0,
            1.75,
            0.375
          ],
          "rotation": 270,
          "texture": "#0"
        },
        "up": {
          "uv": [
            1,
            0.375,
            0.625,
            0
          ],
          "texture": "#0"
        },
        "down": {
          "uv": [
            0.625,
            0,
            1,
            0.375
          ],
          "rotation": 180,
          "texture": "#0"
        }
      }
    },
    {
      "from": [
        5.49541,
        4,
        3.49896
      ],
      "to": [
        10.49541,
        8,
        8.49896
      ],
      "rotation": {
        "angle": -45,
        "axis": "x",
        "origin": [
          8.45,
          4.5,
          2
        ]
      },
      "faces": {
        "north": {
          "uv": [
            0.625,
            1.125,
            0,
            0.625
          ],
          "texture": "#0"
        },
        "east": {
          "uv": [
            0,
            1.125,
            0.625,
            0.625
          ],
          "texture": "#0"
        },
        "south": {
          "uv": [
            0.625,
            1.125,
            0,
            0.625
          ],
          "texture": "#0"
        },
        "west": {
          "uv": [
            0,
            1.125,
            0.625,
            0.625
          ],
          "texture": "#0"
        },
        "up": {
          "uv": [
            0.625,
            0,
            0,
            0.625
          ],
          "rotation": 90,
          "texture": "#0"
        },
        "down": {
          "uv": [
            0.625,
            0.625,
            0,
            0
          ],
          "rotation": 270,
          "texture": "#0"
        }
      }
    },
    {
      "from": [
        2,
        5,
        -2
      ],
      "to": [
        12,
        7,
        14
      ],
      "rotation": {
        "angle": -45,
        "axis": "x",
        "origin": [
          8.45,
          4.5,
          2
        ]
      },
      "faces": {
        "north": {
          "uv": [
            3.5,
            6.125,
            4.75,
            6.375
          ],
          "texture": "#0"
        },
        "east": {
          "uv": [
            2.875,
            6.5625,
            4.875,
            6.8125
          ],
          "texture": "#0"
        },
        "south": {
          "uv": [
            3.5,
            6.125,
            4.75,
            6.375
          ],
          "texture": "#0"
        },
        "west": {
          "uv": [
            2.875,
            6.5625,
            4.875,
            6.8125
          ],
          "texture": "#0"
        },
        "up": {
          "uv": [
            3.5,
            4.125,
            4.75,
            6.125
          ],
          "texture": "#0"
        },
        "down": {
          "uv": [
            3.5,
            4.125,
            4.75,
            6.125
          ],
          "texture": "#0"
        }
      }
    },
    {
      "from": [
        13.73524,
        10.78433,
        4.48572
      ],
      "to": [
        20.73524,
        14.78433,
        4.48572
      ],
      "rotation": {
        "angle": 22.5,
        "axis": "z",
        "origin": [
          2.95,
          16.54093,
          4.43572
        ]
      },
      "faces": {
        "north": {
          "uv": [
            0,
            0,
            14,
            8
          ],
          "texture": "#4"
        },
        "east": {
          "uv": [
            0,
            0,
            0,
            6
          ],
          "texture": "#4"
        },
        "south": {
          "uv": [
            0,
            0,
            14,
            8
          ],
          "texture": "#4"
        },
        "west": {
          "uv": [
            0,
            0,
            0,
            6
          ],
          "texture": "#4"
        },
        "up": {
          "uv": [
            0,
            14,
            0,
            0
          ],
          "rotation": 90,
          "texture": "#4"
        },
        "down": {
          "uv": [
            0,
            0,
            0,
            14
          ],
          "rotation": 270,
          "texture": "#4"
        }
      }
    },
    {
      "from": [
        17.91462,
        20.45027,
        4.38572
      ],
      "to": [
        22.91462,
        23.95027,
        4.38572
      ],
      "rotation": {
        "angle": -22.5,
        "axis": "z",
        "origin": [
          2.95,
          16.54093,
          4.43572
        ]
      },
      "faces": {
        "north": {
          "uv": [
            0,
            0,
            14,
            8
          ],
          "texture": "#4"
        },
        "east": {
          "uv": [
            0,
            0,
            0,
            6
          ],
          "texture": "#4"
        },
        "south": {
          "uv": [
            0,
            0,
            14,
            8
          ],
          "texture": "#4"
        },
        "west": {
          "uv": [
            0,
            0,
            0,
            6
          ],
          "texture": "#4"
        },
        "up": {
          "uv": [
            0,
            14,
            0,
            0
          ],
          "rotation": 90,
          "texture": "#4"
        },
        "down": {
          "uv": [
            0,
            0,
            0,
            14
          ],
          "rotation": 270,
          "texture": "#4"
        }
      }
    },
    {
      "from": [
        -5.04084,
        10.55118,
        4.48572
      ],
      "to": [
        1.95916,
        14.55118,
        4.48572
      ],
      "rotation": {
        "angle": -22.5,
        "axis": "z",
        "origin": [
          7.95,
          16.54093,
          4.43572
        ]
      },
      "faces": {
        "north": {
          "uv": [
            14,
            0,
            0,
            8
          ],
          "texture": "#4"
        },
        "east": {
          "uv": [
            0,
            0,
            0,
            6
          ],
          "texture": "#4"
        },
        "south": {
          "uv": [
            14,
            0,
            0,
            8
          ],
          "texture": "#4"
        },
        "west": {
          "uv": [
            0,
            0,
            0,
            6
          ],
          "texture": "#4"
        },
        "up": {
          "uv": [
            0,
            0,
            0,
            14
          ],
          "rotation": 90,
          "texture": "#4"
        },
        "down": {
          "uv": [
            0,
            14,
            0,
            0
          ],
          "rotation": 270,
          "texture": "#4"
        }
      }
    },
    {
      "from": [
        8.55421,
        13.70164,
        14.5
      ],
      "to": [
        10.05421,
        17.70164,
        15.5
      ],
      "rotation": {
        "angle": -45,
        "axis": "z",
        "origin": [
          10.97258,
          13.90103,
          15
        ]
      },
      "faces": {
        "north": {
          "uv": [
            3.125,
            0.125,
            2.625,
            0.3125
          ],
          "rotation": 90,
          "texture": "#0"
        },
        "east": {
          "uv": [
            2.75,
            0.3125,
            2.625,
            0.8125
          ],
          "rotation": 180,
          "texture": "#0"
        },
        "south": {
          "uv": [
            3.125,
            0.125,
            2.625,
            0.3125
          ],
          "rotation": 270,
          "texture": "#0"
        },
        "west": {
          "uv": [
            2.75,
            0.3125,
            2.625,
            0.8125
          ],
          "texture": "#0"
        },
        "up": {
          "uv": [
            3.25,
            0.125,
            3.125,
            0.3125
          ],
          "rotation": 270,
          "texture": "#0"
        },
        "down": {
          "uv": [
            3.25,
            0.125,
            3.125,
            0.3125
          ],
          "rotation": 270,
          "texture": "#0"
        }
      }
    },
    {
      "from": [
        8.80421,
        12.20164,
        14.75
      ],
      "to": [
        9.80421,
        19.20164,
        15.25
      ],
      "rotation": {
        "angle": -45,
        "axis": "z",
        "origin": [
          10.97258,
          13.90103,
          15
        ]
      },
      "faces": {
        "north": {
          "uv": [
            4.4375,
            0,
            3.5625,
            0.125
          ],
          "rotation": 90,
          "texture": "#0"
        },
        "east": {
          "uv": [
            2.8125,
            0.3125,
            2.75,
            1.1875
          ],
          "rotation": 180,
          "texture": "#0"
        },
        "south": {
          "uv": [
            4.4375,
            0,
            3.5625,
            0.125
          ],
          "rotation": 270,
          "texture": "#0"
        },
        "west": {
          "uv": [
            2.8125,
            0.3125,
            2.75,
            1.1875
          ],
          "texture": "#0"
        },
        "up": {
          "uv": [
            4.5,
            0,
            4.4375,
            0.125
          ],
          "rotation": 270,
          "texture": "#0"
        },
        "down": {
          "uv": [
            4.5,
            0,
            4.4375,
            0.125
          ],
          "rotation": 270,
          "texture": "#0"
        }
      }
    },
    {
      "from": [
        10.8127,
        11.50238,
        14.25
      ],
      "to": [
        16.3127,
        13.50238,
        15.75
      ],
      "rotation": {
        "angle": 22.5,
        "axis": "z",
        "origin": [
          10.97258,
          13.90103,
          15
        ]
      },
      "faces": {
        "north": {
          "uv": [
            2.1875,
            0.75,
            1.5,
            1
          ],
          "texture": "#0"
        },
        "east": {
          "uv": [
            2.375,
            0.75,
            2.1875,
            1
          ],
          "texture": "#0"
        },
        "south": {
          "uv": [
            2.1875,
            0.75,
            1.5,
            1
          ],
          "texture": "#0"
        },
        "west": {
          "uv": [
            2.375,
            0.75,
            2.1875,
            1
          ],
          "texture": "#0"
        },
        "up": {
          "uv": [
            1.6875,
            1,
            1.5,
            1.6875
          ],
          "rotation": 90,
          "texture": "#0"
        },
        "down": {
          "uv": [
            1.6875,
            1,
            1.5,
            1.6875
          ],
          "rotation": 270,
          "texture": "#0"
        }
      }
    },
    {
      "from": [
        9.3127,
        12.00238,
        14.5
      ],
      "to": [
        17.8127,
        13.00238,
        15.5
      ],
      "rotation": {
        "angle": 22.5,
        "axis": "z",
        "origin": [
          10.97258,
          13.90103,
          15
        ]
      },
      "faces": {
        "north": {
          "uv": [
            3.5625,
            0,
            2.5,
            0.125
          ],
          "texture": "#0"
        },
        "east": {
          "uv": [
            2.5,
            0.75,
            2.375,
            0.875
          ],
          "texture": "#0"
        },
        "south": {
          "uv": [
            3.5625,
            0,
            2.5,
            0.125
          ],
          "texture": "#0"
        },
        "west": {
          "uv": [
            2.5,
            0.75,
            2.375,
            0.875
          ],
          "texture": "#0"
        },
        "up": {
          "uv": [
            2.625,
            0.125,
            2.5,
            1.1875
          ],
          "rotation": 90,
          "texture": "#0"
        },
        "down": {
          "uv": [
            2.625,
            0.125,
            2.5,
            1.1875
          ],
          "rotation": 270,
          "texture": "#0"
        }
      }
    },
    {
      "from": [
        12.29943,
        8.3805,
        14.25
      ],
      "to": [
        17.79943,
        10.3805,
        15.75
      ],
      "rotation": {
        "angle": 0,
        "axis": "y",
        "origin": [
          10.97258,
          13.90103,
          15
        ]
      },
      "faces": {
        "north": {
          "uv": [
            2.1875,
            0.75,
            1.5,
            1
          ],
          "texture": "#0"
        },
        "east": {
          "uv": [
            2.375,
            0.75,
            2.1875,
            1
          ],
          "texture": "#0"
        },
        "south": {
          "uv": [
            2.1875,
            0.75,
            1.5,
            1
          ],
          "texture": "#0"
        },
        "west": {
          "uv": [
            2.375,
            0.75,
            2.1875,
            1
          ],
          "texture": "#0"
        },
        "up": {
          "uv": [
            1.6875,
            1,
            1.5,
            1.6875
          ],
          "rotation": 90,
          "texture": "#0"
        },
        "down": {
          "uv": [
            1.6875,
            1,
            1.5,
            1.6875
          ],
          "rotation": 270,
          "texture": "#0"
        }
      }
    },
    {
      "from": [
        10.79943,
        8.8805,
        14.5
      ],
      "to": [
        19.29943,
        9.8805,
        15.5
      ],
      "rotation": {
        "angle": 0,
        "axis": "y",
        "origin": [
          10.97258,
          13.90103,
          15
        ]
      },
      "faces": {
        "north": {
          "uv": [
            3.5625,
            0,
            2.5,
            0.125
          ],
          "texture": "#0"
        },
        "east": {
          "uv": [
            2.5,
            0.75,
            2.375,
            0.875
          ],
          "texture": "#0"
        },
        "south": {
          "uv": [
            3.5625,
            0,
            2.5,
            0.125
          ],
          "texture": "#0"
        },
        "west": {
          "uv": [
            2.5,
            0.75,
            2.375,
            0.875
          ],
          "texture": "#0"
        },
        "up": {
          "uv": [
            2.625,
            0.125,
            2.5,
            1.1875
          ],
          "rotation": 90,
          "texture": "#0"
        },
        "down": {
          "uv": [
            2.625,
            0.125,
            2.5,
            1.1875
          ],
          "rotation": 270,
          "texture": "#0"
        }
      }
    },
    {
      "from": [
        6.19579,
        12.20164,
        14.75
      ],
      "to": [
        7.19579,
        19.20164,
        15.25
      ],
      "rotation": {
        "angle": 45,
        "axis": "z",
        "origin": [
          5.02742,
          13.90103,
          15
        ]
      },
      "faces": {
        "north": {
          "uv": [
            4.4375,
            0.125,
            3.5625,
            0
          ],
          "rotation": 90,
          "texture": "#0"
        },
        "east": {
          "uv": [
            2.75,
            0.3125,
            2.8125,
            1.1875
          ],
          "texture": "#0"
        },
        "south": {
          "uv": [
            4.4375,
            0.125,
            3.5625,
            0
          ],
          "rotation": 270,
          "texture": "#0"
        },
        "west": {
          "uv": [
            2.75,
            0.3125,
            2.8125,
            1.1875
          ],
          "rotation": 180,
          "texture": "#0"
        },
        "up": {
          "uv": [
            4.5,
            0.125,
            4.4375,
            0
          ],
          "rotation": 270,
          "texture": "#0"
        },
        "down": {
          "uv": [
            4.5,
            0.125,
            4.4375,
            0
          ],
          "rotation": 270,
          "texture": "#0"
        }
      }
    },
    {
      "from": [
        5.94579,
        13.70164,
        14.5
      ],
      "to": [
        7.44579,
        17.70164,
        15.5
      ],
      "rotation": {
        "angle": 45,
        "axis": "z",
        "origin": [
          5.02742,
          13.90103,
          15
        ]
      },
      "faces": {
        "north": {
          "uv": [
            3.125,
            0.3125,
            2.625,
            0.125
          ],
          "rotation": 90,
          "texture": "#0"
        },
        "east": {
          "uv": [
            2.625,
            0.3125,
            2.75,
            0.8125
          ],
          "texture": "#0"
        },
        "south": {
          "uv": [
            3.125,
            0.3125,
            2.625,
            0.125
          ],
          "rotation": 270,
          "texture": "#0"
        },
        "west": {
          "uv": [
            2.625,
            0.3125,
            2.75,
            0.8125
          ],
          "rotation": 180,
          "texture": "#0"
        },
        "up": {
          "uv": [
            3.25,
            0.3125,
            3.125,
            0.125
          ],
          "rotation": 270,
          "texture": "#0"
        },
        "down": {
          "uv": [
            3.25,
            0.3125,
            3.125,
            0.125
          ],
          "rotation": 270,
          "texture": "#0"
        }
      }
    },
    {
      "from": [
        -0.3127,
        11.50238,
        14.25
      ],
      "to": [
        5.1873,
        13.50238,
        15.75
      ],
      "rotation": {
        "angle": -22.5,
        "axis": "z",
        "origin": [
          5.02742,
          13.90103,
          15
        ]
      },
      "faces": {
        "north": {
          "uv": [
            1.5,
            0.75,
            2.1875,
            1
          ],
          "texture": "#0"
        },
        "east": {
          "uv": [
            2.1875,
            0.75,
            2.375,
            1
          ],
          "texture": "#0"
        },
        "south": {
          "uv": [
            1.5,
            0.75,
            2.1875,
            1
          ],
          "texture": "#0"
        },
        "west": {
          "uv": [
            2.1875,
            0.75,
            2.375,
            1
          ],
          "texture": "#0"
        },
        "up": {
          "uv": [
            1.6875,
            1.6875,
            1.5,
            1
          ],
          "rotation": 90,
          "texture": "#0"
        },
        "down": {
          "uv": [
            1.6875,
            1.6875,
            1.5,
            1
          ],
          "rotation": 270,
          "texture": "#0"
        }
      }
    },
    {
      "from": [
        -1.8127,
        12.00238,
        14.5
      ],
      "to": [
        6.6873,
        13.00238,
        15.5
      ],
      "rotation": {
        "angle": -22.5,
        "axis": "z",
        "origin": [
          5.02742,
          13.90103,
          15
        ]
      },
      "faces": {
        "north": {
          "uv": [
            2.5,
            0,
            3.5625,
            0.125
          ],
          "texture": "#0"
        },
        "east": {
          "uv": [
            2.375,
            0.75,
            2.5,
            0.875
          ],
          "texture": "#0"
        },
        "south": {
          "uv": [
            2.5,
            0,
            3.5625,
            0.125
          ],
          "texture": "#0"
        },
        "west": {
          "uv": [
            2.375,
            0.75,
            2.5,
            0.875
          ],
          "texture": "#0"
        },
        "up": {
          "uv": [
            2.625,
            1.1875,
            2.5,
            0.125
          ],
          "rotation": 90,
          "texture": "#0"
        },
        "down": {
          "uv": [
            2.625,
            1.1875,
            2.5,
            0.125
          ],
          "rotation": 270,
          "texture": "#0"
        }
      }
    },
    {
      "from": [
        -1.79943,
        8.3805,
        14.25
      ],
      "to": [
        3.70057,
        10.3805,
        15.75
      ],
      "rotation": {
        "angle": 0,
        "axis": "y",
        "origin": [
          5.02742,
          13.90103,
          15
        ]
      },
      "faces": {
        "north": {
          "uv": [
            1.5,
            0.75,
            2.1875,
            1
          ],
          "texture": "#0"
        },
        "east": {
          "uv": [
            2.1875,
            0.75,
            2.375,
            1
          ],
          "texture": "#0"
        },
        "south": {
          "uv": [
            1.5,
            0.75,
            2.1875,
            1
          ],
          "texture": "#0"
        },
        "west": {
          "uv": [
            2.1875,
            0.75,
            2.375,
            1
          ],
          "texture": "#0"
        },
        "up": {
          "uv": [
            1.6875,
            1.6875,
            1.5,
            1
          ],
          "rotation": 90,
          "texture": "#0"
        },
        "down": {
          "uv": [
            1.6875,
            1.6875,
            1.5,
            1
          ],
          "rotation": 270,
          "texture": "#0"
        }
      }
    },
    {
      "from": [
        -3.29943,
        8.8805,
        14.5
      ],
      "to": [
        5.20057,
        9.8805,
        15.5
      ],
      "rotation": {
        "angle": 0,
        "axis": "y",
        "origin": [
          5.02742,
          13.90103,
          15
        ]
      },
      "faces": {
        "north": {
          "uv": [
            2.5,
            0,
            3.5625,
            0.125
          ],
          "texture": "#0"
        },
        "east": {
          "uv": [
            2.375,
            0.75,
            2.5,
            0.875
          ],
          "texture": "#0"
        },
        "south": {
          "uv": [
            2.5,
            0,
            3.5625,
            0.125
          ],
          "texture": "#0"
        },
        "west": {
          "uv": [
            2.375,
            0.75,
            2.5,
            0.875
          ],
          "texture": "#0"
        },
        "up": {
          "uv": [
            2.625,
            1.1875,
            2.5,
            0.125
          ],
          "rotation": 90,
          "texture": "#0"
        },
        "down": {
          "uv": [
            2.625,
            1.1875,
            2.5,
            0.125
          ],
          "rotation": 270,
          "texture": "#0"
        }
      }
    },
    {
      "from": [
        3,
        6.5,
        -3.5
      ],
      "to": [
        13,
        14.5,
        -3.5
      ],
      "rotation": {
        "angle": 22.5,
        "axis": "x",
        "origin": [
          16,
          0,
          0
        ]
      },
      "faces": {
        "north": {
          "uv": [
            0,
            0,
            10,
            8
          ],
          "texture": "#2"
        },
        "east": {
          "uv": [
            0,
            0,
            0,
            7
          ],
          "texture": "#2"
        },
        "south": {
          "uv": [
            10,
            0,
            0,
            8
          ],
          "texture": "#2"
        },
        "west": {
          "uv": [
            0,
            0,
            0,
            7
          ],
          "texture": "#2"
        },
        "up": {
          "uv": [
            0,
            10,
            0,
            0
          ],
          "rotation": 90,
          "texture": "#2"
        },
        "down": {
          "uv": [
            0,
            0,
            0,
            10
          ],
          "rotation": 270,
          "texture": "#2"
        }
      }
    },
    {
      "from": [
        5.45,
        21.7,
        14.5
      ],
      "to": [
        15.45,
        25.7,
        14.5
      ],
      "rotation": {
        "angle": 0,
        "axis": "y",
        "origin": [
          0,
          -7,
          0
        ]
      },
      "faces": {
        "north": {
          "uv": [
            10,
            0,
            0,
            4
          ],
          "texture": "#1"
        },
        "east": {
          "uv": [
            0,
            0,
            0,
            4
          ],
          "texture": "#1"
        },
        "south": {
          "uv": [
            0,
            0,
            10,
            4
          ],
          "texture": "#1"
        },
        "west": {
          "uv": [
            0,
            0,
            0,
            4
          ],
          "texture": "#1"
        },
        "up": {
          "uv": [
            0,
            10,
            0,
            0
          ],
          "rotation": 90,
          "texture": "#1"
        },
        "down": {
          "uv": [
            0,
            0,
            0,
            10
          ],
          "rotation": 270,
          "texture": "#1"
        }
      }
    },
    {
      "from": [
        2,
        1,
        -2
      ],
      "to": [
        12,
        3,
        14
      ],
      "rotation": {
        "angle": -45,
        "axis": "x",
        "origin": [
          8.45,
          4.5,
          2
        ]
      },
      "faces": {
        "north": {
          "uv": [
            3.5,
            6.125,
            4.75,
            6.375
          ],
          "texture": "#0"
        },
        "east": {
          "uv": [
            2.875,
            6.5625,
            4.875,
            6.8125
          ],
          "texture": "#0"
        },
        "south": {
          "uv": [
            3.5,
            6.125,
            4.75,
            6.375
          ],
          "texture": "#0"
        },
        "west": {
          "uv": [
            2.875,
            6.5625,
            4.875,
            6.8125
          ],
          "texture": "#0"
        },
        "up": {
          "uv": [
            3.5,
            4.125,
            4.75,
            6.125
          ],
          "texture": "#0"
        },
        "down": {
          "uv": [
            3.5,
            4.125,
            4.75,
            6.125
          ],
          "texture": "#0"
        }
      }
    },
    {
      "from": [
        12,
        1,
        -2
      ],
      "to": [
        14,
        7,
        14
      ],
      "rotation": {
        "angle": -45,
        "axis": "x",
        "origin": [
          8.45,
          4.5,
          2
        ]
      },
      "faces": {
        "north": {
          "uv": [
            6.125,
            3.375,
            6.375,
            4.125
          ],
          "texture": "#0"
        },
        "east": {
          "uv": [
            4.125,
            3.375,
            6.125,
            4.125
          ],
          "texture": "#0"
        },
        "south": {
          "uv": [
            6.375,
            3.375,
            6.125,
            4.125
          ],
          "texture": "#0"
        },
        "west": {
          "uv": [
            4.125,
            3.375,
            6.125,
            4.125
          ],
          "texture": "#0"
        },
        "up": {
          "uv": [
            3.25,
            4.5625,
            3.5,
            6.5625
          ],
          "texture": "#0"
        },
        "down": {
          "uv": [
            3.25,
            4.5625,
            3.5,
            6.5625
          ],
          "texture": "#0"
        }
      }
    },
    {
      "from": [
        12,
        0.5,
        0
      ],
      "to": [
        15,
        7.5,
        3
      ],
      "rotation": {
        "angle": -45,
        "axis": "x",
        "origin": [
          8.45,
          4.5,
          2
        ]
      },
      "faces": {
        "north": {
          "uv": [
            4.5,
            2.5,
            4.875,
            3.375
          ],
          "texture": "#0"
        },
        "east": {
          "uv": [
            4.125,
            2.5,
            4.5,
            3.375
          ],
          "texture": "#0"
        },
        "south": {
          "uv": [
            4.875,
            2.5,
            4.5,
            3.375
          ],
          "texture": "#0"
        },
        "west": {
          "uv": [
            4.125,
            2.5,
            4.5,
            3.375
          ],
          "texture": "#0"
        },
        "up": {
          "uv": [
            4.125,
            2.125,
            4.5,
            2.5
          ],
          "texture": "#0"
        },
        "down": {
          "uv": [
            4.125,
            2.125,
            4.5,
            2.5
          ],
          "texture": "#0"
        }
      }
    },
    {
      "from": [
        12,
        0.5,
        9
      ],
      "to": [
        15,
        7.5,
        12
      ],
      "rotation": {
        "angle": -45,
        "axis": "x",
        "origin": [
          8.45,
          4.5,
          2
        ]
      },
      "faces": {
        "north": {
          "uv": [
            4.5,
            2.5,
            4.875,
            3.375
          ],
          "texture": "#0"
        },
        "east": {
          "uv": [
            4.125,
            2.5,
            4.5,
            3.375
          ],
          "texture": "#0"
        },
        "south": {
          "uv": [
            4.875,
            2.5,
            4.5,
            3.375
          ],
          "texture": "#0"
        },
        "west": {
          "uv": [
            4.125,
            2.5,
            4.5,
            3.375
          ],
          "texture": "#0"
        },
        "up": {
          "uv": [
            4.125,
            2.125,
            4.5,
            2.5
          ],
          "texture": "#0"
        },
        "down": {
          "uv": [
            4.125,
            2.125,
            4.5,
            2.5
          ],
          "texture": "#0"
        }
      }
    },
    {
      "from": [
        4.9,
        6,
        -0.1
      ],
      "to": [
        6.9,
        7.5,
        2.9
      ],
      "rotation": {
        "angle": -45,
        "axis": "x",
        "origin": [
          8.45,
          4.5,
          2
        ]
      },
      "faces": {
        "north": {
          "uv": [
            4,
            0.9375,
            4.25,
            1.125
          ],
          "texture": "#0"
        },
        "east": {
          "uv": [
            4.375,
            0.9375,
            4.75,
            1.125
          ],
          "texture": "#0"
        },
        "south": {
          "uv": [
            4,
            0.9375,
            4.25,
            1.125
          ],
          "texture": "#0"
        },
        "west": {
          "uv": [
            4.375,
            0.9375,
            4.75,
            1.125
          ],
          "texture": "#0"
        },
        "up": {
          "uv": [
            4.875,
            2.1875,
            5.125,
            2.5625
          ],
          "texture": "#0"
        },
        "down": {
          "uv": [
            4.875,
            2.1875,
            5.125,
            2.5625
          ],
          "texture": "#0"
        }
      }
    },
    {
      "from": [
        1.9,
        6,
        -1.1
      ],
      "to": [
        4.9,
        7.5,
        3.9
      ],
      "rotation": {
        "angle": -45,
        "axis": "x",
        "origin": [
          8.45,
          4.5,
          2
        ]
      },
      "faces": {
        "north": {
          "uv": [
            4.875,
            2.5625,
            5.25,
            2.75
          ],
          "texture": "#0"
        },
        "east": {
          "uv": [
            4.5,
            2,
            5.125,
            2.1875
          ],
          "texture": "#0"
        },
        "south": {
          "uv": [
            4.875,
            2.5625,
            5.25,
            2.75
          ],
          "texture": "#0"
        },
        "west": {
          "uv": [
            4.5,
            2,
            5.125,
            2.1875
          ],
          "texture": "#0"
        },
        "up": {
          "uv": [
            4.875,
            2.75,
            5.25,
            3.375
          ],
          "texture": "#0"
        },
        "down": {
          "uv": [
            4.875,
            2.75,
            5.25,
            3.375
          ],
          "texture": "#0"
        }
      }
    },
    {
      "from": [
        1.9,
        6,
        7.9
      ],
      "to": [
        4.9,
        7.5,
        12.9
      ],
      "rotation": {
        "angle": -45,
        "axis": "x",
        "origin": [
          8.45,
          4.5,
          2
        ]
      },
      "faces": {
        "north": {
          "uv": [
            4.875,
            2.5625,
            5.25,
            2.75
          ],
          "texture": "#0"
        },
        "east": {
          "uv": [
            4.5,
            2,
            5.125,
            2.1875
          ],
          "texture": "#0"
        },
        "south": {
          "uv": [
            4.875,
            2.5625,
            5.25,
            2.75
          ],
          "texture": "#0"
        },
        "west": {
          "uv": [
            4.5,
            2,
            5.125,
            2.1875
          ],
          "texture": "#0"
        },
        "up": {
          "uv": [
            4.875,
            2.75,
            5.25,
            3.375
          ],
          "texture": "#0"
        },
        "down": {
          "uv": [
            4.875,
            2.75,
            5.25,
            3.375
          ],
          "texture": "#0"
        }
      }
    },
    {
      "from": [
        4.9,
        6,
        8.9
      ],
      "to": [
        6.9,
        7.5,
        11.9
      ],
      "rotation": {
        "angle": -45,
        "axis": "x",
        "origin": [
          8.45,
          4.5,
          2
        ]
      },
      "faces": {
        "north": {
          "uv": [
            4,
            0.9375,
            4.25,
            1.125
          ],
          "texture": "#0"
        },
        "east": {
          "uv": [
            4.375,
            0.9375,
            4.75,
            1.125
          ],
          "texture": "#0"
        },
        "south": {
          "uv": [
            4,
            0.9375,
            4.25,
            1.125
          ],
          "texture": "#0"
        },
        "west": {
          "uv": [
            4.375,
            0.9375,
            4.75,
            1.125
          ],
          "texture": "#0"
        },
        "up": {
          "uv": [
            4.875,
            2.1875,
            5.125,
            2.5625
          ],
          "texture": "#0"
        },
        "down": {
          "uv": [
            4.875,
            2.1875,
            5.125,
            2.5625
          ],
          "texture": "#0"
        }
      }
    },
    {
      "from": [
        4.9,
        0.5,
        8.9
      ],
      "to": [
        6.9,
        2,
        11.9
      ],
      "rotation": {
        "angle": -45,
        "axis": "x",
        "origin": [
          8.45,
          4.5,
          2
        ]
      },
      "faces": {
        "north": {
          "uv": [
            4,
            0.9375,
            4.25,
            1.125
          ],
          "texture": "#0"
        },
        "east": {
          "uv": [
            4.375,
            1.125,
            4.75,
            0.9375
          ],
          "texture": "#0"
        },
        "south": {
          "uv": [
            4,
            0.9375,
            4.25,
            1.125
          ],
          "texture": "#0"
        },
        "west": {
          "uv": [
            4.375,
            0.9375,
            4.75,
            1.125
          ],
          "texture": "#0"
        },
        "up": {
          "uv": [
            4.875,
            2.1875,
            5.125,
            2.5625
          ],
          "texture": "#0"
        },
        "down": {
          "uv": [
            4.875,
            2.1875,
            5.125,
            2.5625
          ],
          "texture": "#0"
        }
      }
    },
    {
      "from": [
        1.9,
        0.5,
        7.9
      ],
      "to": [
        4.9,
        2,
        12.9
      ],
      "rotation": {
        "angle": -45,
        "axis": "x",
        "origin": [
          8.45,
          4.5,
          2
        ]
      },
      "faces": {
        "north": {
          "uv": [
            4.875,
            2.5625,
            5.25,
            2.75
          ],
          "texture": "#0"
        },
        "east": {
          "uv": [
            4.5,
            2,
            5.125,
            2.1875
          ],
          "texture": "#0"
        },
        "south": {
          "uv": [
            4.875,
            2.75,
            5.25,
            2.5625
          ],
          "texture": "#0"
        },
        "west": {
          "uv": [
            5.125,
            2.1875,
            4.5,
            2
          ],
          "texture": "#0"
        },
        "up": {
          "uv": [
            4.875,
            2.75,
            5.25,
            3.375
          ],
          "texture": "#0"
        },
        "down": {
          "uv": [
            4.875,
            2.75,
            5.25,
            3.375
          ],
          "texture": "#0"
        }
      }
    },
    {
      "from": [
        4.9,
        0.5,
        -0.1
      ],
      "to": [
        6.9,
        2,
        2.9
      ],
      "rotation": {
        "angle": -45,
        "axis": "x",
        "origin": [
          8.45,
          4.5,
          2
        ]
      },
      "faces": {
        "north": {
          "uv": [
            4,
            1.125,
            4.25,
            0.9375
          ],
          "texture": "#0"
        },
        "east": {
          "uv": [
            4.375,
            1.125,
            4.75,
            0.9375
          ],
          "texture": "#0"
        },
        "south": {
          "uv": [
            4,
            1.125,
            4.25,
            0.9375
          ],
          "texture": "#0"
        },
        "west": {
          "uv": [
            4.375,
            0.9375,
            4.75,
            1.125
          ],
          "texture": "#0"
        },
        "up": {
          "uv": [
            4.875,
            2.1875,
            5.125,
            2.5625
          ],
          "texture": "#0"
        },
        "down": {
          "uv": [
            4.875,
            2.1875,
            5.125,
            2.5625
          ],
          "texture": "#0"
        }
      }
    },
    {
      "from": [
        1.9,
        0.5,
        -1.1
      ],
      "to": [
        4.9,
        2,
        3.9
      ],
      "rotation": {
        "angle": -45,
        "axis": "x",
        "origin": [
          8.45,
          4.5,
          2
        ]
      },
      "faces": {
        "north": {
          "uv": [
            4.875,
            2.75,
            5.25,
            2.5625
          ],
          "texture": "#0"
        },
        "east": {
          "uv": [
            4.5,
            2,
            5.125,
            2.1875
          ],
          "texture": "#0"
        },
        "south": {
          "uv": [
            4.875,
            2.75,
            5.25,
            2.5625
          ],
          "texture": "#0"
        },
        "west": {
          "uv": [
            4.5,
            2,
            5.125,
            2.1875
          ],
          "texture": "#0"
        },
        "up": {
          "uv": [
            4.875,
            2.75,
            5.25,
            3.375
          ],
          "texture": "#0"
        },
        "down": {
          "uv": [
            4.875,
            2.75,
            5.25,
            3.375
          ],
          "texture": "#0"
        }
      }
    },
    {
      "from": [
        1,
        -6,
        5
      ],
      "to": [
        32,
        9,
        5
      ],
      "rotation": {
        "angle": 22.5,
        "axis": "z",
        "origin": [
          -16.8,
          28.02425,
          -12.54569
        ]
      },
      "faces": {
        "north": {
          "uv": [
            3.875,
            11.5,
            0,
            13.375
          ],
          "texture": "#0"
        },
        "east": {
          "uv": [
            0,
            0,
            0,
            1.875
          ],
          "texture": "#missing"
        },
        "south": {
          "uv": [
            0,
            11.5,
            3.875,
            13.375
          ],
          "texture": "#0"
        },
        "west": {
          "uv": [
            0,
            0,
            0,
            1.875
          ],
          "texture": "#missing"
        },
        "up": {
          "uv": [
            0,
            0,
            0,
            3.75
          ],
          "rotation": 90,
          "texture": "#missing"
        },
        "down": {
          "uv": [
            0,
            0,
            0,
            3.75
          ],
          "rotation": 270,
          "texture": "#missing"
        }
      }
    },
    {
      "from": [
        -16,
        -6,
        5
      ],
      "to": [
        15,
        9,
        5
      ],
      "rotation": {
        "angle": -22.5,
        "axis": "z",
        "origin": [
          32.8,
          28.02425,
          -12.54569
        ]
      },
      "faces": {
        "north": {
          "uv": [
            0,
            11.5,
            3.875,
            13.375
          ],
          "texture": "#0"
        },
        "east": {
          "uv": [
            0,
            0,
            0,
            1.875
          ],
          "texture": "#missing"
        },
        "south": {
          "uv": [
            3.875,
            11.5,
            0,
            13.375
          ],
          "texture": "#0"
        },
        "west": {
          "uv": [
            0,
            0,
            0,
            1.875
          ],
          "texture": "#missing"
        },
        "up": {
          "uv": [
            0,
            3.75,
            0,
            0
          ],
          "rotation": 90,
          "texture": "#missing"
        },
        "down": {
          "uv": [
            0,
            3.75,
            0,
            0
          ],
          "rotation": 270,
          "texture": "#missing"
        }
      }
    }
  ],
  "gui_light": "front",
  "display": {
    "thirdperson_righthand": {
      "rotation": [
        67.5,
        0,
        0
      ],
      "translation": [
        0,
        2.75,
        -1.25
      ],
      "scale": [
        0.32773,
        0.32773,
        0.32773
      ]
    },
    "thirdperson_lefthand": {
      "rotation": [
        67.5,
        0,
        0
      ],
      "translation": [
        0,
        2.75,
        -1.25
      ],
      "scale": [
        0.32773,
        0.32773,
        0.32773
      ]
    },
    "firstperson_righthand": {
      "translation": [
        1.25,
        3.5,
        0
      ],
      "scale": [
        0.28516,
        0.28516,
        0.28516
      ]
    },
    "firstperson_lefthand": {
      "translation": [
        1.25,
        3.5,
        0
      ],
      "scale": [
        0.28516,
        0.28516,
        0.28516
      ]
    },
    "ground": {
      "translation": [
        0,
        9,
        0
      ],
      "scale": [
        0.5,
        0.5,
        0.5
      ]
    },
    "gui": {
      "rotation": [
        30,
        135,
        0
      ],
      "translation": [
        0.75,
        -2,
        -1.5
      ],
      "scale": [
        0.36523,
        0.36523,
        0.36523
      ]
    },
    "head": {
      "rotation": [
        0,
        180,
        0
      ],
      "translation": [
        0,
        -30.4,
        0
      ],
      "scale": [
        1.6,
        1.6,
        1.6
      ]
    },
    "fixed": {
      "rotation": [
        -90,
        0,
        0
      ],
      "translation": [
        0,
        0,
        -16
      ],
      "scale": [
        2,
        2,
        2
      ]
    }
  }
}