{
  "parent": "item/handheld_rod",
  "textures": {
    "layer0": "item/fishing_rod"
  },
  "overrides": [
    {
      "predicate": {
        "cast": 1
      },
      "model": "item/fishing_rod_cast"
    },
    {
      "predicate": {
        "custom_model_data": 10000
      },
      "model": "saintpatricksset:fishing_rod"
    },
    {
      "predicate": {
        "cast": 1,
        "custom_model_data": 10000
      },
      "model": "saintpatricksset:fishing_rod_cast"
    },
    {
      "predicate": {
        "custom_model_data": 10001
      },
      "model": "elitecreatures:easterbunny_animated_weapon_set/fishing_rod"
    },
    {
      "predicate": {
        "cast": 1,
        "custom_model_data": 10001
      },
      "model": "elitecreatures:easterbunny_animated_weapon_set/fishing_rod_cast"
    },
    {
      "predicate": {
        "custom_model_data": 10002
      },
      "model": "easterset:fishing_rod"
    },
    {
      "predicate": {
        "cast": 1,
        "custom_model_data": 10002
      },
      "model": "easterset:fishing_rod_cast"
    },
    {
      "predicate": {
        "custom_model_data": 10003
      },
      "model": "elitecreatures:summer_cosmetic/fishing_rod"
    },
    {
      "predicate": {
        "cast": 1,
        "custom_model_data": 10003
      },
      "model": "elitecreatures:summer_cosmetic/fishing_rod_cast"
    },
    {
      "predicate": {
        "custom_model_data": 10004
      },
      "model": "dragonsoulset:fishing_rod"
    },
    {
      "predicate": {
        "cast": 1,
        "custom_model_data": 10004
      },
      "model": "dragonsoulset:fishing_rod_cast"
    },
    {
      "predicate": {
        "custom_model_data": 10005
      },
      "model": "elitecreatures:darkflame_animated_weapon_set/fishing_rod"
    },
    {
      "predicate": {
        "cast": 1,
        "custom_model_data": 10005
      },
      "model": "elitecreatures:darkflame_animated_weapon_set/fishing_rod_cast"
    },
    {
      "predicate": {
        "custom_model_data": 10006
      },
      "model": "littledragonset:fishing_rod"
    },
    {
      "predicate": {
        "cast": 1,
        "custom_model_data": 10006
      },
      "model": "littledragonset:fishing_rod_cast"
    },
    {
      "predicate": {
        "custom_model_data": 10007
      },
      "model": "elitecreatures:skeleton_overlord_animated_weapon_set/fishing_rod"
    },
    {
      "predicate": {
        "cast": 1,
        "custom_model_data": 10007
      },
      "model": "elitecreatures:skeleton_overlord_animated_weapon_set/fishing_rod_cast"
    },
    {
      "predicate": {
        "custom_model_data": 10008
      },
      "model": "elitecreatures:bahamut_animated_weapon_set/fishing_rod"
    },
    {
      "predicate": {
        "cast": 1,
        "custom_model_data": 10008
      },
      "model": "elitecreatures:bahamut_animated_weapon_set/fishing_rod_cast"
    },
    {
      "predicate": {
        "custom_model_data": 10009
      },
      "model": "nexusset:fishing_rod"
    },
    {
      "predicate": {
        "cast": 1,
        "custom_model_data": 10009
      },
      "model": "nexusset:fishing_rod_cast"
    },
    {
      "predicate": {
        "custom_model_data": 10010
      },
      "model": "bone_set:ia_auto_gen/bone_fishing_rod"
    },
    {
      "predicate": {
        "cast": 1,
        "custom_model_data": 10010
      },
      "model": "bone_set:ia_auto_gen/bone_fishing_rod_cast"
    },
    {
      "predicate": {
        "custom_model_data": 10011
      },
      "model": "littlepandaset:fishing_rod"
    },
    {
      "predicate": {
        "cast": 1,
        "custom_model_data": 10011
      },
      "model": "littlepandaset:fishing_rod_cast"
    },
    {
      "predicate": {
        "custom_model_data": 10012
      },
      "model": "fiendskullset:fishing_rod"
    },
    {
      "predicate": {
        "cast": 1,
        "custom_model_data": 10012
      },
      "model": "fiendskullset:fishing_rod_cast"
    },
    {
      "predicate": {
        "custom_model_data": 10013
      },
      "model": "elitecreatures:scarecrow_animated_weapon_set/fishing_rod"
    },
    {
      "predicate": {
        "cast": 1,
        "custom_model_data": 10013
      },
      "model": "elitecreatures:scarecrow_animated_weapon_set/fishing_rod_cast"
    },
    {
      "predicate": {
        "custom_model_data": 10014
      },
      "model": "elitecreatures:headlesshorseman_animated_weapon_set/fishing_rod"
    },
    {
      "predicate": {
        "cast": 1,
        "custom_model_data": 10014
      },
      "model": "elitecreatures:headlesshorseman_animated_weapon_set/fishing_rod_cast"
    },
    {
      "predicate": {
        "custom_model_data": 10015
      },
      "model": "ufoset:fishing_rod"
    },
    {
      "predicate": {
        "cast": 1,
        "custom_model_data": 10015
      },
      "model": "ufoset:fishing_rod_cast"
    },
    {
      "predicate": {
        "custom_model_data": 10017
      },
      "model": "corn_items:corn_fishing_rod"
    },
    {
      "predicate": {
        "cast": 1,
        "custom_model_data": 10017
      },
      "model": "corn_items:corn_fishing_rod_cast"
    },
    {
      "predicate": {
        "custom_model_data": 10018
      },
      "model": "winterset:fishing_rod"
    },
    {
      "predicate": {
        "cast": 1,
        "custom_model_data": 10018
      },
      "model": "winterset:fishing_rod_cast"
    },
    {
      "predicate": {
        "custom_model_data": 10019
      },
      "model": "merry_christmasset:fishing_rod"
    },
    {
      "predicate": {
        "cast": 1,
        "custom_model_data": 10019
      },
      "model": "merry_christmasset:fishing_rod_cast"
    },
    {
      "predicate": {
        "custom_model_data": 10020
      },
      "model": "elitecreatures:newyear_2024_animated/fishing_rod"
    },
    {
      "predicate": {
        "cast": 1,
        "custom_model_data": 10020
      },
      "model": "elitecreatures:newyear_2024_animated/fishing_rod_cast"
    },
    {
      "predicate": {
        "custom_model_data": 10021
      },
      "model": "item/fishing_rod"
    }
  ]
}