{
  "parent": "minecraft:item/handheld",
  "textures": {
    "layer0": "minecraft:item/iron_shovel"
  },
  "overrides": [
    {
      "predicate": {
        "custom_model_data": 10000
      },
      "model": "saintpatricksset:shovel"
    },
    {
      "predicate": {
        "custom_model_data": 10001
      },
      "model": "elitecreatures:easterbunny_animated_weapon_set/shovel"
    },
    {
      "predicate": {
        "custom_model_data": 10002
      },
      "model": "easterset:shovel"
    },
    {
      "predicate": {
        "custom_model_data": 10003
      },
      "model": "dragonsoulset:shovel"
    },
    {
      "predicate": {
        "custom_model_data": 10004
      },
      "model": "elitecreatures:darkflame_animated_weapon_set/shovel"
    },
    {
      "predicate": {
        "custom_model_data": 10005
      },
      "model": "elitecreatures:darkflame_animated_weapon_set/sickle"
    },
    {
      "predicate": {
        "custom_model_data": 10006
      },
      "model": "littledragonset:shovel"
    },
    {
      "predicate": {
        "custom_model_data": 10007
      },
      "model": "elitecreatures:skeleton_overlord_animated_weapon_set/shovel"
    },
    {
      "predicate": {
        "custom_model_data": 10008
      },
      "model": "elitecreatures:bahamut_animated_weapon_set/shovel"
    },
    {
      "predicate": {
        "custom_model_data": 10009
      },
      "model": "nexusset:shovel"
    },
    {
      "predicate": {
        "custom_model_data": 10010
      },
      "model": "littlepandaset:shovel"
    },
    {
      "predicate": {
        "custom_model_data": 10011
      },
      "model": "fiendskullset:shovel"
    },
    {
      "predicate": {
        "custom_model_data": 10012
      },
      "model": "elitecreatures:scarecrow_animated_weapon_set/shovel"
    },
    {
      "predicate": {
        "custom_model_data": 10013
      },
      "model": "elitecreatures:headlesshorseman_animated_weapon_set/shovel"
    },
    {
      "predicate": {
        "custom_model_data": 10014
      },
      "model": "ufoset:shovel"
    },
    {
      "predicate": {
        "custom_model_data": 10015
      },
      "model": "winterset:shovel"
    },
    {
      "predicate": {
        "custom_model_data": 10016
      },
      "model": "merry_christmasset:shovel"
    },
    {
      "predicate": {
        "custom_model_data": 10017
      },
      "model": "item/iron_shovel"
    }
  ]
}