{
  "parent": "minecraft:item/handheld",
  "textures": {
    "layer0": "minecraft:item/netherite_axe"
  },
  "overrides": [
    {
      "predicate": {
        "custom_model_data": 10001
      },
      "model": "halloween:cleaver"
    },
    {
      "predicate": {
        "custom_model_data": 10002
      },
      "model": "thanksgiving2023:pie_axe"
    },
    {
      "predicate": {
        "custom_model_data": 10003
      },
      "model": "elitecreatures:newyear_2024_animated/axe"
    },
    {
      "predicate": {
        "custom_model_data": 10004
      },
      "model": "item/netherite_axe"
    }
  ]
}