{
  "parent": "minecraft:item/generated",
  "textures": {
    "layer0": "minecraft:item/netherite_helmet"
  },
  "overrides": [
    {
      "predicate": {
        "custom_model_data": 10000
      },
      "model": "elitecreatures:ia_auto_gen/newyear_2024_animated-helmet"
    },
    {
      "predicate": {
        "custom_model_data": 10001
      },
      "model": "elitecreatures:newyear_2024_animated/helmet"
    },
    {
      "predicate": {
        "custom_model_data": 10002
      },
      "model": "item/netherite_helmet"
    }
  ]
}