{
  "parent": "minecraft:item/generated",
  "textures": {
    "layer0": "minecraft:item/paper"
  },
  "overrides": [
    {
      "predicate": {
        "custom_model_data": 4211
      },
      "model": "lunar_studios:enderkariz/ares_set/ares_helmet"
    },
    {
      "predicate": {
        "custom_model_data": 5000
      },
      "model": "lunar_studios:enderkariz/block_wars/r2d2_cosmetic"
    },
    {
      "predicate": {
        "custom_model_data": 5001
      },
      "model": "lunar_studios:enderkariz/block_wars/darth/darth_mask"
    },
    {
      "predicate": {
        "custom_model_data": 5003
      },
      "model": "lunar_studios:enderkariz/block_wars/darth/darth_cape"
    },
    {
      "predicate": {
        "custom_model_data": 10000
      },
      "model": "z_iainternal:auto_generated/icon_left_blue"
    },
    {
      "predicate": {
        "custom_model_data": 10000
      },
      "model": "z_iainternal:ia_auto_gen/icon_left_blue"
    },
    {
      "predicate": {
        "custom_model_data": 10001
      },
      "model": "z_iainternal:auto_generated/icon_right_blue"
    },
    {
      "predicate": {
        "custom_model_data": 10001
      },
      "model": "z_iainternal:ia_auto_gen/icon_right_blue"
    },
    {
      "predicate": {
        "custom_model_data": 10002
      },
      "model": "z_iainternal:auto_generated/icon_search"
    },
    {
      "predicate": {
        "custom_model_data": 10002
      },
      "model": "z_iainternal:ia_auto_gen/icon_search"
    },
    {
      "predicate": {
        "custom_model_data": 10003
      },
      "model": "z_iainternal:auto_generated/icon_cancel"
    },
    {
      "predicate": {
        "custom_model_data": 10003
      },
      "model": "z_iainternal:ia_auto_gen/icon_cancel"
    },
    {
      "predicate": {
        "custom_model_data": 10004
      },
      "model": "z_iainternal:auto_generated/icon_arrow_chest"
    },
    {
      "predicate": {
        "custom_model_data": 10004
      },
      "model": "z_iainternal:ia_auto_gen/icon_arrow_chest"
    },
    {
      "predicate": {
        "custom_model_data": 10005
      },
      "model": "z_iainternal:auto_generated/icon_back_orange"
    },
    {
      "predicate": {
        "custom_model_data": 10005
      },
      "model": "z_iainternal:ia_auto_gen/icon_back_orange"
    },
    {
      "predicate": {
        "custom_model_data": 10006
      },
      "model": "z_iainternal:auto_generated/icon_next_orange"
    },
    {
      "predicate": {
        "custom_model_data": 10006
      },
      "model": "z_iainternal:ia_auto_gen/icon_next_orange"
    },
    {
      "predicate": {
        "custom_model_data": 10007
      },
      "model": "minecraft:item/paper"
    },
    {
      "predicate": {
        "custom_model_data": 10007
      },
      "model": "_iainternal:ia_auto_gen/icon_left_blue"
    },
    {
      "predicate": {
        "custom_model_data": 10008
      },
      "model": "_iainternal:ia_auto_gen/icon_right_blue"
    },
    {
      "predicate": {
        "custom_model_data": 10009
      },
      "model": "_iainternal:ia_auto_gen/icon_search"
    },
    {
      "predicate": {
        "custom_model_data": 10010
      },
      "model": "_iainternal:ia_auto_gen/icon_cancel"
    },
    {
      "predicate": {
        "custom_model_data": 10011
      },
      "model": "_iainternal:ia_auto_gen/icon_arrow_chest"
    },
    {
      "predicate": {
        "custom_model_data": 10012
      },
      "model": "_iainternal:ia_auto_gen/icon_back_orange"
    },
    {
      "predicate": {
        "custom_model_data": 10013
      },
      "model": "_iainternal:ia_auto_gen/icon_next_orange"
    },
    {
      "predicate": {
        "custom_model_data": 10014
      },
      "model": "lunar_studios:enderkariz/cupid_set/cupid_wings"
    },
    {
      "predicate": {
        "custom_model_data": 10015
      },
      "model": "lunar_studios:enderkariz/loki_set/loki_cape"
    },
    {
      "predicate": {
        "custom_model_data": 10016
      },
      "model": "lunar_studios:enderkariz/loki_set/loki_helmet"
    },
    {
      "predicate": {
        "custom_model_data": 10017
      },
      "model": "lunar_studios:enderkariz/angel_set/angel_armor_helmet"
    },
    {
      "predicate": {
        "custom_model_data": 10018
      },
      "model": "must_have_props:basket"
    },
    {
      "predicate": {
        "custom_model_data": 10019
      },
      "model": "must_have_props:bone_pile"
    },
    {
      "predicate": {
        "custom_model_data": 10020
      },
      "model": "must_have_props:bone"
    },
    {
      "predicate": {
        "custom_model_data": 10021
      },
      "model": "must_have_props:book_pile_2"
    },
    {
      "predicate": {
        "custom_model_data": 10022
      },
      "model": "must_have_props:book_pile"
    },
    {
      "predicate": {
        "custom_model_data": 10023
      },
      "model": "must_have_props:coffee_tray"
    },
    {
      "predicate": {
        "custom_model_data": 10024
      },
      "model": "must_have_props:coins"
    },
    {
      "predicate": {
        "custom_model_data": 10025
      },
      "model": "must_have_props:eating_set"
    },
    {
      "predicate": {
        "custom_model_data": 10026
      },
      "model": "must_have_props:flower_1"
    },
    {
      "predicate": {
        "custom_model_data": 10027
      },
      "model": "must_have_props:flower_2"
    },
    {
      "predicate": {
        "custom_model_data": 10028
      },
      "model": "must_have_props:flower_3"
    },
    {
      "predicate": {
        "custom_model_data": 10029
      },
      "model": "must_have_props:fruit_basket"
    },
    {
      "predicate": {
        "custom_model_data": 10030
      },
      "model": "must_have_props:glass_cup"
    },
    {
      "predicate": {
        "custom_model_data": 10031
      },
      "model": "must_have_props:glass_cups"
    },
    {
      "predicate": {
        "custom_model_data": 10032
      },
      "model": "must_have_props:glass_jar"
    },
    {
      "predicate": {
        "custom_model_data": 10033
      },
      "model": "must_have_props:glass_jars"
    },
    {
      "predicate": {
        "custom_model_data": 10034
      },
      "model": "must_have_props:money"
    },
    {
      "predicate": {
        "custom_model_data": 10035
      },
      "model": "must_have_props:organized_books"
    },
    {
      "predicate": {
        "custom_model_data": 10036
      },
      "model": "must_have_props:organized_log_pile"
    },
    {
      "predicate": {
        "custom_model_data": 10037
      },
      "model": "must_have_props:picture_frame"
    },
    {
      "predicate": {
        "custom_model_data": 10038
      },
      "model": "must_have_props:piggy_bank"
    },
    {
      "predicate": {
        "custom_model_data": 10039
      },
      "model": "must_have_props:plate_pile"
    },
    {
      "predicate": {
        "custom_model_data": 10040
      },
      "model": "must_have_props:plate"
    },
    {
      "predicate": {
        "custom_model_data": 10041
      },
      "model": "must_have_props:scroll"
    },
    {
      "predicate": {
        "custom_model_data": 10042
      },
      "model": "must_have_props:scrolls"
    },
    {
      "predicate": {
        "custom_model_data": 10043
      },
      "model": "must_have_props:study_mess"
    },
    {
      "predicate": {
        "custom_model_data": 10044
      },
      "model": "must_have_props:trophy"
    },
    {
      "predicate": {
        "custom_model_data": 10045
      },
      "model": "must_have_props:wooden_bucket_water"
    },
    {
      "predicate": {
        "custom_model_data": 10046
      },
      "model": "must_have_props:wooden_bucket"
    },
    {
      "predicate": {
        "custom_model_data": 10047
      },
      "model": "must_have_props:wooden_mug"
    },
    {
      "predicate": {
        "custom_model_data": 10048
      },
      "model": "must_have_props:wooden_mugs"
    },
    {
      "predicate": {
        "custom_model_data": 10049
      },
      "model": "saintpatricksset:key"
    },
    {
      "predicate": {
        "custom_model_data": 10050
      },
      "model": "saintpatricksset:wings"
    },
    {
      "predicate": {
        "custom_model_data": 10051
      },
      "model": "saintpatricksset:helmet"
    },
    {
      "predicate": {
        "custom_model_data": 10052
      },
      "model": "elitecreatures:easterbunny_animated_weapon_set/chest"
    },
    {
      "predicate": {
        "custom_model_data": 10053
      },
      "model": "elitecreatures:easterbunny_animated_weapon_set/gauntlet"
    },
    {
      "predicate": {
        "custom_model_data": 10054
      },
      "model": "elitecreatures:easterbunny_animated_weapon_set/key"
    },
    {
      "predicate": {
        "custom_model_data": 10055
      },
      "model": "elitecreatures:easterbunny_animated_weapon_set/wing"
    },
    {
      "predicate": {
        "custom_model_data": 10056
      },
      "model": "easterset:key"
    },
    {
      "predicate": {
        "custom_model_data": 10057
      },
      "model": "easterset:backpack"
    },
    {
      "predicate": {
        "custom_model_data": 10058
      },
      "model": "easterset:rabbit_head"
    },
    {
      "predicate": {
        "custom_model_data": 10059
      },
      "model": "elitecreatures:summer_cosmetic/fish"
    },
    {
      "predicate": {
        "custom_model_data": 10060
      },
      "model": "elitecreatures:summer_cosmetic/hat_1"
    },
    {
      "predicate": {
        "custom_model_data": 10061
      },
      "model": "elitecreatures:summer_cosmetic/hat_2"
    },
    {
      "predicate": {
        "custom_model_data": 10062
      },
      "model": "elitecreatures:summer_cosmetic/hat_3"
    },
    {
      "predicate": {
        "custom_model_data": 10063
      },
      "model": "elitecreatures:summer_cosmetic/wings"
    },
    {
      "predicate": {
        "custom_model_data": 10064
      },
      "model": "elitecreatures:summer_cosmetic/wings_self"
    },
    {
      "predicate": {
        "custom_model_data": 10065
      },
      "model": "elitecreatures:summer_cosmetic/hula_skirt"
    },
    {
      "predicate": {
        "custom_model_data": 10066
      },
      "model": "elitecreatures:summer_cosmetic/hula_skirt_self"
    },
    {
      "predicate": {
        "custom_model_data": 10067
      },
      "model": "elitecreatures:summer_cosmetic/ice_cream"
    },
    {
      "predicate": {
        "custom_model_data": 10068
      },
      "model": "elitecreatures:summer_cosmetic/leaf"
    },
    {
      "predicate": {
        "custom_model_data": 10069
      },
      "model": "dragonsoulset:helmet"
    },
    {
      "predicate": {
        "custom_model_data": 10070
      },
      "model": "dragonsoulset:key"
    },
    {
      "predicate": {
        "custom_model_data": 10071
      },
      "model": "dragonsoulset:wings"
    },
    {
      "predicate": {
        "custom_model_data": 10072
      },
      "model": "elitecreatures:darkflame_animated_weapon_set/chest"
    },
    {
      "predicate": {
        "custom_model_data": 10073
      },
      "model": "elitecreatures:darkflame_animated_weapon_set/chest_opening"
    },
    {
      "predicate": {
        "custom_model_data": 10074
      },
      "model": "elitecreatures:darkflame_animated_weapon_set/gauntlet"
    },
    {
      "predicate": {
        "custom_model_data": 10075
      },
      "model": "elitecreatures:darkflame_animated_weapon_set/helmet"
    },
    {
      "predicate": {
        "custom_model_data": 10076
      },
      "model": "elitecreatures:darkflame_animated_weapon_set/key"
    },
    {
      "predicate": {
        "custom_model_data": 10077
      },
      "model": "elitecreatures:darkflame_animated_weapon_set/wing"
    },
    {
      "predicate": {
        "custom_model_data": 10078
      },
      "model": "littledragonset:key"
    },
    {
      "predicate": {
        "custom_model_data": 10079
      },
      "model": "littledragonset:backpack"
    },
    {
      "predicate": {
        "custom_model_data": 10080
      },
      "model": "littledragonset:helmet"
    },
    {
      "predicate": {
        "custom_model_data": 10081
      },
      "model": "littledragonset:little_dragon"
    },
    {
      "predicate": {
        "custom_model_data": 10082
      },
      "model": "littledragonset:wings"
    },
    {
      "predicate": {
        "custom_model_data": 10083
      },
      "model": "elitecreatures:skeleton_overlord_animated_weapon_set/chest"
    },
    {
      "predicate": {
        "custom_model_data": 10084
      },
      "model": "elitecreatures:skeleton_overlord_animated_weapon_set/gauntlet"
    },
    {
      "predicate": {
        "custom_model_data": 10085
      },
      "model": "elitecreatures:skeleton_overlord_animated_weapon_set/key"
    },
    {
      "predicate": {
        "custom_model_data": 10086
      },
      "model": "elitecreatures:skeleton_overlord_animated_weapon_set/wing"
    },
    {
      "predicate": {
        "custom_model_data": 10087
      },
      "model": "elitecreatures:bahamut_animated_weapon_set/chest"
    },
    {
      "predicate": {
        "custom_model_data": 10088
      },
      "model": "elitecreatures:bahamut_animated_weapon_set/gauntlet"
    },
    {
      "predicate": {
        "custom_model_data": 10089
      },
      "model": "elitecreatures:bahamut_animated_weapon_set/hat"
    },
    {
      "predicate": {
        "custom_model_data": 10090
      },
      "model": "elitecreatures:bahamut_animated_weapon_set/helmet"
    },
    {
      "predicate": {
        "custom_model_data": 10091
      },
      "model": "elitecreatures:bahamut_animated_weapon_set/key"
    },
    {
      "predicate": {
        "custom_model_data": 10092
      },
      "model": "elitecreatures:bahamut_animated_weapon_set/wing"
    },
    {
      "predicate": {
        "custom_model_data": 10093
      },
      "model": "nexusset:key"
    },
    {
      "predicate": {
        "custom_model_data": 10094
      },
      "model": "nexusset:wings"
    },
    {
      "predicate": {
        "custom_model_data": 10095
      },
      "model": "nexusset:helmet"
    },
    {
      "predicate": {
        "custom_model_data": 10096
      },
      "model": "littlepandaset:key"
    },
    {
      "predicate": {
        "custom_model_data": 10097
      },
      "model": "littlepandaset:backpack"
    },
    {
      "predicate": {
        "custom_model_data": 10098
      },
      "model": "littlepandaset:bamboo_backpack"
    },
    {
      "predicate": {
        "custom_model_data": 10099
      },
      "model": "littlepandaset:panda_head"
    },
    {
      "predicate": {
        "custom_model_data": 10100
      },
      "model": "littlepandaset:panda_hood"
    },
    {
      "predicate": {
        "custom_model_data": 10101
      },
      "model": "fiendskullset:key"
    },
    {
      "predicate": {
        "custom_model_data": 10102
      },
      "model": "fiendskullset:backpack"
    },
    {
      "predicate": {
        "custom_model_data": 10103
      },
      "model": "fiendskullset:cape"
    },
    {
      "predicate": {
        "custom_model_data": 10104
      },
      "model": "fiendskullset:helmet"
    },
    {
      "predicate": {
        "custom_model_data": 10105
      },
      "model": "elitecreatures:scarecrow_animated_weapon_set/chest"
    },
    {
      "predicate": {
        "custom_model_data": 10106
      },
      "model": "elitecreatures:scarecrow_animated_weapon_set/gauntlet"
    },
    {
      "predicate": {
        "custom_model_data": 10107
      },
      "model": "elitecreatures:scarecrow_animated_weapon_set/hat"
    },
    {
      "predicate": {
        "custom_model_data": 10108
      },
      "model": "elitecreatures:scarecrow_animated_weapon_set/key"
    },
    {
      "predicate": {
        "custom_model_data": 10109
      },
      "model": "elitecreatures:scarecrow_animated_weapon_set/wing"
    },
    {
      "predicate": {
        "custom_model_data": 10110
      },
      "model": "elitecreatures:headlesshorseman_animated_weapon_set/chest"
    },
    {
      "predicate": {
        "custom_model_data": 10111
      },
      "model": "elitecreatures:headlesshorseman_animated_weapon_set/gauntlet"
    },
    {
      "predicate": {
        "custom_model_data": 10112
      },
      "model": "elitecreatures:headlesshorseman_animated_weapon_set/hat"
    },
    {
      "predicate": {
        "custom_model_data": 10113
      },
      "model": "elitecreatures:headlesshorseman_animated_weapon_set/key"
    },
    {
      "predicate": {
        "custom_model_data": 10114
      },
      "model": "elitecreatures:headlesshorseman_animated_weapon_set/wing"
    },
    {
      "predicate": {
        "custom_model_data": 10115
      },
      "model": "ufoset:key"
    },
    {
      "predicate": {
        "custom_model_data": 10116
      },
      "model": "ufoset:backpack"
    },
    {
      "predicate": {
        "custom_model_data": 10117
      },
      "model": "ufoset:helmet"
    },
    {
      "predicate": {
        "custom_model_data": 10118
      },
      "model": "ufoset:backpack"
    },
    {
      "predicate": {
        "custom_model_data": 10119
      },
      "model": "ufoset:ufo_cosmetics"
    },
    {
      "predicate": {
        "custom_model_data": 10120
      },
      "model": "thanksgiving2023:turkey_hat"
    },
    {
      "predicate": {
        "custom_model_data": 10121
      },
      "model": "winterset:key"
    },
    {
      "predicate": {
        "custom_model_data": 10122
      },
      "model": "winterset:backpack"
    },
    {
      "predicate": {
        "custom_model_data": 10123
      },
      "model": "winterset:wings"
    },
    {
      "predicate": {
        "custom_model_data": 10124
      },
      "model": "winterset:helmet"
    },
    {
      "predicate": {
        "custom_model_data": 10125
      },
      "model": "merry_christmasset:key"
    },
    {
      "predicate": {
        "custom_model_data": 10126
      },
      "model": "merry_christmasset:backpack"
    },
    {
      "predicate": {
        "custom_model_data": 10127
      },
      "model": "merry_christmasset:wings"
    },
    {
      "predicate": {
        "custom_model_data": 10128
      },
      "model": "merry_christmasset:helmet"
    },
    {
      "predicate": {
        "custom_model_data": 10129
      },
      "model": "elitecreatures:newyear_2024_animated/chest"
    },
    {
      "predicate": {
        "custom_model_data": 10130
      },
      "model": "item/paper"
    }
  ]
}