{"credit":"Made with Blockbench by yungwilder","texture_size":[32,32],"textures":{"0":"halloween:raven_pickaxe","particle":"halloween:raven_pickaxe"},"elements":[{"from":[6.5,0,6.75],"to":[9.5,3,9.25],"rotation":{"angle":45,"axis":"z","origin":[8,1.5,8]},"faces":{"north":{"uv":[9,6,10.5,7.5],"texture":"#0"},"east":{"uv":[9.5,10.5,10.5,12],"texture":"#0"},"south":{"uv":[9,7.5,10.5,9],"texture":"#0"},"west":{"uv":[10.5,11,11.5,12.5],"texture":"#0"},"up":{"uv":[5.5,12.5,4,11.5],"texture":"#0"},"down":{"uv":[7,11.5,5.5,12.5],"texture":"#0"}}},{"from":[6.5,0,9.25],"to":[9.5,3,6.75],"rotation":{"angle":45,"axis":"z","origin":[8,1.5,8]},"faces":{"north":{"uv":[9,6,10.5,7.5],"texture":"#0"},"east":{"uv":[9.5,10.5,10.5,12],"texture":"#0"},"south":{"uv":[9,7.5,10.5,9],"texture":"#0"},"west":{"uv":[10.5,11,11.5,12.5],"texture":"#0"},"up":{"uv":[5.5,12.5,4,11.5],"texture":"#0"},"down":{"uv":[7,11.5,5.5,12.5],"texture":"#0"}}},{"from":[7,2.5,7],"to":[9,16.5,9],"faces":{"north":{"uv":[0,7,1,14],"texture":"#0"},"east":{"uv":[1,7,2,14],"texture":"#0"},"south":{"uv":[2,7,3,14],"texture":"#0"},"west":{"uv":[3,7,4,14],"texture":"#0"},"up":{"uv":[13,3,12,2],"texture":"#0"},"down":{"uv":[13,3,12,4],"texture":"#0"}}},{"from":[7,18.5,7],"to":[9,19.5,9],"faces":{"north":{"uv":[7,12.5,8,13],"texture":"#0"},"east":{"uv":[8,12.5,9,13],"texture":"#0"},"south":{"uv":[10.5,12.5,11.5,13],"texture":"#0"},"west":{"uv":[12.5,12,13.5,12.5],"texture":"#0"},"up":{"uv":[13,7,12,6],"texture":"#0"},"down":{"uv":[13,7,12,8],"texture":"#0"}}},{"from":[6.5,16.5,6.5],"to":[9.5,18.5,9.5],"faces":{"north":{"uv":[7,11.5,8.5,12.5],"texture":"#0"},"east":{"uv":[11.5,9,13,10],"texture":"#0"},"south":{"uv":[11.5,10,13,11],"texture":"#0"},"west":{"uv":[11.5,11,13,12],"texture":"#0"},"up":{"uv":[10.5,10.5,9,9],"texture":"#0"},"down":{"uv":[5.5,10,4,11.5],"texture":"#0"}}},{"from":[6.5,11.5,6.5],"to":[9.5,13.5,9.5],"rotation":{"angle":0,"axis":"y","origin":[8,12.5,8]},"faces":{"north":{"uv":[11.5,10,13,11],"texture":"#0"},"east":{"uv":[11.5,11,13,12],"texture":"#0"},"south":{"uv":[7,11.5,8.5,12.5],"texture":"#0"},"west":{"uv":[11.5,9,13,10],"texture":"#0"},"up":{"uv":[10.5,10.5,9,9],"rotation":180,"texture":"#0"},"down":{"uv":[5.5,10,4,11.5],"rotation":180,"texture":"#0"}}},{"from":[4.5,19.5,5.5],"to":[12.5,24.5,10.5],"rotation":{"angle":0,"axis":"y","origin":[8,21.5,8]},"faces":{"north":{"uv":[5,0,9,2.5],"texture":"#0"},"east":{"uv":[4,7.5,6.5,10],"texture":"#0"},"south":{"uv":[9,0,5,2.5],"texture":"#0"},"west":{"uv":[6.5,7.5,9,10],"texture":"#0"},"up":{"uv":[9,5,5,2.5],"texture":"#0"},"down":{"uv":[9,5,5,7.5],"texture":"#0"}}},{"from":[-5.5,18.5,6.974],"to":[4.5,25.5,7.024],"rotation":{"angle":-45,"axis":"y","origin":[4.5,22,6.999]},"faces":{"north":{"uv":[0,0,5,3.5],"texture":"#0"},"south":{"uv":[5,0,0,3.5],"texture":"#0"}}},{"from":[-4.5,20,6.725],"to":[5.5,27,6.775],"rotation":{"angle":-22.5,"axis":"z","origin":[0,22,6.5]},"faces":{"north":{"uv":[0,3.5,5,7],"texture":"#0"},"south":{"uv":[5,3.5,0,7],"texture":"#0"}}},{"from":[3.5,21.5,4.5],"to":[6.5,24.5,5.5],"rotation":{"angle":45,"axis":"z","origin":[6,22,5]},"faces":{"north":{"uv":[10.5,6,12,7.5],"texture":"#0"},"east":{"uv":[11.5,12,12,13.5],"texture":"#0"},"south":{"uv":[10.5,7.5,12,9],"texture":"#0"},"west":{"uv":[12,12,12.5,13.5],"texture":"#0"},"up":{"uv":[13.5,8.5,12,8],"texture":"#0"},"down":{"uv":[13.5,8.5,12,9],"texture":"#0"}}},{"from":[-5.5,18.5,8.976],"to":[4.5,25.5,9.026],"rotation":{"angle":45,"axis":"y","origin":[4.5,22,9.001]},"faces":{"north":{"uv":[0,0,5,3.5],"texture":"#0"},"south":{"uv":[5,0,0,3.5],"texture":"#0"}}},{"from":[-4.5,20.5,9.225],"to":[5.5,27.5,9.275],"rotation":{"angle":-22.5,"axis":"z","origin":[0,22,11.5]},"faces":{"north":{"uv":[0,3.5,5,7],"texture":"#0"},"south":{"uv":[5,3.5,0,7],"texture":"#0"}}},{"from":[3.5,21.5,10.5],"to":[6.5,24.5,11.5],"rotation":{"angle":45,"axis":"z","origin":[6,22,11]},"faces":{"north":{"uv":[12,7.5,10.5,9],"texture":"#0"},"east":{"uv":[12,12,11.5,13.5],"texture":"#0"},"south":{"uv":[12,6,10.5,7.5],"texture":"#0"},"west":{"uv":[12.5,12,12,13.5],"texture":"#0"},"up":{"uv":[13.5,8,12,8.5],"texture":"#0"},"down":{"uv":[13.5,9,12,8.5],"texture":"#0"}}},{"from":[11.5,18.5,6.5],"to":[17.5,21.5,9.5],"rotation":{"angle":-22.5,"axis":"z","origin":[15,21,8]},"faces":{"north":{"uv":[9,0,12,1.5],"texture":"#0"},"east":{"uv":[5.5,10,7,11.5],"texture":"#0"},"south":{"uv":[9,1.5,12,3],"texture":"#0"},"west":{"uv":[7,10,8.5,11.5],"texture":"#0"},"up":{"uv":[12,4.5,9,3],"texture":"#0"},"down":{"uv":[12,4.5,9,6],"texture":"#0"}}},{"from":[16.5,16.5,7.5],"to":[18.5,20.5,8.5],"rotation":{"angle":-22.5,"axis":"z","origin":[15,21,8]},"faces":{"north":{"uv":[8.5,10.5,9.5,12.5],"texture":"#0"},"east":{"uv":[9.5,12,10,14],"texture":"#0"},"south":{"uv":[10.5,9,11.5,11],"texture":"#0"},"west":{"uv":[10,12,10.5,14],"texture":"#0"},"up":{"uv":[13.5,13,12.5,12.5],"texture":"#0"},"down":{"uv":[14,2,13,2.5],"texture":"#0"}}},{"from":[10.5,17.5,7.5],"to":[15.5,18.5,8.5],"rotation":{"angle":-22.5,"axis":"z","origin":[15,21,8]},"faces":{"north":{"uv":[12,0,14.5,0.5],"texture":"#0"},"east":{"uv":[8.5,10,9,10.5],"texture":"#0"},"south":{"uv":[12,0.5,14.5,1],"texture":"#0"},"west":{"uv":[9,12.5,9.5,13],"texture":"#0"},"up":{"uv":[14.5,1.5,12,1],"texture":"#0"},"down":{"uv":[14.5,1.5,12,2],"texture":"#0"}}}],"gui_light":"front","display":{"thirdperson_righthand":{"rotation":[0,90,0],"translation":[0,-1,1],"scale":[0.8,0.8,0.8]},"thirdperson_lefthand":{"rotation":[0,-90,0],"translation":[0,-1,1],"scale":[0.8,0.8,0.8]},"firstperson_righthand":{"rotation":[-10,100,0],"translation":[1,2,0],"scale":[0.5,0.5,0.5]},"firstperson_lefthand":{"rotation":[-10,-80,0],"translation":[1,2,0],"scale":[0.5,0.5,0.5]},"ground":{"rotation":[0,0,-45],"scale":[0.35,0.35,0.35]},"gui":{"rotation":[15,-15,-45],"translation":[-2.5,-3.5,0],"scale":[0.55,0.55,0.55]},"head":{"rotation":[-90,0,90],"translation":[2.5,8,0]},"fixed":{"rotation":[0,-180,-45],"translation":[4,-4.5,-1.75],"scale":[0.7,0.7,0.7]}}}