{"credit":"Made by yungwilder with Blockbench","texture_size":[64,64],"textures":{"0":"halloween:skull_shield","particle":"halloween:skull_shield"},"elements":[{"from":[3,3,7],"to":[13,13,9],"faces":{"north":{"uv":[3,0,5.5,2.5],"texture":"#0"},"east":{"uv":[6,0.75,5.5,3.25],"texture":"#0"},"south":{"uv":[3,2.5,5.5,5],"texture":"#0"},"west":{"uv":[5.5,0.75,6,3.25],"texture":"#0"},"up":{"uv":[8,3.75,5.5,3.25],"texture":"#0"},"down":{"uv":[8,3.75,5.5,4.25],"texture":"#0"}}},{"from":[6,6.63164,5.13059],"to":[10,10.63164,9.13059],"rotation":{"angle":-22.5,"axis":"x","origin":[8,6.97731,6.39962]},"faces":{"north":{"uv":[4.5,5.75,5.5,6.75],"texture":"#0"},"east":{"uv":[5.5,5.75,6.5,6.75],"texture":"#0"},"south":{"uv":[0,6,1,7],"texture":"#0"},"west":{"uv":[6,0.75,7,1.75],"texture":"#0"},"up":{"uv":[2,7,1,6],"texture":"#0"},"down":{"uv":[7,1.75,6,2.75],"texture":"#0"}}},{"from":[6.5,4.74582,5.74267],"to":[9.5,6.74582,7.74267],"rotation":{"angle":-22.5,"axis":"x","origin":[8,5.74582,6.49267]},"faces":{"north":{"uv":[5.5,4.25,6.25,4.75],"texture":"#0"},"east":{"uv":[2.5,6,3,6.5],"texture":"#0"},"south":{"uv":[6,2.75,6.75,3.25],"texture":"#0"},"west":{"uv":[2.5,6.5,3,7],"texture":"#0"},"up":{"uv":[7,4.75,6.25,4.25],"texture":"#0"},"down":{"uv":[7.25,5.75,6.5,6.25],"texture":"#0"}}},{"from":[7.5,5,9],"to":[8.5,11,12],"rotation":{"angle":0,"axis":"z","origin":[8,8,10.5]},"faces":{"north":{"uv":[2,6,2.25,7.5],"texture":"#0"},"east":{"uv":[3.75,5.75,4.5,7.25],"texture":"#0"},"south":{"uv":[2.25,6,2.5,7.5],"texture":"#0"},"west":{"uv":[4.5,5.75,3.75,7.25],"texture":"#0"},"up":{"uv":[6.75,7,6.5,6.25],"texture":"#0"},"down":{"uv":[4.75,6.75,4.5,7.5],"texture":"#0"}}},{"from":[7.525,10.95,9.025],"to":[8.475,5,11.975],"rotation":{"angle":0,"axis":"z","origin":[8,8,10.5]},"faces":{"north":{"uv":[2,7.5,2.25,6],"texture":"#0"},"east":{"uv":[3.75,7.25,4.5,5.75],"texture":"#0"},"south":{"uv":[2.25,7.5,2.5,6],"texture":"#0"},"west":{"uv":[4.5,7.25,3.75,5.75],"texture":"#0"},"up":{"uv":[4.75,7.5,4.5,6.75],"texture":"#0"},"down":{"uv":[6.75,6.25,6.5,7],"texture":"#0"}}},{"from":[2.5,2.5,6.5],"to":[13.5,13.5,9.5],"rotation":{"angle":0,"axis":"z","origin":[8,8,8]},"faces":{"north":{"uv":[0,0,3,3],"texture":"#0"},"east":{"uv":[3,5,3.75,8],"texture":"#0"},"south":{"uv":[0,3,3,6],"texture":"#0"},"west":{"uv":[3.75,5,3,8],"texture":"#0"},"up":{"uv":[6.75,5.75,3.75,5],"texture":"#0"},"down":{"uv":[8.5,0,5.5,0.75],"texture":"#0"}}},{"from":[2.525,13.5,6.525],"to":[13.475,2.55,9.475],"rotation":{"angle":0,"axis":"z","origin":[8,8,8]},"faces":{"north":{"uv":[0,3,3,0],"texture":"#0"},"east":{"uv":[3,8,3.75,5],"texture":"#0"},"south":{"uv":[0,6,3,3],"texture":"#0"},"west":{"uv":[3.75,8,3,5],"texture":"#0"},"up":{"uv":[8.5,0.75,5.5,0],"texture":"#0"},"down":{"uv":[6.75,5,3.75,5.75],"texture":"#0"}}}],"gui_light":"front","display":{"thirdperson_righthand":{"rotation":[0,-90,0],"translation":[3,-2,2],"scale":[1.2,1.2,1.2]},"thirdperson_lefthand":{"rotation":[0,-90,0],"translation":[3,-2,2],"scale":[1.2,1.2,1.2]},"firstperson_righthand":{"scale":[0.8,0.8,0.8]},"firstperson_lefthand":{"scale":[0.8,0.8,0.8]},"ground":{"rotation":[40,0,0],"scale":[0.45,0.45,0.45]},"gui":{"rotation":[-180,25,-165],"translation":[0.5,0,0],"scale":[1.1,1.1,1.1]},"head":{"rotation":[40,0,0],"translation":[0,12,0],"scale":[1.2,1.2,1.2]},"fixed":{"translation":[0,0,-1.75],"scale":[1.5,1.5,1.5]}}}