{"credit":"Made with Blockbench by yungwilder","texture_size":[32,32],"textures":{"0":"halloween:zombie_arm_shovel","particle":"halloween:zombie_arm_shovel"},"elements":[{"from":[7,-10,7],"to":[9,0,9],"rotation":{"angle":0,"axis":"y","origin":[8,-7,8]},"faces":{"north":{"uv":[3,6,4,11],"texture":"#0"},"east":{"uv":[6,3,7,8],"texture":"#0"},"south":{"uv":[3,6,4,11],"texture":"#0"},"west":{"uv":[6,3,7,8],"texture":"#0"},"down":{"uv":[10,13,9,14],"texture":"#0"}}},{"from":[5,0,5],"to":[11,12,11],"rotation":{"angle":0,"axis":"y","origin":[8,4,8]},"faces":{"north":{"uv":[0,0,3,6],"texture":"#0"},"east":{"uv":[3,0,0,6],"texture":"#0"},"south":{"uv":[0,0,3,6],"texture":"#0"},"west":{"uv":[3,0,0,6],"texture":"#0"},"up":{"uv":[6,3,3,0],"texture":"#0"},"down":{"uv":[6,3,3,6],"texture":"#0"}}},{"from":[6.5,12,6.5],"to":[9.5,16,9.5],"rotation":{"angle":0,"axis":"y","origin":[8,14,8]},"faces":{"north":{"uv":[4,6,5.5,8],"texture":"#0"},"east":{"uv":[4,9.5,5.5,11.5],"texture":"#0"},"south":{"uv":[5.5,9.5,7,11.5],"texture":"#0"},"west":{"uv":[10,6,11.5,8],"texture":"#0"},"up":{"uv":[12.5,4.5,11,3],"texture":"#0"},"down":{"uv":[12.5,4.5,11,6],"texture":"#0"}}},{"from":[5,12,5],"to":[11,13,11],"rotation":{"angle":0,"axis":"y","origin":[8,14,8]},"faces":{"north":{"uv":[13,2.5,16,3],"texture":"#0"},"east":{"uv":[13,7.5,16,8],"texture":"#0"},"south":{"uv":[13,8,16,8.5],"texture":"#0"},"west":{"uv":[13,8.5,16,9],"texture":"#0"}}},{"from":[10.975,12,5.025],"to":[5.025,13,10.975],"rotation":{"angle":0,"axis":"y","origin":[8,14,8]},"faces":{"north":{"uv":[16,2.5,13,3],"texture":"#0"},"east":{"uv":[16,8.5,13,9],"texture":"#0"},"south":{"uv":[16,8,13,8.5],"texture":"#0"},"west":{"uv":[16,7.5,13,8],"texture":"#0"}}},{"from":[5,-2,5],"to":[11,0,11],"rotation":{"angle":0,"axis":"y","origin":[8,14,8]},"faces":{"north":{"uv":[10,9,13,10],"texture":"#0"},"east":{"uv":[10,10,13,11],"texture":"#0"},"south":{"uv":[0,10.5,3,11.5],"texture":"#0"},"west":{"uv":[10.5,0,13.5,1],"texture":"#0"}}},{"from":[11,-2,5],"to":[5,0,11],"rotation":{"angle":0,"axis":"y","origin":[8,14,8]},"faces":{"north":{"uv":[13,9,10,10],"texture":"#0"},"east":{"uv":[13.5,0,10.5,1],"texture":"#0"},"south":{"uv":[3,10.5,0,11.5],"texture":"#0"},"west":{"uv":[13,10,10,11],"texture":"#0"}}},{"from":[5,16.26282,3.25316],"to":[11,19.26282,9.25316],"rotation":{"angle":-45,"axis":"x","origin":[7.20136,19.75872,8.54405]},"faces":{"north":{"uv":[7,7,10,8.5],"texture":"#0"},"east":{"uv":[4,8,7,9.5],"texture":"#0"},"south":{"uv":[7,8.5,10,10],"texture":"#0"},"west":{"uv":[0,9,3,10.5],"texture":"#0"},"up":{"uv":[3,9,0,6],"texture":"#0"},"down":{"uv":[9,0,6,3],"texture":"#0"}}},{"from":[9.5,16.80029,8.53701],"to":[11.25,20.80029,10.53701],"rotation":{"angle":-22.5,"axis":"x","origin":[7.20136,19.75872,8.54405]},"faces":{"north":{"uv":[3,11,4,13],"texture":"#0"},"east":{"uv":[7,11,8,13],"texture":"#0"},"south":{"uv":[8,11,9,13],"texture":"#0"},"west":{"uv":[9,11,10,13],"texture":"#0"},"up":{"uv":[14,11,13,10],"texture":"#0"},"down":{"uv":[12,13,11,14],"texture":"#0"}}},{"from":[9.5625,19.95834,8.78389],"to":[11.1875,21.95834,10.78389],"rotation":{"angle":-45,"axis":"x","origin":[7.20136,19.75872,8.54405]},"faces":{"north":{"uv":[4,13.5,5,14.5],"texture":"#0"},"east":{"uv":[5,13.5,6,14.5],"texture":"#0"},"south":{"uv":[13.5,11,14.5,12],"texture":"#0"},"west":{"uv":[13.5,12,14.5,13],"texture":"#0"},"up":{"uv":[15,2,14,1],"texture":"#0"},"down":{"uv":[15,3,14,4],"texture":"#0"}}},{"from":[4.75,17.78816,9.51744],"to":[9.5,21.78816,11.51744],"rotation":{"angle":0,"axis":"x","origin":[7.20136,19.75872,8.54405]},"faces":{"north":{"uv":[7,3,9.5,5],"texture":"#0"},"east":{"uv":[10,11,11,13],"texture":"#0"},"south":{"uv":[7,5,9.5,7],"texture":"#0"},"west":{"uv":[11,11,12,13],"texture":"#0"},"up":{"uv":[13,2,10.5,1],"texture":"#0"},"down":{"uv":[13,2,10.5,3],"texture":"#0"}}},{"from":[4.8125,19.09125,10.08159],"to":[6.4375,23.09125,12.08159],"rotation":{"angle":-45,"axis":"x","origin":[7.20136,19.75872,8.54405]},"faces":{"north":{"uv":[0,11.5,1,13.5],"texture":"#0"},"east":{"uv":[1,11.5,2,13.5],"texture":"#0"},"south":{"uv":[2,11.5,3,13.5],"texture":"#0"},"west":{"uv":[4,11.5,5,13.5],"texture":"#0"},"up":{"uv":[2,14.5,1,13.5],"texture":"#0"},"down":{"uv":[3,13.5,2,14.5],"texture":"#0"}}},{"from":[6.5625,20.77154,4.51447],"to":[9.4375,22.77154,10.51447],"rotation":{"angle":22.5,"axis":"x","origin":[7.20136,19.75872,8.54405]},"faces":{"north":{"uv":[13,6.5,14.5,7.5],"texture":"#0"},"east":{"uv":[7,10,10,11],"texture":"#0"},"south":{"uv":[7.5,13,9,14],"texture":"#0"},"west":{"uv":[10,8,13,9],"texture":"#0"},"up":{"uv":[10.5,3,9,0],"texture":"#0"},"down":{"uv":[11,3,9.5,6],"texture":"#0"}}},{"from":[4.94429,14.6097,6.19867],"to":[7.94429,16.6097,8.19867],"rotation":{"angle":-45,"axis":"z","origin":[7.20136,18.75872,9.54405]},"faces":{"north":{"uv":[12,12,13.5,13],"texture":"#0"},"east":{"uv":[12,13,13,14],"texture":"#0"},"south":{"uv":[12.5,3,14,4],"texture":"#0"},"west":{"uv":[13,13,14,14],"texture":"#0"},"up":{"uv":[14,5,12.5,4],"texture":"#0"},"down":{"uv":[6.5,12.5,5,13.5],"texture":"#0"}}},{"from":[2.67157,17.42092,6.26117],"to":[4.67157,20.42092,8.13617],"rotation":{"angle":0,"axis":"z","origin":[7.20136,18.75872,9.54405]},"faces":{"north":{"uv":[13,1,14,2.5],"texture":"#0"},"east":{"uv":[3,13,4,14.5],"texture":"#0"},"south":{"uv":[13,5,14,6.5],"texture":"#0"},"west":{"uv":[6.5,13,7.5,14.5],"texture":"#0"},"up":{"uv":[1,14.5,0,13.5],"texture":"#0"},"down":{"uv":[14.5,0,13.5,1],"texture":"#0"}}},{"from":[7.41421,-11,6.875],"to":[10.41421,-9,9.125],"rotation":{"angle":-45,"axis":"z","origin":[9.41421,-10,8]},"faces":{"north":{"uv":[5,11.5,6.5,12.5],"texture":"#0"},"east":{"uv":[13,9,14,10],"texture":"#0"},"south":{"uv":[11.5,6,13,7],"texture":"#0"},"west":{"uv":[10,13,11,14],"texture":"#0"},"up":{"uv":[13,8,11.5,7],"texture":"#0"},"down":{"uv":[13.5,11,12,12],"texture":"#0"}}},{"from":[5.58579,-11,6.9375],"to":[8.58579,-9,9.0625],"rotation":{"angle":45,"axis":"z","origin":[6.58579,-10,8]},"faces":{"north":{"uv":[6.5,11.5,5,12.5],"texture":"#0"},"east":{"uv":[11,13,10,14],"texture":"#0"},"south":{"uv":[13,6,11.5,7],"texture":"#0"},"west":{"uv":[14,9,13,10],"texture":"#0"},"up":{"uv":[11.5,8,13,7],"texture":"#0"},"down":{"uv":[12,11,13.5,12],"texture":"#0"}}}],"display":{"thirdperson_righthand":{"rotation":[0,45,0],"translation":[0,8.5,2],"scale":[0.8,0.8,0.8]},"thirdperson_lefthand":{"rotation":[0,45,0],"translation":[0,8.5,2],"scale":[0.8,0.8,0.8]},"firstperson_righthand":{"rotation":[-45,30,0],"translation":[0,2,0],"scale":[0.6,0.6,0.6]},"firstperson_lefthand":{"rotation":[-45,30,0],"translation":[0,2,0],"scale":[0.6,0.6,0.6]},"ground":{"rotation":[-45,0,0],"translation":[0,2,0],"scale":[0.35,0.35,0.35]},"gui":{"rotation":[25,160,-45],"translation":[-1,0.5,0],"scale":[0.5,0.5,0.5]},"head":{"rotation":[-135,0,0],"translation":[0,11.5,0],"scale":[0.75,0.75,0.75]},"fixed":{"rotation":[0,0,45],"translation":[-1,1,-1.75],"scale":[0.7,0.7,0.7]}}}