{
  "credit": "Made by PolygonMC",
  "textures": {
    "1": "merry_christmasset:staff",
    "2": "merry_christmasset:detail",
    "particle": "merry_christmasset:staff"
  },
  "elements": [
    {
      "from": [
        7.5,
        12.25,
        7.5
      ],
      "to": [
        8.5,
        14.25,
        8.5
      ],
      "rotation": {
        "angle": 0,
        "axis": "y",
        "origin": [
          7.5,
          11.25,
          7.5
        ]
      },
      "faces": {
        "north": {
          "uv": [
            4.66667,
            8,
            5.33333,
            9.33333
          ],
          "texture": "#1"
        },
        "east": {
          "uv": [
            12.66667,
            1.33333,
            13.33333,
            2.66667
          ],
          "texture": "#1"
        },
        "south": {
          "uv": [
            2.66667,
            12.66667,
            3.33333,
            14
          ],
          "texture": "#1"
        },
        "west": {
          "uv": [
            3.33333,
            12.66667,
            4,
            14
          ],
          "texture": "#1"
        }
      }
    },
    {
      "from": [
        7.25,
        0.35,
        7.25
      ],
      "to": [
        8.75,
        1.85,
        8.75
      ],
      "rotation": {
        "angle": -45,
        "axis": "x",
        "origin": [
          8,
          1.1,
          8
        ]
      },
      "faces": {
        "north": {
          "uv": [
            10.66667,
            3.33333,
            11.66667,
            4.33333
          ],
          "texture": "#1"
        },
        "east": {
          "uv": [
            10.66667,
            4.66667,
            11.66667,
            5.66667
          ],
          "texture": "#1"
        },
        "south": {
          "uv": [
            9.33333,
            10.66667,
            10.33333,
            11.66667
          ],
          "texture": "#1"
        },
        "west": {
          "uv": [
            10.66667,
            10.66667,
            11.66667,
            11.66667
          ],
          "texture": "#1"
        },
        "up": {
          "uv": [
            12.33333,
            2.33333,
            11.33333,
            1.33333
          ],
          "texture": "#1"
        },
        "down": {
          "uv": [
            4.33333,
            11.33333,
            3.33333,
            12.33333
          ],
          "texture": "#1"
        }
      }
    },
    {
      "from": [
        7.3,
        11.75,
        7.3
      ],
      "to": [
        8.7,
        12.25,
        8.7
      ],
      "rotation": {
        "angle": 0,
        "axis": "y",
        "origin": [
          7.5,
          11.75,
          7.5
        ]
      },
      "faces": {
        "north": {
          "uv": [
            8.66667,
            13.33333,
            9.66667,
            13.66667
          ],
          "texture": "#1"
        },
        "east": {
          "uv": [
            13.33333,
            8.66667,
            14.33333,
            9
          ],
          "texture": "#1"
        },
        "south": {
          "uv": [
            13.33333,
            9.33333,
            14.33333,
            9.66667
          ],
          "texture": "#1"
        },
        "west": {
          "uv": [
            10,
            13.33333,
            11,
            13.66667
          ],
          "texture": "#1"
        },
        "up": {
          "uv": [
            13,
            3.66667,
            12,
            2.66667
          ],
          "texture": "#1"
        },
        "down": {
          "uv": [
            13,
            4,
            12,
            5
          ],
          "texture": "#1"
        }
      }
    },
    {
      "from": [
        7.3,
        14.25,
        7.3
      ],
      "to": [
        8.7,
        14.75,
        8.7
      ],
      "rotation": {
        "angle": 0,
        "axis": "y",
        "origin": [
          7.5,
          10.75,
          7.5
        ]
      },
      "faces": {
        "north": {
          "uv": [
            13.33333,
            10,
            14.33333,
            10.33333
          ],
          "texture": "#1"
        },
        "east": {
          "uv": [
            13.33333,
            10.66667,
            14.33333,
            11
          ],
          "texture": "#1"
        },
        "south": {
          "uv": [
            11.33333,
            13.33333,
            12.33333,
            13.66667
          ],
          "texture": "#1"
        },
        "west": {
          "uv": [
            13.33333,
            11.33333,
            14.33333,
            11.66667
          ],
          "texture": "#1"
        },
        "down": {
          "uv": [
            13,
            5.33333,
            12,
            6.33333
          ],
          "texture": "#1"
        }
      }
    },
    {
      "from": [
        7.5,
        2.25,
        7.5
      ],
      "to": [
        8.5,
        6.25,
        8.5
      ],
      "rotation": {
        "angle": 0,
        "axis": "y",
        "origin": [
          7.5,
          12.25,
          7.5
        ]
      },
      "faces": {
        "north": {
          "uv": [
            8,
            9.33333,
            8.66667,
            12
          ],
          "texture": "#1"
        },
        "east": {
          "uv": [
            8.66667,
            9.33333,
            9.33333,
            12
          ],
          "texture": "#1"
        },
        "south": {
          "uv": [
            0,
            10,
            0.66667,
            12.66667
          ],
          "texture": "#1"
        },
        "west": {
          "uv": [
            0.66667,
            10,
            1.33333,
            12.66667
          ],
          "texture": "#1"
        }
      }
    },
    {
      "from": [
        7.3,
        1.75,
        7.3
      ],
      "to": [
        8.7,
        2.25,
        8.7
      ],
      "rotation": {
        "angle": 0,
        "axis": "y",
        "origin": [
          7.5,
          12.75,
          7.5
        ]
      },
      "faces": {
        "north": {
          "uv": [
            13.33333,
            12,
            14.33333,
            12.33333
          ],
          "texture": "#1"
        },
        "east": {
          "uv": [
            12.66667,
            13.33333,
            13.66667,
            13.66667
          ],
          "texture": "#1"
        },
        "south": {
          "uv": [
            13.33333,
            12.66667,
            14.33333,
            13
          ],
          "texture": "#1"
        },
        "west": {
          "uv": [
            0,
            14,
            1,
            14.33333
          ],
          "texture": "#1"
        },
        "up": {
          "uv": [
            13,
            7.66667,
            12,
            6.66667
          ],
          "texture": "#1"
        },
        "down": {
          "uv": [
            9,
            12,
            8,
            13
          ],
          "texture": "#1"
        }
      }
    },
    {
      "from": [
        6.5,
        19.75,
        6.5
      ],
      "to": [
        9.5,
        22.25,
        9.5
      ],
      "rotation": {
        "angle": 0,
        "axis": "y",
        "origin": [
          6.5,
          11.25,
          6.5
        ]
      },
      "faces": {
        "north": {
          "uv": [
            6,
            2.66667,
            8,
            4.33333
          ],
          "texture": "#1"
        },
        "east": {
          "uv": [
            5.33333,
            7.33333,
            7.33333,
            9
          ],
          "texture": "#1"
        },
        "south": {
          "uv": [
            7.33333,
            7.33333,
            9.33333,
            9
          ],
          "texture": "#1"
        },
        "west": {
          "uv": [
            0,
            8,
            2,
            9.66667
          ],
          "texture": "#1"
        },
        "down": {
          "uv": [
            2,
            6,
            0,
            8
          ],
          "texture": "#1"
        }
      }
    },
    {
      "from": [
        6.25,
        22.25,
        6.25
      ],
      "to": [
        9.75,
        23.25,
        9.75
      ],
      "rotation": {
        "angle": 0,
        "axis": "y",
        "origin": [
          6.5,
          11.25,
          6.5
        ]
      },
      "faces": {
        "north": {
          "uv": [
            9.33333,
            10,
            11.66667,
            10.66667
          ],
          "texture": "#1"
        },
        "east": {
          "uv": [
            10,
            9.33333,
            12.33333,
            10
          ],
          "texture": "#1"
        },
        "south": {
          "uv": [
            10.66667,
            0,
            13,
            0.66667
          ],
          "texture": "#1"
        },
        "west": {
          "uv": [
            10.66667,
            0.66667,
            13,
            1.33333
          ],
          "texture": "#1"
        },
        "up": {
          "uv": [
            5.66667,
            5,
            3.33333,
            2.66667
          ],
          "texture": "#1"
        },
        "down": {
          "uv": [
            7.66667,
            0,
            5.33333,
            2.33333
          ],
          "texture": "#1"
        }
      }
    },
    {
      "from": [
        6.15,
        16.15,
        6.875
      ],
      "to": [
        7.15,
        17.15,
        7.875
      ],
      "rotation": {
        "angle": 0,
        "axis": "y",
        "origin": [
          6.15,
          16.15,
          6.875
        ]
      },
      "faces": {
        "north": {
          "uv": [
            7.33333,
            4.66667,
            8,
            5.33333
          ],
          "texture": "#1"
        },
        "east": {
          "uv": [
            10.66667,
            6,
            11.33333,
            6.66667
          ],
          "texture": "#1"
        },
        "south": {
          "uv": [
            11.33333,
            2.66667,
            12,
            3.33333
          ],
          "texture": "#1"
        },
        "west": {
          "uv": [
            11.33333,
            6,
            12,
            6.66667
          ],
          "texture": "#1"
        },
        "up": {
          "uv": [
            2,
            12.66667,
            1.33333,
            12
          ],
          "texture": "#1"
        },
        "down": {
          "uv": [
            7.33333,
            12.66667,
            6.66667,
            13.33333
          ],
          "texture": "#1"
        }
      }
    },
    {
      "from": [
        6.4,
        17.75,
        6.75
      ],
      "to": [
        6.43,
        21.75,
        9.25
      ],
      "rotation": {
        "angle": 22.5,
        "axis": "z",
        "origin": [
          6.415,
          19.75,
          8
        ]
      },
      "faces": {
        "east": {
          "uv": [
            5,
            5.33333,
            3.33333,
            8
          ],
          "texture": "#1"
        },
        "west": {
          "uv": [
            3.33333,
            5.33333,
            5,
            8
          ],
          "texture": "#1"
        }
      }
    },
    {
      "from": [
        6.75,
        17.5,
        6.83579
      ],
      "to": [
        7.25,
        19,
        8.33579
      ],
      "rotation": {
        "angle": 45,
        "axis": "x",
        "origin": [
          6.75,
          17.25,
          6.58579
        ]
      },
      "faces": {
        "north": {
          "uv": [
            14,
            0,
            14.33333,
            1
          ],
          "texture": "#1"
        },
        "east": {
          "uv": [
            12,
            8,
            13,
            9
          ],
          "texture": "#1"
        },
        "south": {
          "uv": [
            1.33333,
            14,
            1.66667,
            15
          ],
          "texture": "#1"
        },
        "west": {
          "uv": [
            9.33333,
            12,
            10.33333,
            13
          ],
          "texture": "#1"
        },
        "up": {
          "uv": [
            14.33333,
            2.33333,
            14,
            1.33333
          ],
          "texture": "#1"
        },
        "down": {
          "uv": [
            2.33333,
            14,
            2,
            15
          ],
          "texture": "#1"
        }
      }
    },
    {
      "from": [
        7.175,
        16.25,
        4
      ],
      "to": [
        7.205,
        20.25,
        12
      ],
      "rotation": {
        "angle": 0,
        "axis": "y",
        "origin": [
          6.175,
          15,
          5
        ]
      },
      "faces": {
        "east": {
          "uv": [
            5.33333,
            0,
            0,
            2.66667
          ],
          "texture": "#1"
        },
        "west": {
          "uv": [
            0,
            0,
            5.33333,
            2.66667
          ],
          "texture": "#1"
        }
      }
    },
    {
      "from": [
        6.15,
        16.15,
        8.125
      ],
      "to": [
        7.15,
        17.15,
        9.125
      ],
      "rotation": {
        "angle": 0,
        "axis": "y",
        "origin": [
          6.15,
          16.15,
          9.125
        ]
      },
      "faces": {
        "north": {
          "uv": [
            7.33333,
            12.66667,
            8,
            13.33333
          ],
          "texture": "#1"
        },
        "east": {
          "uv": [
            12.66667,
            9.33333,
            13.33333,
            10
          ],
          "texture": "#1"
        },
        "south": {
          "uv": [
            12,
            12.66667,
            12.66667,
            13.33333
          ],
          "texture": "#1"
        },
        "west": {
          "uv": [
            12.66667,
            12.66667,
            13.33333,
            13.33333
          ],
          "texture": "#1"
        },
        "up": {
          "uv": [
            14,
            0.66667,
            13.33333,
            0
          ],
          "texture": "#1"
        },
        "down": {
          "uv": [
            14,
            0.66667,
            13.33333,
            1.33333
          ],
          "texture": "#1"
        }
      }
    },
    {
      "from": [
        6.15,
        17.4,
        7.5
      ],
      "to": [
        7.15,
        18.4,
        8.5
      ],
      "rotation": {
        "angle": 0,
        "axis": "y",
        "origin": [
          6.15,
          17.4,
          7.5
        ]
      },
      "faces": {
        "north": {
          "uv": [
            13.33333,
            1.33333,
            14,
            2
          ],
          "texture": "#1"
        },
        "east": {
          "uv": [
            13.33333,
            2,
            14,
            2.66667
          ],
          "texture": "#1"
        },
        "south": {
          "uv": [
            13.33333,
            2.66667,
            14,
            3.33333
          ],
          "texture": "#1"
        },
        "west": {
          "uv": [
            13.33333,
            3.33333,
            14,
            4
          ],
          "texture": "#1"
        },
        "up": {
          "uv": [
            14,
            4.66667,
            13.33333,
            4
          ],
          "texture": "#1"
        },
        "down": {
          "uv": [
            14,
            4.66667,
            13.33333,
            5.33333
          ],
          "texture": "#1"
        }
      }
    },
    {
      "from": [
        6.9,
        15.51256,
        4.57322
      ],
      "to": [
        6.93,
        18.01256,
        8.57322
      ],
      "rotation": {
        "angle": -45,
        "axis": "x",
        "origin": [
          6.75,
          16.01256,
          7.82322
        ]
      },
      "faces": {
        "east": {
          "uv": [
            8,
            5.33333,
            5.33333,
            7
          ],
          "texture": "#1"
        },
        "west": {
          "uv": [
            5.33333,
            5.33333,
            8,
            7
          ],
          "texture": "#1"
        }
      }
    },
    {
      "from": [
        6.9,
        15.51256,
        7.42678
      ],
      "to": [
        6.93,
        18.01256,
        11.42678
      ],
      "rotation": {
        "angle": 45,
        "axis": "x",
        "origin": [
          6.75,
          16.01256,
          8.17678
        ]
      },
      "faces": {
        "east": {
          "uv": [
            5.33333,
            5.33333,
            8,
            7
          ],
          "texture": "#1"
        },
        "west": {
          "uv": [
            8,
            5.33333,
            5.33333,
            7
          ],
          "texture": "#1"
        }
      }
    },
    {
      "from": [
        8.85,
        16.15,
        6.875
      ],
      "to": [
        9.85,
        17.15,
        7.875
      ],
      "rotation": {
        "angle": 0,
        "axis": "y",
        "origin": [
          9.85,
          16.15,
          6.875
        ]
      },
      "faces": {
        "north": {
          "uv": [
            8,
            4.66667,
            7.33333,
            5.33333
          ],
          "texture": "#1"
        },
        "east": {
          "uv": [
            12,
            6,
            11.33333,
            6.66667
          ],
          "texture": "#1"
        },
        "south": {
          "uv": [
            12,
            2.66667,
            11.33333,
            3.33333
          ],
          "texture": "#1"
        },
        "west": {
          "uv": [
            11.33333,
            6,
            10.66667,
            6.66667
          ],
          "texture": "#1"
        },
        "up": {
          "uv": [
            1.33333,
            12.66667,
            2,
            12
          ],
          "texture": "#1"
        },
        "down": {
          "uv": [
            6.66667,
            12.66667,
            7.33333,
            13.33333
          ],
          "texture": "#1"
        }
      }
    },
    {
      "from": [
        9.57,
        17.75,
        6.75
      ],
      "to": [
        9.6,
        21.75,
        9.25
      ],
      "rotation": {
        "angle": -22.5,
        "axis": "z",
        "origin": [
          9.585,
          19.75,
          8
        ]
      },
      "faces": {
        "east": {
          "uv": [
            5,
            5.33333,
            3.33333,
            8
          ],
          "texture": "#1"
        },
        "west": {
          "uv": [
            3.33333,
            5.33333,
            5,
            8
          ],
          "texture": "#1"
        }
      }
    },
    {
      "from": [
        8.75,
        17.5,
        6.83579
      ],
      "to": [
        9.25,
        19,
        8.33579
      ],
      "rotation": {
        "angle": 45,
        "axis": "x",
        "origin": [
          9.25,
          17.25,
          6.58579
        ]
      },
      "faces": {
        "north": {
          "uv": [
            14.33333,
            0,
            14,
            1
          ],
          "texture": "#1"
        },
        "east": {
          "uv": [
            10.33333,
            12,
            9.33333,
            13
          ],
          "texture": "#1"
        },
        "south": {
          "uv": [
            1.66667,
            14,
            1.33333,
            15
          ],
          "texture": "#1"
        },
        "west": {
          "uv": [
            13,
            8,
            12,
            9
          ],
          "texture": "#1"
        },
        "up": {
          "uv": [
            14,
            2.33333,
            14.33333,
            1.33333
          ],
          "texture": "#1"
        },
        "down": {
          "uv": [
            2,
            14,
            2.33333,
            15
          ],
          "texture": "#1"
        }
      }
    },
    {
      "from": [
        8.795,
        16.25,
        4
      ],
      "to": [
        8.825,
        20.25,
        12
      ],
      "rotation": {
        "angle": 0,
        "axis": "y",
        "origin": [
          9.825,
          15,
          5
        ]
      },
      "faces": {
        "east": {
          "uv": [
            5.33333,
            0,
            0,
            2.66667
          ],
          "texture": "#1"
        },
        "west": {
          "uv": [
            0,
            0,
            5.33333,
            2.66667
          ],
          "texture": "#1"
        }
      }
    },
    {
      "from": [
        8.85,
        16.15,
        8.125
      ],
      "to": [
        9.85,
        17.15,
        9.125
      ],
      "rotation": {
        "angle": 0,
        "axis": "y",
        "origin": [
          9.85,
          16.15,
          9.125
        ]
      },
      "faces": {
        "north": {
          "uv": [
            8,
            12.66667,
            7.33333,
            13.33333
          ],
          "texture": "#1"
        },
        "east": {
          "uv": [
            13.33333,
            12.66667,
            12.66667,
            13.33333
          ],
          "texture": "#1"
        },
        "south": {
          "uv": [
            12.66667,
            12.66667,
            12,
            13.33333
          ],
          "texture": "#1"
        },
        "west": {
          "uv": [
            13.33333,
            9.33333,
            12.66667,
            10
          ],
          "texture": "#1"
        },
        "up": {
          "uv": [
            13.33333,
            0.66667,
            14,
            0
          ],
          "texture": "#1"
        },
        "down": {
          "uv": [
            13.33333,
            0.66667,
            14,
            1.33333
          ],
          "texture": "#1"
        }
      }
    },
    {
      "from": [
        8.85,
        17.4,
        7.5
      ],
      "to": [
        9.85,
        18.4,
        8.5
      ],
      "rotation": {
        "angle": 0,
        "axis": "y",
        "origin": [
          9.85,
          17.4,
          7.5
        ]
      },
      "faces": {
        "north": {
          "uv": [
            14,
            1.33333,
            13.33333,
            2
          ],
          "texture": "#1"
        },
        "east": {
          "uv": [
            14,
            3.33333,
            13.33333,
            4
          ],
          "texture": "#1"
        },
        "south": {
          "uv": [
            14,
            2.66667,
            13.33333,
            3.33333
          ],
          "texture": "#1"
        },
        "west": {
          "uv": [
            14,
            2,
            13.33333,
            2.66667
          ],
          "texture": "#1"
        },
        "up": {
          "uv": [
            13.33333,
            4.66667,
            14,
            4
          ],
          "texture": "#1"
        },
        "down": {
          "uv": [
            13.33333,
            4.66667,
            14,
            5.33333
          ],
          "texture": "#1"
        }
      }
    },
    {
      "from": [
        9.07,
        15.51256,
        4.57322
      ],
      "to": [
        9.1,
        18.01256,
        8.57322
      ],
      "rotation": {
        "angle": -45,
        "axis": "x",
        "origin": [
          9.25,
          16.01256,
          7.82322
        ]
      },
      "faces": {
        "east": {
          "uv": [
            8,
            5.33333,
            5.33333,
            7
          ],
          "texture": "#1"
        },
        "west": {
          "uv": [
            5.33333,
            5.33333,
            8,
            7
          ],
          "texture": "#1"
        }
      }
    },
    {
      "from": [
        9.07,
        15.51256,
        7.42678
      ],
      "to": [
        9.1,
        18.01256,
        11.42678
      ],
      "rotation": {
        "angle": 45,
        "axis": "x",
        "origin": [
          9.25,
          16.01256,
          8.17678
        ]
      },
      "faces": {
        "east": {
          "uv": [
            5.33333,
            5.33333,
            8,
            7
          ],
          "texture": "#1"
        },
        "west": {
          "uv": [
            8,
            5.33333,
            5.33333,
            7
          ],
          "texture": "#1"
        }
      }
    },
    {
      "from": [
        7.25,
        14.75,
        7.25
      ],
      "to": [
        8.75,
        19.75,
        8.75
      ],
      "rotation": {
        "angle": 0,
        "axis": "y",
        "origin": [
          7.25,
          14.75,
          7.25
        ]
      },
      "faces": {
        "north": {
          "uv": [
            2,
            6,
            3,
            9.33333
          ],
          "texture": "#1"
        },
        "east": {
          "uv": [
            8,
            0,
            9,
            3.33333
          ],
          "texture": "#1"
        },
        "south": {
          "uv": [
            3.33333,
            8,
            4.33333,
            11.33333
          ],
          "texture": "#1"
        },
        "west": {
          "uv": [
            8,
            3.33333,
            9,
            6.66667
          ],
          "texture": "#1"
        },
        "up": {
          "uv": [
            13,
            11,
            12,
            10
          ],
          "texture": "#1"
        },
        "down": {
          "uv": [
            11.66667,
            12,
            10.66667,
            13
          ],
          "texture": "#1"
        }
      }
    },
    {
      "from": [
        7.25,
        6.75,
        7.25
      ],
      "to": [
        8.75,
        11.75,
        8.75
      ],
      "rotation": {
        "angle": 0,
        "axis": "y",
        "origin": [
          7.25,
          16.75,
          7.25
        ]
      },
      "faces": {
        "north": {
          "uv": [
            9.33333,
            0,
            10.33333,
            3.33333
          ],
          "texture": "#1"
        },
        "east": {
          "uv": [
            2,
            9.33333,
            3,
            12.66667
          ],
          "texture": "#1"
        },
        "south": {
          "uv": [
            9.33333,
            3.33333,
            10.33333,
            6.66667
          ],
          "texture": "#1"
        },
        "west": {
          "uv": [
            4.66667,
            9.33333,
            5.66667,
            12.66667
          ],
          "texture": "#1"
        },
        "up": {
          "uv": [
            13,
            12.33333,
            12,
            11.33333
          ],
          "texture": "#1"
        },
        "down": {
          "uv": [
            1,
            12.66667,
            0,
            13.66667
          ],
          "texture": "#1"
        }
      }
    },
    {
      "from": [
        7.3,
        6.25,
        7.3
      ],
      "to": [
        8.7,
        6.75,
        8.7
      ],
      "rotation": {
        "angle": 0,
        "axis": "y",
        "origin": [
          7.5,
          12.75,
          7.5
        ]
      },
      "faces": {
        "north": {
          "uv": [
            2.66667,
            14,
            3.66667,
            14.33333
          ],
          "texture": "#1"
        },
        "east": {
          "uv": [
            14,
            2.66667,
            15,
            3
          ],
          "texture": "#1"
        },
        "south": {
          "uv": [
            14,
            3.33333,
            15,
            3.66667
          ],
          "texture": "#1"
        },
        "west": {
          "uv": [
            4,
            14,
            5,
            14.33333
          ],
          "texture": "#1"
        },
        "down": {
          "uv": [
            2.33333,
            12.66667,
            1.33333,
            13.66667
          ],
          "texture": "#1"
        }
      }
    },
    {
      "from": [
        7.5,
        23.25,
        6.75
      ],
      "to": [
        8.5,
        24.75,
        9.25
      ],
      "rotation": {
        "angle": 0,
        "axis": "y",
        "origin": [
          7.5,
          24.25,
          7.25
        ]
      },
      "faces": {
        "north": {
          "uv": [
            5.33333,
            12.66667,
            6,
            13.66667
          ],
          "texture": "#1"
        },
        "east": {
          "uv": [
            10,
            6.66667,
            11.66667,
            7.66667
          ],
          "texture": "#1"
        },
        "south": {
          "uv": [
            6,
            12.66667,
            6.66667,
            13.66667
          ],
          "texture": "#1"
        },
        "west": {
          "uv": [
            10,
            8,
            11.66667,
            9
          ],
          "texture": "#1"
        },
        "up": {
          "uv": [
            2,
            11.66667,
            1.33333,
            10
          ],
          "texture": "#1"
        },
        "down": {
          "uv": [
            11.33333,
            1.33333,
            10.66667,
            3
          ],
          "texture": "#1"
        }
      }
    },
    {
      "from": [
        7.5,
        17.5,
        4
      ],
      "to": [
        8.5,
        22.5,
        5
      ],
      "rotation": {
        "angle": -45,
        "axis": "x",
        "origin": [
          8,
          21,
          5.5
        ]
      },
      "faces": {
        "north": {
          "uv": [
            6,
            9.33333,
            6.66667,
            12.66667
          ],
          "texture": "#1"
        },
        "east": {
          "uv": [
            6.66667,
            9.33333,
            7.33333,
            12.66667
          ],
          "texture": "#1"
        },
        "south": {
          "uv": [
            9.33333,
            6.66667,
            10,
            10
          ],
          "texture": "#1"
        },
        "west": {
          "uv": [
            7.33333,
            9.33333,
            8,
            12.66667
          ],
          "texture": "#1"
        },
        "up": {
          "uv": [
            14,
            6,
            13.33333,
            5.33333
          ],
          "texture": "#1"
        },
        "down": {
          "uv": [
            14,
            6,
            13.33333,
            6.66667
          ],
          "texture": "#1"
        }
      }
    },
    {
      "from": [
        7.5,
        21.5,
        5
      ],
      "to": [
        8.5,
        22.5,
        7
      ],
      "rotation": {
        "angle": -45,
        "axis": "x",
        "origin": [
          8,
          21,
          5.5
        ]
      },
      "faces": {
        "east": {
          "uv": [
            6,
            4.66667,
            7.33333,
            5.33333
          ],
          "texture": "#1"
        },
        "south": {
          "uv": [
            6.66667,
            13.33333,
            7.33333,
            14
          ],
          "texture": "#1"
        },
        "west": {
          "uv": [
            8,
            6.66667,
            9.33333,
            7.33333
          ],
          "texture": "#1"
        },
        "up": {
          "uv": [
            4.66667,
            14,
            4,
            12.66667
          ],
          "texture": "#1"
        },
        "down": {
          "uv": [
            5.33333,
            12.66667,
            4.66667,
            14
          ],
          "texture": "#1"
        }
      }
    },
    {
      "from": [
        7.5,
        20.5,
        6
      ],
      "to": [
        8.5,
        21.5,
        7
      ],
      "rotation": {
        "angle": -45,
        "axis": "x",
        "origin": [
          8,
          21,
          5.5
        ]
      },
      "faces": {
        "north": {
          "uv": [
            13.33333,
            6.66667,
            14,
            7.33333
          ],
          "texture": "#1"
        },
        "east": {
          "uv": [
            7.33333,
            13.33333,
            8,
            14
          ],
          "texture": "#1"
        },
        "south": {
          "uv": [
            13.33333,
            7.33333,
            14,
            8
          ],
          "texture": "#1"
        },
        "west": {
          "uv": [
            8,
            13.33333,
            8.66667,
            14
          ],
          "texture": "#1"
        },
        "down": {
          "uv": [
            14,
            8,
            13.33333,
            8.66667
          ],
          "texture": "#1"
        }
      }
    },
    {
      "from": [
        7.5,
        17.5,
        11
      ],
      "to": [
        8.5,
        22.5,
        12
      ],
      "rotation": {
        "angle": 45,
        "axis": "x",
        "origin": [
          8,
          21,
          10.5
        ]
      },
      "faces": {
        "north": {
          "uv": [
            10,
            6.66667,
            9.33333,
            10
          ],
          "texture": "#1"
        },
        "east": {
          "uv": [
            7.33333,
            9.33333,
            6.66667,
            12.66667
          ],
          "texture": "#1"
        },
        "south": {
          "uv": [
            6.66667,
            9.33333,
            6,
            12.66667
          ],
          "texture": "#1"
        },
        "west": {
          "uv": [
            8,
            9.33333,
            7.33333,
            12.66667
          ],
          "texture": "#1"
        },
        "up": {
          "uv": [
            14,
            5.33333,
            13.33333,
            6
          ],
          "texture": "#1"
        },
        "down": {
          "uv": [
            14,
            6.66667,
            13.33333,
            6
          ],
          "texture": "#1"
        }
      }
    },
    {
      "from": [
        7.5,
        21.5,
        9
      ],
      "to": [
        8.5,
        22.5,
        11
      ],
      "rotation": {
        "angle": 45,
        "axis": "x",
        "origin": [
          8,
          21,
          10.5
        ]
      },
      "faces": {
        "north": {
          "uv": [
            7.33333,
            13.33333,
            6.66667,
            14
          ],
          "texture": "#1"
        },
        "east": {
          "uv": [
            7.33333,
            4.66667,
            6,
            5.33333
          ],
          "texture": "#1"
        },
        "west": {
          "uv": [
            9.33333,
            6.66667,
            8,
            7.33333
          ],
          "texture": "#1"
        },
        "up": {
          "uv": [
            4.66667,
            12.66667,
            4,
            14
          ],
          "texture": "#1"
        },
        "down": {
          "uv": [
            5.33333,
            14,
            4.66667,
            12.66667
          ],
          "texture": "#1"
        }
      }
    },
    {
      "from": [
        7.5,
        20.5,
        9
      ],
      "to": [
        8.5,
        21.5,
        10
      ],
      "rotation": {
        "angle": 45,
        "axis": "x",
        "origin": [
          8,
          21,
          10.5
        ]
      },
      "faces": {
        "north": {
          "uv": [
            14,
            7.33333,
            13.33333,
            8
          ],
          "texture": "#1"
        },
        "east": {
          "uv": [
            8,
            13.33333,
            7.33333,
            14
          ],
          "texture": "#1"
        },
        "south": {
          "uv": [
            14,
            6.66667,
            13.33333,
            7.33333
          ],
          "texture": "#1"
        },
        "west": {
          "uv": [
            8.66667,
            13.33333,
            8,
            14
          ],
          "texture": "#1"
        },
        "down": {
          "uv": [
            14,
            8.66667,
            13.33333,
            8
          ],
          "texture": "#1"
        }
      }
    },
    {
      "from": [
        7.985,
        25.5,
        5.75
      ],
      "to": [
        8.015,
        30.5,
        10.25
      ],
      "rotation": {
        "angle": 0,
        "axis": "y",
        "origin": [
          8,
          28,
          8
        ]
      },
      "faces": {
        "east": {
          "uv": [
            3,
            2.66667,
            0,
            6
          ],
          "texture": "#1"
        },
        "west": {
          "uv": [
            0,
            2.66667,
            3,
            6
          ],
          "texture": "#1"
        }
      }
    },
    {
      "from": [
        7.3625,
        14.26304,
        5.8912
      ],
      "to": [
        8.6375,
        15.53804,
        7.1662
      ],
      "rotation": {
        "angle": 22.5,
        "axis": "x",
        "origin": [
          8,
          13.94429,
          6.5287
        ]
      },
      "faces": {
        "north": {
          "uv": [
            5,
            4,
            6.5,
            5.5
          ],
          "texture": "#2"
        },
        "east": {
          "uv": [
            6,
            0,
            7.5,
            1.5
          ],
          "texture": "#2"
        },
        "south": {
          "uv": [
            6,
            2,
            7.5,
            3.5
          ],
          "texture": "#2"
        },
        "west": {
          "uv": [
            5,
            6,
            6.5,
            7.5
          ],
          "texture": "#2"
        },
        "up": {
          "uv": [
            1.5,
            8.5,
            0,
            7
          ],
          "texture": "#2"
        }
      }
    },
    {
      "from": [
        7.15,
        13.41304,
        5.6787
      ],
      "to": [
        8.85,
        14.26304,
        7.3787
      ],
      "rotation": {
        "angle": 22.5,
        "axis": "x",
        "origin": [
          8,
          13.94429,
          6.5287
        ]
      },
      "faces": {
        "north": {
          "uv": [
            4,
            8,
            5.5,
            9
          ],
          "texture": "#2"
        },
        "east": {
          "uv": [
            6,
            8,
            7.5,
            9
          ],
          "texture": "#2"
        },
        "south": {
          "uv": [
            8,
            8,
            9.5,
            9
          ],
          "texture": "#2"
        },
        "west": {
          "uv": [
            0,
            9,
            1.5,
            10
          ],
          "texture": "#2"
        },
        "up": {
          "uv": [
            8.5,
            5.5,
            7,
            4
          ],
          "texture": "#2"
        },
        "down": {
          "uv": [
            8.5,
            6,
            7,
            7.5
          ],
          "texture": "#2"
        }
      }
    },
    {
      "from": [
        7.3625,
        14.26304,
        8.8338
      ],
      "to": [
        8.6375,
        15.53804,
        10.1088
      ],
      "rotation": {
        "angle": -22.5,
        "axis": "x",
        "origin": [
          8,
          13.94429,
          9.4713
        ]
      },
      "faces": {
        "north": {
          "uv": [
            7.5,
            2,
            6,
            3.5
          ],
          "texture": "#2"
        },
        "east": {
          "uv": [
            7.5,
            0,
            6,
            1.5
          ],
          "texture": "#2"
        },
        "south": {
          "uv": [
            6.5,
            4,
            5,
            5.5
          ],
          "texture": "#2"
        },
        "west": {
          "uv": [
            6.5,
            6,
            5,
            7.5
          ],
          "texture": "#2"
        },
        "up": {
          "uv": [
            1.5,
            7,
            0,
            8.5
          ],
          "texture": "#2"
        }
      }
    },
    {
      "from": [
        7.15,
        13.41304,
        8.6213
      ],
      "to": [
        8.85,
        14.26304,
        10.3213
      ],
      "rotation": {
        "angle": -22.5,
        "axis": "x",
        "origin": [
          8,
          13.94429,
          9.4713
        ]
      },
      "faces": {
        "north": {
          "uv": [
            9.5,
            8,
            8,
            9
          ],
          "texture": "#2"
        },
        "east": {
          "uv": [
            7.5,
            8,
            6,
            9
          ],
          "texture": "#2"
        },
        "south": {
          "uv": [
            5.5,
            8,
            4,
            9
          ],
          "texture": "#2"
        },
        "west": {
          "uv": [
            1.5,
            9,
            0,
            10
          ],
          "texture": "#2"
        },
        "up": {
          "uv": [
            8.5,
            4,
            7,
            5.5
          ],
          "texture": "#2"
        },
        "down": {
          "uv": [
            8.5,
            7.5,
            7,
            6
          ],
          "texture": "#2"
        }
      }
    },
    {
      "from": [
        7.985,
        16.25,
        11
      ],
      "to": [
        8.015,
        19.75,
        14.5
      ],
      "rotation": {
        "angle": 22.5,
        "axis": "x",
        "origin": [
          8,
          18,
          12.75
        ]
      },
      "faces": {
        "east": {
          "uv": [
            3.5,
            0,
            0,
            3.5
          ],
          "texture": "#2"
        },
        "west": {
          "uv": [
            0,
            0,
            3.5,
            3.5
          ],
          "texture": "#2"
        }
      }
    },
    {
      "from": [
        7.985,
        16.25,
        1.5
      ],
      "to": [
        8.015,
        19.75,
        5
      ],
      "rotation": {
        "angle": -22.5,
        "axis": "x",
        "origin": [
          8,
          18,
          3.25
        ]
      },
      "faces": {
        "east": {
          "uv": [
            0,
            0,
            3.5,
            3.5
          ],
          "texture": "#2"
        },
        "west": {
          "uv": [
            3.5,
            0,
            0,
            3.5
          ],
          "texture": "#2"
        }
      }
    },
    {
      "from": [
        7.985,
        21.5,
        1.25
      ],
      "to": [
        8.015,
        24,
        3.75
      ],
      "rotation": {
        "angle": -22.5,
        "axis": "x",
        "origin": [
          8,
          22.75,
          2.5
        ]
      },
      "faces": {
        "east": {
          "uv": [
            0,
            4,
            2.5,
            6.5
          ],
          "texture": "#2"
        },
        "west": {
          "uv": [
            2.5,
            4,
            0,
            6.5
          ],
          "texture": "#2"
        }
      }
    },
    {
      "from": [
        7.985,
        21.5,
        12.25
      ],
      "to": [
        8.015,
        24,
        14.75
      ],
      "rotation": {
        "angle": 22.5,
        "axis": "x",
        "origin": [
          8,
          22.75,
          13.5
        ]
      },
      "faces": {
        "east": {
          "uv": [
            2.5,
            4,
            0,
            6.5
          ],
          "texture": "#2"
        },
        "west": {
          "uv": [
            0,
            4,
            2.5,
            6.5
          ],
          "texture": "#2"
        }
      }
    },
    {
      "from": [
        7.525,
        21.5,
        5.05
      ],
      "to": [
        8.475,
        25.3,
        6
      ],
      "rotation": {
        "angle": 22.5,
        "axis": "x",
        "origin": [
          8,
          24.1125,
          4.8125
        ]
      },
      "faces": {
        "north": {
          "uv": [
            4,
            0,
            5,
            4
          ],
          "texture": "#2"
        },
        "east": {
          "uv": [
            3,
            4,
            4,
            8
          ],
          "texture": "#2"
        },
        "south": {
          "uv": [
            4,
            4,
            5,
            8
          ],
          "texture": "#2"
        },
        "west": {
          "uv": [
            5,
            0,
            6,
            4
          ],
          "texture": "#2"
        },
        "up": {
          "uv": [
            10,
            1,
            9,
            0
          ],
          "texture": "#2"
        },
        "down": {
          "uv": [
            10,
            1,
            9,
            2
          ],
          "texture": "#2"
        }
      }
    },
    {
      "from": [
        7.525,
        24.35,
        4.575
      ],
      "to": [
        8.475,
        25.3,
        5.05
      ],
      "rotation": {
        "angle": 22.5,
        "axis": "x",
        "origin": [
          8,
          24.1125,
          4.8125
        ]
      },
      "faces": {
        "east": {
          "uv": [
            9,
            3,
            9.5,
            4
          ],
          "texture": "#2"
        },
        "west": {
          "uv": [
            4,
            9,
            4.5,
            10
          ],
          "texture": "#2"
        },
        "up": {
          "uv": [
            10,
            4.5,
            9,
            4
          ],
          "texture": "#2"
        },
        "down": {
          "uv": [
            6,
            9,
            5,
            9.5
          ],
          "texture": "#2"
        }
      }
    },
    {
      "from": [
        7.525,
        23.4,
        3.625
      ],
      "to": [
        8.475,
        25.3,
        4.575
      ],
      "rotation": {
        "angle": 22.5,
        "axis": "x",
        "origin": [
          8,
          24.1125,
          4.8125
        ]
      },
      "faces": {
        "north": {
          "uv": [
            2,
            7,
            3,
            9
          ],
          "texture": "#2"
        },
        "east": {
          "uv": [
            8,
            0,
            9,
            2
          ],
          "texture": "#2"
        },
        "south": {
          "uv": [
            8,
            2,
            9,
            4
          ],
          "texture": "#2"
        },
        "west": {
          "uv": [
            3,
            8,
            4,
            10
          ],
          "texture": "#2"
        },
        "up": {
          "uv": [
            3,
            10,
            2,
            9
          ],
          "texture": "#2"
        },
        "down": {
          "uv": [
            10,
            2,
            9,
            3
          ],
          "texture": "#2"
        }
      }
    },
    {
      "from": [
        7.525,
        21.5,
        10
      ],
      "to": [
        8.475,
        25.3,
        10.95
      ],
      "rotation": {
        "angle": -22.5,
        "axis": "x",
        "origin": [
          8,
          24.1125,
          11.1875
        ]
      },
      "faces": {
        "north": {
          "uv": [
            5,
            4,
            4,
            8
          ],
          "texture": "#2"
        },
        "east": {
          "uv": [
            4,
            4,
            3,
            8
          ],
          "texture": "#2"
        },
        "south": {
          "uv": [
            5,
            0,
            4,
            4
          ],
          "texture": "#2"
        },
        "west": {
          "uv": [
            6,
            0,
            5,
            4
          ],
          "texture": "#2"
        },
        "up": {
          "uv": [
            10,
            0,
            9,
            1
          ],
          "texture": "#2"
        },
        "down": {
          "uv": [
            10,
            2,
            9,
            1
          ],
          "texture": "#2"
        }
      }
    },
    {
      "from": [
        7.525,
        24.35,
        10.95
      ],
      "to": [
        8.475,
        25.3,
        11.425
      ],
      "rotation": {
        "angle": -22.5,
        "axis": "x",
        "origin": [
          8,
          24.1125,
          11.1875
        ]
      },
      "faces": {
        "east": {
          "uv": [
            9.5,
            3,
            9,
            4
          ],
          "texture": "#2"
        },
        "west": {
          "uv": [
            4.5,
            9,
            4,
            10
          ],
          "texture": "#2"
        },
        "up": {
          "uv": [
            10,
            4,
            9,
            4.5
          ],
          "texture": "#2"
        },
        "down": {
          "uv": [
            6,
            9.5,
            5,
            9
          ],
          "texture": "#2"
        }
      }
    },
    {
      "from": [
        7.525,
        23.4,
        11.425
      ],
      "to": [
        8.475,
        25.3,
        12.375
      ],
      "rotation": {
        "angle": -22.5,
        "axis": "x",
        "origin": [
          8,
          24.1125,
          11.1875
        ]
      },
      "faces": {
        "north": {
          "uv": [
            9,
            2,
            8,
            4
          ],
          "texture": "#2"
        },
        "east": {
          "uv": [
            9,
            0,
            8,
            2
          ],
          "texture": "#2"
        },
        "south": {
          "uv": [
            3,
            7,
            2,
            9
          ],
          "texture": "#2"
        },
        "west": {
          "uv": [
            4,
            8,
            3,
            10
          ],
          "texture": "#2"
        },
        "up": {
          "uv": [
            3,
            9,
            2,
            10
          ],
          "texture": "#2"
        },
        "down": {
          "uv": [
            10,
            3,
            9,
            2
          ],
          "texture": "#2"
        }
      }
    }
  ],
  "gui_light": "front",
  "display": {
    "thirdperson_righthand": {
      "translation": [
        0,
        -3.25,
        1
      ]
    },
    "thirdperson_lefthand": {
      "translation": [
        0,
        -3.25,
        1
      ]
    },
    "firstperson_righthand": {
      "rotation": [
        -10,
        0,
        0
      ],
      "translation": [
        0,
        -4.75,
        0
      ]
    },
    "firstperson_lefthand": {
      "rotation": [
        -10,
        0,
        0
      ],
      "translation": [
        0,
        -4.75,
        0
      ]
    },
    "ground": {
      "rotation": [
        -45,
        0,
        0
      ],
      "translation": [
        0,
        3,
        0
      ],
      "scale": [
        0.7,
        0.7,
        0.7
      ]
    },
    "gui": {
      "rotation": [
        -90,
        45,
        90
      ],
      "translation": [
        3.5,
        -3.5,
        0
      ],
      "scale": [
        0.7,
        0.7,
        0.7
      ]
    },
    "head": {
      "rotation": [
        0,
        -90,
        0
      ]
    },
    "fixed": {
      "rotation": [
        0,
        -90,
        0
      ],
      "translation": [
        0,
        -8.5,
        -1.25
      ],
      "scale": [
        2,
        2,
        2
      ]
    }
  },
  "groups": [
    0,
    1,
    2,
    3,
    4,
    5,
    6,
    7,
    {
      "name": "group",
      "origin": [
        7.1,
        11.51256,
        8.17678
      ],
      "color": 0,
      "boneType": "",
      "children": [
        8,
        9,
        10,
        11,
        12,
        13,
        14,
        15
      ]
    },
    {
      "name": "group",
      "origin": [
        7.1,
        11.51256,
        8.17678
      ],
      "color": 0,
      "boneType": "",
      "children": [
        16,
        17,
        18,
        19,
        20,
        21,
        22,
        23
      ]
    },
    24,
    25,
    26,
    27,
    28,
    29,
    30,
    31,
    32,
    33,
    34,
    35,
    36,
    37,
    38,
    39,
    40,
    41,
    42,
    43,
    44,
    45,
    46,
    47,
    48
  ]
}