{
  "providers": [
    {
      "file": "char/black.png",
      "chars": [
        ""
      ],
      "height": 1,
      "ascent": -5000,
      "type": "bitmap"
    },
    {
      "file": "char/black.png",
      "chars": [
        ""
      ],
      "height": 2,
      "ascent": -5000,
      "type": "bitmap"
    },
    {
      "file": "char/black.png",
      "chars": [
        ""
      ],
      "height": 3,
      "ascent": -5000,
      "type": "bitmap"
    },
    {
      "file": "char/black.png",
      "chars": [
        ""
      ],
      "height": 4,
      "ascent": -5000,
      "type": "bitmap"
    },
    {
      "file": "char/black.png",
      "chars": [
        ""
      ],
      "height": 5,
      "ascent": -5000,
      "type": "bitmap"
    },
    {
      "file": "char/black.png",
      "chars": [
        ""
      ],
      "height": 6,
      "ascent": -5000,
      "type": "bitmap"
    },
    {
      "file": "char/black.png",
      "chars": [
        ""
      ],
      "height": 7,
      "ascent": -5000,
      "type": "bitmap"
    },
    {
      "file": "char/black.png",
      "chars": [
        ""
      ],
      "height": 15,
      "ascent": -5000,
      "type": "bitmap"
    },
    {
      "file": "char/black.png",
      "chars": [
        ""
      ],
      "height": 31,
      "ascent": -5000,
      "type": "bitmap"
    },
    {
      "file": "char/black.png",
      "chars": [
        ""
      ],
      "height": 63,
      "ascent": -5000,
      "type": "bitmap"
    },
    {
      "file": "char/black.png",
      "chars": [
        ""
      ],
      "height": 127,
      "ascent": -5000,
      "type": "bitmap"
    },
    {
      "file": "char/black.png",
      "chars": [
        ""
      ],
      "height": 256,
      "ascent": -5000,
      "type": "bitmap"
    },
    {
      "file": "char/black.png",
      "chars": [
        ""
      ],
      "height": 512,
      "ascent": -5000,
      "type": "bitmap"
    },
    {
      "file": "char/black.png",
      "chars": [
        ""
      ],
      "height": 1024,
      "ascent": -5000,
      "type": "bitmap"
    },
    {
      "file": "char/black.png",
      "chars": [
        ""
      ],
      "height": -3,
      "ascent": -5000,
      "type": "bitmap"
    },
    {
      "file": "char/black.png",
      "chars": [
        ""
      ],
      "height": -4,
      "ascent": -5000,
      "type": "bitmap"
    },
    {
      "file": "char/black.png",
      "chars": [
        ""
      ],
      "height": -5,
      "ascent": -5000,
      "type": "bitmap"
    },
    {
      "file": "char/black.png",
      "chars": [
        ""
      ],
      "height": -6,
      "ascent": -5000,
      "type": "bitmap"
    },
    {
      "file": "char/black.png",
      "chars": [
        ""
      ],
      "height": -7,
      "ascent": -5000,
      "type": "bitmap"
    },
    {
      "file": "char/black.png",
      "chars": [
        ""
      ],
      "height": -8,
      "ascent": -5000,
      "type": "bitmap"
    },
    {
      "file": "char/black.png",
      "chars": [
        ""
      ],
      "height": -9,
      "ascent": -5000,
      "type": "bitmap"
    },
    {
      "file": "char/black.png",
      "chars": [
        ""
      ],
      "height": -10,
      "ascent": -5000,
      "type": "bitmap"
    },
    {
      "file": "char/black.png",
      "chars": [
        ""
      ],
      "height": -18,
      "ascent": -5000,
      "type": "bitmap"
    },
    {
      "file": "char/black.png",
      "chars": [
        ""
      ],
      "height": -34,
      "ascent": -5000,
      "type": "bitmap"
    },
    {
      "file": "char/black.png",
      "chars": [
        ""
      ],
      "height": -66,
      "ascent": -5000,
      "type": "bitmap"
    },
    {
      "file": "char/black.png",
      "chars": [
        ""
      ],
      "height": -130,
      "ascent": -5000,
      "type": "bitmap"
    },
    {
      "file": "char/black.png",
      "chars": [
        ""
      ],
      "height": -259,
      "ascent": -5000,
      "type": "bitmap"
    },
    {
      "file": "char/black.png",
      "chars": [
        ""
      ],
      "height": -515,
      "ascent": -5000,
      "type": "bitmap"
    },
    {
      "file": "char/black.png",
      "chars": [
        ""
      ],
      "height": -1027,
      "ascent": -5000,
      "type": "bitmap"
    },
    {
      "file": "meme_emojis_v1:bonk.png",
      "chars": [
        ""
      ],
      "height": 9,
      "ascent": 8,
      "type": "bitmap"
    },
    {
      "file": "meme_emojis_v1:cursed.png",
      "chars": [
        ""
      ],
      "height": 9,
      "ascent": 8,
      "type": "bitmap"
    },
    {
      "file": "meme_emojis_v1:doge.png",
      "chars": [
        ""
      ],
      "height": 9,
      "ascent": 8,
      "type": "bitmap"
    },
    {
      "file": "meme_emojis_v1:dont_know.png",
      "chars": [
        ""
      ],
      "height": 9,
      "ascent": 8,
      "type": "bitmap"
    },
    {
      "file": "meme_emojis_v1:evil_patrick.png",
      "chars": [
        ""
      ],
      "height": 9,
      "ascent": 8,
      "type": "bitmap"
    },
    {
      "file": "meme_emojis_v1:f.png",
      "chars": [
        ""
      ],
      "height": 9,
      "ascent": 8,
      "type": "bitmap"
    },
    {
      "file": "meme_emojis_v1:gg.png",
      "chars": [
        ""
      ],
      "height": 9,
      "ascent": 8,
      "type": "bitmap"
    },
    {
      "file": "meme_emojis_v1:kekw.png",
      "chars": [
        ""
      ],
      "height": 9,
      "ascent": 8,
      "type": "bitmap"
    },
    {
      "file": "meme_emojis_v1:knife_chick.png",
      "chars": [
        ""
      ],
      "height": 9,
      "ascent": 8,
      "type": "bitmap"
    },
    {
      "file": "meme_emojis_v1:know.png",
      "chars": [
        ""
      ],
      "height": 9,
      "ascent": 8,
      "type": "bitmap"
    },
    {
      "file": "meme_emojis_v1:knuckles.png",
      "chars": [
        ""
      ],
      "height": 9,
      "ascent": 8,
      "type": "bitmap"
    },
    {
      "file": "meme_emojis_v1:mike.png",
      "chars": [
        ""
      ],
      "height": 9,
      "ascent": 8,
      "type": "bitmap"
    },
    {
      "file": "meme_emojis_v1:not_stonks.png",
      "chars": [
        ""
      ],
      "height": 9,
      "ascent": 8,
      "type": "bitmap"
    },
    {
      "file": "meme_emojis_v1:pepe.png",
      "chars": [
        ""
      ],
      "height": 9,
      "ascent": 8,
      "type": "bitmap"
    },
    {
      "file": "meme_emojis_v1:reverse.png",
      "chars": [
        ""
      ],
      "height": 9,
      "ascent": 8,
      "type": "bitmap"
    },
    {
      "file": "meme_emojis_v1:stonks.png",
      "chars": [
        ""
      ],
      "height": 9,
      "ascent": 8,
      "type": "bitmap"
    },
    {
      "file": "meme_emojis_v1:sus_dead.png",
      "chars": [
        ""
      ],
      "height": 9,
      "ascent": 8,
      "type": "bitmap"
    },
    {
      "file": "meme_emojis_v1:sus.png",
      "chars": [
        ""
      ],
      "height": 9,
      "ascent": 8,
      "type": "bitmap"
    },
    {
      "file": "emojis_vol1:font/emoji/angel_emoji.png",
      "chars": [
        ""
      ],
      "height": 12,
      "ascent": 9,
      "type": "bitmap"
    },
    {
      "file": "emojis_vol1:font/emoji/barf_emoji.png",
      "chars": [
        ""
      ],
      "height": 12,
      "ascent": 9,
      "type": "bitmap"
    },
    {
      "file": "emojis_vol1:font/emoji/blush_emoji.png",
      "chars": [
        ""
      ],
      "height": 12,
      "ascent": 9,
      "type": "bitmap"
    },
    {
      "file": "emojis_vol1:font/emoji/broken_heart_emoji.png",
      "chars": [
        ""
      ],
      "height": 12,
      "ascent": 9,
      "type": "bitmap"
    },
    {
      "file": "emojis_vol1:font/emoji/cool_emoji.png",
      "chars": [
        ""
      ],
      "height": 12,
      "ascent": 9,
      "type": "bitmap"
    },
    {
      "file": "emojis_vol1:font/emoji/dead_emoji.png",
      "chars": [
        ""
      ],
      "height": 12,
      "ascent": 9,
      "type": "bitmap"
    },
    {
      "file": "emojis_vol1:font/emoji/embarrassed_emoji.png",
      "chars": [
        ""
      ],
      "height": 12,
      "ascent": 9,
      "type": "bitmap"
    },
    {
      "file": "emojis_vol1:font/emoji/freezing_emoji.png",
      "chars": [
        ""
      ],
      "height": 12,
      "ascent": 9,
      "type": "bitmap"
    },
    {
      "file": "emojis_vol1:font/emoji/frustrated_emoji.png",
      "chars": [
        ""
      ],
      "height": 12,
      "ascent": 9,
      "type": "bitmap"
    },
    {
      "file": "emojis_vol1:font/emoji/gross_emoji.png",
      "chars": [
        ""
      ],
      "height": 12,
      "ascent": 9,
      "type": "bitmap"
    },
    {
      "file": "emojis_vol1:font/emoji/heart_emoji.png",
      "chars": [
        ""
      ],
      "height": 12,
      "ascent": 9,
      "type": "bitmap"
    },
    {
      "file": "emojis_vol1:font/emoji/heart_eyes_emoji.png",
      "chars": [
        ""
      ],
      "height": 12,
      "ascent": 9,
      "type": "bitmap"
    },
    {
      "file": "emojis_vol1:font/emoji/laugh_emoji.png",
      "chars": [
        ""
      ],
      "height": 12,
      "ascent": 9,
      "type": "bitmap"
    },
    {
      "file": "emojis_vol1:font/emoji/mask_emoji.png",
      "chars": [
        ""
      ],
      "height": 12,
      "ascent": 9,
      "type": "bitmap"
    },
    {
      "file": "emojis_vol1:font/emoji/nerdy_emoji.png",
      "chars": [
        ""
      ],
      "height": 12,
      "ascent": 9,
      "type": "bitmap"
    },
    {
      "file": "emojis_vol1:font/emoji/pensive_emoji.png",
      "chars": [
        ""
      ],
      "height": 12,
      "ascent": 9,
      "type": "bitmap"
    },
    {
      "file": "emojis_vol1:font/emoji/rage_emoji.png",
      "chars": [
        ""
      ],
      "height": 12,
      "ascent": 9,
      "type": "bitmap"
    },
    {
      "file": "emojis_vol1:font/emoji/scream_emoji.png",
      "chars": [
        ""
      ],
      "height": 12,
      "ascent": 9,
      "type": "bitmap"
    },
    {
      "file": "emojis_vol1:font/emoji/sherlock_emoji.png",
      "chars": [
        ""
      ],
      "height": 12,
      "ascent": 9,
      "type": "bitmap"
    },
    {
      "file": "emojis_vol1:font/emoji/shhh_emoji.png",
      "chars": [
        ""
      ],
      "height": 12,
      "ascent": 9,
      "type": "bitmap"
    },
    {
      "file": "emojis_vol1:font/emoji/skull_emoji.png",
      "chars": [
        ""
      ],
      "height": 12,
      "ascent": 9,
      "type": "bitmap"
    },
    {
      "file": "emojis_vol1:font/emoji/sleeping_emoji.png",
      "chars": [
        ""
      ],
      "height": 12,
      "ascent": 9,
      "type": "bitmap"
    },
    {
      "file": "emojis_vol1:font/emoji/smile_emoji.png",
      "chars": [
        ""
      ],
      "height": 12,
      "ascent": 9,
      "type": "bitmap"
    },
    {
      "file": "emojis_vol1:font/emoji/smile_with_tear_emoji.png",
      "chars": [
        ""
      ],
      "height": 12,
      "ascent": 9,
      "type": "bitmap"
    },
    {
      "file": "emojis_vol1:font/emoji/sob_emoji.png",
      "chars": [
        ""
      ],
      "height": 12,
      "ascent": 9,
      "type": "bitmap"
    },
    {
      "file": "emojis_vol1:font/emoji/star_struck_emoji.png",
      "chars": [
        ""
      ],
      "height": 12,
      "ascent": 9,
      "type": "bitmap"
    },
    {
      "file": "emojis_vol1:font/emoji/straight_face_emoji.png",
      "chars": [
        ""
      ],
      "height": 12,
      "ascent": 9,
      "type": "bitmap"
    },
    {
      "file": "emojis_vol1:font/emoji/thinking_emoji.png",
      "chars": [
        ""
      ],
      "height": 12,
      "ascent": 9,
      "type": "bitmap"
    },
    {
      "file": "emojis_vol1:font/emoji/thumbsdown_emoji.png",
      "chars": [
        ""
      ],
      "height": 12,
      "ascent": 9,
      "type": "bitmap"
    },
    {
      "file": "emojis_vol1:font/emoji/thumbsup_emoji.png",
      "chars": [
        ""
      ],
      "height": 12,
      "ascent": 9,
      "type": "bitmap"
    },
    {
      "file": "emojis_vol1:font/emoji/tongue_emoji.png",
      "chars": [
        ""
      ],
      "height": 12,
      "ascent": 9,
      "type": "bitmap"
    },
    {
      "file": "emojis_vol1:font/emoji/wink_emoji.png",
      "chars": [
        ""
      ],
      "height": 12,
      "ascent": 9,
      "type": "bitmap"
    },
    {
      "file": "emojis_vol1:font/emoji/dizzy_emoji.png",
      "chars": [
        ""
      ],
      "height": 12,
      "ascent": 9,
      "type": "bitmap"
    },
    {
      "file": "emojis_vol1:font/emoji/eyes_emoji.png",
      "chars": [
        ""
      ],
      "height": 12,
      "ascent": 9,
      "type": "bitmap"
    },
    {
      "file": "emojis_vol1:font/emoji/happy_devil_emoji.png",
      "chars": [
        ""
      ],
      "height": 12,
      "ascent": 9,
      "type": "bitmap"
    },
    {
      "file": "emojis_vol1:font/emoji/mamma_mia_emoji.png",
      "chars": [
        ""
      ],
      "height": 12,
      "ascent": 9,
      "type": "bitmap"
    },
    {
      "file": "emojis_vol1:font/emoji/ok_emoji.png",
      "chars": [
        ""
      ],
      "height": 12,
      "ascent": 9,
      "type": "bitmap"
    },
    {
      "file": "emojis_vol1:font/emoji/praying_emoji.png",
      "chars": [
        ""
      ],
      "height": 12,
      "ascent": 9,
      "type": "bitmap"
    },
    {
      "file": "emojis_vol1:font/emoji/sad_devil_emoji.png",
      "chars": [
        ""
      ],
      "height": 12,
      "ascent": 9,
      "type": "bitmap"
    },
    {
      "file": "emojis_vol1:font/emoji/sparkle_emoji.png",
      "chars": [
        ""
      ],
      "height": 12,
      "ascent": 9,
      "type": "bitmap"
    },
    {
      "file": "gem_emojis:blue_gem.png",
      "chars": [
        ""
      ],
      "height": 10,
      "ascent": 9,
      "type": "bitmap"
    },
    {
      "file": "gem_emojis:emerald_green_gem.png",
      "chars": [
        ""
      ],
      "height": 10,
      "ascent": 9,
      "type": "bitmap"
    },
    {
      "file": "gem_emojis:light_blue_gem.png",
      "chars": [
        ""
      ],
      "height": 10,
      "ascent": 9,
      "type": "bitmap"
    },
    {
      "file": "gem_emojis:pink_gem.png",
      "chars": [
        ""
      ],
      "height": 10,
      "ascent": 9,
      "type": "bitmap"
    },
    {
      "file": "gem_emojis:purple_gem.png",
      "chars": [
        ""
      ],
      "height": 10,
      "ascent": 9,
      "type": "bitmap"
    },
    {
      "file": "gem_emojis:red_gem.png",
      "chars": [
        ""
      ],
      "height": 10,
      "ascent": 9,
      "type": "bitmap"
    },
    {
      "file": "gem_emojis:yellow_gem.png",
      "chars": [
        ""
      ],
      "height": 10,
      "ascent": 9,
      "type": "bitmap"
    },
    {
      "file": "z_iainternal:gui/no_recipe.png",
      "chars": [
        ""
      ],
      "height": 170,
      "ascent": 47,
      "type": "bitmap"
    },
    {
      "file": "z_iainternal:gui/crafting.png",
      "chars": [
        ""
      ],
      "height": 170,
      "ascent": 47,
      "type": "bitmap"
    },
    {
      "file": "z_iainternal:gui/cooking.png",
      "chars": [
        ""
      ],
      "height": 170,
      "ascent": 47,
      "type": "bitmap"
    },
    {
      "file": "z_iainternal:gui/blank_menu.png",
      "chars": [
        ""
      ],
      "height": 170,
      "ascent": 47,
      "type": "bitmap"
    },
    {
      "file": "z_iainternal:gui/anvil_repair.png",
      "chars": [
        ""
      ],
      "height": 170,
      "ascent": 47,
      "type": "bitmap"
    },
    {
      "file": "christmas_emojis:ornament.png",
      "chars": [
        ""
      ],
      "height": 9,
      "ascent": 8,
      "type": "bitmap"
    },
    {
      "file": "christmas_emojis:hot_chocolate.png",
      "chars": [
        ""
      ],
      "height": 9,
      "ascent": 8,
      "type": "bitmap"
    },
    {
      "file": "christmas_emojis:penguin.png",
      "chars": [
        ""
      ],
      "height": 9,
      "ascent": 8,
      "type": "bitmap"
    },
    {
      "file": "christmas_emojis:gingerbread_man.png",
      "chars": [
        ""
      ],
      "height": 9,
      "ascent": 8,
      "type": "bitmap"
    },
    {
      "file": "christmas_emojis:stocking.png",
      "chars": [
        ""
      ],
      "height": 9,
      "ascent": 8,
      "type": "bitmap"
    },
    {
      "file": "christmas_emojis:reindeer.png",
      "chars": [
        ""
      ],
      "height": 9,
      "ascent": 8,
      "type": "bitmap"
    },
    {
      "file": "christmas_emojis:mistletoe.png",
      "chars": [
        ""
      ],
      "height": 9,
      "ascent": 8,
      "type": "bitmap"
    },
    {
      "file": "christmas_emojis:milk_and_cookies.png",
      "chars": [
        ""
      ],
      "height": 9,
      "ascent": 8,
      "type": "bitmap"
    },
    {
      "file": "christmas_emojis:wreath.png",
      "chars": [
        ""
      ],
      "height": 9,
      "ascent": 8,
      "type": "bitmap"
    },
    {
      "file": "christmas_emojis:elf.png",
      "chars": [
        ""
      ],
      "height": 9,
      "ascent": 8,
      "type": "bitmap"
    },
    {
      "file": "christmas_emojis:candy_cane.png",
      "chars": [
        ""
      ],
      "height": 9,
      "ascent": 8,
      "type": "bitmap"
    },
    {
      "file": "christmas_emojis:snowman.png",
      "chars": [
        ""
      ],
      "height": 9,
      "ascent": 8,
      "type": "bitmap"
    },
    {
      "file": "christmas_emojis:gift.png",
      "chars": [
        ""
      ],
      "height": 9,
      "ascent": 8,
      "type": "bitmap"
    },
    {
      "file": "christmas_emojis:snowflake.png",
      "chars": [
        ""
      ],
      "height": 9,
      "ascent": 8,
      "type": "bitmap"
    },
    {
      "file": "christmas_emojis:christmas_tree.png",
      "chars": [
        ""
      ],
      "height": 9,
      "ascent": 8,
      "type": "bitmap"
    },
    {
      "file": "christmas_emojis:santa.png",
      "chars": [
        ""
      ],
      "height": 9,
      "ascent": 8,
      "type": "bitmap"
    },
    {
      "file": "valentine_emojis:heart.png",
      "chars": [
        ""
      ],
      "height": 9,
      "ascent": 8,
      "type": "bitmap"
    },
    {
      "file": "valentine_emojis:heart_tint.png",
      "chars": [
        ""
      ],
      "height": 9,
      "ascent": 8,
      "type": "bitmap"
    },
    {
      "file": "valentine_emojis:hearts.png",
      "chars": [
        ""
      ],
      "height": 9,
      "ascent": 8,
      "type": "bitmap"
    },
    {
      "file": "valentine_emojis:bear.png",
      "chars": [
        ""
      ],
      "height": 9,
      "ascent": 8,
      "type": "bitmap"
    },
    {
      "file": "valentine_emojis:gift.png",
      "chars": [
        ""
      ],
      "height": 9,
      "ascent": 8,
      "type": "bitmap"
    },
    {
      "file": "valentine_emojis:heart_bow.png",
      "chars": [
        ""
      ],
      "height": 9,
      "ascent": 8,
      "type": "bitmap"
    },
    {
      "file": "valentine_emojis:rings.png",
      "chars": [
        ""
      ],
      "height": 9,
      "ascent": 8,
      "type": "bitmap"
    },
    {
      "file": "valentine_emojis:rose.png",
      "chars": [
        ""
      ],
      "height": 9,
      "ascent": 8,
      "type": "bitmap"
    },
    {
      "file": "_iainternal:gui/no_recipe.png",
      "chars": [
        ""
      ],
      "height": 170,
      "ascent": 47,
      "type": "bitmap"
    },
    {
      "file": "_iainternal:gui/crafting.png",
      "chars": [
        ""
      ],
      "height": 170,
      "ascent": 47,
      "type": "bitmap"
    },
    {
      "file": "_iainternal:gui/cooking.png",
      "chars": [
        ""
      ],
      "height": 170,
      "ascent": 47,
      "type": "bitmap"
    },
    {
      "file": "_iainternal:gui/blank_menu.png",
      "chars": [
        ""
      ],
      "height": 170,
      "ascent": 47,
      "type": "bitmap"
    },
    {
      "file": "_iainternal:gui/anvil_repair.png",
      "chars": [
        ""
      ],
      "height": 170,
      "ascent": 47,
      "type": "bitmap"
    },
    {
      "file": "_iainternal:gui/smithing.png",
      "chars": [
        ""
      ],
      "height": 170,
      "ascent": 47,
      "type": "bitmap"
    },
    {
      "file": "spring_emojis:smelling_flower_emoji.png",
      "chars": [
        ""
      ],
      "height": 9,
      "ascent": 8,
      "type": "bitmap"
    },
    {
      "file": "spring_emojis:plant_emoji.png",
      "chars": [
        ""
      ],
      "height": 9,
      "ascent": 8,
      "type": "bitmap"
    },
    {
      "file": "spring_emojis:cherry_blossom_emoji.png",
      "chars": [
        ""
      ],
      "height": 9,
      "ascent": 8,
      "type": "bitmap"
    },
    {
      "file": "spring_emojis:flower_bouquet_emoji.png",
      "chars": [
        ""
      ],
      "height": 9,
      "ascent": 8,
      "type": "bitmap"
    },
    {
      "file": "spring_emojis:sunflower_emoji.png",
      "chars": [
        ""
      ],
      "height": 9,
      "ascent": 8,
      "type": "bitmap"
    },
    {
      "file": "spring_emojis:clover_emoji.png",
      "chars": [
        ""
      ],
      "height": 9,
      "ascent": 8,
      "type": "bitmap"
    },
    {
      "file": "spring_emojis:chick_emoji.png",
      "chars": [
        ""
      ],
      "height": 9,
      "ascent": 8,
      "type": "bitmap"
    },
    {
      "file": "spring_emojis:sprout_emoji.png",
      "chars": [
        ""
      ],
      "height": 9,
      "ascent": 8,
      "type": "bitmap"
    },
    {
      "file": "spring_emojis:tulip_emoji.png",
      "chars": [
        ""
      ],
      "height": 9,
      "ascent": 8,
      "type": "bitmap"
    },
    {
      "file": "spring_emojis:caterpillar_emoji.png",
      "chars": [
        ""
      ],
      "height": 9,
      "ascent": 8,
      "type": "bitmap"
    },
    {
      "file": "spring_emojis:sun_emoji.png",
      "chars": [
        ""
      ],
      "height": 9,
      "ascent": 8,
      "type": "bitmap"
    },
    {
      "file": "spring_emojis:head_flower_emoji.png",
      "chars": [
        ""
      ],
      "height": 9,
      "ascent": 8,
      "type": "bitmap"
    }
  ]
}