{
  "credit": "Made by PolygonMC",
  "texture_size": [
    24,
    24
  ],
  "textures": {
    "1": "littledragonset:little_dragon",
    "4": "littledragonset:animations/animations_flame_02",
    "5": "littledragonset:crossbow"
  },
  "elements": [
    {
      "from": [
        7.1,
        9.84287,
        0.1316
      ],
      "to": [
        8.9,
        10.64287,
        0.9316
      ],
      "rotation": {
        "angle": 0,
        "axis": "y",
        "origin": [
          10.9,
          8.74287,
          0.0316
        ]
      },
      "faces": {
        "north": {
          "uv": [
            11.33333,
            1.33333,
            12.66667,
            2
          ],
          "texture": "#5"
        },
        "south": {
          "uv": [
            11.33333,
            2,
            12.66667,
            2.66667
          ],
          "texture": "#5"
        },
        "up": {
          "uv": [
            12.66667,
            8.66667,
            11.33333,
            8
          ],
          "texture": "#5"
        },
        "down": {
          "uv": [
            10,
            11.33333,
            8.66667,
            12
          ],
          "texture": "#5"
        }
      }
    },
    {
      "from": [
        7,
        10,
        10.25
      ],
      "to": [
        9,
        12,
        14.75
      ],
      "rotation": {
        "angle": 0,
        "axis": "y",
        "origin": [
          7,
          10,
          10.75
        ]
      },
      "faces": {
        "north": {
          "uv": [
            4.66667,
            0,
            6,
            1.33333
          ],
          "texture": "#1"
        },
        "east": {
          "uv": [
            0,
            0,
            3,
            1.33333
          ],
          "texture": "#1"
        },
        "south": {
          "uv": [
            4.66667,
            1.33333,
            6,
            2.66667
          ],
          "texture": "#1"
        },
        "west": {
          "uv": [
            0,
            1.33333,
            3,
            2.66667
          ],
          "texture": "#1"
        },
        "up": {
          "uv": [
            1.33333,
            5.66667,
            0,
            2.66667
          ],
          "texture": "#1"
        },
        "down": {
          "uv": [
            2.66667,
            2.66667,
            1.33333,
            5.66667
          ],
          "texture": "#1"
        }
      }
    },
    {
      "from": [
        6.575,
        8.8,
        10.5
      ],
      "to": [
        7.575,
        9.3,
        12
      ],
      "rotation": {
        "angle": 22.5,
        "axis": "z",
        "origin": [
          7.075,
          9.925,
          11.375
        ]
      },
      "faces": {
        "north": {
          "uv": [
            4,
            10,
            4.66667,
            10.33333
          ],
          "texture": "#1"
        },
        "east": {
          "uv": [
            2.66667,
            10,
            3.66667,
            10.33333
          ],
          "texture": "#1"
        },
        "south": {
          "uv": [
            10,
            4,
            10.66667,
            4.33333
          ],
          "texture": "#1"
        },
        "west": {
          "uv": [
            10,
            3.33333,
            11,
            3.66667
          ],
          "texture": "#1"
        },
        "up": {
          "uv": [
            0.66667,
            9.66667,
            0,
            8.66667
          ],
          "texture": "#1"
        },
        "down": {
          "uv": [
            9.33333,
            0,
            8.66667,
            1
          ],
          "texture": "#1"
        }
      }
    },
    {
      "from": [
        6.575,
        9.3,
        11
      ],
      "to": [
        7.575,
        10.3,
        12
      ],
      "rotation": {
        "angle": 22.5,
        "axis": "z",
        "origin": [
          7.075,
          9.925,
          11.375
        ]
      },
      "faces": {
        "north": {
          "uv": [
            4.66667,
            4,
            5.33333,
            4.66667
          ],
          "texture": "#1"
        },
        "east": {
          "uv": [
            9.33333,
            0,
            10,
            0.66667
          ],
          "texture": "#1"
        },
        "south": {
          "uv": [
            0.66667,
            9.33333,
            1.33333,
            10
          ],
          "texture": "#1"
        },
        "west": {
          "uv": [
            9.33333,
            0.66667,
            10,
            1.33333
          ],
          "texture": "#1"
        }
      }
    },
    {
      "from": [
        6.575,
        10.3,
        10.5
      ],
      "to": [
        7.575,
        11.3,
        12
      ],
      "rotation": {
        "angle": 22.5,
        "axis": "z",
        "origin": [
          7.075,
          9.925,
          11.375
        ]
      },
      "faces": {
        "north": {
          "uv": [
            1.33333,
            9.33333,
            2,
            10
          ],
          "texture": "#1"
        },
        "east": {
          "uv": [
            0.66667,
            8.66667,
            1.66667,
            9.33333
          ],
          "texture": "#1"
        },
        "south": {
          "uv": [
            9.33333,
            2,
            10,
            2.66667
          ],
          "texture": "#1"
        },
        "west": {
          "uv": [
            8.66667,
            1.33333,
            9.66667,
            2
          ],
          "texture": "#1"
        },
        "up": {
          "uv": [
            2.66667,
            9.66667,
            2,
            8.66667
          ],
          "texture": "#1"
        },
        "down": {
          "uv": [
            9.33333,
            2,
            8.66667,
            3
          ],
          "texture": "#1"
        }
      }
    },
    {
      "from": [
        8.425,
        10.3,
        10.5
      ],
      "to": [
        9.425,
        11.3,
        12
      ],
      "rotation": {
        "angle": -22.5,
        "axis": "z",
        "origin": [
          8.925,
          9.925,
          11.375
        ]
      },
      "faces": {
        "north": {
          "uv": [
            2,
            9.33333,
            1.33333,
            10
          ],
          "texture": "#1"
        },
        "east": {
          "uv": [
            8.66667,
            2,
            9.66667,
            1.33333
          ],
          "rotation": 180,
          "texture": "#1"
        },
        "south": {
          "uv": [
            10,
            2,
            9.33333,
            2.66667
          ],
          "texture": "#1"
        },
        "west": {
          "uv": [
            0.66667,
            9.33333,
            1.66667,
            8.66667
          ],
          "rotation": 180,
          "texture": "#1"
        },
        "up": {
          "uv": [
            2,
            9.66667,
            2.66667,
            8.66667
          ],
          "texture": "#1"
        },
        "down": {
          "uv": [
            8.66667,
            2,
            9.33333,
            3
          ],
          "texture": "#1"
        }
      }
    },
    {
      "from": [
        8.425,
        9.3,
        11
      ],
      "to": [
        9.425,
        10.3,
        12
      ],
      "rotation": {
        "angle": -22.5,
        "axis": "z",
        "origin": [
          8.925,
          9.925,
          11.375
        ]
      },
      "faces": {
        "north": {
          "uv": [
            5.33333,
            4,
            4.66667,
            4.66667
          ],
          "texture": "#1"
        },
        "east": {
          "uv": [
            9.33333,
            1.33333,
            10,
            0.66667
          ],
          "rotation": 180,
          "texture": "#1"
        },
        "south": {
          "uv": [
            1.33333,
            9.33333,
            0.66667,
            10
          ],
          "texture": "#1"
        },
        "west": {
          "uv": [
            9.33333,
            0.66667,
            10,
            0
          ],
          "rotation": 180,
          "texture": "#1"
        }
      }
    },
    {
      "from": [
        8.425,
        8.8,
        10.5
      ],
      "to": [
        9.425,
        9.3,
        12
      ],
      "rotation": {
        "angle": -22.5,
        "axis": "z",
        "origin": [
          8.925,
          9.925,
          11.375
        ]
      },
      "faces": {
        "north": {
          "uv": [
            4.66667,
            10,
            4,
            10.33333
          ],
          "texture": "#1"
        },
        "east": {
          "uv": [
            10,
            3.66667,
            11,
            3.33333
          ],
          "rotation": 180,
          "texture": "#1"
        },
        "south": {
          "uv": [
            10.66667,
            4,
            10,
            4.33333
          ],
          "texture": "#1"
        },
        "west": {
          "uv": [
            2.66667,
            10.33333,
            3.66667,
            10
          ],
          "rotation": 180,
          "texture": "#1"
        },
        "up": {
          "uv": [
            0,
            9.66667,
            0.66667,
            8.66667
          ],
          "texture": "#1"
        },
        "down": {
          "uv": [
            8.66667,
            0,
            9.33333,
            1
          ],
          "texture": "#1"
        }
      }
    },
    {
      "from": [
        7.25,
        10.38956,
        9.01686
      ],
      "to": [
        8.75,
        11.88956,
        10.51686
      ],
      "rotation": {
        "angle": -22.5,
        "axis": "x",
        "origin": [
          8,
          11.21456,
          10.29186
        ]
      },
      "faces": {
        "north": {
          "uv": [
            6.66667,
            4,
            7.66667,
            5
          ],
          "texture": "#1"
        },
        "east": {
          "uv": [
            5.33333,
            6.66667,
            6.33333,
            7.66667
          ],
          "texture": "#1"
        },
        "south": {
          "uv": [
            6.66667,
            5.33333,
            7.66667,
            6.33333
          ],
          "texture": "#1"
        },
        "west": {
          "uv": [
            6.66667,
            6.66667,
            7.66667,
            7.66667
          ],
          "texture": "#1"
        },
        "up": {
          "uv": [
            1,
            8.33333,
            0,
            7.33333
          ],
          "texture": "#1"
        },
        "down": {
          "uv": [
            8.33333,
            0,
            7.33333,
            1
          ],
          "texture": "#1"
        }
      }
    },
    {
      "from": [
        7,
        9.85,
        7.65001
      ],
      "to": [
        9,
        11.85,
        9.65001
      ],
      "rotation": {
        "angle": 0,
        "axis": "y",
        "origin": [
          8,
          11.30354,
          8.83298
        ]
      },
      "faces": {
        "north": {
          "uv": [
            2.66667,
            4.66667,
            4,
            6
          ],
          "texture": "#1"
        },
        "east": {
          "uv": [
            4.66667,
            2.66667,
            6,
            4
          ],
          "texture": "#1"
        },
        "south": {
          "uv": [
            4,
            4.66667,
            5.33333,
            6
          ],
          "texture": "#1"
        },
        "west": {
          "uv": [
            5.33333,
            4,
            6.66667,
            5.33333
          ],
          "texture": "#1"
        },
        "up": {
          "uv": [
            6.66667,
            6.66667,
            5.33333,
            5.33333
          ],
          "texture": "#1"
        },
        "down": {
          "uv": [
            1.33333,
            6,
            0,
            7.33333
          ],
          "texture": "#1"
        }
      }
    },
    {
      "from": [
        7,
        9.85,
        6.65001
      ],
      "to": [
        9,
        10.85,
        7.65001
      ],
      "rotation": {
        "angle": 0,
        "axis": "y",
        "origin": [
          8,
          11.30354,
          8.83298
        ]
      },
      "faces": {
        "north": {
          "uv": [
            3.33333,
            2,
            4.66667,
            2.66667
          ],
          "texture": "#1"
        },
        "east": {
          "uv": [
            4,
            9.33333,
            4.66667,
            10
          ],
          "texture": "#1"
        },
        "west": {
          "uv": [
            4.66667,
            9.33333,
            5.33333,
            10
          ],
          "texture": "#1"
        },
        "up": {
          "uv": [
            8,
            8.66667,
            6.66667,
            8
          ],
          "texture": "#1"
        },
        "down": {
          "uv": [
            9.33333,
            6.66667,
            8,
            7.33333
          ],
          "texture": "#1"
        }
      }
    },
    {
      "from": [
        7.25,
        10.1,
        6.40001
      ],
      "to": [
        8.75,
        11.1,
        7.65001
      ],
      "rotation": {
        "angle": 0,
        "axis": "y",
        "origin": [
          8,
          11.30354,
          8.83298
        ]
      },
      "faces": {
        "north": {
          "uv": [
            2.66667,
            8.66667,
            3.66667,
            9.33333
          ],
          "texture": "#1"
        },
        "east": {
          "uv": [
            8.66667,
            3.33333,
            9.66667,
            4
          ],
          "texture": "#1"
        },
        "west": {
          "uv": [
            4,
            8.66667,
            5,
            9.33333
          ],
          "texture": "#1"
        },
        "up": {
          "uv": [
            2.33333,
            8.33333,
            1.33333,
            7.33333
          ],
          "texture": "#1"
        },
        "down": {
          "uv": [
            8.33333,
            1.33333,
            7.33333,
            2.33333
          ],
          "texture": "#1"
        }
      }
    },
    {
      "from": [
        6.7,
        10.41902,
        13.82271
      ],
      "to": [
        8.2,
        11.91902,
        15.82271
      ],
      "rotation": {
        "angle": -22.5,
        "axis": "y",
        "origin": [
          7.05225,
          11.1672,
          16.03346
        ]
      },
      "faces": {
        "north": {
          "uv": [
            2.66667,
            7.33333,
            3.66667,
            8.33333
          ],
          "texture": "#1"
        },
        "east": {
          "uv": [
            6,
            1.33333,
            7.33333,
            2.33333
          ],
          "texture": "#1"
        },
        "south": {
          "uv": [
            7.33333,
            2.66667,
            8.33333,
            3.66667
          ],
          "texture": "#1"
        },
        "west": {
          "uv": [
            2.66667,
            6,
            4,
            7
          ],
          "texture": "#1"
        },
        "up": {
          "uv": [
            7,
            4,
            6,
            2.66667
          ],
          "texture": "#1"
        },
        "down": {
          "uv": [
            5,
            6,
            4,
            7.33333
          ],
          "texture": "#1"
        }
      }
    },
    {
      "from": [
        6.70048,
        10.54178,
        15.24019
      ],
      "to": [
        7.94548,
        11.78678,
        16.90019
      ],
      "rotation": {
        "angle": -45,
        "axis": "y",
        "origin": [
          7.05225,
          11.1672,
          16.03346
        ]
      },
      "faces": {
        "north": {
          "uv": [
            5.33333,
            9.33333,
            6,
            10
          ],
          "texture": "#1"
        },
        "east": {
          "uv": [
            8.66667,
            4,
            9.66667,
            4.66667
          ],
          "texture": "#1"
        },
        "south": {
          "uv": [
            9.33333,
            5.33333,
            10,
            6
          ],
          "texture": "#1"
        },
        "west": {
          "uv": [
            8.66667,
            4.66667,
            9.66667,
            5.33333
          ],
          "texture": "#1"
        },
        "up": {
          "uv": [
            9.33333,
            6.33333,
            8.66667,
            5.33333
          ],
          "texture": "#1"
        },
        "down": {
          "uv": [
            7.33333,
            8.66667,
            6.66667,
            9.66667
          ],
          "texture": "#1"
        }
      }
    },
    {
      "from": [
        5.22597,
        10.65343,
        16.09167
      ],
      "to": [
        6.60377,
        11.68678,
        17.12502
      ],
      "rotation": {
        "angle": 22.5,
        "axis": "y",
        "origin": [
          7.05225,
          11.1672,
          16.03346
        ]
      },
      "faces": {
        "north": {
          "uv": [
            8.66667,
            8.66667,
            9.33333,
            9.66667
          ],
          "rotation": 90,
          "texture": "#1"
        },
        "east": {
          "uv": [
            10,
            6,
            9.33333,
            6.66667
          ],
          "rotation": 180,
          "texture": "#1"
        },
        "south": {
          "uv": [
            8.66667,
            7.33333,
            9.33333,
            8.33333
          ],
          "rotation": 270,
          "texture": "#1"
        },
        "west": {
          "uv": [
            6.66667,
            10,
            6,
            9.33333
          ],
          "texture": "#1"
        },
        "up": {
          "uv": [
            7.33333,
            8.66667,
            8,
            9.66667
          ],
          "rotation": 270,
          "texture": "#1"
        },
        "down": {
          "uv": [
            8,
            8.66667,
            8.66667,
            9.66667
          ],
          "rotation": 270,
          "texture": "#1"
        }
      }
    },
    {
      "from": [
        7.34028,
        10.35,
        9.58748
      ],
      "to": [
        7.34028,
        11.85,
        11.08748
      ],
      "rotation": {
        "angle": -45,
        "axis": "y",
        "origin": [
          8,
          11.30354,
          8.83298
        ]
      },
      "faces": {
        "east": {
          "uv": [
            5,
            7.33333,
            4,
            8.33333
          ],
          "texture": "#1"
        },
        "west": {
          "uv": [
            4,
            7.33333,
            5,
            8.33333
          ],
          "texture": "#1"
        }
      }
    },
    {
      "from": [
        6.9,
        10.69459,
        9.24861
      ],
      "to": [
        7.9,
        11.69459,
        10.24861
      ],
      "rotation": {
        "angle": -22.5,
        "axis": "x",
        "origin": [
          8,
          11.30354,
          8.83298
        ]
      },
      "faces": {
        "north": {
          "uv": [
            9.33333,
            6.66667,
            10,
            7.33333
          ],
          "texture": "#1"
        },
        "east": {
          "uv": [
            9.33333,
            7.33333,
            10,
            8
          ],
          "texture": "#1"
        },
        "south": {
          "uv": [
            9.33333,
            8,
            10,
            8.66667
          ],
          "texture": "#1"
        },
        "west": {
          "uv": [
            9.33333,
            8.66667,
            10,
            9.33333
          ],
          "texture": "#1"
        },
        "up": {
          "uv": [
            10,
            10,
            9.33333,
            9.33333
          ],
          "texture": "#1"
        },
        "down": {
          "uv": [
            0.66667,
            10,
            0,
            10.66667
          ],
          "texture": "#1"
        }
      }
    },
    {
      "from": [
        7.005,
        10.25421,
        9.88782
      ],
      "to": [
        7.795,
        11.04421,
        10.67782
      ],
      "rotation": {
        "angle": -45,
        "axis": "x",
        "origin": [
          8,
          11.30354,
          8.83298
        ]
      },
      "faces": {
        "east": {
          "uv": [
            10,
            0,
            10.66667,
            0.66667
          ],
          "texture": "#1"
        },
        "south": {
          "uv": [
            0.66667,
            10,
            1.33333,
            10.66667
          ],
          "texture": "#1"
        },
        "west": {
          "uv": [
            10,
            0.66667,
            10.66667,
            1.33333
          ],
          "texture": "#1"
        },
        "up": {
          "uv": [
            2,
            10.66667,
            1.33333,
            10
          ],
          "texture": "#1"
        },
        "down": {
          "uv": [
            10.66667,
            1.33333,
            10,
            2
          ],
          "texture": "#1"
        }
      }
    },
    {
      "from": [
        7.10375,
        12.58014,
        9.84218
      ],
      "to": [
        7.69625,
        13.17264,
        10.43468
      ],
      "rotation": {
        "angle": 22.5,
        "axis": "x",
        "origin": [
          8,
          11.30354,
          8.83298
        ]
      },
      "faces": {
        "north": {
          "uv": [
            6.66667,
            10,
            7,
            10.33333
          ],
          "texture": "#1"
        },
        "east": {
          "uv": [
            10,
            6.66667,
            10.33333,
            7
          ],
          "texture": "#1"
        },
        "south": {
          "uv": [
            7.33333,
            10,
            7.66667,
            10.33333
          ],
          "texture": "#1"
        },
        "west": {
          "uv": [
            10,
            7.33333,
            10.33333,
            7.66667
          ],
          "texture": "#1"
        },
        "up": {
          "uv": [
            8.33333,
            10.33333,
            8,
            10
          ],
          "texture": "#1"
        }
      }
    },
    {
      "from": [
        6.8,
        11.81184,
        7.74959
      ],
      "to": [
        7.8,
        12.31184,
        8.74959
      ],
      "rotation": {
        "angle": -22.5,
        "axis": "x",
        "origin": [
          8,
          11.30354,
          8.83298
        ]
      },
      "faces": {
        "north": {
          "uv": [
            12,
            0,
            12.66667,
            0.33333
          ],
          "texture": "#1"
        },
        "east": {
          "uv": [
            10,
            5.33333,
            10.66667,
            5.66667
          ],
          "texture": "#1"
        },
        "south": {
          "uv": [
            12.66667,
            0,
            13.33333,
            0.33333
          ],
          "texture": "#1"
        },
        "west": {
          "uv": [
            10,
            6,
            10.66667,
            6.33333
          ],
          "texture": "#1"
        },
        "up": {
          "uv": [
            11.66667,
            0.66667,
            11,
            0
          ],
          "texture": "#1"
        },
        "down": {
          "uv": [
            10.66667,
            2,
            10,
            2.66667
          ],
          "texture": "#1"
        }
      }
    },
    {
      "from": [
        5.15186,
        12.76444,
        10.75
      ],
      "to": [
        7.15186,
        12.76444,
        13.75
      ],
      "rotation": {
        "angle": -22.5,
        "axis": "z",
        "origin": [
          5.15186,
          12.76444,
          10.25
        ]
      },
      "faces": {
        "up": {
          "uv": [
            4.66667,
            2,
            3.33333,
            0
          ],
          "texture": "#1"
        },
        "down": {
          "uv": [
            4.66667,
            0,
            3.33333,
            2
          ],
          "texture": "#1"
        }
      }
    },
    {
      "from": [
        2.15186,
        12.76444,
        10.75
      ],
      "to": [
        5.15186,
        12.76444,
        13.75
      ],
      "rotation": {
        "angle": 22.5,
        "axis": "z",
        "origin": [
          5.15186,
          12.76444,
          10.25
        ]
      },
      "faces": {
        "up": {
          "uv": [
            4.66667,
            4.66667,
            2.66667,
            2.66667
          ],
          "texture": "#1"
        },
        "down": {
          "uv": [
            4.66667,
            2.66667,
            2.66667,
            4.66667
          ],
          "texture": "#1"
        }
      }
    },
    {
      "from": [
        6.7,
        9.3,
        13.5
      ],
      "to": [
        7.7,
        11.3,
        15
      ],
      "rotation": {
        "angle": 22.5,
        "axis": "z",
        "origin": [
          7.2,
          9.675,
          14.125
        ]
      },
      "faces": {
        "north": {
          "uv": [
            8,
            4,
            8.66667,
            5.33333
          ],
          "texture": "#1"
        },
        "east": {
          "uv": [
            7,
            1.33333,
            6,
            0
          ],
          "rotation": 180,
          "texture": "#1"
        },
        "south": {
          "uv": [
            5.33333,
            8,
            6,
            9.33333
          ],
          "texture": "#1"
        },
        "west": {
          "uv": [
            2.33333,
            7.33333,
            1.33333,
            6
          ],
          "rotation": 180,
          "texture": "#1"
        },
        "up": {
          "uv": [
            8.66667,
            8.33333,
            8,
            7.33333
          ],
          "texture": "#1"
        }
      }
    },
    {
      "from": [
        6.7,
        8.8,
        13
      ],
      "to": [
        7.7,
        9.3,
        15
      ],
      "rotation": {
        "angle": 22.5,
        "axis": "z",
        "origin": [
          7.2,
          9.675,
          14.125
        ]
      },
      "faces": {
        "north": {
          "uv": [
            4.66667,
            10,
            5.33333,
            10.33333
          ],
          "texture": "#1"
        },
        "east": {
          "uv": [
            4,
            9.66667,
            2.66667,
            9.33333
          ],
          "rotation": 180,
          "texture": "#1"
        },
        "south": {
          "uv": [
            10,
            4.66667,
            10.66667,
            5
          ],
          "texture": "#1"
        },
        "west": {
          "uv": [
            10.66667,
            3,
            9.33333,
            2.66667
          ],
          "rotation": 180,
          "texture": "#1"
        },
        "up": {
          "uv": [
            8.66667,
            6.66667,
            8,
            5.33333
          ],
          "texture": "#1"
        },
        "down": {
          "uv": [
            6.66667,
            8,
            6,
            9.33333
          ],
          "texture": "#1"
        }
      }
    },
    {
      "from": [
        8.3,
        9.3,
        13.5
      ],
      "to": [
        9.3,
        11.3,
        15
      ],
      "rotation": {
        "angle": -22.5,
        "axis": "z",
        "origin": [
          8.8,
          9.675,
          14.125
        ]
      },
      "faces": {
        "north": {
          "uv": [
            8.66667,
            4,
            8,
            5.33333
          ],
          "texture": "#1"
        },
        "east": {
          "uv": [
            1.33333,
            7.33333,
            2.33333,
            6
          ],
          "rotation": 180,
          "texture": "#1"
        },
        "south": {
          "uv": [
            6,
            8,
            5.33333,
            9.33333
          ],
          "texture": "#1"
        },
        "west": {
          "uv": [
            6,
            1.33333,
            7,
            0
          ],
          "rotation": 180,
          "texture": "#1"
        },
        "up": {
          "uv": [
            8,
            8.33333,
            8.66667,
            7.33333
          ],
          "texture": "#1"
        }
      }
    },
    {
      "from": [
        8.3,
        8.8,
        13
      ],
      "to": [
        9.3,
        9.3,
        15
      ],
      "rotation": {
        "angle": -22.5,
        "axis": "z",
        "origin": [
          8.8,
          9.675,
          14.125
        ]
      },
      "faces": {
        "north": {
          "uv": [
            5.33333,
            10,
            4.66667,
            10.33333
          ],
          "texture": "#1"
        },
        "east": {
          "uv": [
            9.33333,
            3,
            10.66667,
            2.66667
          ],
          "rotation": 180,
          "texture": "#1"
        },
        "south": {
          "uv": [
            10.66667,
            4.66667,
            10,
            5
          ],
          "texture": "#1"
        },
        "west": {
          "uv": [
            2.66667,
            9.66667,
            4,
            9.33333
          ],
          "rotation": 180,
          "texture": "#1"
        },
        "up": {
          "uv": [
            8,
            6.66667,
            8.66667,
            5.33333
          ],
          "texture": "#1"
        },
        "down": {
          "uv": [
            6,
            8,
            6.66667,
            9.33333
          ],
          "texture": "#1"
        }
      }
    },
    {
      "from": [
        8.205,
        10.25421,
        9.88782
      ],
      "to": [
        8.995,
        11.04421,
        10.67782
      ],
      "rotation": {
        "angle": -45,
        "axis": "x",
        "origin": [
          8,
          11.30354,
          8.83298
        ]
      },
      "faces": {
        "east": {
          "uv": [
            10.66667,
            0.66667,
            10,
            1.33333
          ],
          "texture": "#1"
        },
        "south": {
          "uv": [
            1.33333,
            10,
            0.66667,
            10.66667
          ],
          "texture": "#1"
        },
        "west": {
          "uv": [
            10.66667,
            0,
            10,
            0.66667
          ],
          "texture": "#1"
        },
        "up": {
          "uv": [
            1.33333,
            10.66667,
            2,
            10
          ],
          "texture": "#1"
        },
        "down": {
          "uv": [
            10,
            1.33333,
            10.66667,
            2
          ],
          "texture": "#1"
        }
      }
    },
    {
      "from": [
        8.30375,
        12.58014,
        9.84218
      ],
      "to": [
        8.89625,
        13.17264,
        10.43468
      ],
      "rotation": {
        "angle": 22.5,
        "axis": "x",
        "origin": [
          8,
          11.30354,
          8.83298
        ]
      },
      "faces": {
        "north": {
          "uv": [
            7,
            10,
            6.66667,
            10.33333
          ],
          "texture": "#1"
        },
        "east": {
          "uv": [
            10.33333,
            7.33333,
            10,
            7.66667
          ],
          "texture": "#1"
        },
        "south": {
          "uv": [
            7.66667,
            10,
            7.33333,
            10.33333
          ],
          "texture": "#1"
        },
        "west": {
          "uv": [
            10.33333,
            6.66667,
            10,
            7
          ],
          "texture": "#1"
        },
        "up": {
          "uv": [
            8,
            10.33333,
            8.33333,
            10
          ],
          "texture": "#1"
        }
      }
    },
    {
      "from": [
        8.1,
        10.69459,
        9.24861
      ],
      "to": [
        9.1,
        11.69459,
        10.24861
      ],
      "rotation": {
        "angle": -22.5,
        "axis": "x",
        "origin": [
          8,
          11.30354,
          8.83298
        ]
      },
      "faces": {
        "north": {
          "uv": [
            10,
            6.66667,
            9.33333,
            7.33333
          ],
          "texture": "#1"
        },
        "east": {
          "uv": [
            10,
            8.66667,
            9.33333,
            9.33333
          ],
          "texture": "#1"
        },
        "south": {
          "uv": [
            10,
            8,
            9.33333,
            8.66667
          ],
          "texture": "#1"
        },
        "west": {
          "uv": [
            10,
            7.33333,
            9.33333,
            8
          ],
          "texture": "#1"
        },
        "up": {
          "uv": [
            9.33333,
            10,
            10,
            9.33333
          ],
          "texture": "#1"
        },
        "down": {
          "uv": [
            0,
            10,
            0.66667,
            10.66667
          ],
          "texture": "#1"
        }
      }
    },
    {
      "from": [
        8.2,
        11.81184,
        7.74959
      ],
      "to": [
        9.2,
        12.31184,
        8.74959
      ],
      "rotation": {
        "angle": -22.5,
        "axis": "x",
        "origin": [
          8,
          11.30354,
          8.83298
        ]
      },
      "faces": {
        "north": {
          "uv": [
            12.66667,
            0,
            12,
            0.33333
          ],
          "texture": "#1"
        },
        "east": {
          "uv": [
            10.66667,
            6,
            10,
            6.33333
          ],
          "texture": "#1"
        },
        "south": {
          "uv": [
            13.33333,
            0,
            12.66667,
            0.33333
          ],
          "texture": "#1"
        },
        "west": {
          "uv": [
            10.66667,
            5.33333,
            10,
            5.66667
          ],
          "texture": "#1"
        },
        "up": {
          "uv": [
            11,
            0.66667,
            11.66667,
            0
          ],
          "texture": "#1"
        },
        "down": {
          "uv": [
            10,
            2,
            10.66667,
            2.66667
          ],
          "texture": "#1"
        }
      }
    },
    {
      "from": [
        8.65972,
        10.35,
        9.58748
      ],
      "to": [
        8.65972,
        11.85,
        11.08748
      ],
      "rotation": {
        "angle": 45,
        "axis": "y",
        "origin": [
          8,
          11.30354,
          8.83298
        ]
      },
      "faces": {
        "east": {
          "uv": [
            5,
            7.33333,
            4,
            8.33333
          ],
          "texture": "#1"
        },
        "west": {
          "uv": [
            4,
            7.33333,
            5,
            8.33333
          ],
          "texture": "#1"
        }
      }
    },
    {
      "from": [
        10.84814,
        12.76444,
        10.75
      ],
      "to": [
        13.84814,
        12.76444,
        13.75
      ],
      "rotation": {
        "angle": -22.5,
        "axis": "z",
        "origin": [
          10.84814,
          12.76444,
          10.25
        ]
      },
      "faces": {
        "up": {
          "uv": [
            2.66667,
            4.66667,
            4.66667,
            2.66667
          ],
          "texture": "#1"
        },
        "down": {
          "uv": [
            2.66667,
            2.66667,
            4.66667,
            4.66667
          ],
          "texture": "#1"
        }
      }
    },
    {
      "from": [
        8.84814,
        12.76444,
        10.75
      ],
      "to": [
        10.84814,
        12.76444,
        13.75
      ],
      "rotation": {
        "angle": 22.5,
        "axis": "z",
        "origin": [
          10.84814,
          12.76444,
          10.25
        ]
      },
      "faces": {
        "up": {
          "uv": [
            3.33333,
            2,
            4.66667,
            0
          ],
          "texture": "#1"
        },
        "down": {
          "uv": [
            3.33333,
            0,
            4.66667,
            2
          ],
          "texture": "#1"
        }
      }
    },
    {
      "from": [
        8.9,
        9.74287,
        0.0316
      ],
      "to": [
        10.9,
        10.74287,
        1.0316
      ],
      "rotation": {
        "angle": 0,
        "axis": "y",
        "origin": [
          10.9,
          8.74287,
          0.0316
        ]
      },
      "faces": {
        "north": {
          "uv": [
            12,
            6,
            13.33333,
            6.66667
          ],
          "texture": "#5"
        },
        "east": {
          "uv": [
            13.33333,
            2.66667,
            14,
            3.33333
          ],
          "texture": "#5"
        },
        "south": {
          "uv": [
            6.66667,
            12,
            8,
            12.66667
          ],
          "texture": "#5"
        },
        "west": {
          "uv": [
            13.33333,
            3.33333,
            14,
            4
          ],
          "texture": "#5"
        },
        "up": {
          "uv": [
            13.33333,
            7.33333,
            12,
            6.66667
          ],
          "texture": "#5"
        },
        "down": {
          "uv": [
            9.33333,
            12,
            8,
            12.66667
          ],
          "texture": "#5"
        }
      }
    },
    {
      "from": [
        9.65,
        9.99287,
        -0.2184
      ],
      "to": [
        11.15,
        10.49287,
        1.2816
      ],
      "rotation": {
        "angle": 0,
        "axis": "y",
        "origin": [
          10.9,
          9.99287,
          -0.2184
        ]
      },
      "faces": {
        "north": {
          "uv": [
            10.66667,
            13.33333,
            11.66667,
            13.66667
          ],
          "texture": "#5"
        },
        "east": {
          "uv": [
            13.33333,
            10.66667,
            14.33333,
            11
          ],
          "texture": "#5"
        },
        "south": {
          "uv": [
            13.33333,
            11.33333,
            14.33333,
            11.66667
          ],
          "texture": "#5"
        },
        "west": {
          "uv": [
            12,
            13.33333,
            13,
            13.66667
          ],
          "texture": "#5"
        },
        "up": {
          "uv": [
            11,
            11.66667,
            10,
            10.66667
          ],
          "texture": "#5"
        },
        "down": {
          "uv": [
            12.33333,
            0,
            11.33333,
            1
          ],
          "texture": "#5"
        }
      }
    },
    {
      "from": [
        14.05219,
        9.99287,
        3.50671
      ],
      "to": [
        15.55219,
        10.49287,
        5.00671
      ],
      "rotation": {
        "angle": 22.5,
        "axis": "y",
        "origin": [
          14.60514,
          10.24287,
          3.76539
        ]
      },
      "faces": {
        "north": {
          "uv": [
            13.33333,
            7.33333,
            14.33333,
            7.66667
          ],
          "texture": "#5"
        },
        "east": {
          "uv": [
            13.33333,
            8,
            14.33333,
            8.33333
          ],
          "texture": "#5"
        },
        "south": {
          "uv": [
            9.33333,
            13.33333,
            10.33333,
            13.66667
          ],
          "texture": "#5"
        },
        "west": {
          "uv": [
            13.33333,
            10,
            14.33333,
            10.33333
          ],
          "texture": "#5"
        },
        "up": {
          "uv": [
            11.66667,
            5.66667,
            10.66667,
            4.66667
          ],
          "texture": "#5"
        },
        "down": {
          "uv": [
            11.66667,
            6,
            10.66667,
            7
          ],
          "texture": "#5"
        }
      }
    },
    {
      "from": [
        14.30219,
        9.74287,
        2.75671
      ],
      "to": [
        15.30219,
        10.74287,
        4.75671
      ],
      "rotation": {
        "angle": 22.5,
        "axis": "y",
        "origin": [
          14.60514,
          10.24287,
          3.76539
        ]
      },
      "faces": {
        "north": {
          "uv": [
            2,
            13.33333,
            2.66667,
            14
          ],
          "texture": "#5"
        },
        "east": {
          "uv": [
            12,
            4,
            13.33333,
            4.66667
          ],
          "texture": "#5"
        },
        "south": {
          "uv": [
            2.66667,
            13.33333,
            3.33333,
            14
          ],
          "texture": "#5"
        },
        "west": {
          "uv": [
            4.66667,
            12,
            6,
            12.66667
          ],
          "texture": "#5"
        },
        "up": {
          "uv": [
            12.66667,
            6,
            12,
            4.66667
          ],
          "texture": "#5"
        },
        "down": {
          "uv": [
            6.66667,
            12,
            6,
            13.33333
          ],
          "texture": "#5"
        }
      }
    },
    {
      "from": [
        13.30219,
        10.22787,
        3.75671
      ],
      "to": [
        16.30219,
        10.25787,
        7.75671
      ],
      "rotation": {
        "angle": 22.5,
        "axis": "y",
        "origin": [
          14.60514,
          10.24287,
          3.76539
        ]
      },
      "faces": {
        "up": {
          "uv": [
            6,
            0,
            0,
            8
          ],
          "texture": "#4"
        },
        "down": {
          "uv": [
            0,
            0,
            6,
            8
          ],
          "rotation": 180,
          "texture": "#4"
        }
      }
    },
    {
      "from": [
        -0.30219,
        10.22787,
        3.75671
      ],
      "to": [
        2.69781,
        10.25787,
        7.75671
      ],
      "rotation": {
        "angle": -22.5,
        "axis": "y",
        "origin": [
          1.39486,
          10.24287,
          3.76539
        ]
      },
      "faces": {
        "up": {
          "uv": [
            0,
            0,
            6,
            8
          ],
          "texture": "#4"
        },
        "down": {
          "uv": [
            6,
            0,
            0,
            8
          ],
          "rotation": 180,
          "texture": "#4"
        }
      }
    },
    {
      "from": [
        10.59458,
        9.79287,
        0.66704
      ],
      "to": [
        12.59458,
        10.69287,
        1.56704
      ],
      "rotation": {
        "angle": -22.5,
        "axis": "y",
        "origin": [
          12.34458,
          10.24287,
          1.11704
        ]
      },
      "faces": {
        "north": {
          "uv": [
            0,
            12,
            1.33333,
            12.66667
          ],
          "texture": "#5"
        },
        "south": {
          "uv": [
            2,
            12,
            3.33333,
            12.66667
          ],
          "texture": "#5"
        },
        "up": {
          "uv": [
            4.66667,
            12.66667,
            3.33333,
            12
          ],
          "texture": "#5"
        },
        "down": {
          "uv": [
            13.33333,
            3.33333,
            12,
            4
          ],
          "texture": "#5"
        }
      }
    },
    {
      "from": [
        15.08869,
        9.79287,
        0.97879
      ],
      "to": [
        15.98869,
        10.69287,
        2.97879
      ],
      "rotation": {
        "angle": 45,
        "axis": "y",
        "origin": [
          14.95869,
          10.24287,
          4.14394
        ]
      },
      "faces": {
        "east": {
          "uv": [
            11.33333,
            10,
            12.66667,
            10.66667
          ],
          "texture": "#5"
        },
        "west": {
          "uv": [
            11.33333,
            10.66667,
            12.66667,
            11.33333
          ],
          "texture": "#5"
        },
        "up": {
          "uv": [
            5.33333,
            12,
            4.66667,
            10.66667
          ],
          "texture": "#5"
        },
        "down": {
          "uv": [
            12,
            11.33333,
            11.33333,
            12.66667
          ],
          "texture": "#5"
        }
      }
    },
    {
      "from": [
        12.28401,
        9.69287,
        0.74581
      ],
      "to": [
        13.53401,
        10.79287,
        1.99581
      ],
      "rotation": {
        "angle": 22.5,
        "axis": "y",
        "origin": [
          12.90901,
          10.24287,
          1.37081
        ]
      },
      "faces": {
        "north": {
          "uv": [
            12.66667,
            2,
            13.66667,
            2.66667
          ],
          "texture": "#5"
        },
        "east": {
          "uv": [
            12.66667,
            4.66667,
            13.66667,
            5.33333
          ],
          "texture": "#5"
        },
        "south": {
          "uv": [
            12.66667,
            5.33333,
            13.66667,
            6
          ],
          "texture": "#5"
        },
        "west": {
          "uv": [
            6.66667,
            12.66667,
            7.66667,
            13.33333
          ],
          "texture": "#5"
        },
        "up": {
          "uv": [
            1,
            11.66667,
            0,
            10.66667
          ],
          "texture": "#5"
        },
        "down": {
          "uv": [
            11.66667,
            3.33333,
            10.66667,
            4.33333
          ],
          "texture": "#5"
        }
      }
    },
    {
      "from": [
        12.48401,
        9.49287,
        0.94581
      ],
      "to": [
        13.33401,
        10.99287,
        1.79581
      ],
      "rotation": {
        "angle": 22.5,
        "axis": "y",
        "origin": [
          12.90901,
          10.24287,
          1.37081
        ]
      },
      "faces": {
        "north": {
          "uv": [
            0.66667,
            12.66667,
            1.33333,
            13.66667
          ],
          "texture": "#5"
        },
        "east": {
          "uv": [
            3.33333,
            12.66667,
            4,
            13.66667
          ],
          "texture": "#5"
        },
        "south": {
          "uv": [
            4,
            12.66667,
            4.66667,
            13.66667
          ],
          "texture": "#5"
        },
        "west": {
          "uv": [
            4.66667,
            12.66667,
            5.33333,
            13.66667
          ],
          "texture": "#5"
        },
        "up": {
          "uv": [
            14,
            1.33333,
            13.33333,
            0.66667
          ],
          "texture": "#5"
        },
        "down": {
          "uv": [
            2,
            13.33333,
            1.33333,
            14
          ],
          "texture": "#5"
        }
      }
    },
    {
      "from": [
        2.66599,
        9.49287,
        0.94581
      ],
      "to": [
        3.51599,
        10.99287,
        1.79581
      ],
      "rotation": {
        "angle": -22.5,
        "axis": "y",
        "origin": [
          3.09099,
          10.24287,
          1.37081
        ]
      },
      "faces": {
        "north": {
          "uv": [
            1.33333,
            12.66667,
            0.66667,
            13.66667
          ],
          "texture": "#5"
        },
        "east": {
          "uv": [
            5.33333,
            12.66667,
            4.66667,
            13.66667
          ],
          "texture": "#5"
        },
        "south": {
          "uv": [
            4.66667,
            12.66667,
            4,
            13.66667
          ],
          "texture": "#5"
        },
        "west": {
          "uv": [
            4,
            12.66667,
            3.33333,
            13.66667
          ],
          "texture": "#5"
        },
        "up": {
          "uv": [
            13.33333,
            1.33333,
            14,
            0.66667
          ],
          "texture": "#5"
        },
        "down": {
          "uv": [
            1.33333,
            13.33333,
            2,
            14
          ],
          "texture": "#5"
        }
      }
    },
    {
      "from": [
        2.46599,
        9.69287,
        0.74581
      ],
      "to": [
        3.71599,
        10.79287,
        1.99581
      ],
      "rotation": {
        "angle": -22.5,
        "axis": "y",
        "origin": [
          3.09099,
          10.24287,
          1.37081
        ]
      },
      "faces": {
        "north": {
          "uv": [
            13.66667,
            2,
            12.66667,
            2.66667
          ],
          "texture": "#5"
        },
        "east": {
          "uv": [
            7.66667,
            12.66667,
            6.66667,
            13.33333
          ],
          "texture": "#5"
        },
        "south": {
          "uv": [
            13.66667,
            5.33333,
            12.66667,
            6
          ],
          "texture": "#5"
        },
        "west": {
          "uv": [
            13.66667,
            4.66667,
            12.66667,
            5.33333
          ],
          "texture": "#5"
        },
        "up": {
          "uv": [
            0,
            11.66667,
            1,
            10.66667
          ],
          "texture": "#5"
        },
        "down": {
          "uv": [
            10.66667,
            3.33333,
            11.66667,
            4.33333
          ],
          "texture": "#5"
        }
      }
    },
    {
      "from": [
        0.01131,
        9.79287,
        0.97879
      ],
      "to": [
        0.91131,
        10.69287,
        2.97879
      ],
      "rotation": {
        "angle": -45,
        "axis": "y",
        "origin": [
          1.04131,
          10.24287,
          4.14394
        ]
      },
      "faces": {
        "east": {
          "uv": [
            12.66667,
            10.66667,
            11.33333,
            11.33333
          ],
          "texture": "#5"
        },
        "west": {
          "uv": [
            12.66667,
            10,
            11.33333,
            10.66667
          ],
          "texture": "#5"
        },
        "up": {
          "uv": [
            4.66667,
            12,
            5.33333,
            10.66667
          ],
          "texture": "#5"
        },
        "down": {
          "uv": [
            11.33333,
            11.33333,
            12,
            12.66667
          ],
          "texture": "#5"
        }
      }
    },
    {
      "from": [
        3.40542,
        9.79287,
        0.66704
      ],
      "to": [
        5.40542,
        10.69287,
        1.56704
      ],
      "rotation": {
        "angle": 22.5,
        "axis": "y",
        "origin": [
          3.65542,
          10.24287,
          1.11704
        ]
      },
      "faces": {
        "north": {
          "uv": [
            1.33333,
            12,
            0,
            12.66667
          ],
          "texture": "#5"
        },
        "south": {
          "uv": [
            3.33333,
            12,
            2,
            12.66667
          ],
          "texture": "#5"
        },
        "up": {
          "uv": [
            3.33333,
            12.66667,
            4.66667,
            12
          ],
          "texture": "#5"
        },
        "down": {
          "uv": [
            12,
            3.33333,
            13.33333,
            4
          ],
          "texture": "#5"
        }
      }
    },
    {
      "from": [
        0.69781,
        9.74287,
        2.75671
      ],
      "to": [
        1.69781,
        10.74287,
        4.75671
      ],
      "rotation": {
        "angle": -22.5,
        "axis": "y",
        "origin": [
          1.39486,
          10.24287,
          3.76539
        ]
      },
      "faces": {
        "north": {
          "uv": [
            2.66667,
            13.33333,
            2,
            14
          ],
          "texture": "#5"
        },
        "east": {
          "uv": [
            6,
            12,
            4.66667,
            12.66667
          ],
          "texture": "#5"
        },
        "south": {
          "uv": [
            3.33333,
            13.33333,
            2.66667,
            14
          ],
          "texture": "#5"
        },
        "west": {
          "uv": [
            13.33333,
            4,
            12,
            4.66667
          ],
          "texture": "#5"
        },
        "up": {
          "uv": [
            12,
            6,
            12.66667,
            4.66667
          ],
          "texture": "#5"
        },
        "down": {
          "uv": [
            6,
            12,
            6.66667,
            13.33333
          ],
          "texture": "#5"
        }
      }
    },
    {
      "from": [
        0.44781,
        9.99287,
        3.50671
      ],
      "to": [
        1.94781,
        10.49287,
        5.00671
      ],
      "rotation": {
        "angle": -22.5,
        "axis": "y",
        "origin": [
          1.39486,
          10.24287,
          3.76539
        ]
      },
      "faces": {
        "north": {
          "uv": [
            14.33333,
            7.33333,
            13.33333,
            7.66667
          ],
          "texture": "#5"
        },
        "east": {
          "uv": [
            14.33333,
            10,
            13.33333,
            10.33333
          ],
          "texture": "#5"
        },
        "south": {
          "uv": [
            10.33333,
            13.33333,
            9.33333,
            13.66667
          ],
          "texture": "#5"
        },
        "west": {
          "uv": [
            14.33333,
            8,
            13.33333,
            8.33333
          ],
          "texture": "#5"
        },
        "up": {
          "uv": [
            10.66667,
            5.66667,
            11.66667,
            4.66667
          ],
          "texture": "#5"
        },
        "down": {
          "uv": [
            10.66667,
            6,
            11.66667,
            7
          ],
          "texture": "#5"
        }
      }
    },
    {
      "from": [
        4.85,
        9.99287,
        -0.2184
      ],
      "to": [
        6.35,
        10.49287,
        1.2816
      ],
      "rotation": {
        "angle": 0,
        "axis": "y",
        "origin": [
          5.1,
          9.99287,
          -0.2184
        ]
      },
      "faces": {
        "north": {
          "uv": [
            11.66667,
            13.33333,
            10.66667,
            13.66667
          ],
          "texture": "#5"
        },
        "east": {
          "uv": [
            13,
            13.33333,
            12,
            13.66667
          ],
          "texture": "#5"
        },
        "south": {
          "uv": [
            14.33333,
            11.33333,
            13.33333,
            11.66667
          ],
          "texture": "#5"
        },
        "west": {
          "uv": [
            14.33333,
            10.66667,
            13.33333,
            11
          ],
          "texture": "#5"
        },
        "up": {
          "uv": [
            10,
            11.66667,
            11,
            10.66667
          ],
          "texture": "#5"
        },
        "down": {
          "uv": [
            11.33333,
            0,
            12.33333,
            1
          ],
          "texture": "#5"
        }
      }
    },
    {
      "from": [
        5.1,
        9.74287,
        0.0316
      ],
      "to": [
        7.1,
        10.74287,
        1.0316
      ],
      "rotation": {
        "angle": 0,
        "axis": "y",
        "origin": [
          5.1,
          8.74287,
          0.0316
        ]
      },
      "faces": {
        "north": {
          "uv": [
            13.33333,
            6,
            12,
            6.66667
          ],
          "texture": "#5"
        },
        "east": {
          "uv": [
            14,
            3.33333,
            13.33333,
            4
          ],
          "texture": "#5"
        },
        "south": {
          "uv": [
            8,
            12,
            6.66667,
            12.66667
          ],
          "texture": "#5"
        },
        "west": {
          "uv": [
            14,
            2.66667,
            13.33333,
            3.33333
          ],
          "texture": "#5"
        },
        "up": {
          "uv": [
            12,
            7.33333,
            13.33333,
            6.66667
          ],
          "texture": "#5"
        },
        "down": {
          "uv": [
            8,
            12,
            9.33333,
            12.66667
          ],
          "texture": "#5"
        }
      }
    },
    {
      "from": [
        7.25,
        8.44287,
        0.0316
      ],
      "to": [
        8.75,
        9.94287,
        9.0316
      ],
      "rotation": {
        "angle": 0,
        "axis": "y",
        "origin": [
          7.25,
          8.44287,
          0.0316
        ]
      },
      "faces": {
        "north": {
          "uv": [
            9.33333,
            6,
            10.33333,
            7
          ],
          "texture": "#5"
        },
        "east": {
          "uv": [
            2,
            3.33333,
            8,
            4.33333
          ],
          "texture": "#5"
        },
        "west": {
          "uv": [
            2,
            4.66667,
            8,
            5.66667
          ],
          "texture": "#5"
        },
        "up": {
          "uv": [
            3,
            12,
            2,
            6
          ],
          "texture": "#5"
        },
        "down": {
          "uv": [
            4.33333,
            6,
            3.33333,
            12
          ],
          "texture": "#5"
        }
      }
    },
    {
      "from": [
        7.1,
        8.59511,
        8.26624
      ],
      "to": [
        8.9,
        10.09511,
        9.76624
      ],
      "rotation": {
        "angle": 22.5,
        "axis": "x",
        "origin": [
          7,
          8.09511,
          8.26624
        ]
      },
      "faces": {
        "north": {
          "uv": [
            5.33333,
            8.66667,
            6.66667,
            9.66667
          ],
          "texture": "#5"
        },
        "east": {
          "uv": [
            10,
            8,
            11,
            9
          ],
          "texture": "#5"
        },
        "south": {
          "uv": [
            6.66667,
            8.66667,
            8,
            9.66667
          ],
          "texture": "#5"
        },
        "west": {
          "uv": [
            10,
            9.33333,
            11,
            10.33333
          ],
          "texture": "#5"
        },
        "up": {
          "uv": [
            10,
            9,
            8.66667,
            8
          ],
          "texture": "#5"
        },
        "down": {
          "uv": [
            10.66667,
            4.66667,
            9.33333,
            5.66667
          ],
          "texture": "#5"
        }
      }
    },
    {
      "from": [
        7.5,
        5.69287,
        9.5316
      ],
      "to": [
        8.5,
        8.69287,
        10.5316
      ],
      "rotation": {
        "angle": -22.5,
        "axis": "x",
        "origin": [
          7.5,
          5.69287,
          9.5316
        ]
      },
      "faces": {
        "north": {
          "uv": [
            8.66667,
            9.33333,
            9.33333,
            11.33333
          ],
          "texture": "#5"
        },
        "east": {
          "uv": [
            9.33333,
            9.33333,
            10,
            11.33333
          ],
          "texture": "#5"
        },
        "south": {
          "uv": [
            5.33333,
            10,
            6,
            12
          ],
          "texture": "#5"
        },
        "west": {
          "uv": [
            6,
            10,
            6.66667,
            12
          ],
          "texture": "#5"
        },
        "up": {
          "uv": [
            13.33333,
            8.66667,
            12.66667,
            8
          ],
          "texture": "#5"
        },
        "down": {
          "uv": [
            12,
            12.66667,
            11.33333,
            13.33333
          ],
          "texture": "#5"
        }
      }
    },
    {
      "from": [
        7.44,
        5.30518,
        9.86787
      ],
      "to": [
        8.56,
        6.67518,
        10.42787
      ],
      "rotation": {
        "angle": 45,
        "axis": "x",
        "origin": [
          8,
          6.11518,
          9.89787
        ]
      },
      "faces": {
        "north": {
          "uv": [
            0,
            12.66667,
            0.66667,
            13.66667
          ],
          "texture": "#5"
        },
        "east": {
          "uv": [
            13.33333,
            6,
            13.66667,
            7
          ],
          "texture": "#5"
        },
        "south": {
          "uv": [
            12.66667,
            0,
            13.33333,
            1
          ],
          "texture": "#5"
        },
        "west": {
          "uv": [
            6.66667,
            13.33333,
            7,
            14.33333
          ],
          "texture": "#5"
        },
        "up": {
          "uv": [
            8,
            13.66667,
            7.33333,
            13.33333
          ],
          "texture": "#5"
        },
        "down": {
          "uv": [
            14,
            12,
            13.33333,
            12.33333
          ],
          "texture": "#5"
        }
      }
    },
    {
      "from": [
        7.5,
        7.98303,
        9.8434
      ],
      "to": [
        8.5,
        9.48303,
        10.8434
      ],
      "rotation": {
        "angle": 0,
        "axis": "x",
        "origin": [
          7.5,
          7.98303,
          12.8434
        ]
      },
      "faces": {
        "north": {
          "uv": [
            9.33333,
            12,
            10,
            13
          ],
          "texture": "#5"
        },
        "east": {
          "uv": [
            10,
            12,
            10.66667,
            13
          ],
          "texture": "#5"
        },
        "south": {
          "uv": [
            10.66667,
            12,
            11.33333,
            13
          ],
          "texture": "#5"
        },
        "west": {
          "uv": [
            12,
            11.33333,
            12.66667,
            12.33333
          ],
          "texture": "#5"
        },
        "up": {
          "uv": [
            12.66667,
            13.33333,
            12,
            12.66667
          ],
          "texture": "#5"
        },
        "down": {
          "uv": [
            13.33333,
            12,
            12.66667,
            12.66667
          ],
          "texture": "#5"
        }
      }
    },
    {
      "from": [
        7.5,
        8.48303,
        10.8434
      ],
      "to": [
        8.5,
        9.48303,
        14.8434
      ],
      "rotation": {
        "angle": 0,
        "axis": "x",
        "origin": [
          7.5,
          7.98303,
          12.8434
        ]
      },
      "faces": {
        "east": {
          "uv": [
            8,
            3.33333,
            10.66667,
            4
          ],
          "texture": "#5"
        },
        "west": {
          "uv": [
            8,
            4,
            10.66667,
            4.66667
          ],
          "texture": "#5"
        },
        "up": {
          "uv": [
            8.66667,
            7.33333,
            8,
            4.66667
          ],
          "texture": "#5"
        },
        "down": {
          "uv": [
            8.66667,
            7.33333,
            8,
            10
          ],
          "texture": "#5"
        }
      }
    },
    {
      "from": [
        7.75,
        7.98303,
        10.8434
      ],
      "to": [
        8.25,
        8.48303,
        14.8434
      ],
      "rotation": {
        "angle": 0,
        "axis": "x",
        "origin": [
          7.5,
          7.98303,
          12.8434
        ]
      },
      "faces": {
        "east": {
          "uv": [
            11.33333,
            8.66667,
            14,
            9
          ],
          "texture": "#5"
        },
        "west": {
          "uv": [
            11.33333,
            9.33333,
            14,
            9.66667
          ],
          "texture": "#5"
        },
        "down": {
          "uv": [
            1.66667,
            10.66667,
            1.33333,
            13.33333
          ],
          "texture": "#5"
        }
      }
    },
    {
      "from": [
        7.4,
        6.98303,
        14.8434
      ],
      "to": [
        8.6,
        9.63303,
        15.3434
      ],
      "rotation": {
        "angle": 0,
        "axis": "x",
        "origin": [
          7.5,
          7.98303,
          12.8434
        ]
      },
      "faces": {
        "north": {
          "uv": [
            6.66667,
            10,
            7.33333,
            11.66667
          ],
          "texture": "#5"
        },
        "east": {
          "uv": [
            5.33333,
            12.66667,
            5.66667,
            14.33333
          ],
          "texture": "#5"
        },
        "south": {
          "uv": [
            7.33333,
            10,
            8,
            11.66667
          ],
          "texture": "#5"
        },
        "west": {
          "uv": [
            8,
            12.66667,
            8.33333,
            14.33333
          ],
          "texture": "#5"
        },
        "up": {
          "uv": [
            14,
            13.66667,
            13.33333,
            13.33333
          ],
          "texture": "#5"
        },
        "down": {
          "uv": [
            0.66667,
            14,
            0,
            14.33333
          ],
          "texture": "#5"
        }
      }
    },
    {
      "from": [
        7.5,
        7.08303,
        15.3434
      ],
      "to": [
        8.5,
        9.53303,
        15.5934
      ],
      "rotation": {
        "angle": 0,
        "axis": "x",
        "origin": [
          7.5,
          7.98303,
          12.8434
        ]
      },
      "faces": {
        "east": {
          "uv": [
            8.66667,
            12.66667,
            9,
            14.33333
          ],
          "texture": "#5"
        },
        "south": {
          "uv": [
            8,
            10,
            8.66667,
            11.66667
          ],
          "texture": "#5"
        },
        "west": {
          "uv": [
            12.66667,
            10,
            13,
            11.66667
          ],
          "texture": "#5"
        },
        "up": {
          "uv": [
            14.66667,
            0.33333,
            14,
            0
          ],
          "texture": "#5"
        },
        "down": {
          "uv": [
            1.33333,
            14,
            0.66667,
            14.33333
          ],
          "texture": "#5"
        }
      }
    },
    {
      "from": [
        7.502,
        7.27592,
        11.13629
      ],
      "to": [
        8.498,
        7.77592,
        11.88629
      ],
      "rotation": {
        "angle": -45,
        "axis": "x",
        "origin": [
          7.502,
          7.27592,
          10.13629
        ]
      },
      "faces": {
        "east": {
          "uv": [
            4,
            14,
            4.33333,
            14.33333
          ],
          "texture": "#5"
        },
        "west": {
          "uv": [
            14,
            4,
            14.33333,
            4.33333
          ],
          "texture": "#5"
        },
        "down": {
          "uv": [
            14,
            12.66667,
            13.33333,
            13
          ],
          "texture": "#5"
        }
      }
    },
    {
      "from": [
        7.5,
        7.44287,
        1.0316
      ],
      "to": [
        8.5,
        8.44287,
        5.0316
      ],
      "rotation": {
        "angle": 0,
        "axis": "y",
        "origin": [
          7.5,
          7.44287,
          0.0316
        ]
      },
      "faces": {
        "north": {
          "uv": [
            12.66667,
            12.66667,
            13.33333,
            13.33333
          ],
          "texture": "#5"
        },
        "east": {
          "uv": [
            8.66667,
            0,
            11.33333,
            0.66667
          ],
          "texture": "#5"
        },
        "south": {
          "uv": [
            13.33333,
            0,
            14,
            0.66667
          ],
          "texture": "#5"
        },
        "west": {
          "uv": [
            8.66667,
            0.66667,
            11.33333,
            1.33333
          ],
          "texture": "#5"
        },
        "down": {
          "uv": [
            9.33333,
            4.66667,
            8.66667,
            7.33333
          ],
          "texture": "#5"
        }
      }
    },
    {
      "from": [
        7.25,
        7.19287,
        1.2816
      ],
      "to": [
        8.75,
        8.19287,
        4.7816
      ],
      "rotation": {
        "angle": 0,
        "axis": "y",
        "origin": [
          7.5,
          7.44287,
          0.0316
        ]
      },
      "faces": {
        "north": {
          "uv": [
            12.66667,
            1.33333,
            13.66667,
            2
          ],
          "texture": "#5"
        },
        "east": {
          "uv": [
            8.66667,
            1.33333,
            11,
            2
          ],
          "texture": "#5"
        },
        "south": {
          "uv": [
            2,
            12.66667,
            3,
            13.33333
          ],
          "texture": "#5"
        },
        "west": {
          "uv": [
            8.66667,
            2,
            11,
            2.66667
          ],
          "texture": "#5"
        },
        "up": {
          "uv": [
            6.33333,
            8.33333,
            5.33333,
            6
          ],
          "texture": "#5"
        },
        "down": {
          "uv": [
            7.66667,
            6,
            6.66667,
            8.33333
          ],
          "texture": "#5"
        }
      }
    },
    {
      "from": [
        7.5,
        9.94287,
        1.0316
      ],
      "to": [
        8.5,
        10.19287,
        8.0316
      ],
      "rotation": {
        "angle": 0,
        "axis": "y",
        "origin": [
          7.5,
          9.94287,
          3.0316
        ]
      },
      "faces": {
        "north": {
          "uv": [
            14,
            0.66667,
            14.66667,
            1
          ],
          "texture": "#5"
        },
        "east": {
          "uv": [
            8.66667,
            2.66667,
            13.33333,
            3
          ],
          "texture": "#5"
        },
        "south": {
          "uv": [
            1.33333,
            14,
            2,
            14.33333
          ],
          "texture": "#5"
        },
        "west": {
          "uv": [
            8.66667,
            7.33333,
            13.33333,
            7.66667
          ],
          "texture": "#5"
        },
        "up": {
          "uv": [
            5.33333,
            10.66667,
            4.66667,
            6
          ],
          "texture": "#5"
        }
      }
    },
    {
      "from": [
        7.75,
        7.56019,
        9.10772
      ],
      "to": [
        8.25,
        8.56019,
        9.60772
      ],
      "rotation": {
        "angle": -22.5,
        "axis": "x",
        "origin": [
          7.5,
          5.31019,
          8.60772
        ]
      },
      "faces": {
        "north": {
          "uv": [
            14,
            1.33333,
            14.33333,
            2
          ],
          "texture": "#5"
        },
        "east": {
          "uv": [
            2,
            14,
            2.33333,
            14.66667
          ],
          "texture": "#5"
        },
        "west": {
          "uv": [
            14,
            2,
            14.33333,
            2.66667
          ],
          "texture": "#5"
        },
        "down": {
          "uv": [
            5,
            14,
            4.66667,
            14.33333
          ],
          "texture": "#5"
        }
      }
    },
    {
      "from": [
        7.75,
        9.44287,
        8.5316
      ],
      "to": [
        8.25,
        10.44287,
        9.5316
      ],
      "rotation": {
        "angle": -45,
        "axis": "x",
        "origin": [
          7.75,
          9.44287,
          8.5316
        ]
      },
      "faces": {
        "north": {
          "uv": [
            2.66667,
            14,
            3,
            14.66667
          ],
          "texture": "#5"
        },
        "east": {
          "uv": [
            13.33333,
            4,
            14,
            4.66667
          ],
          "texture": "#5"
        },
        "south": {
          "uv": [
            14,
            2.66667,
            14.33333,
            3.33333
          ],
          "texture": "#5"
        },
        "west": {
          "uv": [
            6,
            13.33333,
            6.66667,
            14
          ],
          "texture": "#5"
        },
        "up": {
          "uv": [
            3.66667,
            14.66667,
            3.33333,
            14
          ],
          "texture": "#5"
        },
        "down": {
          "uv": [
            14.33333,
            3.33333,
            14,
            4
          ],
          "texture": "#5"
        }
      }
    },
    {
      "from": [
        1.5,
        10.225,
        4.25
      ],
      "to": [
        14.5,
        10.255,
        8.5
      ],
      "rotation": {
        "angle": 0,
        "axis": "y",
        "origin": [
          3.5,
          10.225,
          4.25
        ]
      },
      "faces": {
        "up": {
          "uv": [
            8.66667,
            3,
            0,
            0
          ],
          "texture": "#5"
        },
        "down": {
          "uv": [
            8.66667,
            0,
            0,
            3
          ],
          "texture": "#5"
        }
      }
    }
  ],
  "gui_light": "front",
  "display": {
    "thirdperson_righthand": {
      "translation": [
        0,
        -0.5,
        0.75
      ]
    },
    "thirdperson_lefthand": {
      "translation": [
        0,
        -0.5,
        0.75
      ]
    },
    "firstperson_righthand": {
      "translation": [
        -1.5,
        2,
        0
      ]
    },
    "firstperson_lefthand": {
      "translation": [
        -1.5,
        2,
        0
      ]
    },
    "ground": {
      "rotation": [
        30,
        0,
        0
      ],
      "translation": [
        0,
        6,
        0
      ]
    },
    "gui": {
      "rotation": [
        90,
        45,
        0
      ],
      "translation": [
        0.75,
        -0.75,
        0
      ],
      "scale": [
        0.83595,
        0.83595,
        0.83595
      ]
    },
    "head": {
      "rotation": [
        -35,
        180,
        0
      ]
    },
    "fixed": {
      "rotation": [
        -90,
        0,
        0
      ],
      "translation": [
        0,
        0,
        -3.5
      ],
      "scale": [
        2.5,
        2.5,
        2.5
      ]
    }
  },
  "groups": [
    0,
    {
      "name": "group",
      "origin": [
        10.84814,
        3.76444,
        5.5
      ],
      "color": 0,
      "boneType": "",
      "children": [
        1,
        2,
        3,
        4,
        5,
        6,
        7,
        8,
        9,
        10,
        11,
        12,
        13,
        14,
        15,
        16,
        17,
        18,
        19,
        20,
        21,
        22,
        23,
        24,
        25,
        26,
        27,
        28,
        29,
        30,
        31,
        32
      ]
    },
    {
      "name": "group",
      "origin": [
        10.84814,
        3.76444,
        5.5
      ],
      "color": 0,
      "boneType": "",
      "children": []
    },
    33,
    34,
    35,
    36,
    37,
    38,
    39,
    40,
    41,
    42,
    43,
    44,
    45,
    46,
    47,
    48,
    49,
    50,
    51,
    52,
    53,
    54,
    55,
    56,
    57,
    58,
    59,
    60,
    61,
    62,
    63,
    64,
    65,
    66
  ]
}