{"credit":"Made by PolygonMC","texture_size":[24,24],"textures":{"1":"littledragonset:little_dragon","4":"littledragonset:animations/animations_flame_02","7":"littledragonset:flag"},"elements":[{"from":[7.5,0,7.5],"to":[8.5,2,8.5],"rotation":{"angle":0,"axis":"y","origin":[6.5,0,7.5]},"faces":{"north":{"uv":[10.33333,1.66667,11,3],"texture":"#7"},"east":{"uv":[10.33333,3,11,4.33333],"texture":"#7"},"south":{"uv":[10.33333,4.33333,11,5.66667],"texture":"#7"},"west":{"uv":[5.66667,10.33333,6.33333,11.66667],"texture":"#7"},"up":{"uv":[9.66667,6.33333,9,5.66667],"texture":"#7"},"down":{"uv":[12.33333,5.66667,11.66667,6.33333],"texture":"#7"}}},{"from":[7.6,2,7.6],"to":[8.4,3.8,8.4],"rotation":{"angle":0,"axis":"y","origin":[6.5,0,7.5]},"faces":{"north":{"uv":[6.33333,10.33333,7,11.66667],"texture":"#7"},"east":{"uv":[7,10.33333,7.66667,11.66667],"texture":"#7"},"south":{"uv":[7.66667,10.33333,8.33333,11.66667],"texture":"#7"},"west":{"uv":[8.33333,10.33333,9,11.66667],"texture":"#7"}}},{"from":[7.5,3.8,7.5],"to":[8.5,5.8,8.5],"rotation":{"angle":0,"axis":"y","origin":[6.5,0,7.5]},"faces":{"north":{"uv":[9,10.33333,9.66667,11.66667],"texture":"#7"},"east":{"uv":[11,1.66667,11.66667,3],"texture":"#7"},"south":{"uv":[11,3,11.66667,4.33333],"texture":"#7"},"west":{"uv":[11,4.33333,11.66667,5.66667],"texture":"#7"},"up":{"uv":[7,12.33333,6.33333,11.66667],"texture":"#7"},"down":{"uv":[12.33333,6.33333,11.66667,7],"texture":"#7"}}},{"from":[7.75,-0.25,7.25],"to":[8.25,1.25,8.75],"rotation":{"angle":0,"axis":"y","origin":[7.75,0,7.25]},"faces":{"north":{"uv":[11.66667,9,12,10],"texture":"#7"},"east":{"uv":[8.33333,6.33333,9.33333,7.33333],"texture":"#7"},"south":{"uv":[11.66667,10.33333,12,11.33333],"texture":"#7"},"west":{"uv":[8.33333,7.66667,9.33333,8.66667],"texture":"#7"},"up":{"uv":[12,12.66667,11.66667,11.66667],"texture":"#7"},"down":{"uv":[0.66667,12.33333,0.33333,13.33333],"texture":"#7"}}},{"from":[7.75,-9.75,7.25],"to":[8.25,-8.25,8.75],"rotation":{"angle":0,"axis":"y","origin":[7.75,-9.5,7.25]},"faces":{"north":{"uv":[12.33333,0.33333,12.66667,1.33333],"texture":"#7"},"east":{"uv":[9,0.33333,10,1.33333],"texture":"#7"},"south":{"uv":[1,12.33333,1.33333,13.33333],"texture":"#7"},"west":{"uv":[9,1.66667,10,2.66667],"texture":"#7"},"up":{"uv":[2,13.33333,1.66667,12.33333],"texture":"#7"},"down":{"uv":[12.66667,1.66667,12.33333,2.66667],"texture":"#7"}}},{"from":[7.5,-9.5,7.5],"to":[8.5,-7.5,8.5],"rotation":{"angle":0,"axis":"y","origin":[6.5,-9.5,7.5]},"faces":{"north":{"uv":[11,5.66667,11.66667,7],"texture":"#7"},"east":{"uv":[11,7,11.66667,8.33333],"texture":"#7"},"south":{"uv":[11,8.33333,11.66667,9.66667],"texture":"#7"},"west":{"uv":[9.66667,11,10.33333,12.33333],"texture":"#7"},"up":{"uv":[7.66667,12.33333,7,11.66667],"texture":"#7"},"down":{"uv":[12.33333,7,11.66667,7.66667],"texture":"#7"}}},{"from":[7.25,5.8,7],"to":[8.75,6.3,9],"rotation":{"angle":0,"axis":"y","origin":[7.25,5.8,7.25]},"faces":{"north":{"uv":[12.33333,3,13.33333,3.33333],"texture":"#7"},"east":{"uv":[7.66667,11.66667,9,12],"texture":"#7"},"south":{"uv":[12.33333,3.66667,13.33333,4],"texture":"#7"},"west":{"uv":[11.66667,7.66667,13,8],"texture":"#7"},"up":{"uv":[6.66667,9,5.66667,7.66667],"texture":"#7"},"down":{"uv":[8,7.66667,7,9],"texture":"#7"}}},{"from":[7.55,5.25,7.25],"to":[8.45,6.75,8.75],"rotation":{"angle":0,"axis":"y","origin":[7.75,0,7.25]},"faces":{"north":{"uv":[11.66667,1.66667,12.33333,2.66667],"texture":"#7"},"east":{"uv":[9,3,10,4],"texture":"#7"},"south":{"uv":[3,11.66667,3.66667,12.66667],"texture":"#7"},"west":{"uv":[9,4.33333,10,5.33333],"texture":"#7"},"up":{"uv":[12.33333,4,11.66667,3],"texture":"#7"},"down":{"uv":[4.33333,11.66667,3.66667,12.66667],"texture":"#7"}}},{"from":[7.55,14.25,7.25],"to":[8.45,15.75,8.75],"rotation":{"angle":0,"axis":"y","origin":[7.75,9,7.25]},"faces":{"north":{"uv":[4.33333,11.66667,5,12.66667],"texture":"#7"},"east":{"uv":[5.66667,9,6.66667,10],"texture":"#7"},"south":{"uv":[11.66667,4.33333,12.33333,5.33333],"texture":"#7"},"west":{"uv":[7,9,8,10],"texture":"#7"},"up":{"uv":[5.66667,12.66667,5,11.66667],"texture":"#7"},"down":{"uv":[6.33333,11.66667,5.66667,12.66667],"texture":"#7"}}},{"from":[7.5,15,8],"to":[8.5,17,10],"rotation":{"angle":-45,"axis":"x","origin":[7.5,15,8]},"faces":{"north":{"uv":[11,9.66667,11.66667,11],"texture":"#7"},"east":{"uv":[5.66667,6.33333,7,7.66667],"texture":"#7"},"south":{"uv":[10.33333,11,11,12.33333],"texture":"#7"},"west":{"uv":[7,6.33333,8.33333,7.66667],"texture":"#7"},"up":{"uv":[11.66667,12.33333,11,11],"texture":"#7"},"down":{"uv":[12.33333,0.33333,11.66667,1.66667],"texture":"#7"}}},{"from":[7.25,15.25,8.25],"to":[8.75,16.75,9.75],"rotation":{"angle":-45,"axis":"x","origin":[7.5,15,8]},"faces":{"north":{"uv":[8.33333,9,9.33333,10],"texture":"#7"},"east":{"uv":[9.66667,5.66667,10.66667,6.66667],"texture":"#7"},"south":{"uv":[9.66667,7,10.66667,8],"texture":"#7"},"west":{"uv":[9.66667,8.33333,10.66667,9.33333],"texture":"#7"},"up":{"uv":[10.66667,10.66667,9.66667,9.66667],"texture":"#7"},"down":{"uv":[11.33333,0.33333,10.33333,1.33333],"texture":"#7"}}},{"from":[7,12.75,9.25],"to":[9,17.25,11.25],"rotation":{"angle":0,"axis":"y","origin":[7,16.75,9.25]},"faces":{"north":{"uv":[2.66667,2.66667,1.33333,5.66667],"rotation":180,"texture":"#1"},"east":{"uv":[0,0,3,1.33333],"rotation":270,"texture":"#1"},"south":{"uv":[1.33333,5.66667,0,2.66667],"texture":"#1"},"west":{"uv":[0,1.33333,3,2.66667],"rotation":90,"texture":"#1"},"up":{"uv":[4.66667,0,6,1.33333],"rotation":180,"texture":"#1"},"down":{"uv":[4.66667,1.33333,6,2.66667],"texture":"#1"}}},{"from":[6.575,15.5,8.05],"to":[7.575,17,8.55],"rotation":{"angle":-22.5,"axis":"y","origin":[7.075,16.125,9.175]},"faces":{"north":{"uv":[9.33333,0,8.66667,1],"rotation":180,"texture":"#1"},"east":{"uv":[2.66667,10,3.66667,10.33333],"rotation":270,"texture":"#1"},"south":{"uv":[0.66667,9.66667,0,8.66667],"texture":"#1"},"west":{"uv":[10,3.33333,11,3.66667],"rotation":90,"texture":"#1"},"up":{"uv":[4,10,4.66667,10.33333],"rotation":180,"texture":"#1"},"down":{"uv":[10,4,10.66667,4.33333],"texture":"#1"}}},{"from":[6.575,15.5,8.55],"to":[7.575,16.5,9.55],"rotation":{"angle":-22.5,"axis":"y","origin":[7.075,16.125,9.175]},"faces":{"east":{"uv":[9.33333,0,10,0.66667],"rotation":270,"texture":"#1"},"west":{"uv":[9.33333,0.66667,10,1.33333],"rotation":90,"texture":"#1"},"up":{"uv":[4.66667,4,5.33333,4.66667],"rotation":180,"texture":"#1"},"down":{"uv":[0.66667,9.33333,1.33333,10],"texture":"#1"}}},{"from":[6.575,15.5,9.55],"to":[7.575,17,10.55],"rotation":{"angle":-22.5,"axis":"y","origin":[7.075,16.125,9.175]},"faces":{"north":{"uv":[9.33333,2,8.66667,3],"rotation":180,"texture":"#1"},"east":{"uv":[0.66667,8.66667,1.66667,9.33333],"rotation":270,"texture":"#1"},"south":{"uv":[2.66667,9.66667,2,8.66667],"texture":"#1"},"west":{"uv":[8.66667,1.33333,9.66667,2],"rotation":90,"texture":"#1"},"up":{"uv":[1.33333,9.33333,2,10],"rotation":180,"texture":"#1"},"down":{"uv":[9.33333,2,10,2.66667],"texture":"#1"}}},{"from":[8.425,15.5,9.55],"to":[9.425,17,10.55],"rotation":{"angle":22.5,"axis":"y","origin":[8.925,16.125,9.175]},"faces":{"north":{"uv":[8.66667,2,9.33333,3],"rotation":180,"texture":"#1"},"east":{"uv":[8.66667,2,9.66667,1.33333],"rotation":90,"texture":"#1"},"south":{"uv":[2,9.66667,2.66667,8.66667],"texture":"#1"},"west":{"uv":[0.66667,9.33333,1.66667,8.66667],"rotation":270,"texture":"#1"},"up":{"uv":[2,9.33333,1.33333,10],"rotation":180,"texture":"#1"},"down":{"uv":[10,2,9.33333,2.66667],"texture":"#1"}}},{"from":[8.425,15.5,8.55],"to":[9.425,16.5,9.55],"rotation":{"angle":22.5,"axis":"y","origin":[8.925,16.125,9.175]},"faces":{"east":{"uv":[9.33333,1.33333,10,0.66667],"rotation":90,"texture":"#1"},"west":{"uv":[9.33333,0.66667,10,0],"rotation":270,"texture":"#1"},"up":{"uv":[5.33333,4,4.66667,4.66667],"rotation":180,"texture":"#1"},"down":{"uv":[1.33333,9.33333,0.66667,10],"texture":"#1"}}},{"from":[8.425,15.5,8.05],"to":[9.425,17,8.55],"rotation":{"angle":22.5,"axis":"y","origin":[8.925,16.125,9.175]},"faces":{"north":{"uv":[8.66667,0,9.33333,1],"rotation":180,"texture":"#1"},"east":{"uv":[10,3.66667,11,3.33333],"rotation":90,"texture":"#1"},"south":{"uv":[0,9.66667,0.66667,8.66667],"texture":"#1"},"west":{"uv":[2.66667,10.33333,3.66667,10],"rotation":270,"texture":"#1"},"up":{"uv":[4.66667,10,4,10.33333],"rotation":180,"texture":"#1"},"down":{"uv":[10.66667,4,10,4.33333],"texture":"#1"}}},{"from":[7.25,16.98314,9.88956],"to":[8.75,18.48314,11.38956],"rotation":{"angle":-22.5,"axis":"x","origin":[8,17.20814,10.71456]},"faces":{"north":{"uv":[8.33333,0,7.33333,1],"rotation":180,"texture":"#1"},"east":{"uv":[5.33333,6.66667,6.33333,7.66667],"rotation":270,"texture":"#1"},"south":{"uv":[1,8.33333,0,7.33333],"texture":"#1"},"west":{"uv":[6.66667,6.66667,7.66667,7.66667],"rotation":90,"texture":"#1"},"up":{"uv":[6.66667,4,7.66667,5],"rotation":180,"texture":"#1"},"down":{"uv":[6.66667,5.33333,7.66667,6.33333],"texture":"#1"}}},{"from":[7,18.025,9.2],"to":[9,20.025,11.2],"rotation":{"angle":0,"axis":"y","origin":[7,20.275,10.1]},"faces":{"north":{"uv":[2.66667,4.66667,4,6],"texture":"#1"},"east":{"uv":[4.66667,2.66667,6,4],"texture":"#1"},"south":{"uv":[4,4.66667,5.33333,6],"texture":"#1"},"west":{"uv":[5.33333,4,6.66667,5.33333],"texture":"#1"},"up":{"uv":[6.66667,6.66667,5.33333,5.33333],"texture":"#1"},"down":{"uv":[1.33333,6,0,7.33333],"texture":"#1"}}},{"from":[7,18.025,8.2],"to":[9,19.025,9.2],"rotation":{"angle":0,"axis":"y","origin":[8,20.275,10.1]},"faces":{"north":{"uv":[3.33333,2,4.66667,2.66667],"texture":"#1"},"east":{"uv":[4,9.33333,4.66667,10],"texture":"#1"},"west":{"uv":[4.66667,9.33333,5.33333,10],"texture":"#1"},"up":{"uv":[8,8.66667,6.66667,8],"texture":"#1"},"down":{"uv":[9.33333,6.66667,8,7.33333],"texture":"#1"}}},{"from":[7.25,18.275,7.95],"to":[8.75,19.275,9.2],"rotation":{"angle":0,"axis":"y","origin":[8,20.275,10.1]},"faces":{"north":{"uv":[2.66667,8.66667,3.66667,9.33333],"texture":"#1"},"east":{"uv":[8.66667,3.33333,9.66667,4],"texture":"#1"},"west":{"uv":[4,8.66667,5,9.33333],"texture":"#1"},"up":{"uv":[2.33333,8.33333,1.33333,7.33333],"texture":"#1"},"down":{"uv":[8.33333,1.33333,7.33333,2.33333],"texture":"#1"}}},{"from":[6.7,11.67729,9.66902],"to":[8.2,13.67729,11.16902],"rotation":{"angle":-22.5,"axis":"z","origin":[7.05225,11.46654,10.4172]},"faces":{"north":{"uv":[5,6,4,7.33333],"rotation":180,"texture":"#1"},"east":{"uv":[6,1.33333,7.33333,2.33333],"rotation":270,"texture":"#1"},"south":{"uv":[7,4,6,2.66667],"texture":"#1"},"west":{"uv":[2.66667,6,4,7],"rotation":90,"texture":"#1"},"up":{"uv":[2.66667,7.33333,3.66667,8.33333],"rotation":180,"texture":"#1"},"down":{"uv":[7.33333,2.66667,8.33333,3.66667],"texture":"#1"}}},{"from":[6.70048,10.59981,9.79178],"to":[7.94548,12.25981,11.03678],"rotation":{"angle":-45,"axis":"z","origin":[7.05225,11.46654,10.4172]},"faces":{"north":{"uv":[7.33333,8.66667,6.66667,9.66667],"rotation":180,"texture":"#1"},"east":{"uv":[8.66667,4,9.66667,4.66667],"rotation":270,"texture":"#1"},"south":{"uv":[9.33333,6.33333,8.66667,5.33333],"texture":"#1"},"west":{"uv":[8.66667,4.66667,9.66667,5.33333],"rotation":90,"texture":"#1"},"up":{"uv":[5.33333,9.33333,6,10],"rotation":180,"texture":"#1"},"down":{"uv":[9.33333,5.33333,10,6],"texture":"#1"}}},{"from":[5.22597,10.37498,9.90343],"to":[6.60377,11.40833,10.93678],"rotation":{"angle":22.5,"axis":"z","origin":[7.05225,11.46654,10.4172]},"faces":{"north":{"uv":[8,8.66667,8.66667,9.66667],"rotation":90,"texture":"#1"},"east":{"uv":[10,6,9.33333,6.66667],"rotation":90,"texture":"#1"},"south":{"uv":[7.33333,8.66667,8,9.66667],"rotation":270,"texture":"#1"},"west":{"uv":[6.66667,10,6,9.33333],"rotation":90,"texture":"#1"},"up":{"uv":[8.66667,8.66667,9.33333,9.66667],"rotation":270,"texture":"#1"},"down":{"uv":[8.66667,7.33333,9.33333,8.33333],"rotation":270,"texture":"#1"}}},{"from":[6.43934,18.525,9.80355],"to":[6.43934,20.025,11.30355],"rotation":{"angle":-45,"axis":"y","origin":[5.93934,19.025,10.80355]},"faces":{"east":{"uv":[5,7.33333,4,8.33333],"texture":"#1"},"west":{"uv":[4,7.33333,5,8.33333],"texture":"#1"}}},{"from":[6.9,19.075,11],"to":[7.9,20.075,12],"rotation":{"angle":-22.5,"axis":"x","origin":[6.9,19.075,11]},"faces":{"north":{"uv":[9.33333,6.66667,10,7.33333],"texture":"#1"},"east":{"uv":[9.33333,7.33333,10,8],"texture":"#1"},"south":{"uv":[9.33333,8,10,8.66667],"texture":"#1"},"west":{"uv":[9.33333,8.66667,10,9.33333],"texture":"#1"},"up":{"uv":[10,10,9.33333,9.33333],"texture":"#1"},"down":{"uv":[0.66667,10,0,10.66667],"texture":"#1"}}},{"from":[7.005,19.71979,11.40388],"to":[7.795,20.50979,12.19388],"rotation":{"angle":-45,"axis":"x","origin":[7.4,20.16479,11.92388]},"faces":{"east":{"uv":[10,0,10.66667,0.66667],"texture":"#1"},"south":{"uv":[0.66667,10,1.33333,10.66667],"texture":"#1"},"west":{"uv":[10,0.66667,10.66667,1.33333],"texture":"#1"},"up":{"uv":[2,10.66667,1.33333,10],"texture":"#1"},"down":{"uv":[10.66667,1.33333,10,2],"texture":"#1"}}},{"from":[7.10375,20.13589,11.94444],"to":[7.69625,20.72839,12.53694],"rotation":{"angle":22.5,"axis":"x","origin":[7.4,20.55714,12.21569]},"faces":{"north":{"uv":[6.66667,10,7,10.33333],"texture":"#1"},"east":{"uv":[10,6.66667,10.33333,7],"texture":"#1"},"south":{"uv":[7.33333,10,7.66667,10.33333],"texture":"#1"},"west":{"uv":[10,7.33333,10.33333,7.66667],"texture":"#1"},"up":{"uv":[8.33333,10.33333,8,10],"texture":"#1"}}},{"from":[6.8,19.725,9.05],"to":[7.8,20.225,10.05],"rotation":{"angle":-22.5,"axis":"x","origin":[7.3,19.975,9.6]},"faces":{"north":{"uv":[12,0,12.66667,0.33333],"texture":"#1"},"east":{"uv":[10,5.33333,10.66667,5.66667],"texture":"#1"},"south":{"uv":[12.66667,0,13.33333,0.33333],"texture":"#1"},"west":{"uv":[10,6,10.66667,6.33333],"texture":"#1"},"up":{"uv":[11.66667,0.66667,11,0],"texture":"#1"},"down":{"uv":[10.66667,2,10,2.66667],"texture":"#1"}}},{"from":[5.15186,13.75,12.01444],"to":[7.15186,16.75,12.01444],"rotation":{"angle":22.5,"axis":"y","origin":[5.15186,17.25,12.01444]},"faces":{"north":{"uv":[4.66667,0,3.33333,2],"rotation":180,"texture":"#1"},"south":{"uv":[4.66667,2,3.33333,0],"texture":"#1"}}},{"from":[2.15186,13.75,12.01444],"to":[5.15186,16.75,12.01444],"rotation":{"angle":-22.5,"axis":"y","origin":[5.15186,17.25,12.01444]},"faces":{"north":{"uv":[4.66667,2.66667,2.66667,4.66667],"rotation":180,"texture":"#1"},"south":{"uv":[4.66667,4.66667,2.66667,2.66667],"texture":"#1"}}},{"from":[8.3,12.5,8.25],"to":[9.3,14.5,8.75],"rotation":{"angle":22.5,"axis":"y","origin":[8.8,13.375,9.125]},"faces":{"north":{"uv":[6,8,6.66667,9.33333],"rotation":180,"texture":"#1"},"east":{"uv":[10.66667,2.66667,9.33333,3],"rotation":270,"texture":"#1"},"south":{"uv":[8,6.66667,8.66667,5.33333],"texture":"#1"},"west":{"uv":[4,9.33333,2.66667,9.66667],"rotation":90,"texture":"#1"},"up":{"uv":[5.33333,10,4.66667,10.33333],"rotation":180,"texture":"#1"},"down":{"uv":[10.66667,4.66667,10,5],"texture":"#1"}}},{"from":[8.3,12.5,8.75],"to":[9.3,14,10.75],"rotation":{"angle":22.5,"axis":"y","origin":[8.8,13.375,9.125]},"faces":{"east":{"uv":[2.33333,6,1.33333,7.33333],"rotation":270,"texture":"#1"},"south":{"uv":[8,8.33333,8.66667,7.33333],"texture":"#1"},"west":{"uv":[7,0,6,1.33333],"rotation":90,"texture":"#1"},"up":{"uv":[8.66667,4,8,5.33333],"rotation":180,"texture":"#1"},"down":{"uv":[6,8,5.33333,9.33333],"texture":"#1"}}},{"from":[6.7,12.5,8.75],"to":[7.7,14,10.75],"rotation":{"angle":-22.5,"axis":"y","origin":[7.2,13.375,9.125]},"faces":{"east":{"uv":[7,1.33333,6,0],"rotation":90,"texture":"#1"},"south":{"uv":[8.66667,8.33333,8,7.33333],"texture":"#1"},"west":{"uv":[2.33333,7.33333,1.33333,6],"rotation":270,"texture":"#1"},"up":{"uv":[8,4,8.66667,5.33333],"rotation":180,"texture":"#1"},"down":{"uv":[5.33333,8,6,9.33333],"texture":"#1"}}},{"from":[6.7,12.5,8.25],"to":[7.7,14.5,8.75],"rotation":{"angle":-22.5,"axis":"y","origin":[7.2,13.375,9.125]},"faces":{"north":{"uv":[6.66667,8,6,9.33333],"rotation":180,"texture":"#1"},"east":{"uv":[4,9.66667,2.66667,9.33333],"rotation":90,"texture":"#1"},"south":{"uv":[8.66667,6.66667,8,5.33333],"texture":"#1"},"west":{"uv":[10.66667,3,9.33333,2.66667],"rotation":270,"texture":"#1"},"up":{"uv":[4.66667,10,5.33333,10.33333],"rotation":180,"texture":"#1"},"down":{"uv":[10,4.66667,10.66667,5],"texture":"#1"}}},{"from":[8.205,19.71979,11.40388],"to":[8.995,20.50979,12.19388],"rotation":{"angle":-45,"axis":"x","origin":[8.6,20.16479,11.92388]},"faces":{"east":{"uv":[10.66667,0.66667,10,1.33333],"texture":"#1"},"south":{"uv":[1.33333,10,0.66667,10.66667],"texture":"#1"},"west":{"uv":[10.66667,0,10,0.66667],"texture":"#1"},"up":{"uv":[1.33333,10.66667,2,10],"texture":"#1"},"down":{"uv":[10,1.33333,10.66667,2],"texture":"#1"}}},{"from":[8.30375,20.13589,11.94444],"to":[8.89625,20.72839,12.53694],"rotation":{"angle":22.5,"axis":"x","origin":[8.6,20.55714,12.21569]},"faces":{"north":{"uv":[7,10,6.66667,10.33333],"texture":"#1"},"east":{"uv":[10.33333,7.33333,10,7.66667],"texture":"#1"},"south":{"uv":[7.66667,10,7.33333,10.33333],"texture":"#1"},"west":{"uv":[10.33333,6.66667,10,7],"texture":"#1"},"up":{"uv":[8,10.33333,8.33333,10],"texture":"#1"}}},{"from":[8.1,19.075,11],"to":[9.1,20.075,12],"rotation":{"angle":-22.5,"axis":"x","origin":[9.1,19.075,11]},"faces":{"north":{"uv":[10,6.66667,9.33333,7.33333],"texture":"#1"},"east":{"uv":[10,8.66667,9.33333,9.33333],"texture":"#1"},"south":{"uv":[10,8,9.33333,8.66667],"texture":"#1"},"west":{"uv":[10,7.33333,9.33333,8],"texture":"#1"},"up":{"uv":[9.33333,10,10,9.33333],"texture":"#1"},"down":{"uv":[0,10,0.66667,10.66667],"texture":"#1"}}},{"from":[8.2,19.725,9.05],"to":[9.2,20.225,10.05],"rotation":{"angle":-22.5,"axis":"x","origin":[8.7,19.975,9.6]},"faces":{"north":{"uv":[12.66667,0,12,0.33333],"texture":"#1"},"east":{"uv":[10.66667,6,10,6.33333],"texture":"#1"},"south":{"uv":[13.33333,0,12.66667,0.33333],"texture":"#1"},"west":{"uv":[10.66667,5.33333,10,5.66667],"texture":"#1"},"up":{"uv":[11,0.66667,11.66667,0],"texture":"#1"},"down":{"uv":[10,2,10.66667,2.66667],"texture":"#1"}}},{"from":[9.56066,18.525,9.80355],"to":[9.56066,20.025,11.30355],"rotation":{"angle":45,"axis":"y","origin":[10.06066,19.025,10.80355]},"faces":{"east":{"uv":[5,7.33333,4,8.33333],"texture":"#1"},"west":{"uv":[4,7.33333,5,8.33333],"texture":"#1"}}},{"from":[10.84814,13.75,12.01444],"to":[13.84814,16.75,12.01444],"rotation":{"angle":22.5,"axis":"y","origin":[10.84814,17.25,12.01444]},"faces":{"north":{"uv":[2.66667,2.66667,4.66667,4.66667],"rotation":180,"texture":"#1"},"south":{"uv":[2.66667,4.66667,4.66667,2.66667],"texture":"#1"}}},{"from":[8.84814,13.75,12.01444],"to":[10.84814,16.75,12.01444],"rotation":{"angle":-22.5,"axis":"y","origin":[10.84814,17.25,12.01444]},"faces":{"north":{"uv":[3.33333,0,4.66667,2],"rotation":180,"texture":"#1"},"south":{"uv":[3.33333,2,4.66667,0],"texture":"#1"}}},{"from":[7.985,-12.5,6.5],"to":[8.015,-8.5,9.5],"rotation":{"angle":0,"axis":"y","origin":[0.985,-9.5,-0.5]},"faces":{"east":{"uv":[6,0,0,8],"texture":"#4"},"west":{"uv":[0,0,6,8],"texture":"#4"}}},{"from":[3.45343,8.55343,10.485],"to":[7.45343,11.55343,10.515],"rotation":{"angle":22.5,"axis":"z","origin":[6.32843,7.42843,10.5]},"faces":{"north":{"uv":[6,0,0,8],"rotation":270,"texture":"#4"},"south":{"uv":[0,0,6,8],"rotation":90,"texture":"#4"}}},{"from":[7.5,6.5,7.5],"to":[8.5,14.75,8.5],"rotation":{"angle":0,"axis":"y","origin":[7.5,6.5,7.5]},"faces":{"north":{"uv":[0.33333,6.33333,1,12],"texture":"#7"},"east":{"uv":[1,6.33333,1.66667,12],"texture":"#7"},"south":{"uv":[1.66667,6.33333,2.33333,12],"texture":"#7"},"west":{"uv":[2.33333,6.33333,3,12],"texture":"#7"},"up":{"uv":[12.33333,9,11.66667,8.33333],"texture":"#7"},"down":{"uv":[9.66667,11.66667,9,12.33333],"texture":"#7"}}},{"from":[7.55,-7.5,7.55],"to":[8.45,0,8.45],"rotation":{"angle":0,"axis":"y","origin":[7.5,-8.25,7.5]},"faces":{"north":{"uv":[3,6.33333,3.66667,11.33333],"texture":"#7"},"east":{"uv":[3.66667,6.33333,4.33333,11.33333],"texture":"#7"},"south":{"uv":[4.33333,6.33333,5,11.33333],"texture":"#7"},"west":{"uv":[5,6.33333,5.66667,11.33333],"texture":"#7"}}},{"from":[7.985,8.5,-5.25],"to":[8.015,17.5,7.75],"rotation":{"angle":0,"axis":"y","origin":[7.985,10.5,-0.25]},"faces":{"east":{"uv":[8.66667,0,0,6],"texture":"#7"},"west":{"uv":[0,0,8.66667,6],"texture":"#7"},"down":{"uv":[0,0,0,8.66667],"texture":"#7"}}}],"gui_light":"front","display":{"thirdperson_righthand":{"translation":[0,2.25,0.75]},"thirdperson_lefthand":{"translation":[0,2.25,0.75]},"firstperson_righthand":{"rotation":[-15,0,0],"translation":[0,3.5,0]},"firstperson_lefthand":{"rotation":[-15,0,0],"translation":[0,3.5,0]},"ground":{"rotation":[-45,0,0],"translation":[0,14.25,0]},"gui":{"rotation":[-90,45,90],"translation":[0.75,2,0],"scale":[0.59766,0.59766,0.59766]},"head":{"rotation":[0,180,0],"translation":[0,-6,0],"scale":[2.02734,2.02734,2.02734]},"fixed":{"rotation":[-90,0,0],"translation":[0,0,-44.25],"scale":[2.5,2.5,2.5]}},"groups":[0,1,2,3,4,5,6,7,8,9,10,{"name":"group","origin":[10.84814,3.76444,5.5],"color":0,"boneType":"","children":[11,12,13,14,15,16,17,18,19,20,21,22,23,24,25,26,27,28,29,30,31,32,33,34,35,36,37,38,39,40,41,42]},43,44,45,46,47]}