{
  "credit": "Made by PolygonMC",
  "texture_size": [
    24,
    24
  ],
  "textures": {
    "1": "littledragonset:little_dragon",
    "4": "littledragonset:animations/animations_flame_02",
    "6": "littledragonset:hammer",
    "particle": "littledragonset:hammer"
  },
  "elements": [
    {
      "from": [
        7.5,
        0,
        7.5
      ],
      "to": [
        8.5,
        2,
        8.5
      ],
      "rotation": {
        "angle": 0,
        "axis": "y",
        "origin": [
          6.5,
          0,
          7.5
        ]
      },
      "faces": {
        "north": {
          "uv": [
            5.33333,
            11.33333,
            6,
            12.66667
          ],
          "texture": "#6"
        },
        "east": {
          "uv": [
            6,
            11.33333,
            6.66667,
            12.66667
          ],
          "texture": "#6"
        },
        "south": {
          "uv": [
            6.66667,
            11.33333,
            7.33333,
            12.66667
          ],
          "texture": "#6"
        },
        "west": {
          "uv": [
            7.33333,
            11.33333,
            8,
            12.66667
          ],
          "texture": "#6"
        },
        "up": {
          "uv": [
            6,
            2.66667,
            5.33333,
            2
          ],
          "texture": "#6"
        },
        "down": {
          "uv": [
            6.66667,
            2,
            6,
            2.66667
          ],
          "texture": "#6"
        }
      }
    },
    {
      "from": [
        7.6,
        2,
        7.6
      ],
      "to": [
        8.4,
        3.8,
        8.4
      ],
      "rotation": {
        "angle": 0,
        "axis": "y",
        "origin": [
          6.5,
          0,
          7.5
        ]
      },
      "faces": {
        "north": {
          "uv": [
            8,
            11.33333,
            8.66667,
            12.66667
          ],
          "texture": "#6"
        },
        "east": {
          "uv": [
            11.33333,
            9.33333,
            12,
            10.66667
          ],
          "texture": "#6"
        },
        "south": {
          "uv": [
            11.33333,
            10.66667,
            12,
            12
          ],
          "texture": "#6"
        },
        "west": {
          "uv": [
            12,
            4,
            12.66667,
            5.33333
          ],
          "texture": "#6"
        }
      }
    },
    {
      "from": [
        7.5,
        3.8,
        7.5
      ],
      "to": [
        8.5,
        5.8,
        8.5
      ],
      "rotation": {
        "angle": 0,
        "axis": "y",
        "origin": [
          6.5,
          0,
          7.5
        ]
      },
      "faces": {
        "north": {
          "uv": [
            12,
            5.33333,
            12.66667,
            6.66667
          ],
          "texture": "#6"
        },
        "east": {
          "uv": [
            12,
            6.66667,
            12.66667,
            8
          ],
          "texture": "#6"
        },
        "south": {
          "uv": [
            12,
            8,
            12.66667,
            9.33333
          ],
          "texture": "#6"
        },
        "west": {
          "uv": [
            8.66667,
            12,
            9.33333,
            13.33333
          ],
          "texture": "#6"
        },
        "up": {
          "uv": [
            8.66667,
            2,
            8,
            1.33333
          ],
          "texture": "#6"
        },
        "down": {
          "uv": [
            9.33333,
            1.33333,
            8.66667,
            2
          ],
          "texture": "#6"
        }
      }
    },
    {
      "from": [
        7.75,
        -0.25,
        7.25
      ],
      "to": [
        8.25,
        1.25,
        8.75
      ],
      "rotation": {
        "angle": 0,
        "axis": "y",
        "origin": [
          7.75,
          0,
          7.25
        ]
      },
      "faces": {
        "north": {
          "uv": [
            12.66667,
            4.66667,
            13,
            5.66667
          ],
          "texture": "#6"
        },
        "east": {
          "uv": [
            10,
            1.33333,
            11,
            2.33333
          ],
          "texture": "#6"
        },
        "south": {
          "uv": [
            5.33333,
            12.66667,
            5.66667,
            13.66667
          ],
          "texture": "#6"
        },
        "west": {
          "uv": [
            10,
            2.66667,
            11,
            3.66667
          ],
          "texture": "#6"
        },
        "up": {
          "uv": [
            6.33333,
            13.66667,
            6,
            12.66667
          ],
          "texture": "#6"
        },
        "down": {
          "uv": [
            13,
            6,
            12.66667,
            7
          ],
          "texture": "#6"
        }
      }
    },
    {
      "from": [
        7.75,
        -6.75,
        7.25
      ],
      "to": [
        8.25,
        -5.25,
        8.75
      ],
      "rotation": {
        "angle": 0,
        "axis": "y",
        "origin": [
          7.75,
          -9.5,
          7.25
        ]
      },
      "faces": {
        "north": {
          "uv": [
            6.66667,
            12.66667,
            7,
            13.66667
          ],
          "texture": "#6"
        },
        "east": {
          "uv": [
            10,
            9.33333,
            11,
            10.33333
          ],
          "texture": "#6"
        },
        "south": {
          "uv": [
            7.33333,
            12.66667,
            7.66667,
            13.66667
          ],
          "texture": "#6"
        },
        "west": {
          "uv": [
            10.66667,
            4,
            11.66667,
            5
          ],
          "texture": "#6"
        },
        "up": {
          "uv": [
            13,
            8.33333,
            12.66667,
            7.33333
          ],
          "texture": "#6"
        },
        "down": {
          "uv": [
            8.33333,
            12.66667,
            8,
            13.66667
          ],
          "texture": "#6"
        }
      }
    },
    {
      "from": [
        7.5,
        -6.5,
        7.5
      ],
      "to": [
        8.5,
        -4.5,
        8.5
      ],
      "rotation": {
        "angle": 0,
        "axis": "y",
        "origin": [
          6.5,
          -9.5,
          7.5
        ]
      },
      "faces": {
        "north": {
          "uv": [
            9.33333,
            12,
            10,
            13.33333
          ],
          "texture": "#6"
        },
        "east": {
          "uv": [
            12,
            9.33333,
            12.66667,
            10.66667
          ],
          "texture": "#6"
        },
        "south": {
          "uv": [
            10,
            12,
            10.66667,
            13.33333
          ],
          "texture": "#6"
        },
        "west": {
          "uv": [
            10.66667,
            12,
            11.33333,
            13.33333
          ],
          "texture": "#6"
        },
        "up": {
          "uv": [
            9.33333,
            6.66667,
            8.66667,
            6
          ],
          "texture": "#6"
        },
        "down": {
          "uv": [
            10,
            1.33333,
            9.33333,
            2
          ],
          "texture": "#6"
        }
      }
    },
    {
      "from": [
        7.25,
        5.8,
        7
      ],
      "to": [
        8.75,
        6.3,
        9
      ],
      "rotation": {
        "angle": 0,
        "axis": "y",
        "origin": [
          7.25,
          5.8,
          7.25
        ]
      },
      "faces": {
        "north": {
          "uv": [
            12.66667,
            8.66667,
            13.66667,
            9
          ],
          "texture": "#6"
        },
        "east": {
          "uv": [
            4,
            12.66667,
            5.33333,
            13
          ],
          "texture": "#6"
        },
        "south": {
          "uv": [
            12.66667,
            9.33333,
            13.66667,
            9.66667
          ],
          "texture": "#6"
        },
        "west": {
          "uv": [
            12.66667,
            4,
            14,
            4.33333
          ],
          "texture": "#6"
        },
        "up": {
          "uv": [
            11,
            1.33333,
            10,
            0
          ],
          "texture": "#6"
        },
        "down": {
          "uv": [
            2.33333,
            10,
            1.33333,
            11.33333
          ],
          "texture": "#6"
        }
      }
    },
    {
      "from": [
        7.55,
        5.25,
        7.25
      ],
      "to": [
        8.45,
        6.75,
        8.75
      ],
      "rotation": {
        "angle": 0,
        "axis": "y",
        "origin": [
          7.75,
          0,
          7.25
        ]
      },
      "faces": {
        "north": {
          "uv": [
            12.66667,
            0,
            13.33333,
            1
          ],
          "texture": "#6"
        },
        "east": {
          "uv": [
            10.66667,
            5.33333,
            11.66667,
            6.33333
          ],
          "texture": "#6"
        },
        "south": {
          "uv": [
            0.66667,
            12.66667,
            1.33333,
            13.66667
          ],
          "texture": "#6"
        },
        "west": {
          "uv": [
            10.66667,
            6.66667,
            11.66667,
            7.66667
          ],
          "texture": "#6"
        },
        "up": {
          "uv": [
            2,
            13.66667,
            1.33333,
            12.66667
          ],
          "texture": "#6"
        },
        "down": {
          "uv": [
            13.33333,
            1.33333,
            12.66667,
            2.33333
          ],
          "texture": "#6"
        }
      }
    },
    {
      "from": [
        7.55,
        14.25,
        7.25
      ],
      "to": [
        8.45,
        15.75,
        8.75
      ],
      "rotation": {
        "angle": 0,
        "axis": "y",
        "origin": [
          7.75,
          9,
          7.25
        ]
      },
      "faces": {
        "north": {
          "uv": [
            2,
            12.66667,
            2.66667,
            13.66667
          ],
          "texture": "#6"
        },
        "east": {
          "uv": [
            10.66667,
            8,
            11.66667,
            9
          ],
          "texture": "#6"
        },
        "south": {
          "uv": [
            2.66667,
            12.66667,
            3.33333,
            13.66667
          ],
          "texture": "#6"
        },
        "west": {
          "uv": [
            8.66667,
            10.66667,
            9.66667,
            11.66667
          ],
          "texture": "#6"
        },
        "up": {
          "uv": [
            13.33333,
            3.66667,
            12.66667,
            2.66667
          ],
          "texture": "#6"
        },
        "down": {
          "uv": [
            4,
            12.66667,
            3.33333,
            13.66667
          ],
          "texture": "#6"
        }
      }
    },
    {
      "from": [
        7.5,
        15,
        8
      ],
      "to": [
        8.5,
        17,
        10
      ],
      "rotation": {
        "angle": -45,
        "axis": "x",
        "origin": [
          7.5,
          15,
          8
        ]
      },
      "faces": {
        "north": {
          "uv": [
            12,
            10.66667,
            12.66667,
            12
          ],
          "texture": "#6"
        },
        "east": {
          "uv": [
            8.66667,
            9.33333,
            10,
            10.66667
          ],
          "texture": "#6"
        },
        "south": {
          "uv": [
            11.33333,
            12,
            12,
            13.33333
          ],
          "texture": "#6"
        },
        "west": {
          "uv": [
            0,
            10,
            1.33333,
            11.33333
          ],
          "texture": "#6"
        },
        "up": {
          "uv": [
            12.66667,
            13.33333,
            12,
            12
          ],
          "texture": "#6"
        },
        "down": {
          "uv": [
            0.66667,
            12.66667,
            0,
            14
          ],
          "texture": "#6"
        }
      }
    },
    {
      "from": [
        7.25,
        15.25,
        8.25
      ],
      "to": [
        8.75,
        16.75,
        9.75
      ],
      "rotation": {
        "angle": -45,
        "axis": "x",
        "origin": [
          7.5,
          15,
          8
        ]
      },
      "faces": {
        "north": {
          "uv": [
            10,
            10.66667,
            11,
            11.66667
          ],
          "texture": "#6"
        },
        "east": {
          "uv": [
            0,
            11.33333,
            1,
            12.33333
          ],
          "texture": "#6"
        },
        "south": {
          "uv": [
            11.33333,
            0,
            12.33333,
            1
          ],
          "texture": "#6"
        },
        "west": {
          "uv": [
            1.33333,
            11.33333,
            2.33333,
            12.33333
          ],
          "texture": "#6"
        },
        "up": {
          "uv": [
            12.33333,
            2.33333,
            11.33333,
            1.33333
          ],
          "texture": "#6"
        },
        "down": {
          "uv": [
            3.66667,
            11.33333,
            2.66667,
            12.33333
          ],
          "texture": "#6"
        }
      }
    },
    {
      "from": [
        7,
        18.65,
        5.2
      ],
      "to": [
        9,
        20.65,
        9.7
      ],
      "rotation": {
        "angle": 22.5,
        "axis": "x",
        "origin": [
          8,
          19.65,
          7.45
        ]
      },
      "faces": {
        "north": {
          "uv": [
            4.66667,
            0,
            6,
            1.33333
          ],
          "texture": "#1"
        },
        "east": {
          "uv": [
            0,
            0,
            3,
            1.33333
          ],
          "texture": "#1"
        },
        "south": {
          "uv": [
            4.66667,
            1.33333,
            6,
            2.66667
          ],
          "texture": "#1"
        },
        "west": {
          "uv": [
            0,
            1.33333,
            3,
            2.66667
          ],
          "texture": "#1"
        },
        "up": {
          "uv": [
            1.33333,
            5.66667,
            0,
            2.66667
          ],
          "texture": "#1"
        },
        "down": {
          "uv": [
            2.66667,
            2.66667,
            1.33333,
            5.66667
          ],
          "texture": "#1"
        }
      }
    },
    {
      "from": [
        6.575,
        17.45,
        5.45
      ],
      "to": [
        7.575,
        17.95,
        6.95
      ],
      "rotation": {
        "angle": 22.5,
        "axis": "z",
        "origin": [
          7.075,
          18.575,
          6.325
        ]
      },
      "faces": {
        "north": {
          "uv": [
            4,
            10,
            4.66667,
            10.33333
          ],
          "texture": "#1"
        },
        "east": {
          "uv": [
            2.66667,
            10,
            3.66667,
            10.33333
          ],
          "texture": "#1"
        },
        "south": {
          "uv": [
            10,
            4,
            10.66667,
            4.33333
          ],
          "texture": "#1"
        },
        "west": {
          "uv": [
            10,
            3.33333,
            11,
            3.66667
          ],
          "texture": "#1"
        },
        "up": {
          "uv": [
            0.66667,
            9.66667,
            0,
            8.66667
          ],
          "texture": "#1"
        },
        "down": {
          "uv": [
            9.33333,
            0,
            8.66667,
            1
          ],
          "texture": "#1"
        }
      }
    },
    {
      "from": [
        6.575,
        17.95,
        5.95
      ],
      "to": [
        7.575,
        18.95,
        6.95
      ],
      "rotation": {
        "angle": 22.5,
        "axis": "z",
        "origin": [
          7.075,
          18.575,
          6.325
        ]
      },
      "faces": {
        "north": {
          "uv": [
            4.66667,
            4,
            5.33333,
            4.66667
          ],
          "texture": "#1"
        },
        "east": {
          "uv": [
            9.33333,
            0,
            10,
            0.66667
          ],
          "texture": "#1"
        },
        "south": {
          "uv": [
            0.66667,
            9.33333,
            1.33333,
            10
          ],
          "texture": "#1"
        },
        "west": {
          "uv": [
            9.33333,
            0.66667,
            10,
            1.33333
          ],
          "texture": "#1"
        }
      }
    },
    {
      "from": [
        6.575,
        18.95,
        5.45
      ],
      "to": [
        7.575,
        19.95,
        6.95
      ],
      "rotation": {
        "angle": 22.5,
        "axis": "z",
        "origin": [
          7.075,
          18.575,
          6.325
        ]
      },
      "faces": {
        "north": {
          "uv": [
            1.33333,
            9.33333,
            2,
            10
          ],
          "texture": "#1"
        },
        "east": {
          "uv": [
            0.66667,
            8.66667,
            1.66667,
            9.33333
          ],
          "texture": "#1"
        },
        "south": {
          "uv": [
            9.33333,
            2,
            10,
            2.66667
          ],
          "texture": "#1"
        },
        "west": {
          "uv": [
            8.66667,
            1.33333,
            9.66667,
            2
          ],
          "texture": "#1"
        },
        "up": {
          "uv": [
            2.66667,
            9.66667,
            2,
            8.66667
          ],
          "texture": "#1"
        },
        "down": {
          "uv": [
            9.33333,
            2,
            8.66667,
            3
          ],
          "texture": "#1"
        }
      }
    },
    {
      "from": [
        8.425,
        18.95,
        5.45
      ],
      "to": [
        9.425,
        19.95,
        6.95
      ],
      "rotation": {
        "angle": -22.5,
        "axis": "z",
        "origin": [
          8.925,
          18.575,
          6.325
        ]
      },
      "faces": {
        "north": {
          "uv": [
            2,
            9.33333,
            1.33333,
            10
          ],
          "texture": "#1"
        },
        "east": {
          "uv": [
            8.66667,
            2,
            9.66667,
            1.33333
          ],
          "rotation": 180,
          "texture": "#1"
        },
        "south": {
          "uv": [
            10,
            2,
            9.33333,
            2.66667
          ],
          "texture": "#1"
        },
        "west": {
          "uv": [
            0.66667,
            9.33333,
            1.66667,
            8.66667
          ],
          "rotation": 180,
          "texture": "#1"
        },
        "up": {
          "uv": [
            2,
            9.66667,
            2.66667,
            8.66667
          ],
          "texture": "#1"
        },
        "down": {
          "uv": [
            8.66667,
            2,
            9.33333,
            3
          ],
          "texture": "#1"
        }
      }
    },
    {
      "from": [
        8.425,
        17.95,
        5.95
      ],
      "to": [
        9.425,
        18.95,
        6.95
      ],
      "rotation": {
        "angle": -22.5,
        "axis": "z",
        "origin": [
          8.925,
          18.575,
          6.325
        ]
      },
      "faces": {
        "north": {
          "uv": [
            5.33333,
            4,
            4.66667,
            4.66667
          ],
          "texture": "#1"
        },
        "east": {
          "uv": [
            9.33333,
            1.33333,
            10,
            0.66667
          ],
          "rotation": 180,
          "texture": "#1"
        },
        "south": {
          "uv": [
            1.33333,
            9.33333,
            0.66667,
            10
          ],
          "texture": "#1"
        },
        "west": {
          "uv": [
            9.33333,
            0.66667,
            10,
            0
          ],
          "rotation": 180,
          "texture": "#1"
        }
      }
    },
    {
      "from": [
        8.425,
        17.45,
        5.45
      ],
      "to": [
        9.425,
        17.95,
        6.95
      ],
      "rotation": {
        "angle": -22.5,
        "axis": "z",
        "origin": [
          8.925,
          18.575,
          6.325
        ]
      },
      "faces": {
        "north": {
          "uv": [
            4.66667,
            10,
            4,
            10.33333
          ],
          "texture": "#1"
        },
        "east": {
          "uv": [
            10,
            3.66667,
            11,
            3.33333
          ],
          "rotation": 180,
          "texture": "#1"
        },
        "south": {
          "uv": [
            10.66667,
            4,
            10,
            4.33333
          ],
          "texture": "#1"
        },
        "west": {
          "uv": [
            2.66667,
            10.33333,
            3.66667,
            10
          ],
          "rotation": 180,
          "texture": "#1"
        },
        "up": {
          "uv": [
            0,
            9.66667,
            0.66667,
            8.66667
          ],
          "texture": "#1"
        },
        "down": {
          "uv": [
            8.66667,
            0,
            9.33333,
            1
          ],
          "texture": "#1"
        }
      }
    },
    {
      "from": [
        7.25,
        19.93956,
        3.96686
      ],
      "to": [
        8.75,
        21.43956,
        5.46686
      ],
      "rotation": {
        "angle": 22.5,
        "axis": "x",
        "origin": [
          8,
          20.76456,
          5.24186
        ]
      },
      "faces": {
        "north": {
          "uv": [
            6.66667,
            4,
            7.66667,
            5
          ],
          "texture": "#1"
        },
        "east": {
          "uv": [
            5.33333,
            6.66667,
            6.33333,
            7.66667
          ],
          "texture": "#1"
        },
        "south": {
          "uv": [
            6.66667,
            5.33333,
            7.66667,
            6.33333
          ],
          "texture": "#1"
        },
        "west": {
          "uv": [
            6.66667,
            6.66667,
            7.66667,
            7.66667
          ],
          "texture": "#1"
        },
        "up": {
          "uv": [
            1,
            8.33333,
            0,
            7.33333
          ],
          "texture": "#1"
        },
        "down": {
          "uv": [
            8.33333,
            0,
            7.33333,
            1
          ],
          "texture": "#1"
        }
      }
    },
    {
      "from": [
        7,
        20.45,
        3.15001
      ],
      "to": [
        9,
        22.45,
        5.15001
      ],
      "rotation": {
        "angle": 0,
        "axis": "y",
        "origin": [
          8,
          21.90354,
          4.33298
        ]
      },
      "faces": {
        "north": {
          "uv": [
            2.66667,
            4.66667,
            4,
            6
          ],
          "texture": "#1"
        },
        "east": {
          "uv": [
            4.66667,
            2.66667,
            6,
            4
          ],
          "texture": "#1"
        },
        "south": {
          "uv": [
            4,
            4.66667,
            5.33333,
            6
          ],
          "texture": "#1"
        },
        "west": {
          "uv": [
            5.33333,
            4,
            6.66667,
            5.33333
          ],
          "texture": "#1"
        },
        "up": {
          "uv": [
            6.66667,
            6.66667,
            5.33333,
            5.33333
          ],
          "texture": "#1"
        },
        "down": {
          "uv": [
            1.33333,
            6,
            0,
            7.33333
          ],
          "texture": "#1"
        }
      }
    },
    {
      "from": [
        7,
        20.45,
        2.15001
      ],
      "to": [
        9,
        21.45,
        3.15001
      ],
      "rotation": {
        "angle": 0,
        "axis": "y",
        "origin": [
          8,
          21.90354,
          4.33298
        ]
      },
      "faces": {
        "north": {
          "uv": [
            3.33333,
            2,
            4.66667,
            2.66667
          ],
          "texture": "#1"
        },
        "east": {
          "uv": [
            4,
            9.33333,
            4.66667,
            10
          ],
          "texture": "#1"
        },
        "west": {
          "uv": [
            4.66667,
            9.33333,
            5.33333,
            10
          ],
          "texture": "#1"
        },
        "up": {
          "uv": [
            8,
            8.66667,
            6.66667,
            8
          ],
          "texture": "#1"
        },
        "down": {
          "uv": [
            9.33333,
            6.66667,
            8,
            7.33333
          ],
          "texture": "#1"
        }
      }
    },
    {
      "from": [
        7.25,
        20.7,
        1.90001
      ],
      "to": [
        8.75,
        21.7,
        3.15001
      ],
      "rotation": {
        "angle": 0,
        "axis": "y",
        "origin": [
          8,
          21.90354,
          4.33298
        ]
      },
      "faces": {
        "north": {
          "uv": [
            2.66667,
            8.66667,
            3.66667,
            9.33333
          ],
          "texture": "#1"
        },
        "east": {
          "uv": [
            8.66667,
            3.33333,
            9.66667,
            4
          ],
          "texture": "#1"
        },
        "west": {
          "uv": [
            4,
            8.66667,
            5,
            9.33333
          ],
          "texture": "#1"
        },
        "up": {
          "uv": [
            2.33333,
            8.33333,
            1.33333,
            7.33333
          ],
          "texture": "#1"
        },
        "down": {
          "uv": [
            8.33333,
            1.33333,
            7.33333,
            2.33333
          ],
          "texture": "#1"
        }
      }
    },
    {
      "from": [
        6.7,
        18.31902,
        8.77271
      ],
      "to": [
        8.2,
        19.81902,
        10.77271
      ],
      "rotation": {
        "angle": -22.5,
        "axis": "y",
        "origin": [
          7.05225,
          19.0672,
          10.98346
        ]
      },
      "faces": {
        "north": {
          "uv": [
            2.66667,
            7.33333,
            3.66667,
            8.33333
          ],
          "texture": "#1"
        },
        "east": {
          "uv": [
            6,
            1.33333,
            7.33333,
            2.33333
          ],
          "texture": "#1"
        },
        "south": {
          "uv": [
            7.33333,
            2.66667,
            8.33333,
            3.66667
          ],
          "texture": "#1"
        },
        "west": {
          "uv": [
            2.66667,
            6,
            4,
            7
          ],
          "texture": "#1"
        },
        "up": {
          "uv": [
            7,
            4,
            6,
            2.66667
          ],
          "texture": "#1"
        },
        "down": {
          "uv": [
            5,
            6,
            4,
            7.33333
          ],
          "texture": "#1"
        }
      }
    },
    {
      "from": [
        6.70048,
        18.44178,
        10.19019
      ],
      "to": [
        7.94548,
        19.68678,
        11.85019
      ],
      "rotation": {
        "angle": -45,
        "axis": "y",
        "origin": [
          7.05225,
          19.0672,
          10.98346
        ]
      },
      "faces": {
        "north": {
          "uv": [
            5.33333,
            9.33333,
            6,
            10
          ],
          "texture": "#1"
        },
        "east": {
          "uv": [
            8.66667,
            4,
            9.66667,
            4.66667
          ],
          "texture": "#1"
        },
        "south": {
          "uv": [
            9.33333,
            5.33333,
            10,
            6
          ],
          "texture": "#1"
        },
        "west": {
          "uv": [
            8.66667,
            4.66667,
            9.66667,
            5.33333
          ],
          "texture": "#1"
        },
        "up": {
          "uv": [
            9.33333,
            6.33333,
            8.66667,
            5.33333
          ],
          "texture": "#1"
        },
        "down": {
          "uv": [
            7.33333,
            8.66667,
            6.66667,
            9.66667
          ],
          "texture": "#1"
        }
      }
    },
    {
      "from": [
        5.22597,
        18.55343,
        11.04167
      ],
      "to": [
        6.60377,
        19.58678,
        12.07502
      ],
      "rotation": {
        "angle": 22.5,
        "axis": "y",
        "origin": [
          7.05225,
          19.0672,
          10.98346
        ]
      },
      "faces": {
        "north": {
          "uv": [
            8.66667,
            8.66667,
            9.33333,
            9.66667
          ],
          "rotation": 90,
          "texture": "#1"
        },
        "east": {
          "uv": [
            10,
            6,
            9.33333,
            6.66667
          ],
          "rotation": 180,
          "texture": "#1"
        },
        "south": {
          "uv": [
            8.66667,
            7.33333,
            9.33333,
            8.33333
          ],
          "rotation": 270,
          "texture": "#1"
        },
        "west": {
          "uv": [
            6.66667,
            10,
            6,
            9.33333
          ],
          "texture": "#1"
        },
        "up": {
          "uv": [
            7.33333,
            8.66667,
            8,
            9.66667
          ],
          "rotation": 270,
          "texture": "#1"
        },
        "down": {
          "uv": [
            8,
            8.66667,
            8.66667,
            9.66667
          ],
          "rotation": 270,
          "texture": "#1"
        }
      }
    },
    {
      "from": [
        7.34028,
        20.95,
        5.08748
      ],
      "to": [
        7.34028,
        22.45,
        6.58748
      ],
      "rotation": {
        "angle": -45,
        "axis": "y",
        "origin": [
          8,
          21.90354,
          4.33298
        ]
      },
      "faces": {
        "east": {
          "uv": [
            5,
            7.33333,
            4,
            8.33333
          ],
          "texture": "#1"
        },
        "west": {
          "uv": [
            4,
            7.33333,
            5,
            8.33333
          ],
          "texture": "#1"
        }
      }
    },
    {
      "from": [
        6.9,
        21.29459,
        4.74861
      ],
      "to": [
        7.9,
        22.29459,
        5.74861
      ],
      "rotation": {
        "angle": -22.5,
        "axis": "x",
        "origin": [
          8,
          21.90354,
          4.33298
        ]
      },
      "faces": {
        "north": {
          "uv": [
            9.33333,
            6.66667,
            10,
            7.33333
          ],
          "texture": "#1"
        },
        "east": {
          "uv": [
            9.33333,
            7.33333,
            10,
            8
          ],
          "texture": "#1"
        },
        "south": {
          "uv": [
            9.33333,
            8,
            10,
            8.66667
          ],
          "texture": "#1"
        },
        "west": {
          "uv": [
            9.33333,
            8.66667,
            10,
            9.33333
          ],
          "texture": "#1"
        },
        "up": {
          "uv": [
            10,
            10,
            9.33333,
            9.33333
          ],
          "texture": "#1"
        },
        "down": {
          "uv": [
            0.66667,
            10,
            0,
            10.66667
          ],
          "texture": "#1"
        }
      }
    },
    {
      "from": [
        7.005,
        20.85421,
        5.38782
      ],
      "to": [
        7.795,
        21.64421,
        6.17782
      ],
      "rotation": {
        "angle": -45,
        "axis": "x",
        "origin": [
          8,
          21.90354,
          4.33298
        ]
      },
      "faces": {
        "east": {
          "uv": [
            10,
            0,
            10.66667,
            0.66667
          ],
          "texture": "#1"
        },
        "south": {
          "uv": [
            0.66667,
            10,
            1.33333,
            10.66667
          ],
          "texture": "#1"
        },
        "west": {
          "uv": [
            10,
            0.66667,
            10.66667,
            1.33333
          ],
          "texture": "#1"
        },
        "up": {
          "uv": [
            2,
            10.66667,
            1.33333,
            10
          ],
          "texture": "#1"
        },
        "down": {
          "uv": [
            10.66667,
            1.33333,
            10,
            2
          ],
          "texture": "#1"
        }
      }
    },
    {
      "from": [
        7.10375,
        23.18014,
        5.34218
      ],
      "to": [
        7.69625,
        23.77264,
        5.93468
      ],
      "rotation": {
        "angle": 22.5,
        "axis": "x",
        "origin": [
          8,
          21.90354,
          4.33298
        ]
      },
      "faces": {
        "north": {
          "uv": [
            6.66667,
            10,
            7,
            10.33333
          ],
          "texture": "#1"
        },
        "east": {
          "uv": [
            10,
            6.66667,
            10.33333,
            7
          ],
          "texture": "#1"
        },
        "south": {
          "uv": [
            7.33333,
            10,
            7.66667,
            10.33333
          ],
          "texture": "#1"
        },
        "west": {
          "uv": [
            10,
            7.33333,
            10.33333,
            7.66667
          ],
          "texture": "#1"
        },
        "up": {
          "uv": [
            8.33333,
            10.33333,
            8,
            10
          ],
          "texture": "#1"
        }
      }
    },
    {
      "from": [
        6.8,
        22.41184,
        3.24959
      ],
      "to": [
        7.8,
        22.91184,
        4.24959
      ],
      "rotation": {
        "angle": -22.5,
        "axis": "x",
        "origin": [
          8,
          21.90354,
          4.33298
        ]
      },
      "faces": {
        "north": {
          "uv": [
            12,
            0,
            12.66667,
            0.33333
          ],
          "texture": "#1"
        },
        "east": {
          "uv": [
            10,
            5.33333,
            10.66667,
            5.66667
          ],
          "texture": "#1"
        },
        "south": {
          "uv": [
            12.66667,
            0,
            13.33333,
            0.33333
          ],
          "texture": "#1"
        },
        "west": {
          "uv": [
            10,
            6,
            10.66667,
            6.33333
          ],
          "texture": "#1"
        },
        "up": {
          "uv": [
            11.66667,
            0.66667,
            11,
            0
          ],
          "texture": "#1"
        },
        "down": {
          "uv": [
            10.66667,
            2,
            10,
            2.66667
          ],
          "texture": "#1"
        }
      }
    },
    {
      "from": [
        5.15186,
        21.41444,
        5.7
      ],
      "to": [
        7.15186,
        21.41444,
        8.7
      ],
      "rotation": {
        "angle": -22.5,
        "axis": "z",
        "origin": [
          5.15186,
          21.41444,
          5.2
        ]
      },
      "faces": {
        "up": {
          "uv": [
            4.66667,
            2,
            3.33333,
            0
          ],
          "texture": "#1"
        },
        "down": {
          "uv": [
            4.66667,
            0,
            3.33333,
            2
          ],
          "texture": "#1"
        }
      }
    },
    {
      "from": [
        2.15186,
        21.41444,
        5.7
      ],
      "to": [
        5.15186,
        21.41444,
        8.7
      ],
      "rotation": {
        "angle": 22.5,
        "axis": "z",
        "origin": [
          5.15186,
          21.41444,
          5.2
        ]
      },
      "faces": {
        "up": {
          "uv": [
            4.66667,
            4.66667,
            2.66667,
            2.66667
          ],
          "texture": "#1"
        },
        "down": {
          "uv": [
            4.66667,
            2.66667,
            2.66667,
            4.66667
          ],
          "texture": "#1"
        }
      }
    },
    {
      "from": [
        5.95,
        18.15,
        8.45
      ],
      "to": [
        6.95,
        20.15,
        9.95
      ],
      "rotation": {
        "angle": -22.5,
        "axis": "z",
        "origin": [
          6.45,
          18.525,
          9.075
        ]
      },
      "faces": {
        "north": {
          "uv": [
            8,
            4,
            8.66667,
            5.33333
          ],
          "texture": "#1"
        },
        "east": {
          "uv": [
            7,
            1.33333,
            6,
            0
          ],
          "rotation": 180,
          "texture": "#1"
        },
        "south": {
          "uv": [
            5.33333,
            8,
            6,
            9.33333
          ],
          "texture": "#1"
        },
        "west": {
          "uv": [
            2.33333,
            7.33333,
            1.33333,
            6
          ],
          "rotation": 180,
          "texture": "#1"
        },
        "up": {
          "uv": [
            8.66667,
            8.33333,
            8,
            7.33333
          ],
          "texture": "#1"
        }
      }
    },
    {
      "from": [
        5.95,
        17.65,
        7.95
      ],
      "to": [
        6.95,
        18.15,
        9.95
      ],
      "rotation": {
        "angle": -22.5,
        "axis": "z",
        "origin": [
          6.45,
          18.525,
          9.075
        ]
      },
      "faces": {
        "north": {
          "uv": [
            4.66667,
            10,
            5.33333,
            10.33333
          ],
          "texture": "#1"
        },
        "east": {
          "uv": [
            4,
            9.66667,
            2.66667,
            9.33333
          ],
          "rotation": 180,
          "texture": "#1"
        },
        "south": {
          "uv": [
            10,
            4.66667,
            10.66667,
            5
          ],
          "texture": "#1"
        },
        "west": {
          "uv": [
            10.66667,
            3,
            9.33333,
            2.66667
          ],
          "rotation": 180,
          "texture": "#1"
        },
        "up": {
          "uv": [
            8.66667,
            6.66667,
            8,
            5.33333
          ],
          "texture": "#1"
        },
        "down": {
          "uv": [
            6.66667,
            8,
            6,
            9.33333
          ],
          "texture": "#1"
        }
      }
    },
    {
      "from": [
        9.05,
        18.15,
        8.45
      ],
      "to": [
        10.05,
        20.15,
        9.95
      ],
      "rotation": {
        "angle": 22.5,
        "axis": "z",
        "origin": [
          9.55,
          18.525,
          9.075
        ]
      },
      "faces": {
        "north": {
          "uv": [
            8.66667,
            4,
            8,
            5.33333
          ],
          "texture": "#1"
        },
        "east": {
          "uv": [
            1.33333,
            7.33333,
            2.33333,
            6
          ],
          "rotation": 180,
          "texture": "#1"
        },
        "south": {
          "uv": [
            6,
            8,
            5.33333,
            9.33333
          ],
          "texture": "#1"
        },
        "west": {
          "uv": [
            6,
            1.33333,
            7,
            0
          ],
          "rotation": 180,
          "texture": "#1"
        },
        "up": {
          "uv": [
            8,
            8.33333,
            8.66667,
            7.33333
          ],
          "texture": "#1"
        }
      }
    },
    {
      "from": [
        9.05,
        17.65,
        7.95
      ],
      "to": [
        10.05,
        18.15,
        9.95
      ],
      "rotation": {
        "angle": 22.5,
        "axis": "z",
        "origin": [
          9.55,
          18.525,
          9.075
        ]
      },
      "faces": {
        "north": {
          "uv": [
            5.33333,
            10,
            4.66667,
            10.33333
          ],
          "texture": "#1"
        },
        "east": {
          "uv": [
            9.33333,
            3,
            10.66667,
            2.66667
          ],
          "rotation": 180,
          "texture": "#1"
        },
        "south": {
          "uv": [
            10.66667,
            4.66667,
            10,
            5
          ],
          "texture": "#1"
        },
        "west": {
          "uv": [
            2.66667,
            9.66667,
            4,
            9.33333
          ],
          "rotation": 180,
          "texture": "#1"
        },
        "up": {
          "uv": [
            8,
            6.66667,
            8.66667,
            5.33333
          ],
          "texture": "#1"
        },
        "down": {
          "uv": [
            6,
            8,
            6.66667,
            9.33333
          ],
          "texture": "#1"
        }
      }
    },
    {
      "from": [
        8.205,
        20.85421,
        5.38782
      ],
      "to": [
        8.995,
        21.64421,
        6.17782
      ],
      "rotation": {
        "angle": -45,
        "axis": "x",
        "origin": [
          8,
          21.90354,
          4.33298
        ]
      },
      "faces": {
        "east": {
          "uv": [
            10.66667,
            0.66667,
            10,
            1.33333
          ],
          "texture": "#1"
        },
        "south": {
          "uv": [
            1.33333,
            10,
            0.66667,
            10.66667
          ],
          "texture": "#1"
        },
        "west": {
          "uv": [
            10.66667,
            0,
            10,
            0.66667
          ],
          "texture": "#1"
        },
        "up": {
          "uv": [
            1.33333,
            10.66667,
            2,
            10
          ],
          "texture": "#1"
        },
        "down": {
          "uv": [
            10,
            1.33333,
            10.66667,
            2
          ],
          "texture": "#1"
        }
      }
    },
    {
      "from": [
        8.30375,
        23.18014,
        5.34218
      ],
      "to": [
        8.89625,
        23.77264,
        5.93468
      ],
      "rotation": {
        "angle": 22.5,
        "axis": "x",
        "origin": [
          8,
          21.90354,
          4.33298
        ]
      },
      "faces": {
        "north": {
          "uv": [
            7,
            10,
            6.66667,
            10.33333
          ],
          "texture": "#1"
        },
        "east": {
          "uv": [
            10.33333,
            7.33333,
            10,
            7.66667
          ],
          "texture": "#1"
        },
        "south": {
          "uv": [
            7.66667,
            10,
            7.33333,
            10.33333
          ],
          "texture": "#1"
        },
        "west": {
          "uv": [
            10.33333,
            6.66667,
            10,
            7
          ],
          "texture": "#1"
        },
        "up": {
          "uv": [
            8,
            10.33333,
            8.33333,
            10
          ],
          "texture": "#1"
        }
      }
    },
    {
      "from": [
        8.1,
        21.29459,
        4.74861
      ],
      "to": [
        9.1,
        22.29459,
        5.74861
      ],
      "rotation": {
        "angle": -22.5,
        "axis": "x",
        "origin": [
          8,
          21.90354,
          4.33298
        ]
      },
      "faces": {
        "north": {
          "uv": [
            10,
            6.66667,
            9.33333,
            7.33333
          ],
          "texture": "#1"
        },
        "east": {
          "uv": [
            10,
            8.66667,
            9.33333,
            9.33333
          ],
          "texture": "#1"
        },
        "south": {
          "uv": [
            10,
            8,
            9.33333,
            8.66667
          ],
          "texture": "#1"
        },
        "west": {
          "uv": [
            10,
            7.33333,
            9.33333,
            8
          ],
          "texture": "#1"
        },
        "up": {
          "uv": [
            9.33333,
            10,
            10,
            9.33333
          ],
          "texture": "#1"
        },
        "down": {
          "uv": [
            0,
            10,
            0.66667,
            10.66667
          ],
          "texture": "#1"
        }
      }
    },
    {
      "from": [
        8.2,
        22.41184,
        3.24959
      ],
      "to": [
        9.2,
        22.91184,
        4.24959
      ],
      "rotation": {
        "angle": -22.5,
        "axis": "x",
        "origin": [
          8,
          21.90354,
          4.33298
        ]
      },
      "faces": {
        "north": {
          "uv": [
            12.66667,
            0,
            12,
            0.33333
          ],
          "texture": "#1"
        },
        "east": {
          "uv": [
            10.66667,
            6,
            10,
            6.33333
          ],
          "texture": "#1"
        },
        "south": {
          "uv": [
            13.33333,
            0,
            12.66667,
            0.33333
          ],
          "texture": "#1"
        },
        "west": {
          "uv": [
            10.66667,
            5.33333,
            10,
            5.66667
          ],
          "texture": "#1"
        },
        "up": {
          "uv": [
            11,
            0.66667,
            11.66667,
            0
          ],
          "texture": "#1"
        },
        "down": {
          "uv": [
            10,
            2,
            10.66667,
            2.66667
          ],
          "texture": "#1"
        }
      }
    },
    {
      "from": [
        8.65972,
        20.95,
        5.08748
      ],
      "to": [
        8.65972,
        22.45,
        6.58748
      ],
      "rotation": {
        "angle": 45,
        "axis": "y",
        "origin": [
          8,
          21.90354,
          4.33298
        ]
      },
      "faces": {
        "east": {
          "uv": [
            5,
            7.33333,
            4,
            8.33333
          ],
          "texture": "#1"
        },
        "west": {
          "uv": [
            4,
            7.33333,
            5,
            8.33333
          ],
          "texture": "#1"
        }
      }
    },
    {
      "from": [
        10.84814,
        21.41444,
        5.7
      ],
      "to": [
        13.84814,
        21.41444,
        8.7
      ],
      "rotation": {
        "angle": -22.5,
        "axis": "z",
        "origin": [
          10.84814,
          21.41444,
          5.2
        ]
      },
      "faces": {
        "up": {
          "uv": [
            2.66667,
            4.66667,
            4.66667,
            2.66667
          ],
          "texture": "#1"
        },
        "down": {
          "uv": [
            2.66667,
            2.66667,
            4.66667,
            4.66667
          ],
          "texture": "#1"
        }
      }
    },
    {
      "from": [
        8.84814,
        21.41444,
        5.7
      ],
      "to": [
        10.84814,
        21.41444,
        8.7
      ],
      "rotation": {
        "angle": 22.5,
        "axis": "z",
        "origin": [
          10.84814,
          21.41444,
          5.2
        ]
      },
      "faces": {
        "up": {
          "uv": [
            3.33333,
            2,
            4.66667,
            0
          ],
          "texture": "#1"
        },
        "down": {
          "uv": [
            3.33333,
            0,
            4.66667,
            2
          ],
          "texture": "#1"
        }
      }
    },
    {
      "from": [
        7.985,
        -9.5,
        6.5
      ],
      "to": [
        8.015,
        -5.5,
        9.5
      ],
      "rotation": {
        "angle": 0,
        "axis": "y",
        "origin": [
          0.985,
          -9.5,
          -0.5
        ]
      },
      "faces": {
        "east": {
          "uv": [
            6,
            0,
            0,
            8
          ],
          "texture": "#4"
        },
        "west": {
          "uv": [
            0,
            0,
            6,
            8
          ],
          "texture": "#4"
        }
      }
    },
    {
      "from": [
        2.66605,
        17.34817,
        12.535
      ],
      "to": [
        6.66605,
        20.34817,
        12.565
      ],
      "rotation": {
        "angle": 22.5,
        "axis": "y",
        "origin": [
          4.66605,
          18.34817,
          12.15
        ]
      },
      "faces": {
        "north": {
          "uv": [
            6,
            0,
            0,
            8
          ],
          "rotation": 270,
          "texture": "#4"
        },
        "south": {
          "uv": [
            0,
            0,
            6,
            8
          ],
          "rotation": 90,
          "texture": "#4"
        }
      }
    },
    {
      "from": [
        9.44619,
        16.45817,
        1.33748
      ],
      "to": [
        12.44619,
        16.48817,
        5.33748
      ],
      "rotation": {
        "angle": 0,
        "axis": "y",
        "origin": [
          10.94619,
          16.47317,
          3.33748
        ]
      },
      "faces": {
        "up": {
          "uv": [
            6,
            0,
            0,
            8
          ],
          "texture": "#4"
        },
        "down": {
          "uv": [
            0,
            0,
            6,
            8
          ],
          "rotation": 180,
          "texture": "#4"
        }
      }
    },
    {
      "from": [
        3.55381,
        16.45817,
        1.33748
      ],
      "to": [
        6.55381,
        16.48817,
        5.33748
      ],
      "rotation": {
        "angle": 0,
        "axis": "y",
        "origin": [
          5.05381,
          16.47317,
          3.33748
        ]
      },
      "faces": {
        "up": {
          "uv": [
            0,
            0,
            6,
            8
          ],
          "texture": "#4"
        },
        "down": {
          "uv": [
            6,
            0,
            0,
            8
          ],
          "rotation": 180,
          "texture": "#4"
        }
      }
    },
    {
      "from": [
        7.985,
        12.02698,
        1.33748
      ],
      "to": [
        8.015,
        15.02698,
        5.33748
      ],
      "rotation": {
        "angle": 0,
        "axis": "z",
        "origin": [
          8,
          16.47317,
          3.33748
        ]
      },
      "faces": {
        "east": {
          "uv": [
            6,
            0,
            0,
            8
          ],
          "rotation": 90,
          "texture": "#4"
        },
        "west": {
          "uv": [
            0,
            0,
            6,
            8
          ],
          "rotation": 270,
          "texture": "#4"
        }
      }
    },
    {
      "from": [
        7.985,
        17.91936,
        1.33748
      ],
      "to": [
        8.015,
        20.91936,
        5.33748
      ],
      "rotation": {
        "angle": 0,
        "axis": "z",
        "origin": [
          8,
          16.47317,
          3.33748
        ]
      },
      "faces": {
        "east": {
          "uv": [
            0,
            0,
            6,
            8
          ],
          "rotation": 90,
          "texture": "#4"
        },
        "west": {
          "uv": [
            6,
            0,
            0,
            8
          ],
          "rotation": 270,
          "texture": "#4"
        }
      }
    },
    {
      "from": [
        7.985,
        12.02698,
        10.66252
      ],
      "to": [
        8.015,
        15.02698,
        14.66252
      ],
      "rotation": {
        "angle": 0,
        "axis": "z",
        "origin": [
          8,
          16.47317,
          12.66252
        ]
      },
      "faces": {
        "east": {
          "uv": [
            6,
            8,
            0,
            0
          ],
          "rotation": 90,
          "texture": "#4"
        },
        "west": {
          "uv": [
            0,
            8,
            6,
            0
          ],
          "rotation": 270,
          "texture": "#4"
        }
      }
    },
    {
      "from": [
        7.985,
        17.91936,
        10.66252
      ],
      "to": [
        8.015,
        20.91936,
        14.66252
      ],
      "rotation": {
        "angle": 0,
        "axis": "z",
        "origin": [
          8,
          16.47317,
          12.66252
        ]
      },
      "faces": {
        "east": {
          "uv": [
            0,
            8,
            6,
            0
          ],
          "rotation": 90,
          "texture": "#4"
        },
        "west": {
          "uv": [
            6,
            8,
            0,
            0
          ],
          "rotation": 270,
          "texture": "#4"
        }
      }
    },
    {
      "from": [
        3.55381,
        16.45817,
        10.66252
      ],
      "to": [
        6.55381,
        16.48817,
        14.66252
      ],
      "rotation": {
        "angle": 0,
        "axis": "y",
        "origin": [
          5.05381,
          16.47317,
          12.66252
        ]
      },
      "faces": {
        "up": {
          "uv": [
            0,
            8,
            6,
            0
          ],
          "texture": "#4"
        },
        "down": {
          "uv": [
            6,
            8,
            0,
            0
          ],
          "rotation": 180,
          "texture": "#4"
        }
      }
    },
    {
      "from": [
        9.44619,
        16.45817,
        10.66252
      ],
      "to": [
        12.44619,
        16.48817,
        14.66252
      ],
      "rotation": {
        "angle": 0,
        "axis": "y",
        "origin": [
          10.94619,
          16.47317,
          12.66252
        ]
      },
      "faces": {
        "up": {
          "uv": [
            6,
            8,
            0,
            0
          ],
          "texture": "#4"
        },
        "down": {
          "uv": [
            0,
            8,
            6,
            0
          ],
          "rotation": 180,
          "texture": "#4"
        }
      }
    },
    {
      "from": [
        7.5,
        6.5,
        7.5
      ],
      "to": [
        8.5,
        14.75,
        8.5
      ],
      "rotation": {
        "angle": 0,
        "axis": "y",
        "origin": [
          7.5,
          6.5,
          7.5
        ]
      },
      "faces": {
        "north": {
          "uv": [
            4.66667,
            5.33333,
            5.33333,
            11
          ],
          "texture": "#6"
        },
        "east": {
          "uv": [
            5.33333,
            5.33333,
            6,
            11
          ],
          "texture": "#6"
        },
        "south": {
          "uv": [
            6,
            5.33333,
            6.66667,
            11
          ],
          "texture": "#6"
        },
        "west": {
          "uv": [
            6.66667,
            2,
            7.33333,
            7.66667
          ],
          "texture": "#6"
        },
        "up": {
          "uv": [
            10.66667,
            4.66667,
            10,
            4
          ],
          "texture": "#6"
        },
        "down": {
          "uv": [
            4.66667,
            10.66667,
            4,
            11.33333
          ],
          "texture": "#6"
        }
      }
    },
    {
      "from": [
        7.55,
        -4.5,
        7.55
      ],
      "to": [
        8.45,
        0,
        8.45
      ],
      "rotation": {
        "angle": 0,
        "axis": "y",
        "origin": [
          7.5,
          -8.25,
          7.5
        ]
      },
      "faces": {
        "north": {
          "uv": [
            8.66667,
            8,
            8,
            11
          ],
          "texture": "#6"
        },
        "east": {
          "uv": [
            8,
            8,
            8.66667,
            11
          ],
          "texture": "#6"
        },
        "south": {
          "uv": [
            8.66667,
            8,
            8,
            11
          ],
          "texture": "#6"
        },
        "west": {
          "uv": [
            8,
            8,
            8.66667,
            11
          ],
          "texture": "#6"
        }
      }
    },
    {
      "from": [
        6.5,
        15,
        5
      ],
      "to": [
        9.5,
        18,
        7
      ],
      "rotation": {
        "angle": 0,
        "axis": "y",
        "origin": [
          6.5,
          0,
          0
        ]
      },
      "faces": {
        "east": {
          "uv": [
            2.66667,
            7.33333,
            4,
            9.33333
          ],
          "texture": "#6"
        },
        "south": {
          "uv": [
            2.66667,
            5.33333,
            4.66667,
            7.33333
          ],
          "texture": "#6"
        },
        "west": {
          "uv": [
            7.33333,
            4.66667,
            8.66667,
            6.66667
          ],
          "texture": "#6"
        },
        "up": {
          "uv": [
            9.33333,
            8,
            7.33333,
            6.66667
          ],
          "texture": "#6"
        },
        "down": {
          "uv": [
            10,
            0,
            8,
            1.33333
          ],
          "texture": "#6"
        }
      }
    },
    {
      "from": [
        6,
        14.5,
        3
      ],
      "to": [
        10,
        18.5,
        5
      ],
      "rotation": {
        "angle": 0,
        "axis": "y",
        "origin": [
          6.5,
          0,
          0
        ]
      },
      "faces": {
        "north": {
          "uv": [
            0,
            0,
            2.66667,
            2.66667
          ],
          "texture": "#6"
        },
        "east": {
          "uv": [
            0,
            7.33333,
            1.33333,
            10
          ],
          "texture": "#6"
        },
        "south": {
          "uv": [
            0,
            2.66667,
            2.66667,
            5.33333
          ],
          "texture": "#6"
        },
        "west": {
          "uv": [
            1.33333,
            7.33333,
            2.66667,
            10
          ],
          "texture": "#6"
        },
        "up": {
          "uv": [
            10,
            3.33333,
            7.33333,
            2
          ],
          "texture": "#6"
        },
        "down": {
          "uv": [
            10,
            3.33333,
            7.33333,
            4.66667
          ],
          "texture": "#6"
        }
      }
    },
    {
      "from": [
        6.25,
        14.75,
        0
      ],
      "to": [
        9.75,
        18.25,
        3
      ],
      "rotation": {
        "angle": 0,
        "axis": "y",
        "origin": [
          6.5,
          0,
          0
        ]
      },
      "faces": {
        "north": {
          "uv": [
            2.66667,
            0,
            5,
            2.33333
          ],
          "texture": "#6"
        },
        "east": {
          "uv": [
            2.66667,
            2.66667,
            4.66667,
            5
          ],
          "texture": "#6"
        },
        "west": {
          "uv": [
            4.66667,
            2.66667,
            6.66667,
            5
          ],
          "texture": "#6"
        },
        "up": {
          "uv": [
            2.33333,
            7.33333,
            0,
            5.33333
          ],
          "texture": "#6"
        },
        "down": {
          "uv": [
            7.66667,
            0,
            5.33333,
            2
          ],
          "texture": "#6"
        }
      }
    },
    {
      "from": [
        7.25,
        17.75,
        1
      ],
      "to": [
        8.75,
        19.25,
        4
      ],
      "rotation": {
        "angle": 0,
        "axis": "y",
        "origin": [
          8,
          16.5,
          2.5
        ]
      },
      "faces": {
        "north": {
          "uv": [
            11.33333,
            2.66667,
            12.33333,
            3.66667
          ],
          "texture": "#6"
        },
        "east": {
          "uv": [
            8.66667,
            4.66667,
            10.66667,
            5.66667
          ],
          "texture": "#6"
        },
        "south": {
          "uv": [
            4,
            11.33333,
            5,
            12.33333
          ],
          "texture": "#6"
        },
        "west": {
          "uv": [
            8.66667,
            8,
            10.66667,
            9
          ],
          "texture": "#6"
        },
        "up": {
          "uv": [
            3.66667,
            11.33333,
            2.66667,
            9.33333
          ],
          "texture": "#6"
        },
        "down": {
          "uv": [
            10.33333,
            6,
            9.33333,
            8
          ],
          "texture": "#6"
        }
      }
    },
    {
      "from": [
        7.25,
        13.75,
        1
      ],
      "to": [
        8.75,
        15.25,
        4
      ],
      "rotation": {
        "angle": 0,
        "axis": "y",
        "origin": [
          8,
          16.5,
          2.5
        ]
      },
      "faces": {
        "north": {
          "uv": [
            11.33333,
            3.66667,
            12.33333,
            2.66667
          ],
          "texture": "#6"
        },
        "east": {
          "uv": [
            8.66667,
            5.66667,
            10.66667,
            4.66667
          ],
          "texture": "#6"
        },
        "south": {
          "uv": [
            4,
            12.33333,
            5,
            11.33333
          ],
          "texture": "#6"
        },
        "west": {
          "uv": [
            8.66667,
            9,
            10.66667,
            8
          ],
          "texture": "#6"
        },
        "up": {
          "uv": [
            10.33333,
            8,
            9.33333,
            6
          ],
          "texture": "#6"
        },
        "down": {
          "uv": [
            3.66667,
            9.33333,
            2.66667,
            11.33333
          ],
          "texture": "#6"
        }
      }
    },
    {
      "from": [
        9.25,
        15.75,
        1
      ],
      "to": [
        10.75,
        17.25,
        4
      ],
      "rotation": {
        "angle": 0,
        "axis": "z",
        "origin": [
          8,
          16.5,
          2.5
        ]
      },
      "faces": {
        "north": {
          "uv": [
            11.33333,
            3.66667,
            12.33333,
            2.66667
          ],
          "rotation": 90,
          "texture": "#6"
        },
        "east": {
          "uv": [
            3.66667,
            9.33333,
            2.66667,
            11.33333
          ],
          "rotation": 270,
          "texture": "#6"
        },
        "south": {
          "uv": [
            4,
            12.33333,
            5,
            11.33333
          ],
          "rotation": 270,
          "texture": "#6"
        },
        "west": {
          "uv": [
            10.33333,
            8,
            9.33333,
            6
          ],
          "rotation": 270,
          "texture": "#6"
        },
        "up": {
          "uv": [
            8.66667,
            5.66667,
            10.66667,
            4.66667
          ],
          "rotation": 270,
          "texture": "#6"
        },
        "down": {
          "uv": [
            8.66667,
            9,
            10.66667,
            8
          ],
          "rotation": 270,
          "texture": "#6"
        }
      }
    },
    {
      "from": [
        5.25,
        15.75,
        1
      ],
      "to": [
        6.75,
        17.25,
        4
      ],
      "rotation": {
        "angle": 0,
        "axis": "z",
        "origin": [
          8,
          16.5,
          2.5
        ]
      },
      "faces": {
        "north": {
          "uv": [
            11.33333,
            2.66667,
            12.33333,
            3.66667
          ],
          "rotation": 90,
          "texture": "#6"
        },
        "east": {
          "uv": [
            10.33333,
            6,
            9.33333,
            8
          ],
          "rotation": 270,
          "texture": "#6"
        },
        "south": {
          "uv": [
            4,
            11.33333,
            5,
            12.33333
          ],
          "rotation": 270,
          "texture": "#6"
        },
        "west": {
          "uv": [
            3.66667,
            11.33333,
            2.66667,
            9.33333
          ],
          "rotation": 270,
          "texture": "#6"
        },
        "up": {
          "uv": [
            8.66667,
            4.66667,
            10.66667,
            5.66667
          ],
          "rotation": 270,
          "texture": "#6"
        },
        "down": {
          "uv": [
            8.66667,
            8,
            10.66667,
            9
          ],
          "rotation": 270,
          "texture": "#6"
        }
      }
    },
    {
      "from": [
        6.5,
        15,
        9
      ],
      "to": [
        9.5,
        18,
        11
      ],
      "rotation": {
        "angle": 0,
        "axis": "y",
        "origin": [
          6.5,
          0,
          16
        ]
      },
      "faces": {
        "north": {
          "uv": [
            4.66667,
            5.33333,
            2.66667,
            7.33333
          ],
          "texture": "#6"
        },
        "east": {
          "uv": [
            4,
            7.33333,
            2.66667,
            9.33333
          ],
          "texture": "#6"
        },
        "west": {
          "uv": [
            8.66667,
            4.66667,
            7.33333,
            6.66667
          ],
          "texture": "#6"
        },
        "up": {
          "uv": [
            9.33333,
            6.66667,
            7.33333,
            8
          ],
          "texture": "#6"
        },
        "down": {
          "uv": [
            10,
            1.33333,
            8,
            0
          ],
          "texture": "#6"
        }
      }
    },
    {
      "from": [
        6,
        14.5,
        11
      ],
      "to": [
        10,
        18.5,
        13
      ],
      "rotation": {
        "angle": 0,
        "axis": "y",
        "origin": [
          6.5,
          0,
          16
        ]
      },
      "faces": {
        "north": {
          "uv": [
            2.66667,
            2.66667,
            0,
            5.33333
          ],
          "texture": "#6"
        },
        "east": {
          "uv": [
            1.33333,
            7.33333,
            0,
            10
          ],
          "texture": "#6"
        },
        "south": {
          "uv": [
            2.66667,
            0,
            0,
            2.66667
          ],
          "texture": "#6"
        },
        "west": {
          "uv": [
            2.66667,
            7.33333,
            1.33333,
            10
          ],
          "texture": "#6"
        },
        "up": {
          "uv": [
            10,
            2,
            7.33333,
            3.33333
          ],
          "texture": "#6"
        },
        "down": {
          "uv": [
            10,
            4.66667,
            7.33333,
            3.33333
          ],
          "texture": "#6"
        }
      }
    },
    {
      "from": [
        6.25,
        14.75,
        13
      ],
      "to": [
        9.75,
        18.25,
        16
      ],
      "rotation": {
        "angle": 0,
        "axis": "y",
        "origin": [
          6.5,
          0,
          16
        ]
      },
      "faces": {
        "east": {
          "uv": [
            4.66667,
            2.66667,
            2.66667,
            5
          ],
          "texture": "#6"
        },
        "south": {
          "uv": [
            5,
            0,
            2.66667,
            2.33333
          ],
          "texture": "#6"
        },
        "west": {
          "uv": [
            6.66667,
            2.66667,
            4.66667,
            5
          ],
          "texture": "#6"
        },
        "up": {
          "uv": [
            2.33333,
            5.33333,
            0,
            7.33333
          ],
          "texture": "#6"
        },
        "down": {
          "uv": [
            7.66667,
            2,
            5.33333,
            0
          ],
          "texture": "#6"
        }
      }
    },
    {
      "from": [
        7.25,
        17.75,
        12
      ],
      "to": [
        8.75,
        19.25,
        15
      ],
      "rotation": {
        "angle": 0,
        "axis": "y",
        "origin": [
          8,
          16.5,
          13.5
        ]
      },
      "faces": {
        "north": {
          "uv": [
            5,
            11.33333,
            4,
            12.33333
          ],
          "texture": "#6"
        },
        "east": {
          "uv": [
            10.66667,
            4.66667,
            8.66667,
            5.66667
          ],
          "texture": "#6"
        },
        "south": {
          "uv": [
            12.33333,
            2.66667,
            11.33333,
            3.66667
          ],
          "texture": "#6"
        },
        "west": {
          "uv": [
            10.66667,
            8,
            8.66667,
            9
          ],
          "texture": "#6"
        },
        "up": {
          "uv": [
            3.66667,
            9.33333,
            2.66667,
            11.33333
          ],
          "texture": "#6"
        },
        "down": {
          "uv": [
            10.33333,
            8,
            9.33333,
            6
          ],
          "texture": "#6"
        }
      }
    },
    {
      "from": [
        7.25,
        13.75,
        12
      ],
      "to": [
        8.75,
        15.25,
        15
      ],
      "rotation": {
        "angle": 0,
        "axis": "y",
        "origin": [
          8,
          16.5,
          13.5
        ]
      },
      "faces": {
        "north": {
          "uv": [
            5,
            12.33333,
            4,
            11.33333
          ],
          "texture": "#6"
        },
        "east": {
          "uv": [
            10.66667,
            5.66667,
            8.66667,
            4.66667
          ],
          "texture": "#6"
        },
        "south": {
          "uv": [
            12.33333,
            3.66667,
            11.33333,
            2.66667
          ],
          "texture": "#6"
        },
        "west": {
          "uv": [
            10.66667,
            9,
            8.66667,
            8
          ],
          "texture": "#6"
        },
        "up": {
          "uv": [
            10.33333,
            6,
            9.33333,
            8
          ],
          "texture": "#6"
        },
        "down": {
          "uv": [
            3.66667,
            11.33333,
            2.66667,
            9.33333
          ],
          "texture": "#6"
        }
      }
    },
    {
      "from": [
        5.25,
        15.75,
        12
      ],
      "to": [
        6.75,
        17.25,
        15
      ],
      "rotation": {
        "angle": 0,
        "axis": "z",
        "origin": [
          8,
          16.5,
          13.5
        ]
      },
      "faces": {
        "north": {
          "uv": [
            4,
            12.33333,
            5,
            11.33333
          ],
          "rotation": 270,
          "texture": "#6"
        },
        "east": {
          "uv": [
            10.33333,
            8,
            9.33333,
            6
          ],
          "rotation": 270,
          "texture": "#6"
        },
        "south": {
          "uv": [
            11.33333,
            3.66667,
            12.33333,
            2.66667
          ],
          "rotation": 90,
          "texture": "#6"
        },
        "west": {
          "uv": [
            3.66667,
            9.33333,
            2.66667,
            11.33333
          ],
          "rotation": 270,
          "texture": "#6"
        },
        "up": {
          "uv": [
            10.66667,
            4.66667,
            8.66667,
            5.66667
          ],
          "rotation": 270,
          "texture": "#6"
        },
        "down": {
          "uv": [
            10.66667,
            8,
            8.66667,
            9
          ],
          "rotation": 270,
          "texture": "#6"
        }
      }
    },
    {
      "from": [
        9.25,
        15.75,
        12
      ],
      "to": [
        10.75,
        17.25,
        15
      ],
      "rotation": {
        "angle": 0,
        "axis": "z",
        "origin": [
          8,
          16.5,
          13.5
        ]
      },
      "faces": {
        "north": {
          "uv": [
            4,
            11.33333,
            5,
            12.33333
          ],
          "rotation": 270,
          "texture": "#6"
        },
        "east": {
          "uv": [
            3.66667,
            11.33333,
            2.66667,
            9.33333
          ],
          "rotation": 270,
          "texture": "#6"
        },
        "south": {
          "uv": [
            11.33333,
            2.66667,
            12.33333,
            3.66667
          ],
          "rotation": 90,
          "texture": "#6"
        },
        "west": {
          "uv": [
            10.33333,
            6,
            9.33333,
            8
          ],
          "rotation": 270,
          "texture": "#6"
        },
        "up": {
          "uv": [
            10.66667,
            5.66667,
            8.66667,
            4.66667
          ],
          "rotation": 270,
          "texture": "#6"
        },
        "down": {
          "uv": [
            10.66667,
            9,
            8.66667,
            8
          ],
          "rotation": 270,
          "texture": "#6"
        }
      }
    }
  ],
  "gui_light": "front",
  "display": {
    "thirdperson_righthand": {
      "translation": [
        0,
        2.25,
        0.75
      ]
    },
    "thirdperson_lefthand": {
      "translation": [
        0,
        2.25,
        0.75
      ]
    },
    "firstperson_righthand": {
      "rotation": [
        -15,
        0,
        0
      ],
      "translation": [
        0,
        1.75,
        0
      ]
    },
    "firstperson_lefthand": {
      "rotation": [
        -15,
        0,
        0
      ],
      "translation": [
        0,
        1.75,
        0
      ]
    },
    "ground": {
      "rotation": [
        -45,
        0,
        0
      ],
      "translation": [
        0,
        14.25,
        0
      ]
    },
    "gui": {
      "rotation": [
        -90,
        45,
        90
      ],
      "translation": [
        0.5,
        0,
        0
      ],
      "scale": [
        0.67188,
        0.67188,
        0.67188
      ]
    },
    "head": {
      "rotation": [
        0,
        -90,
        0
      ]
    },
    "fixed": {
      "rotation": [
        90,
        -90,
        90
      ],
      "translation": [
        0,
        4,
        -2.25
      ],
      "scale": [
        2.5,
        2.5,
        2.5
      ]
    }
  },
  "groups": [
    0,
    1,
    2,
    3,
    4,
    5,
    6,
    7,
    8,
    9,
    10,
    {
      "name": "group",
      "origin": [
        10.84814,
        3.76444,
        5.5
      ],
      "color": 0,
      "boneType": "",
      "children": [
        11,
        12,
        13,
        14,
        15,
        16,
        17,
        18,
        19,
        20,
        21,
        22,
        23,
        24,
        25,
        26,
        27,
        28,
        29,
        30,
        31,
        32,
        33,
        34,
        35,
        36,
        37,
        38,
        39,
        40,
        41,
        42
      ]
    },
    43,
    44,
    45,
    46,
    47,
    48,
    49,
    50,
    51,
    52,
    53,
    54,
    {
      "name": "group",
      "origin": [
        10.84814,
        3.76444,
        5.5
      ],
      "color": 0,
      "boneType": "",
      "children": []
    },
    55,
    56,
    57,
    58,
    59,
    60,
    61,
    62,
    63,
    64,
    65,
    66,
    67,
    68
  ]
}