{"credit":"Made by PolygonMC","textures":{"1":"littledragonset:little_dragon","4":"littledragonset:animations/animations_flame_02","6":"littledragonset:pickaxe","particle":"littledragonset:animations/animations_flame_03"},"elements":[{"from":[7.5,0,7.5],"to":[8.5,2,8.5],"rotation":{"angle":0,"axis":"y","origin":[6.5,0,7.5]},"faces":{"north":{"uv":[7,10,8,12],"texture":"#6"},"east":{"uv":[10,8,11,10],"texture":"#6"},"south":{"uv":[10,10,11,12],"texture":"#6"},"west":{"uv":[0,11,1,13],"texture":"#6"},"up":{"uv":[8,4,7,3],"texture":"#6"},"down":{"uv":[6,13,5,14],"texture":"#6"}}},{"from":[7.6,2,7.6],"to":[8.4,3.8,8.4],"rotation":{"angle":0,"axis":"y","origin":[6.5,0,7.5]},"faces":{"north":{"uv":[11,0,12,2],"texture":"#6"},"east":{"uv":[8,11,9,13],"texture":"#6"},"south":{"uv":[11,8,12,10],"texture":"#6"},"west":{"uv":[9,11,10,13],"texture":"#6"}}},{"from":[7.5,3.8,7.5],"to":[8.5,5.8,8.5],"rotation":{"angle":0,"axis":"y","origin":[6.5,0,7.5]},"faces":{"north":{"uv":[11,10,12,12],"texture":"#6"},"east":{"uv":[12,0,13,2],"texture":"#6"},"south":{"uv":[1,12,2,14],"texture":"#6"},"west":{"uv":[2,12,3,14],"texture":"#6"},"up":{"uv":[7,14,6,13],"texture":"#6"},"down":{"uv":[14,7,13,8],"texture":"#6"}}},{"from":[7.75,-0.25,7.25],"to":[8.25,1.25,8.75],"rotation":{"angle":0,"axis":"y","origin":[7.75,0,7.25]},"faces":{"north":{"uv":[5,14,5.5,15.5],"texture":"#6"},"east":{"uv":[1,8,2.5,9.5],"texture":"#6"},"south":{"uv":[14,5,14.5,6.5],"texture":"#6"},"west":{"uv":[3,8,4.5,9.5],"texture":"#6"},"up":{"uv":[6.5,15.5,6,14],"texture":"#6"},"down":{"uv":[7.5,14,7,15.5],"texture":"#6"}}},{"from":[7.25,5.8,7],"to":[8.75,6.3,9],"rotation":{"angle":0,"axis":"y","origin":[7.25,5.8,7.25]},"faces":{"north":{"uv":[14,7,15.5,7.5],"texture":"#6"},"east":{"uv":[8,13,10,13.5],"texture":"#6"},"south":{"uv":[8,14,9.5,14.5],"texture":"#6"},"west":{"uv":[13,8,15,8.5],"texture":"#6"},"up":{"uv":[7.5,8,6,6],"texture":"#6"},"down":{"uv":[8.5,0,7,2],"texture":"#6"}}},{"from":[7.55,5.25,7.25],"to":[8.45,6.75,8.75],"rotation":{"angle":0,"axis":"y","origin":[7.75,0,7.25]},"faces":{"north":{"uv":[12,9,13,10.5],"texture":"#6"},"east":{"uv":[8,3,9.5,4.5],"texture":"#6"},"south":{"uv":[10,12,11,13.5],"texture":"#6"},"west":{"uv":[8,5,9.5,6.5],"texture":"#6"},"up":{"uv":[12,13.5,11,12],"texture":"#6"},"down":{"uv":[13,11,12,12.5],"texture":"#6"}}},{"from":[7.55,10.25,7.25],"to":[8.45,11.75,8.75],"rotation":{"angle":0,"axis":"y","origin":[7.75,5,7.25]},"faces":{"north":{"uv":[0,13,1,14.5],"texture":"#6"},"east":{"uv":[3,10,4.5,11.5],"texture":"#6"},"south":{"uv":[13,0,14,1.5],"texture":"#6"},"west":{"uv":[10,4,11.5,5.5],"texture":"#6"},"up":{"uv":[14,3.5,13,2],"texture":"#6"},"down":{"uv":[14,4,13,5.5],"texture":"#6"}}},{"from":[7.5,11,8],"to":[8.5,13,10],"rotation":{"angle":-45,"axis":"x","origin":[7.5,11,8]},"faces":{"north":{"uv":[12,2,13,4],"texture":"#6"},"east":{"uv":[2,5,4,7],"texture":"#6"},"south":{"uv":[3,12,4,14],"texture":"#6"},"west":{"uv":[6,4,8,6],"texture":"#6"},"up":{"uv":[5,14,4,12],"texture":"#6"},"down":{"uv":[13,4,12,6],"texture":"#6"}}},{"from":[7.25,11.25,8.25],"to":[8.75,12.75,9.75],"rotation":{"angle":-45,"axis":"x","origin":[7.5,11,8]},"faces":{"north":{"uv":[6,8,7.5,9.5],"texture":"#6"},"east":{"uv":[8,7,9.5,8.5],"texture":"#6"},"south":{"uv":[9,0,10.5,1.5],"texture":"#6"},"west":{"uv":[8,9,9.5,10.5],"texture":"#6"},"up":{"uv":[2.5,11.5,1,10],"texture":"#6"},"down":{"uv":[11.5,2,10,3.5],"texture":"#6"}}},{"from":[7.544,10.14257,6.58739],"to":[8.456,11.05457,7.61339],"rotation":{"angle":-22.5,"axis":"x","origin":[8,10.17995,6.2852]},"faces":{"north":{"uv":[13,10,14,9],"texture":"#6"},"east":{"uv":[13,11,14,10],"texture":"#6"},"south":{"uv":[13,12,14,11],"texture":"#6"},"west":{"uv":[12,14,13,13],"texture":"#6"},"up":{"uv":[14,14,13,13],"texture":"#6"},"down":{"uv":[14,12,13,13],"texture":"#6"}}},{"from":[7.60784,10.0527,6.03042],"to":[8.39216,10.83702,6.91278],"rotation":{"angle":-45,"axis":"x","origin":[8,10.17995,6.2852]},"faces":{"north":{"uv":[14,1,15,0],"texture":"#6"},"east":{"uv":[1,15,2,14],"texture":"#6"},"west":{"uv":[14,2,15,1],"texture":"#6"},"up":{"uv":[15,3,14,2],"texture":"#6"},"down":{"uv":[3,14,2,15],"texture":"#6"}}},{"from":[7.66274,9.46091,5.60706],"to":[8.33726,10.21974,6.28157],"rotation":{"angle":22.5,"axis":"x","origin":[8,10.17995,6.2852]},"faces":{"north":{"uv":[11.5,15,11,14],"rotation":180,"texture":"#6"},"east":{"uv":[14,9.5,15,9],"rotation":90,"texture":"#6"},"south":{"uv":[14.5,10,14,11],"texture":"#6"},"west":{"uv":[10,14.5,11,14],"rotation":270,"texture":"#6"},"down":{"uv":[14,11.5,14.5,11],"rotation":180,"texture":"#6"}}},{"from":[7.71333,9.15874,5.4056],"to":[8.28667,9.80374,5.97894],"rotation":{"angle":0,"axis":"x","origin":[8,10.17995,6.2852]},"faces":{"north":{"uv":[12,14.5,12.5,14],"texture":"#6"},"east":{"uv":[14,12.5,14.5,12],"texture":"#6"},"south":{"uv":[13,14.5,13.5,14],"texture":"#6"},"west":{"uv":[14,13.5,14.5,13],"texture":"#6"},"down":{"uv":[14.5,14,14,14.5],"texture":"#6"}}},{"from":[7.544,10.14257,8.38661],"to":[8.456,11.05457,9.41261],"rotation":{"angle":22.5,"axis":"x","origin":[8,10.17995,9.7148]},"faces":{"north":{"uv":[14,12,13,11],"texture":"#6"},"east":{"uv":[14,11,13,10],"texture":"#6"},"south":{"uv":[14,10,13,9],"texture":"#6"},"west":{"uv":[13,14,12,13],"texture":"#6"},"up":{"uv":[14,13,13,14],"texture":"#6"},"down":{"uv":[14,13,13,12],"texture":"#6"}}},{"from":[7.60784,10.0527,9.08722],"to":[8.39216,10.83702,9.96958],"rotation":{"angle":45,"axis":"x","origin":[8,10.17995,9.7148]},"faces":{"east":{"uv":[2,15,1,14],"texture":"#6"},"south":{"uv":[15,1,14,0],"texture":"#6"},"west":{"uv":[15,2,14,1],"texture":"#6"},"up":{"uv":[15,2,14,3],"texture":"#6"},"down":{"uv":[3,15,2,14],"texture":"#6"}}},{"from":[7.66274,9.46091,9.71843],"to":[8.33726,10.21974,10.39294],"rotation":{"angle":-22.5,"axis":"x","origin":[8,10.17995,9.7148]},"faces":{"north":{"uv":[14,10,14.5,11],"texture":"#6"},"east":{"uv":[14,9,15,9.5],"rotation":90,"texture":"#6"},"south":{"uv":[11,15,11.5,14],"rotation":180,"texture":"#6"},"west":{"uv":[10,14,11,14.5],"rotation":270,"texture":"#6"},"down":{"uv":[14,11,14.5,11.5],"rotation":180,"texture":"#6"}}},{"from":[7.71333,9.15874,10.02106],"to":[8.28667,9.80374,10.5944],"rotation":{"angle":0,"axis":"x","origin":[8,10.17995,9.7148]},"faces":{"north":{"uv":[13.5,14.5,13,14],"texture":"#6"},"east":{"uv":[14.5,12.5,14,12],"texture":"#6"},"south":{"uv":[12.5,14.5,12,14],"texture":"#6"},"west":{"uv":[14.5,13.5,14,13],"texture":"#6"},"down":{"uv":[14.5,14.5,14,14],"texture":"#6"}}},{"from":[7,12.8792,6.32838],"to":[9,14.8792,10.82838],"rotation":{"angle":22.5,"axis":"x","origin":[8,13.8792,8.57838]},"faces":{"north":{"uv":[4.66667,0,6,1.33333],"texture":"#1"},"east":{"uv":[0,0,3,1.33333],"texture":"#1"},"south":{"uv":[4.66667,1.33333,6,2.66667],"texture":"#1"},"west":{"uv":[0,1.33333,3,2.66667],"texture":"#1"},"up":{"uv":[1.33333,5.66667,0,2.66667],"texture":"#1"},"down":{"uv":[2.66667,2.66667,1.33333,5.66667],"texture":"#1"}}},{"from":[6.32029,12.09785,6.57838],"to":[7.32029,12.59785,8.07838],"rotation":{"angle":22.5,"axis":"z","origin":[8,13.65379,8.02459]},"faces":{"north":{"uv":[4,10,4.66667,10.33333],"texture":"#1"},"east":{"uv":[2.66667,10,3.66667,10.33333],"texture":"#1"},"south":{"uv":[10,4,10.66667,4.33333],"texture":"#1"},"west":{"uv":[10,3.33333,11,3.66667],"texture":"#1"},"up":{"uv":[0.66667,9.66667,0,8.66667],"texture":"#1"},"down":{"uv":[9.33333,0,8.66667,1],"texture":"#1"}}},{"from":[6.32029,12.59785,7.07838],"to":[7.32029,13.59785,8.07838],"rotation":{"angle":22.5,"axis":"z","origin":[8,13.65379,8.02459]},"faces":{"north":{"uv":[4.66667,4,5.33333,4.66667],"texture":"#1"},"east":{"uv":[9.33333,0,10,0.66667],"texture":"#1"},"south":{"uv":[0.66667,9.33333,1.33333,10],"texture":"#1"},"west":{"uv":[9.33333,0.66667,10,1.33333],"texture":"#1"}}},{"from":[6.32029,13.59785,6.57838],"to":[7.32029,14.59785,8.07838],"rotation":{"angle":22.5,"axis":"z","origin":[8,13.65379,8.02459]},"faces":{"north":{"uv":[1.33333,9.33333,2,10],"texture":"#1"},"east":{"uv":[0.66667,8.66667,1.66667,9.33333],"texture":"#1"},"south":{"uv":[9.33333,2,10,2.66667],"texture":"#1"},"west":{"uv":[8.66667,1.33333,9.66667,2],"texture":"#1"},"up":{"uv":[2.66667,9.66667,2,8.66667],"texture":"#1"},"down":{"uv":[9.33333,2,8.66667,3],"texture":"#1"}}},{"from":[8.67971,13.59785,6.57838],"to":[9.67971,14.59785,8.07838],"rotation":{"angle":-22.5,"axis":"z","origin":[8,13.65379,8.02459]},"faces":{"north":{"uv":[2,9.33333,1.33333,10],"texture":"#1"},"east":{"uv":[8.66667,2,9.66667,1.33333],"rotation":180,"texture":"#1"},"south":{"uv":[10,2,9.33333,2.66667],"texture":"#1"},"west":{"uv":[0.66667,9.33333,1.66667,8.66667],"rotation":180,"texture":"#1"},"up":{"uv":[2,9.66667,2.66667,8.66667],"texture":"#1"},"down":{"uv":[8.66667,2,9.33333,3],"texture":"#1"}}},{"from":[8.67971,12.59785,7.07838],"to":[9.67971,13.59785,8.07838],"rotation":{"angle":-22.5,"axis":"z","origin":[8,13.65379,8.02459]},"faces":{"north":{"uv":[5.33333,4,4.66667,4.66667],"texture":"#1"},"east":{"uv":[9.33333,1.33333,10,0.66667],"rotation":180,"texture":"#1"},"south":{"uv":[1.33333,9.33333,0.66667,10],"texture":"#1"},"west":{"uv":[9.33333,0.66667,10,0],"rotation":180,"texture":"#1"}}},{"from":[8.67971,12.09785,6.57838],"to":[9.67971,12.59785,8.07838],"rotation":{"angle":-22.5,"axis":"z","origin":[8,13.65379,8.02459]},"faces":{"north":{"uv":[4.66667,10,4,10.33333],"texture":"#1"},"east":{"uv":[10,3.66667,11,3.33333],"rotation":180,"texture":"#1"},"south":{"uv":[10.66667,4,10,4.33333],"texture":"#1"},"west":{"uv":[2.66667,10.33333,3.66667,10],"rotation":180,"texture":"#1"},"up":{"uv":[0,9.66667,0.66667,8.66667],"texture":"#1"},"down":{"uv":[8.66667,0,9.33333,1],"texture":"#1"}}},{"from":[7.25,14.67232,5.7703],"to":[8.75,16.17232,7.2703],"rotation":{"angle":-22.5,"axis":"x","origin":[8,14.45379,8.34959]},"faces":{"north":{"uv":[6.66667,4,7.66667,5],"texture":"#1"},"east":{"uv":[5.33333,6.66667,6.33333,7.66667],"texture":"#1"},"south":{"uv":[6.66667,5.33333,7.66667,6.33333],"texture":"#1"},"west":{"uv":[6.66667,6.66667,7.66667,7.66667],"texture":"#1"},"up":{"uv":[1,8.33333,0,7.33333],"texture":"#1"},"down":{"uv":[8.33333,0,7.33333,1],"texture":"#1"}}},{"from":[7,13.6768,3.92096],"to":[9,15.6768,5.92096],"rotation":{"angle":0,"axis":"y","origin":[8,14.45379,8.34959]},"faces":{"north":{"uv":[2.66667,4.66667,4,6],"texture":"#1"},"east":{"uv":[4.66667,2.66667,6,4],"texture":"#1"},"south":{"uv":[4,4.66667,5.33333,6],"texture":"#1"},"west":{"uv":[5.33333,4,6.66667,5.33333],"texture":"#1"},"up":{"uv":[6.66667,6.66667,5.33333,5.33333],"texture":"#1"},"down":{"uv":[1.33333,6,0,7.33333],"texture":"#1"}}},{"from":[7,13.6768,2.92096],"to":[9,14.6768,3.92096],"rotation":{"angle":0,"axis":"y","origin":[8,14.45379,8.34959]},"faces":{"north":{"uv":[3.33333,2,4.66667,2.66667],"texture":"#1"},"east":{"uv":[4,9.33333,4.66667,10],"texture":"#1"},"west":{"uv":[4.66667,9.33333,5.33333,10],"texture":"#1"},"up":{"uv":[8,8.66667,6.66667,8],"texture":"#1"},"down":{"uv":[9.33333,6.66667,8,7.33333],"texture":"#1"}}},{"from":[7.25,13.9268,2.67096],"to":[8.75,14.9268,3.92096],"rotation":{"angle":0,"axis":"y","origin":[8,14.45379,8.34959]},"faces":{"north":{"uv":[2.66667,8.66667,3.66667,9.33333],"texture":"#1"},"east":{"uv":[8.66667,3.33333,9.66667,4],"texture":"#1"},"west":{"uv":[4,8.66667,5,9.33333],"texture":"#1"},"up":{"uv":[2.33333,8.33333,1.33333,7.33333],"texture":"#1"},"down":{"uv":[8.33333,1.33333,7.33333,2.33333],"texture":"#1"}}},{"from":[7.25,12.57322,10.50109],"to":[8.75,14.07322,12.50109],"rotation":{"angle":0,"axis":"y","origin":[7.60225,13.32139,12.71184]},"faces":{"north":{"uv":[2.66667,7.33333,3.66667,8.33333],"texture":"#1"},"east":{"uv":[6,1.33333,7.33333,2.33333],"texture":"#1"},"south":{"uv":[7.33333,2.66667,8.33333,3.66667],"texture":"#1"},"west":{"uv":[2.66667,6,4,7],"texture":"#1"},"up":{"uv":[7,4,6,2.66667],"texture":"#1"},"down":{"uv":[5,6,4,7.33333],"texture":"#1"}}},{"from":[7.3775,13.00322,12.20109],"to":[8.6225,14.24822,13.86109],"rotation":{"angle":-22.5,"axis":"x","origin":[8,13.45072,13.33109]},"faces":{"north":{"uv":[5.33333,9.33333,6,10],"texture":"#1"},"east":{"uv":[8.66667,4,9.66667,4.66667],"texture":"#1"},"south":{"uv":[9.33333,5.33333,10,6],"texture":"#1"},"west":{"uv":[8.66667,4.66667,9.66667,5.33333],"texture":"#1"},"up":{"uv":[9.33333,6.33333,8.66667,5.33333],"texture":"#1"},"down":{"uv":[7.33333,8.66667,6.66667,9.66667],"texture":"#1"}}},{"from":[7.48333,13.6259,13.42488],"to":[8.51667,14.65925,14.80268],"rotation":{"angle":-45,"axis":"x","origin":[8,14.09257,14.11378]},"faces":{"north":{"uv":[10,6,9.33333,6.66667],"rotation":180,"texture":"#1"},"east":{"uv":[8.66667,7.33333,9.33333,8.33333],"rotation":270,"texture":"#1"},"south":{"uv":[6.66667,10,6,9.33333],"texture":"#1"},"west":{"uv":[8.66667,8.66667,9.33333,9.66667],"rotation":90,"texture":"#1"},"up":{"uv":[7.33333,8.66667,8,9.66667],"rotation":180,"texture":"#1"},"down":{"uv":[8,8.66667,8.66667,9.66667],"texture":"#1"}}},{"from":[5.86753,13.8153,5.712],"to":[5.86753,15.3153,7.212],"rotation":{"angle":-22.5,"axis":"y","origin":[8,14.45379,8.34959]},"faces":{"east":{"uv":[5,7.33333,4,8.33333],"texture":"#1"},"west":{"uv":[4,7.33333,5,8.33333],"texture":"#1"}}},{"from":[10.13247,13.8153,5.712],"to":[10.13247,15.3153,7.212],"rotation":{"angle":22.5,"axis":"y","origin":[8,14.45379,8.34959]},"faces":{"east":{"uv":[5,7.33333,4,8.33333],"texture":"#1"},"west":{"uv":[4,7.33333,5,8.33333],"texture":"#1"}}},{"from":[6.9,15.71195,6.02553],"to":[7.9,16.71195,7.02553],"rotation":{"angle":-22.5,"axis":"x","origin":[8,14.45379,8.34959]},"faces":{"north":{"uv":[9.33333,6.66667,10,7.33333],"texture":"#1"},"east":{"uv":[9.33333,7.33333,10,8],"texture":"#1"},"south":{"uv":[9.33333,8,10,8.66667],"texture":"#1"},"west":{"uv":[9.33333,8.66667,10,9.33333],"texture":"#1"},"up":{"uv":[10,10,9.33333,9.33333],"texture":"#1"},"down":{"uv":[0.66667,10,0,10.66667],"texture":"#1"}}},{"from":[7.005,16.17787,7.5878],"to":[7.795,16.96787,8.3778],"rotation":{"angle":-45,"axis":"x","origin":[8,14.45379,8.34959]},"faces":{"east":{"uv":[10,0,10.66667,0.66667],"texture":"#1"},"south":{"uv":[0.66667,10,1.33333,10.66667],"texture":"#1"},"west":{"uv":[10,0.66667,10.66667,1.33333],"texture":"#1"},"up":{"uv":[2,10.66667,1.33333,10],"texture":"#1"},"down":{"uv":[10.66667,1.33333,10,2],"texture":"#1"}}},{"from":[7.10375,15.1414,6.09606],"to":[7.69625,15.7339,6.68856],"rotation":{"angle":22.5,"axis":"x","origin":[8,14.45379,8.34959]},"faces":{"north":{"uv":[6.66667,10,7,10.33333],"texture":"#1"},"east":{"uv":[10,6.66667,10.33333,7],"texture":"#1"},"south":{"uv":[7.33333,10,7.66667,10.33333],"texture":"#1"},"west":{"uv":[10,7.33333,10.33333,7.66667],"texture":"#1"},"up":{"uv":[8.33333,10.33333,8,10],"texture":"#1"}}},{"from":[6.8,16.8292,4.52652],"to":[7.8,17.3292,5.52652],"rotation":{"angle":-22.5,"axis":"x","origin":[8,14.45379,8.34959]},"faces":{"north":{"uv":[12,0,12.66667,0.33333],"texture":"#1"},"east":{"uv":[10,5.33333,10.66667,5.66667],"texture":"#1"},"south":{"uv":[12.66667,0,13.33333,0.33333],"texture":"#1"},"west":{"uv":[10,6,10.66667,6.33333],"texture":"#1"},"up":{"uv":[11.66667,0.66667,11,0],"texture":"#1"},"down":{"uv":[10.66667,2,10,2.66667],"texture":"#1"}}},{"from":[4.60718,14.40223,6.82838],"to":[6.60718,14.40223,9.82838],"rotation":{"angle":-22.5,"axis":"z","origin":[8,13.65379,8.02459]},"faces":{"up":{"uv":[4.66667,2,3.33333,0],"texture":"#1"},"down":{"uv":[4.66667,0,3.33333,2],"texture":"#1"}}},{"from":[3.13014,16.5821,6.82838],"to":[6.13014,16.5821,9.82838],"rotation":{"angle":22.5,"axis":"z","origin":[8,13.65379,8.02459]},"faces":{"up":{"uv":[4.66667,4.66667,2.66667,2.66667],"texture":"#1"},"down":{"uv":[4.66667,2.66667,2.66667,4.66667],"texture":"#1"}}},{"from":[8.58336,11.75382,9.07838],"to":[9.58336,12.25382,11.07838],"rotation":{"angle":-22.5,"axis":"z","origin":[8,13.15379,8.02459]},"faces":{"north":{"uv":[5.33333,10,4.66667,10.33333],"texture":"#1"},"east":{"uv":[10.66667,2.66667,9.33333,3],"texture":"#1"},"south":{"uv":[10.66667,4.66667,10,5],"texture":"#1"},"west":{"uv":[4,9.33333,2.66667,9.66667],"texture":"#1"},"up":{"uv":[8,6.66667,8.66667,5.33333],"texture":"#1"},"down":{"uv":[6,8,6.66667,9.33333],"texture":"#1"}}},{"from":[8.58336,12.25382,9.57838],"to":[9.58336,14.25382,11.07838],"rotation":{"angle":-22.5,"axis":"z","origin":[8,13.15379,8.02459]},"faces":{"north":{"uv":[8.66667,4,8,5.33333],"texture":"#1"},"east":{"uv":[2.33333,6,1.33333,7.33333],"texture":"#1"},"south":{"uv":[6,8,5.33333,9.33333],"texture":"#1"},"west":{"uv":[7,0,6,1.33333],"texture":"#1"},"up":{"uv":[8,8.33333,8.66667,7.33333],"texture":"#1"}}},{"from":[6.41664,12.25382,9.57838],"to":[7.41664,14.25382,11.07838],"rotation":{"angle":22.5,"axis":"z","origin":[8,13.15379,8.02459]},"faces":{"north":{"uv":[8,4,8.66667,5.33333],"texture":"#1"},"east":{"uv":[7,1.33333,6,0],"rotation":180,"texture":"#1"},"south":{"uv":[5.33333,8,6,9.33333],"texture":"#1"},"west":{"uv":[2.33333,7.33333,1.33333,6],"rotation":180,"texture":"#1"},"up":{"uv":[8.66667,8.33333,8,7.33333],"texture":"#1"}}},{"from":[6.41664,11.75382,9.07838],"to":[7.41664,12.25382,11.07838],"rotation":{"angle":22.5,"axis":"z","origin":[8,13.15379,8.02459]},"faces":{"north":{"uv":[4.66667,10,5.33333,10.33333],"texture":"#1"},"east":{"uv":[4,9.66667,2.66667,9.33333],"rotation":180,"texture":"#1"},"south":{"uv":[10,4.66667,10.66667,5],"texture":"#1"},"west":{"uv":[10.66667,3,9.33333,2.66667],"rotation":180,"texture":"#1"},"up":{"uv":[8.66667,6.66667,8,5.33333],"texture":"#1"},"down":{"uv":[6.66667,8,6,9.33333],"texture":"#1"}}},{"from":[8.205,16.17787,7.5878],"to":[8.995,16.96787,8.3778],"rotation":{"angle":-45,"axis":"x","origin":[8,14.45379,8.34959]},"faces":{"east":{"uv":[10.66667,0.66667,10,1.33333],"texture":"#1"},"south":{"uv":[1.33333,10,0.66667,10.66667],"texture":"#1"},"west":{"uv":[10.66667,0,10,0.66667],"texture":"#1"},"up":{"uv":[1.33333,10.66667,2,10],"texture":"#1"},"down":{"uv":[10,1.33333,10.66667,2],"texture":"#1"}}},{"from":[8.30375,15.1414,6.09606],"to":[8.89625,15.7339,6.68856],"rotation":{"angle":22.5,"axis":"x","origin":[8,14.45379,8.34959]},"faces":{"north":{"uv":[7,10,6.66667,10.33333],"texture":"#1"},"east":{"uv":[10.33333,7.33333,10,7.66667],"texture":"#1"},"south":{"uv":[7.66667,10,7.33333,10.33333],"texture":"#1"},"west":{"uv":[10.33333,6.66667,10,7],"texture":"#1"},"up":{"uv":[8,10.33333,8.33333,10],"texture":"#1"}}},{"from":[8.1,15.71195,6.02553],"to":[9.1,16.71195,7.02553],"rotation":{"angle":-22.5,"axis":"x","origin":[8,14.45379,8.34959]},"faces":{"north":{"uv":[10,6.66667,9.33333,7.33333],"texture":"#1"},"east":{"uv":[10,8.66667,9.33333,9.33333],"texture":"#1"},"south":{"uv":[10,8,9.33333,8.66667],"texture":"#1"},"west":{"uv":[10,7.33333,9.33333,8],"texture":"#1"},"up":{"uv":[9.33333,10,10,9.33333],"texture":"#1"},"down":{"uv":[0,10,0.66667,10.66667],"texture":"#1"}}},{"from":[8.2,16.8292,4.52652],"to":[9.2,17.3292,5.52652],"rotation":{"angle":-22.5,"axis":"x","origin":[8,14.45379,8.34959]},"faces":{"north":{"uv":[12.66667,0,12,0.33333],"texture":"#1"},"east":{"uv":[10.66667,6,10,6.33333],"texture":"#1"},"south":{"uv":[13.33333,0,12.66667,0.33333],"texture":"#1"},"west":{"uv":[10.66667,5.33333,10,5.66667],"texture":"#1"},"up":{"uv":[11,0.66667,11.66667,0],"texture":"#1"},"down":{"uv":[10,2,10.66667,2.66667],"texture":"#1"}}},{"from":[9.86986,16.5821,6.82838],"to":[12.86986,16.5821,9.82838],"rotation":{"angle":-22.5,"axis":"z","origin":[8,13.65379,8.02459]},"faces":{"up":{"uv":[2.66667,4.66667,4.66667,2.66667],"texture":"#1"},"down":{"uv":[2.66667,2.66667,4.66667,4.66667],"texture":"#1"}}},{"from":[9.39282,14.40223,6.82838],"to":[11.39282,14.40223,9.82838],"rotation":{"angle":22.5,"axis":"z","origin":[8,13.65379,8.02459]},"faces":{"up":{"uv":[3.33333,2,4.66667,0],"texture":"#1"},"down":{"uv":[3.33333,0,4.66667,2],"texture":"#1"}}},{"from":[7.985,-3,6.5],"to":[8.015,1,9.5],"rotation":{"angle":0,"axis":"y","origin":[0.985,0,-0.5]},"faces":{"east":{"uv":[6,0,0,8],"texture":"#4"},"west":{"uv":[0,0,6,8],"texture":"#4"}}},{"from":[7.985,12.5,13.1],"to":[8.015,16.5,16.1],"rotation":{"angle":22.5,"axis":"x","origin":[8,15,17]},"faces":{"east":{"uv":[6,0,0,8],"rotation":180,"texture":"#4"},"west":{"uv":[0,0,6,8],"rotation":180,"texture":"#4"}}},{"from":[7.5,6.3,7.5],"to":[8.5,10.8,8.5],"rotation":{"angle":0,"axis":"y","origin":[7.5,6.3,7.5]},"faces":{"north":{"uv":[0,0,1,4.5],"texture":"#6"},"east":{"uv":[1,0,2,4.5],"texture":"#6"},"south":{"uv":[2,0,3,4.5],"texture":"#6"},"west":{"uv":[3,0,4,4.5],"texture":"#6"},"up":{"uv":[4,15,3,14],"texture":"#6"},"down":{"uv":[15,3,14,4],"texture":"#6"}}},{"from":[7.31,11.06,4.58],"to":[8.69,12.44,7.42],"rotation":{"angle":0,"axis":"y","origin":[7.31,11.06,5.58]},"faces":{"north":{"uv":[5,10,6.5,11.5],"texture":"#6"},"east":{"uv":[4,0,7,1.5],"texture":"#6"},"south":{"uv":[10,6,11.5,7.5],"texture":"#6"},"west":{"uv":[4,2,7,3.5],"texture":"#6"},"up":{"uv":[5.5,7,4,4],"texture":"#6"},"down":{"uv":[1.5,5,0,8],"texture":"#6"}}},{"from":[7.4273,10.7773,2.2614],"to":[8.5727,11.9227,4.7886],"rotation":{"angle":-22.5,"axis":"x","origin":[8,11.75,3.5]},"faces":{"north":{"uv":[4,14,5,15],"texture":"#6"},"east":{"uv":[2,7,4.5,8],"texture":"#6"},"west":{"uv":[7,2,9.5,3],"texture":"#6"},"up":{"uv":[6,9.5,5,7],"texture":"#6"},"down":{"uv":[1,8,0,10.5],"texture":"#6"}}},{"from":[7.55329,9.7404,1.14045],"to":[8.44671,10.63381,3.11166],"rotation":{"angle":-45,"axis":"x","origin":[8,10.1371,1.80105]},"faces":{"north":{"uv":[14,4,15,5],"texture":"#6"},"east":{"uv":[5,12,7,13],"texture":"#6"},"west":{"uv":[12,6,14,7],"texture":"#6"},"up":{"uv":[8,14,7,12],"texture":"#6"},"down":{"uv":[13,7,12,9],"texture":"#6"}}},{"from":[7.31,11.06,8.58],"to":[8.69,12.44,11.42],"rotation":{"angle":0,"axis":"y","origin":[7.31,11.06,10.42]},"faces":{"north":{"uv":[11.5,6,10,7.5],"texture":"#6"},"east":{"uv":[7,0,4,1.5],"texture":"#6"},"south":{"uv":[6.5,10,5,11.5],"texture":"#6"},"west":{"uv":[7,2,4,3.5],"texture":"#6"},"up":{"uv":[5.5,4,4,7],"texture":"#6"},"down":{"uv":[1.5,8,0,5],"texture":"#6"}}},{"from":[7.4273,10.7773,11.2114],"to":[8.5727,11.9227,13.7386],"rotation":{"angle":22.5,"axis":"x","origin":[8,11.75,12.5]},"faces":{"east":{"uv":[4.5,7,2,8],"texture":"#6"},"south":{"uv":[5,14,4,15],"texture":"#6"},"west":{"uv":[9.5,2,7,3],"texture":"#6"},"up":{"uv":[6,7,5,9.5],"texture":"#6"},"down":{"uv":[1,10.5,0,8],"texture":"#6"}}},{"from":[7.55329,9.7404,12.88834],"to":[8.44671,10.63381,14.85955],"rotation":{"angle":45,"axis":"x","origin":[8,10.1371,14.19895]},"faces":{"east":{"uv":[7,12,5,13],"texture":"#6"},"south":{"uv":[15,4,14,5],"texture":"#6"},"west":{"uv":[14,6,12,7],"texture":"#6"},"up":{"uv":[8,12,7,14],"texture":"#6"},"down":{"uv":[13,9,12,7],"texture":"#6"}}}],"gui_light":"front","display":{"thirdperson_righthand":{"translation":[0,2.5,0.75]},"thirdperson_lefthand":{"translation":[0,2.5,0.75]},"firstperson_righthand":{"rotation":[-15,0,0],"translation":[0,3.25,0]},"firstperson_lefthand":{"rotation":[-15,0,0],"translation":[0,3.25,0]},"ground":{"rotation":[-45,0,0],"translation":[0,4.25,0]},"gui":{"rotation":[-90,45,90],"translation":[0.25,-0.25,0],"scale":[0.86133,0.86133,0.86133]},"head":{"rotation":[0,-90,0]},"fixed":{"rotation":[90,-90,90],"translation":[0,-1.75,-2.25],"scale":[2.5,2.5,2.5]}},"groups":[{"name":"group","origin":[7.5,6,8],"color":0,"boneType":"","children":[0,1,2,3,4,5,6,7,8]},9,10,11,12,13,14,15,16,{"name":"group","origin":[10.84814,3.76444,5.5],"color":0,"boneType":"","children":[17,18,19,20,21,22,23,24,25,26,27,28,29,30,31,32,33,34,35,36,37,38,39,40,41,42,43,44,45,46,47,48]},49,50,51,52,53,54,55,56,57]}