{
  "credit": "Made by PolygonMC",
  "texture_size": [
    24,
    24
  ],
  "textures": {
    "1": "nexusset:animations/animations_bolt",
    "2": "nexusset:animations/animations_nexus",
    "3": "nexusset:fishing_rod"
  },
  "elements": [
    {
      "from": [
        7.395,
        -1.105,
        7.395
      ],
      "to": [
        8.605,
        0.105,
        8.605
      ],
      "rotation": {
        "angle": -45,
        "axis": "x",
        "origin": [
          8,
          -0.5,
          8
        ]
      },
      "faces": {
        "north": {
          "uv": [
            12.66667,
            7.33333,
            13.5,
            8.16667
          ],
          "texture": "#3"
        },
        "east": {
          "uv": [
            10.66667,
            12.66667,
            11.5,
            13.5
          ],
          "texture": "#3"
        },
        "south": {
          "uv": [
            12,
            12.66667,
            12.83333,
            13.5
          ],
          "texture": "#3"
        },
        "west": {
          "uv": [
            0,
            13.33333,
            0.83333,
            14.16667
          ],
          "texture": "#3"
        },
        "up": {
          "uv": [
            2.83333,
            14.16667,
            2,
            13.33333
          ],
          "texture": "#3"
        },
        "down": {
          "uv": [
            4.16667,
            13.33333,
            3.33333,
            14.16667
          ],
          "texture": "#3"
        }
      }
    },
    {
      "from": [
        7.195,
        -0.905,
        7.595
      ],
      "to": [
        8.805,
        -0.095,
        8.405
      ],
      "rotation": {
        "angle": -45,
        "axis": "x",
        "origin": [
          8,
          -0.5,
          8
        ]
      },
      "faces": {
        "north": {
          "uv": [
            14,
            0,
            15,
            0.5
          ],
          "texture": "#3"
        },
        "east": {
          "uv": [
            14.66667,
            13.33333,
            15.16667,
            13.83333
          ],
          "texture": "#3"
        },
        "south": {
          "uv": [
            14,
            0.66667,
            15,
            1.16667
          ],
          "texture": "#3"
        },
        "west": {
          "uv": [
            14,
            14.66667,
            14.5,
            15.16667
          ],
          "texture": "#3"
        },
        "up": {
          "uv": [
            15,
            1.83333,
            14,
            1.33333
          ],
          "texture": "#3"
        },
        "down": {
          "uv": [
            15,
            2,
            14,
            2.5
          ],
          "texture": "#3"
        }
      }
    },
    {
      "from": [
        7.75,
        -1.25,
        6.525
      ],
      "to": [
        8.25,
        -0.25,
        8.025
      ],
      "rotation": {
        "angle": -22.5,
        "axis": "x",
        "origin": [
          8,
          -0.75,
          7.025
        ]
      },
      "faces": {
        "east": {
          "uv": [
            13.33333,
            6.66667,
            14.33333,
            7.33333
          ],
          "texture": "#3"
        },
        "west": {
          "uv": [
            13.33333,
            11.33333,
            14.33333,
            12
          ],
          "texture": "#3"
        },
        "up": {
          "uv": [
            15,
            13,
            14.66667,
            12
          ],
          "texture": "#3"
        },
        "down": {
          "uv": [
            13,
            14.66667,
            12.66667,
            15.66667
          ],
          "texture": "#3"
        }
      }
    },
    {
      "from": [
        7.5,
        -1.5,
        5.4
      ],
      "to": [
        8.5,
        -0.5,
        7.4
      ],
      "rotation": {
        "angle": 22.5,
        "axis": "x",
        "origin": [
          8,
          -1,
          6.4
        ]
      },
      "faces": {
        "north": {
          "uv": [
            5.33333,
            7.33333,
            6,
            8
          ],
          "texture": "#3"
        },
        "east": {
          "uv": [
            11.33333,
            5.33333,
            12.66667,
            6
          ],
          "texture": "#3"
        },
        "south": {
          "uv": [
            10,
            9.33333,
            10.66667,
            10
          ],
          "texture": "#3"
        },
        "west": {
          "uv": [
            9.33333,
            11.33333,
            10.66667,
            12
          ],
          "texture": "#3"
        },
        "up": {
          "uv": [
            12,
            12,
            11.33333,
            10.66667
          ],
          "texture": "#3"
        },
        "down": {
          "uv": [
            0.66667,
            12,
            0,
            13.33333
          ],
          "texture": "#3"
        }
      }
    },
    {
      "from": [
        7.5015,
        -1.5,
        4.93492
      ],
      "to": [
        8.4985,
        -0.5,
        5.93492
      ],
      "rotation": {
        "angle": -22.5,
        "axis": "x",
        "origin": [
          8.0015,
          -1,
          4.93492
        ]
      },
      "faces": {
        "north": {
          "uv": [
            10.66667,
            1.33333,
            11.33333,
            2
          ],
          "texture": "#3"
        },
        "east": {
          "uv": [
            10.66667,
            7.33333,
            11.33333,
            8
          ],
          "texture": "#3"
        },
        "west": {
          "uv": [
            12.66667,
            5.33333,
            13.33333,
            6
          ],
          "texture": "#3"
        },
        "up": {
          "uv": [
            2,
            14.66667,
            1.33333,
            14
          ],
          "texture": "#3"
        },
        "down": {
          "uv": [
            6.66667,
            14,
            6,
            14.66667
          ],
          "texture": "#3"
        }
      }
    },
    {
      "from": [
        7.5,
        -0.25,
        7.5
      ],
      "to": [
        8.5,
        0.75,
        8.5
      ],
      "rotation": {
        "angle": 0,
        "axis": "y",
        "origin": [
          7.5,
          -0.25,
          7.5
        ]
      },
      "faces": {
        "north": {
          "uv": [
            14,
            7.33333,
            14.66667,
            8
          ],
          "texture": "#3"
        },
        "east": {
          "uv": [
            14,
            8,
            14.66667,
            8.66667
          ],
          "texture": "#3"
        },
        "south": {
          "uv": [
            10.66667,
            14,
            11.33333,
            14.66667
          ],
          "texture": "#3"
        },
        "west": {
          "uv": [
            11.33333,
            14,
            12,
            14.66667
          ],
          "texture": "#3"
        },
        "up": {
          "uv": [
            12.66667,
            14.66667,
            12,
            14
          ],
          "texture": "#3"
        },
        "down": {
          "uv": [
            14.66667,
            12,
            14,
            12.66667
          ],
          "texture": "#3"
        }
      }
    },
    {
      "from": [
        7.5,
        3.55,
        7.5
      ],
      "to": [
        8.5,
        5.55,
        8.5
      ],
      "rotation": {
        "angle": 0,
        "axis": "y",
        "origin": [
          7.5,
          3.55,
          7.5
        ]
      },
      "faces": {
        "north": {
          "uv": [
            12,
            0,
            12.66667,
            1.33333
          ],
          "texture": "#3"
        },
        "east": {
          "uv": [
            0.66667,
            12,
            1.33333,
            13.33333
          ],
          "texture": "#3"
        },
        "south": {
          "uv": [
            12,
            1.33333,
            12.66667,
            2.66667
          ],
          "texture": "#3"
        },
        "west": {
          "uv": [
            12,
            2.66667,
            12.66667,
            4
          ],
          "texture": "#3"
        },
        "down": {
          "uv": [
            13.33333,
            14,
            12.66667,
            14.66667
          ],
          "texture": "#3"
        }
      }
    },
    {
      "from": [
        7.6,
        0.75,
        7.6
      ],
      "to": [
        8.4,
        3.55,
        8.4
      ],
      "rotation": {
        "angle": 0,
        "axis": "y",
        "origin": [
          7.5,
          1.65,
          7.5
        ]
      },
      "faces": {
        "north": {
          "uv": [
            5.33333,
            11.33333,
            5.83333,
            13.16667
          ],
          "texture": "#3"
        },
        "east": {
          "uv": [
            8,
            11.33333,
            8.5,
            13.16667
          ],
          "texture": "#3"
        },
        "south": {
          "uv": [
            8.66667,
            11.33333,
            9.16667,
            13.16667
          ],
          "texture": "#3"
        },
        "west": {
          "uv": [
            11.33333,
            8.66667,
            11.83333,
            10.5
          ],
          "texture": "#3"
        }
      }
    },
    {
      "from": [
        7.4,
        5,
        7
      ],
      "to": [
        8.6,
        7,
        9
      ],
      "rotation": {
        "angle": 45,
        "axis": "x",
        "origin": [
          8,
          6,
          8
        ]
      },
      "faces": {
        "north": {
          "uv": [
            9.33333,
            6,
            10.16667,
            7.33333
          ],
          "texture": "#3"
        },
        "east": {
          "uv": [
            5.33333,
            8,
            6.66667,
            9.33333
          ],
          "texture": "#3"
        },
        "south": {
          "uv": [
            10,
            2,
            10.83333,
            3.33333
          ],
          "texture": "#3"
        },
        "west": {
          "uv": [
            6.66667,
            8,
            8,
            9.33333
          ],
          "texture": "#3"
        },
        "up": {
          "uv": [
            10.83333,
            4.66667,
            10,
            3.33333
          ],
          "texture": "#3"
        },
        "down": {
          "uv": [
            5.5,
            10,
            4.66667,
            11.33333
          ],
          "texture": "#3"
        }
      }
    },
    {
      "from": [
        7.2,
        5.2,
        7.2
      ],
      "to": [
        8.8,
        6.8,
        8.8
      ],
      "rotation": {
        "angle": 45,
        "axis": "x",
        "origin": [
          8,
          6,
          8
        ]
      },
      "faces": {
        "north": {
          "uv": [
            10.66667,
            6,
            11.66667,
            7
          ],
          "texture": "#3"
        },
        "east": {
          "uv": [
            2,
            11.33333,
            3,
            12.33333
          ],
          "texture": "#3"
        },
        "south": {
          "uv": [
            4,
            11.33333,
            5,
            12.33333
          ],
          "texture": "#3"
        },
        "west": {
          "uv": [
            11.33333,
            4,
            12.33333,
            5
          ],
          "texture": "#3"
        },
        "up": {
          "uv": [
            7.66667,
            12.33333,
            6.66667,
            11.33333
          ],
          "texture": "#3"
        },
        "down": {
          "uv": [
            12.33333,
            7.33333,
            11.33333,
            8.33333
          ],
          "texture": "#3"
        }
      }
    },
    {
      "from": [
        7,
        5.25,
        6.25
      ],
      "to": [
        9,
        8.25,
        7.25
      ],
      "rotation": {
        "angle": 0,
        "axis": "y",
        "origin": [
          7,
          0,
          7.25
        ]
      },
      "faces": {
        "north": {
          "uv": [
            7.33333,
            2,
            8.66667,
            4
          ],
          "texture": "#3"
        },
        "east": {
          "uv": [
            9.33333,
            0,
            10,
            2
          ],
          "texture": "#3"
        },
        "south": {
          "uv": [
            4,
            7.33333,
            5.33333,
            9.33333
          ],
          "texture": "#3"
        },
        "west": {
          "uv": [
            9.33333,
            2,
            10,
            4
          ],
          "texture": "#3"
        },
        "up": {
          "uv": [
            13.33333,
            6.66667,
            12,
            6
          ],
          "texture": "#3"
        },
        "down": {
          "uv": [
            13.33333,
            6.66667,
            12,
            7.33333
          ],
          "texture": "#3"
        }
      }
    },
    {
      "from": [
        7.001,
        7.75,
        6.45711
      ],
      "to": [
        8.999,
        8.75,
        7.45711
      ],
      "rotation": {
        "angle": 45,
        "axis": "x",
        "origin": [
          8.001,
          8.25,
          6.95711
        ]
      },
      "faces": {
        "north": {
          "uv": [
            12,
            8.66667,
            13.33333,
            9.33333
          ],
          "texture": "#3"
        },
        "east": {
          "uv": [
            14,
            12.66667,
            14.66667,
            13.33333
          ],
          "texture": "#3"
        },
        "south": {
          "uv": [
            9.33333,
            12,
            10.66667,
            12.66667
          ],
          "texture": "#3"
        },
        "west": {
          "uv": [
            13.33333,
            14,
            14,
            14.66667
          ],
          "texture": "#3"
        },
        "up": {
          "uv": [
            13.33333,
            10,
            12,
            9.33333
          ],
          "texture": "#3"
        }
      }
    },
    {
      "from": [
        7.001,
        4.75,
        6.04289
      ],
      "to": [
        8.999,
        5.75,
        7.04289
      ],
      "rotation": {
        "angle": 45,
        "axis": "x",
        "origin": [
          8.001,
          5.25,
          6.54289
        ]
      },
      "faces": {
        "north": {
          "uv": [
            12,
            10,
            13.33333,
            10.66667
          ],
          "texture": "#3"
        },
        "east": {
          "uv": [
            14,
            13.33333,
            14.66667,
            14
          ],
          "texture": "#3"
        },
        "south": {
          "uv": [
            10.66667,
            12,
            12,
            12.66667
          ],
          "texture": "#3"
        },
        "west": {
          "uv": [
            14,
            14,
            14.66667,
            14.66667
          ],
          "texture": "#3"
        },
        "down": {
          "uv": [
            13.33333,
            10.66667,
            12,
            11.33333
          ],
          "texture": "#3"
        }
      }
    },
    {
      "from": [
        7.001,
        7.75,
        8.54289
      ],
      "to": [
        8.999,
        8.75,
        9.54289
      ],
      "rotation": {
        "angle": -45,
        "axis": "x",
        "origin": [
          8.001,
          8.25,
          9.04289
        ]
      },
      "faces": {
        "north": {
          "uv": [
            12,
            11.33333,
            13.33333,
            12
          ],
          "texture": "#3"
        },
        "east": {
          "uv": [
            0,
            14.66667,
            0.66667,
            15.33333
          ],
          "texture": "#3"
        },
        "south": {
          "uv": [
            12,
            12,
            13.33333,
            12.66667
          ],
          "texture": "#3"
        },
        "west": {
          "uv": [
            0.66667,
            14.66667,
            1.33333,
            15.33333
          ],
          "texture": "#3"
        },
        "up": {
          "uv": [
            14,
            0.66667,
            12.66667,
            0
          ],
          "texture": "#3"
        }
      }
    },
    {
      "from": [
        7,
        5.25,
        8.75
      ],
      "to": [
        9,
        8.25,
        9.75
      ],
      "rotation": {
        "angle": 0,
        "axis": "y",
        "origin": [
          7,
          0,
          8.75
        ]
      },
      "faces": {
        "north": {
          "uv": [
            7.33333,
            4,
            8.66667,
            6
          ],
          "texture": "#3"
        },
        "east": {
          "uv": [
            4,
            9.33333,
            4.66667,
            11.33333
          ],
          "texture": "#3"
        },
        "south": {
          "uv": [
            7.33333,
            6,
            8.66667,
            8
          ],
          "texture": "#3"
        },
        "west": {
          "uv": [
            9.33333,
            4,
            10,
            6
          ],
          "texture": "#3"
        },
        "up": {
          "uv": [
            14,
            1.33333,
            12.66667,
            0.66667
          ],
          "texture": "#3"
        },
        "down": {
          "uv": [
            14,
            1.33333,
            12.66667,
            2
          ],
          "texture": "#3"
        }
      }
    },
    {
      "from": [
        7.001,
        4.75,
        8.95711
      ],
      "to": [
        8.999,
        5.75,
        9.95711
      ],
      "rotation": {
        "angle": -45,
        "axis": "x",
        "origin": [
          8.001,
          5.25,
          9.45711
        ]
      },
      "faces": {
        "north": {
          "uv": [
            2,
            12.66667,
            3.33333,
            13.33333
          ],
          "texture": "#3"
        },
        "east": {
          "uv": [
            1.33333,
            14.66667,
            2,
            15.33333
          ],
          "texture": "#3"
        },
        "south": {
          "uv": [
            12.66667,
            2,
            14,
            2.66667
          ],
          "texture": "#3"
        },
        "west": {
          "uv": [
            2,
            14.66667,
            2.66667,
            15.33333
          ],
          "texture": "#3"
        },
        "down": {
          "uv": [
            14,
            2.66667,
            12.66667,
            3.33333
          ],
          "texture": "#3"
        }
      }
    },
    {
      "from": [
        7.5,
        6.15101,
        8.52646
      ],
      "to": [
        8.5,
        7.15101,
        10.52646
      ],
      "rotation": {
        "angle": -45,
        "axis": "x",
        "origin": [
          8,
          7.54475,
          10.28774
        ]
      },
      "faces": {
        "north": {
          "uv": [
            4,
            14.66667,
            3.33333,
            15.33333
          ],
          "texture": "#3"
        },
        "east": {
          "uv": [
            14,
            3.33333,
            12.66667,
            4
          ],
          "texture": "#3"
        },
        "south": {
          "uv": [
            3.33333,
            14.66667,
            2.66667,
            15.33333
          ],
          "texture": "#3"
        },
        "west": {
          "uv": [
            5.33333,
            12.66667,
            4,
            13.33333
          ],
          "texture": "#3"
        },
        "up": {
          "uv": [
            13.33333,
            4,
            12.66667,
            5.33333
          ],
          "texture": "#3"
        },
        "down": {
          "uv": [
            6.66667,
            14,
            6,
            12.66667
          ],
          "texture": "#3"
        }
      }
    },
    {
      "from": [
        7.501,
        6.72803,
        10.44206
      ],
      "to": [
        8.499,
        9.72803,
        11.44206
      ],
      "rotation": {
        "angle": 0,
        "axis": "x",
        "origin": [
          8,
          7.54475,
          10.28774
        ]
      },
      "faces": {
        "north": {
          "uv": [
            6.66667,
            11.33333,
            7.33333,
            9.33333
          ],
          "texture": "#3"
        },
        "east": {
          "uv": [
            8.66667,
            8,
            10.66667,
            7.33333
          ],
          "rotation": 270,
          "texture": "#3"
        },
        "south": {
          "uv": [
            7.33333,
            9.33333,
            8,
            11.33333
          ],
          "rotation": 180,
          "texture": "#3"
        },
        "west": {
          "uv": [
            4.66667,
            10,
            6.66667,
            9.33333
          ],
          "rotation": 90,
          "texture": "#3"
        },
        "up": {
          "uv": [
            4,
            15.33333,
            4.66667,
            14.66667
          ],
          "rotation": 180,
          "texture": "#3"
        }
      }
    },
    {
      "from": [
        7.75,
        7.47803,
        9.44206
      ],
      "to": [
        8.25,
        7.97803,
        10.44206
      ],
      "rotation": {
        "angle": 0,
        "axis": "x",
        "origin": [
          8,
          7.54475,
          10.28774
        ]
      },
      "faces": {
        "north": {
          "uv": [
            15.33333,
            11.66667,
            15.66667,
            11.33333
          ],
          "texture": "#3"
        },
        "east": {
          "uv": [
            15.33333,
            4,
            15.66667,
            3.33333
          ],
          "rotation": 270,
          "texture": "#3"
        },
        "west": {
          "uv": [
            15.33333,
            4.66667,
            15.66667,
            4
          ],
          "rotation": 90,
          "texture": "#3"
        },
        "up": {
          "uv": [
            3.33333,
            16,
            3.66667,
            15.33333
          ],
          "rotation": 180,
          "texture": "#3"
        },
        "down": {
          "uv": [
            4,
            16,
            4.33333,
            15.33333
          ],
          "texture": "#3"
        }
      }
    },
    {
      "from": [
        7.751,
        7.72411,
        9.99613
      ],
      "to": [
        8.249,
        8.44911,
        11.42113
      ],
      "rotation": {
        "angle": -45,
        "axis": "x",
        "origin": [
          8,
          7.54475,
          10.28774
        ]
      },
      "faces": {
        "east": {
          "uv": [
            15,
            2.66667,
            14,
            3.16667
          ],
          "texture": "#3"
        },
        "south": {
          "uv": [
            11.66667,
            15.33333,
            11.33333,
            15.83333
          ],
          "texture": "#3"
        },
        "west": {
          "uv": [
            15,
            3.33333,
            14,
            3.83333
          ],
          "texture": "#3"
        },
        "up": {
          "uv": [
            13.66667,
            14.66667,
            13.33333,
            15.66667
          ],
          "texture": "#3"
        }
      }
    },
    {
      "from": [
        7.5,
        6,
        6.5
      ],
      "to": [
        8.5,
        9,
        9.5
      ],
      "rotation": {
        "angle": -45,
        "axis": "x",
        "origin": [
          8,
          7.5,
          8
        ]
      },
      "faces": {
        "north": {
          "uv": [
            8,
            9.33333,
            8.66667,
            11.33333
          ],
          "texture": "#3"
        },
        "east": {
          "uv": [
            4,
            3.33333,
            6,
            5.33333
          ],
          "texture": "#3"
        },
        "south": {
          "uv": [
            9.33333,
            8,
            10,
            10
          ],
          "texture": "#3"
        },
        "west": {
          "uv": [
            4,
            5.33333,
            6,
            7.33333
          ],
          "texture": "#3"
        },
        "up": {
          "uv": [
            9.33333,
            11.33333,
            8.66667,
            9.33333
          ],
          "texture": "#3"
        },
        "down": {
          "uv": [
            0.66667,
            10,
            0,
            12
          ],
          "texture": "#3"
        }
      }
    },
    {
      "from": [
        7.4,
        9,
        6.5
      ],
      "to": [
        8.6,
        11,
        8.5
      ],
      "rotation": {
        "angle": -45,
        "axis": "x",
        "origin": [
          8,
          10.5,
          8
        ]
      },
      "faces": {
        "north": {
          "uv": [
            10,
            4.66667,
            10.83333,
            6
          ],
          "texture": "#3"
        },
        "east": {
          "uv": [
            8,
            8,
            9.33333,
            9.33333
          ],
          "texture": "#3"
        },
        "south": {
          "uv": [
            10,
            8,
            10.83333,
            9.33333
          ],
          "texture": "#3"
        },
        "west": {
          "uv": [
            0,
            8.66667,
            1.33333,
            10
          ],
          "texture": "#3"
        },
        "up": {
          "uv": [
            10.16667,
            11.33333,
            9.33333,
            10
          ],
          "texture": "#3"
        },
        "down": {
          "uv": [
            11.5,
            0,
            10.66667,
            1.33333
          ],
          "texture": "#3"
        }
      }
    },
    {
      "from": [
        7.751,
        15,
        8.29289
      ],
      "to": [
        8.249,
        16,
        9.29289
      ],
      "rotation": {
        "angle": -45,
        "axis": "x",
        "origin": [
          8.001,
          15.5,
          8.79289
        ]
      },
      "faces": {
        "north": {
          "uv": [
            4.66667,
            15.33333,
            5,
            16
          ],
          "texture": "#3"
        },
        "east": {
          "uv": [
            14.66667,
            4,
            15.33333,
            4.66667
          ],
          "texture": "#3"
        },
        "south": {
          "uv": [
            15.33333,
            4.66667,
            15.66667,
            5.33333
          ],
          "texture": "#3"
        },
        "west": {
          "uv": [
            4.66667,
            14.66667,
            5.33333,
            15.33333
          ],
          "texture": "#3"
        },
        "up": {
          "uv": [
            5.66667,
            16,
            5.33333,
            15.33333
          ],
          "texture": "#3"
        }
      }
    },
    {
      "from": [
        7.75,
        8.5,
        8.5
      ],
      "to": [
        8.25,
        15.5,
        9.5
      ],
      "rotation": {
        "angle": 0,
        "axis": "y",
        "origin": [
          7.25,
          0,
          16
        ]
      },
      "faces": {
        "north": {
          "uv": [
            8.66667,
            2.66667,
            9,
            7.33333
          ],
          "texture": "#3"
        },
        "east": {
          "uv": [
            6,
            3.33333,
            6.66667,
            8
          ],
          "texture": "#3"
        },
        "south": {
          "uv": [
            3.33333,
            8.66667,
            3.66667,
            13.33333
          ],
          "texture": "#3"
        },
        "west": {
          "uv": [
            6.66667,
            3.33333,
            7.33333,
            8
          ],
          "texture": "#3"
        },
        "up": {
          "uv": [
            15.66667,
            6,
            15.33333,
            5.33333
          ],
          "texture": "#3"
        },
        "down": {
          "uv": [
            6.33333,
            15.33333,
            6,
            16
          ],
          "texture": "#3"
        }
      }
    },
    {
      "from": [
        7.751,
        13.29289,
        9
      ],
      "to": [
        8.249,
        14.29289,
        10
      ],
      "rotation": {
        "angle": -45,
        "axis": "x",
        "origin": [
          8.001,
          13.79289,
          9.5
        ]
      },
      "faces": {
        "east": {
          "uv": [
            14.66667,
            4.66667,
            15.33333,
            5.33333
          ],
          "texture": "#3"
        },
        "south": {
          "uv": [
            15.33333,
            6,
            15.66667,
            6.66667
          ],
          "texture": "#3"
        },
        "west": {
          "uv": [
            5.33333,
            14.66667,
            6,
            15.33333
          ],
          "texture": "#3"
        },
        "down": {
          "uv": [
            7,
            15.33333,
            6.66667,
            16
          ],
          "texture": "#3"
        }
      }
    },
    {
      "from": [
        7.752,
        10.79289,
        9.20711
      ],
      "to": [
        8.248,
        13.79289,
        10.20711
      ],
      "rotation": {
        "angle": 0,
        "axis": "y",
        "origin": [
          7.252,
          -1.70711,
          16.70711
        ]
      },
      "faces": {
        "east": {
          "uv": [
            10,
            0,
            10.66667,
            2
          ],
          "texture": "#3"
        },
        "south": {
          "uv": [
            13.33333,
            12,
            13.66667,
            14
          ],
          "texture": "#3"
        },
        "west": {
          "uv": [
            0.66667,
            10,
            1.33333,
            12
          ],
          "texture": "#3"
        }
      }
    },
    {
      "from": [
        7.751,
        10.29289,
        9
      ],
      "to": [
        8.249,
        11.29289,
        10
      ],
      "rotation": {
        "angle": -45,
        "axis": "x",
        "origin": [
          8.001,
          10.79289,
          9.5
        ]
      },
      "faces": {
        "east": {
          "uv": [
            14.66667,
            5.33333,
            15.33333,
            6
          ],
          "texture": "#3"
        },
        "south": {
          "uv": [
            15.33333,
            6.66667,
            15.66667,
            7.33333
          ],
          "texture": "#3"
        },
        "west": {
          "uv": [
            6,
            14.66667,
            6.66667,
            15.33333
          ],
          "texture": "#3"
        },
        "down": {
          "uv": [
            7.66667,
            15.33333,
            7.33333,
            16
          ],
          "texture": "#3"
        }
      }
    },
    {
      "from": [
        7.975,
        -1.5,
        2.5
      ],
      "to": [
        8.025,
        0.5,
        7.5
      ],
      "rotation": {
        "angle": 22.5,
        "axis": "x",
        "origin": [
          7.975,
          -1.5,
          5.5
        ]
      },
      "faces": {
        "east": {
          "uv": [
            7.33333,
            2,
            4,
            3.33333
          ],
          "texture": "#3"
        },
        "west": {
          "uv": [
            4,
            2,
            7.33333,
            3.33333
          ],
          "texture": "#3"
        }
      }
    },
    {
      "from": [
        7.975,
        5.46503,
        8.69408
      ],
      "to": [
        8.025,
        11.96503,
        11.69408
      ],
      "rotation": {
        "angle": 0,
        "axis": "x",
        "origin": [
          8,
          7.54475,
          10.28774
        ]
      },
      "faces": {
        "east": {
          "uv": [
            8.33333,
            2,
            4,
            0
          ],
          "rotation": 270,
          "texture": "#3"
        },
        "west": {
          "uv": [
            4,
            2,
            8.33333,
            0
          ],
          "rotation": 90,
          "texture": "#3"
        }
      }
    },
    {
      "from": [
        7.5,
        12.25,
        1.5
      ],
      "to": [
        7.5,
        21.25,
        4.5
      ],
      "rotation": {
        "angle": 0,
        "axis": "y",
        "origin": [
          0,
          3.75,
          13.5
        ]
      },
      "faces": {
        "west": {
          "uv": [
            9.33333,
            0,
            5.33333,
            12
          ],
          "texture": "#1"
        }
      }
    },
    {
      "from": [
        7.725,
        8.5,
        10
      ],
      "to": [
        7.725,
        13,
        12.25
      ],
      "rotation": {
        "angle": -22.5,
        "axis": "x",
        "origin": [
          7.725,
          10.5,
          11.125
        ]
      },
      "faces": {
        "west": {
          "uv": [
            12.33333,
            0,
            15.33333,
            6
          ],
          "texture": "#1"
        }
      }
    },
    {
      "from": [
        6.9,
        3.5,
        5.5
      ],
      "to": [
        6.9,
        8.5,
        10.5
      ],
      "rotation": {
        "angle": 0,
        "axis": "x",
        "origin": [
          6.75,
          6,
          8
        ]
      },
      "faces": {
        "west": {
          "uv": [
            0,
            0,
            10,
            10
          ],
          "texture": "#2"
        }
      }
    },
    {
      "from": [
        7.75,
        -2.5,
        -0.25
      ],
      "to": [
        7.75,
        2,
        2
      ],
      "rotation": {
        "angle": -22.5,
        "axis": "x",
        "origin": [
          7.75,
          7.5,
          1.625
        ]
      },
      "faces": {
        "west": {
          "uv": [
            9.33333,
            0,
            12.33333,
            6
          ],
          "texture": "#1"
        }
      }
    },
    {
      "from": [
        8.25,
        -2.5,
        -0.25
      ],
      "to": [
        8.25,
        2,
        2
      ],
      "rotation": {
        "angle": -22.5,
        "axis": "x",
        "origin": [
          8.25,
          7.5,
          1.625
        ]
      },
      "faces": {
        "east": {
          "uv": [
            12.33333,
            0,
            9.33333,
            6
          ],
          "texture": "#1"
        }
      }
    },
    {
      "from": [
        7.4,
        10.5,
        4.25
      ],
      "to": [
        7.4,
        21.5,
        8.25
      ],
      "rotation": {
        "angle": 0,
        "axis": "y",
        "origin": [
          -0.1,
          -7.5,
          12
        ]
      },
      "faces": {
        "west": {
          "uv": [
            5.33333,
            0,
            0,
            14.66667
          ],
          "texture": "#1"
        }
      }
    },
    {
      "from": [
        9.1,
        3.5,
        5.5
      ],
      "to": [
        9.1,
        8.5,
        10.5
      ],
      "rotation": {
        "angle": 0,
        "axis": "x",
        "origin": [
          9.25,
          6,
          8
        ]
      },
      "faces": {
        "east": {
          "uv": [
            10,
            0,
            0,
            10
          ],
          "texture": "#2"
        }
      }
    },
    {
      "from": [
        8.275,
        8.5,
        10
      ],
      "to": [
        8.275,
        13,
        12.25
      ],
      "rotation": {
        "angle": -22.5,
        "axis": "x",
        "origin": [
          8.275,
          10.5,
          11.125
        ]
      },
      "faces": {
        "east": {
          "uv": [
            15.33333,
            0,
            12.33333,
            6
          ],
          "texture": "#1"
        }
      }
    },
    {
      "from": [
        8.6,
        10.5,
        4.25
      ],
      "to": [
        8.6,
        21.5,
        8.25
      ],
      "rotation": {
        "angle": 0,
        "axis": "y",
        "origin": [
          16.1,
          -7.5,
          12
        ]
      },
      "faces": {
        "east": {
          "uv": [
            0,
            0,
            5.33333,
            14.66667
          ],
          "texture": "#1"
        }
      }
    },
    {
      "from": [
        8.5,
        12.25,
        1.5
      ],
      "to": [
        8.5,
        21.25,
        4.5
      ],
      "rotation": {
        "angle": 0,
        "axis": "y",
        "origin": [
          16,
          3.75,
          13.5
        ]
      },
      "faces": {
        "east": {
          "uv": [
            5.33333,
            0,
            9.33333,
            12
          ],
          "texture": "#1"
        }
      }
    },
    {
      "from": [
        7.5,
        10.5,
        7.5
      ],
      "to": [
        8.5,
        14.5,
        8.5
      ],
      "rotation": {
        "angle": 0,
        "axis": "y",
        "origin": [
          7.5,
          10.5,
          7.5
        ]
      },
      "faces": {
        "north": {
          "uv": [
            8.66667,
            0,
            9.33333,
            2.66667
          ],
          "texture": "#3"
        },
        "east": {
          "uv": [
            1.33333,
            8.66667,
            2,
            11.33333
          ],
          "texture": "#3"
        },
        "south": {
          "uv": [
            2,
            8.66667,
            2.66667,
            11.33333
          ],
          "texture": "#3"
        },
        "west": {
          "uv": [
            2.66667,
            8.66667,
            3.33333,
            11.33333
          ],
          "texture": "#3"
        }
      }
    },
    {
      "from": [
        7.59,
        15.16,
        7.59
      ],
      "to": [
        8.41,
        18.44,
        8.41
      ],
      "rotation": {
        "angle": 0,
        "axis": "y",
        "origin": [
          7.59,
          15.16,
          7.59
        ]
      },
      "faces": {
        "north": {
          "uv": [
            6,
            10,
            6.5,
            12.16667
          ],
          "texture": "#3"
        },
        "east": {
          "uv": [
            10.66667,
            9.33333,
            11.16667,
            11.5
          ],
          "texture": "#3"
        },
        "south": {
          "uv": [
            1.33333,
            11.33333,
            1.83333,
            13.5
          ],
          "texture": "#3"
        },
        "west": {
          "uv": [
            11.33333,
            1.33333,
            11.83333,
            3.5
          ],
          "texture": "#3"
        }
      }
    },
    {
      "from": [
        7.38,
        14.13,
        7.38
      ],
      "to": [
        8.62,
        15.37,
        8.62
      ],
      "rotation": {
        "angle": -45,
        "axis": "x",
        "origin": [
          8,
          14.75,
          8
        ]
      },
      "faces": {
        "north": {
          "uv": [
            13.33333,
            4,
            14.16667,
            4.83333
          ],
          "texture": "#3"
        },
        "east": {
          "uv": [
            4.66667,
            13.33333,
            5.5,
            14.16667
          ],
          "texture": "#3"
        },
        "south": {
          "uv": [
            13.33333,
            5.33333,
            14.16667,
            6.16667
          ],
          "texture": "#3"
        },
        "west": {
          "uv": [
            8,
            13.33333,
            8.83333,
            14.16667
          ],
          "texture": "#3"
        },
        "up": {
          "uv": [
            14.16667,
            9.5,
            13.33333,
            8.66667
          ],
          "texture": "#3"
        },
        "down": {
          "uv": [
            14.16667,
            10,
            13.33333,
            10.83333
          ],
          "texture": "#3"
        }
      }
    },
    {
      "from": [
        7.504,
        18.154,
        7.504
      ],
      "to": [
        8.496,
        19.146,
        8.496
      ],
      "rotation": {
        "angle": -45,
        "axis": "x",
        "origin": [
          8,
          18.65,
          8
        ]
      },
      "faces": {
        "north": {
          "uv": [
            14.66667,
            6,
            15.33333,
            6.66667
          ],
          "texture": "#3"
        },
        "east": {
          "uv": [
            6.66667,
            14.66667,
            7.33333,
            15.33333
          ],
          "texture": "#3"
        },
        "south": {
          "uv": [
            14.66667,
            6.66667,
            15.33333,
            7.33333
          ],
          "texture": "#3"
        },
        "west": {
          "uv": [
            7.33333,
            14.66667,
            8,
            15.33333
          ],
          "texture": "#3"
        },
        "up": {
          "uv": [
            15.33333,
            8,
            14.66667,
            7.33333
          ],
          "texture": "#3"
        },
        "down": {
          "uv": [
            8.66667,
            14.66667,
            8,
            15.33333
          ],
          "texture": "#3"
        }
      }
    },
    {
      "from": [
        7.6761,
        18.94865,
        7.6761
      ],
      "to": [
        8.3239,
        21.53985,
        8.3239
      ],
      "rotation": {
        "angle": 0,
        "axis": "y",
        "origin": [
          7.6761,
          18.94865,
          7.6761
        ]
      },
      "faces": {
        "north": {
          "uv": [
            6.66667,
            12.66667,
            7.16667,
            14.33333
          ],
          "texture": "#3"
        },
        "east": {
          "uv": [
            7.33333,
            12.66667,
            7.83333,
            14.33333
          ],
          "texture": "#3"
        },
        "south": {
          "uv": [
            9.33333,
            12.66667,
            9.83333,
            14.33333
          ],
          "texture": "#3"
        },
        "west": {
          "uv": [
            10,
            12.66667,
            10.5,
            14.33333
          ],
          "texture": "#3"
        }
      }
    },
    {
      "from": [
        7.60816,
        21.31391,
        7.60816
      ],
      "to": [
        8.39184,
        22.09759,
        8.39184
      ],
      "rotation": {
        "angle": -45,
        "axis": "x",
        "origin": [
          8,
          21.70575,
          8
        ]
      },
      "faces": {
        "north": {
          "uv": [
            14.66667,
            14,
            15.16667,
            14.5
          ],
          "texture": "#3"
        },
        "east": {
          "uv": [
            14.66667,
            14.66667,
            15.16667,
            15.16667
          ],
          "texture": "#3"
        },
        "south": {
          "uv": [
            0,
            15.33333,
            0.5,
            15.83333
          ],
          "texture": "#3"
        },
        "west": {
          "uv": [
            15.33333,
            0,
            15.83333,
            0.5
          ],
          "texture": "#3"
        },
        "up": {
          "uv": [
            1.16667,
            15.83333,
            0.66667,
            15.33333
          ],
          "texture": "#3"
        },
        "down": {
          "uv": [
            15.83333,
            0.66667,
            15.33333,
            1.16667
          ],
          "texture": "#3"
        }
      }
    },
    {
      "from": [
        7,
        12.5,
        5.75
      ],
      "to": [
        7.5,
        13,
        7.75
      ],
      "rotation": {
        "angle": 0,
        "axis": "y",
        "origin": [
          7,
          12.5,
          5.75
        ]
      },
      "faces": {
        "north": {
          "uv": [
            15.33333,
            12,
            15.66667,
            12.33333
          ],
          "texture": "#3"
        },
        "east": {
          "uv": [
            14.66667,
            8,
            16,
            8.33333
          ],
          "texture": "#3"
        },
        "south": {
          "uv": [
            15.33333,
            12.66667,
            15.66667,
            13
          ],
          "texture": "#3"
        },
        "west": {
          "uv": [
            8.66667,
            14.66667,
            10,
            15
          ],
          "texture": "#3"
        },
        "up": {
          "uv": [
            15,
            10,
            14.66667,
            8.66667
          ],
          "texture": "#3"
        },
        "down": {
          "uv": [
            10.33333,
            14.66667,
            10,
            16
          ],
          "texture": "#3"
        }
      }
    },
    {
      "from": [
        8.5,
        12.5,
        5.75
      ],
      "to": [
        9,
        13,
        7.75
      ],
      "rotation": {
        "angle": 0,
        "axis": "y",
        "origin": [
          8.5,
          12.5,
          5.75
        ]
      },
      "faces": {
        "north": {
          "uv": [
            15.33333,
            13.33333,
            15.66667,
            13.66667
          ],
          "texture": "#3"
        },
        "east": {
          "uv": [
            14.66667,
            10,
            16,
            10.33333
          ],
          "texture": "#3"
        },
        "south": {
          "uv": [
            14,
            15.33333,
            14.33333,
            15.66667
          ],
          "texture": "#3"
        },
        "west": {
          "uv": [
            10.66667,
            14.66667,
            12,
            15
          ],
          "texture": "#3"
        },
        "up": {
          "uv": [
            15,
            12,
            14.66667,
            10.66667
          ],
          "texture": "#3"
        },
        "down": {
          "uv": [
            12.33333,
            14.66667,
            12,
            16
          ],
          "texture": "#3"
        }
      }
    },
    {
      "from": [
        7.5,
        12.5,
        7.25
      ],
      "to": [
        8.5,
        13,
        7.75
      ],
      "rotation": {
        "angle": 0,
        "axis": "y",
        "origin": [
          8,
          12.5,
          5.75
        ]
      },
      "faces": {
        "north": {
          "uv": [
            15.33333,
            7.33333,
            16,
            7.66667
          ],
          "texture": "#3"
        },
        "south": {
          "uv": [
            8,
            15.33333,
            8.66667,
            15.66667
          ],
          "texture": "#3"
        },
        "up": {
          "uv": [
            9.33333,
            15.66667,
            8.66667,
            15.33333
          ],
          "texture": "#3"
        },
        "down": {
          "uv": [
            16,
            8.66667,
            15.33333,
            9
          ],
          "texture": "#3"
        }
      }
    },
    {
      "from": [
        7.5,
        12.5,
        5.75
      ],
      "to": [
        8.5,
        13,
        6.25
      ],
      "rotation": {
        "angle": 0,
        "axis": "y",
        "origin": [
          8,
          12.5,
          4.25
        ]
      },
      "faces": {
        "north": {
          "uv": [
            9.33333,
            15.33333,
            10,
            15.66667
          ],
          "texture": "#3"
        },
        "south": {
          "uv": [
            15.33333,
            9.33333,
            16,
            9.66667
          ],
          "texture": "#3"
        },
        "up": {
          "uv": [
            11.33333,
            15.66667,
            10.66667,
            15.33333
          ],
          "texture": "#3"
        },
        "down": {
          "uv": [
            16,
            10.66667,
            15.33333,
            11
          ],
          "texture": "#3"
        }
      }
    },
    {
      "from": [
        7,
        16.75,
        5.75
      ],
      "to": [
        7.5,
        17.25,
        7.75
      ],
      "rotation": {
        "angle": 0,
        "axis": "y",
        "origin": [
          7,
          16.75,
          5.75
        ]
      },
      "faces": {
        "north": {
          "uv": [
            15.33333,
            12,
            15.66667,
            12.33333
          ],
          "texture": "#3"
        },
        "east": {
          "uv": [
            14.66667,
            8,
            16,
            8.33333
          ],
          "texture": "#3"
        },
        "south": {
          "uv": [
            15.33333,
            12.66667,
            15.66667,
            13
          ],
          "texture": "#3"
        },
        "west": {
          "uv": [
            8.66667,
            14.66667,
            10,
            15
          ],
          "texture": "#3"
        },
        "up": {
          "uv": [
            15,
            10,
            14.66667,
            8.66667
          ],
          "texture": "#3"
        },
        "down": {
          "uv": [
            10.33333,
            14.66667,
            10,
            16
          ],
          "texture": "#3"
        }
      }
    },
    {
      "from": [
        8.5,
        16.75,
        5.75
      ],
      "to": [
        9,
        17.25,
        7.75
      ],
      "rotation": {
        "angle": 0,
        "axis": "y",
        "origin": [
          8.5,
          16.75,
          5.75
        ]
      },
      "faces": {
        "north": {
          "uv": [
            15.33333,
            13.33333,
            15.66667,
            13.66667
          ],
          "texture": "#3"
        },
        "east": {
          "uv": [
            14.66667,
            10,
            16,
            10.33333
          ],
          "texture": "#3"
        },
        "south": {
          "uv": [
            14,
            15.33333,
            14.33333,
            15.66667
          ],
          "texture": "#3"
        },
        "west": {
          "uv": [
            10.66667,
            14.66667,
            12,
            15
          ],
          "texture": "#3"
        },
        "up": {
          "uv": [
            15,
            12,
            14.66667,
            10.66667
          ],
          "texture": "#3"
        },
        "down": {
          "uv": [
            12.33333,
            14.66667,
            12,
            16
          ],
          "texture": "#3"
        }
      }
    },
    {
      "from": [
        7.5,
        16.75,
        7.25
      ],
      "to": [
        8.5,
        17.25,
        7.75
      ],
      "rotation": {
        "angle": 0,
        "axis": "y",
        "origin": [
          8,
          16.75,
          5.75
        ]
      },
      "faces": {
        "north": {
          "uv": [
            15.33333,
            7.33333,
            16,
            7.66667
          ],
          "texture": "#3"
        },
        "south": {
          "uv": [
            8,
            15.33333,
            8.66667,
            15.66667
          ],
          "texture": "#3"
        },
        "up": {
          "uv": [
            9.33333,
            15.66667,
            8.66667,
            15.33333
          ],
          "texture": "#3"
        },
        "down": {
          "uv": [
            16,
            8.66667,
            15.33333,
            9
          ],
          "texture": "#3"
        }
      }
    },
    {
      "from": [
        7.5,
        16.75,
        5.75
      ],
      "to": [
        8.5,
        17.25,
        6.25
      ],
      "rotation": {
        "angle": 0,
        "axis": "y",
        "origin": [
          8,
          16.75,
          4.25
        ]
      },
      "faces": {
        "north": {
          "uv": [
            9.33333,
            15.33333,
            10,
            15.66667
          ],
          "texture": "#3"
        },
        "south": {
          "uv": [
            15.33333,
            9.33333,
            16,
            9.66667
          ],
          "texture": "#3"
        },
        "up": {
          "uv": [
            11.33333,
            15.66667,
            10.66667,
            15.33333
          ],
          "texture": "#3"
        },
        "down": {
          "uv": [
            16,
            10.66667,
            15.33333,
            11
          ],
          "texture": "#3"
        }
      }
    },
    {
      "from": [
        7,
        20.25,
        5.75
      ],
      "to": [
        7.5,
        20.75,
        7.75
      ],
      "rotation": {
        "angle": 0,
        "axis": "y",
        "origin": [
          7,
          20.25,
          5.75
        ]
      },
      "faces": {
        "north": {
          "uv": [
            15.33333,
            12,
            15.66667,
            12.33333
          ],
          "texture": "#3"
        },
        "east": {
          "uv": [
            14.66667,
            8,
            16,
            8.33333
          ],
          "texture": "#3"
        },
        "south": {
          "uv": [
            15.33333,
            12.66667,
            15.66667,
            13
          ],
          "texture": "#3"
        },
        "west": {
          "uv": [
            8.66667,
            14.66667,
            10,
            15
          ],
          "texture": "#3"
        },
        "up": {
          "uv": [
            15,
            10,
            14.66667,
            8.66667
          ],
          "texture": "#3"
        },
        "down": {
          "uv": [
            10.33333,
            14.66667,
            10,
            16
          ],
          "texture": "#3"
        }
      }
    },
    {
      "from": [
        8.5,
        20.25,
        5.75
      ],
      "to": [
        9,
        20.75,
        7.75
      ],
      "rotation": {
        "angle": 0,
        "axis": "y",
        "origin": [
          8.5,
          20.25,
          5.75
        ]
      },
      "faces": {
        "north": {
          "uv": [
            15.33333,
            13.33333,
            15.66667,
            13.66667
          ],
          "texture": "#3"
        },
        "east": {
          "uv": [
            14.66667,
            10,
            16,
            10.33333
          ],
          "texture": "#3"
        },
        "south": {
          "uv": [
            14,
            15.33333,
            14.33333,
            15.66667
          ],
          "texture": "#3"
        },
        "west": {
          "uv": [
            10.66667,
            14.66667,
            12,
            15
          ],
          "texture": "#3"
        },
        "up": {
          "uv": [
            15,
            12,
            14.66667,
            10.66667
          ],
          "texture": "#3"
        },
        "down": {
          "uv": [
            12.33333,
            14.66667,
            12,
            16
          ],
          "texture": "#3"
        }
      }
    },
    {
      "from": [
        7.5,
        20.25,
        7.25
      ],
      "to": [
        8.5,
        20.75,
        7.75
      ],
      "rotation": {
        "angle": 0,
        "axis": "y",
        "origin": [
          8,
          20.25,
          5.75
        ]
      },
      "faces": {
        "north": {
          "uv": [
            15.33333,
            7.33333,
            16,
            7.66667
          ],
          "texture": "#3"
        },
        "south": {
          "uv": [
            8,
            15.33333,
            8.66667,
            15.66667
          ],
          "texture": "#3"
        },
        "up": {
          "uv": [
            9.33333,
            15.66667,
            8.66667,
            15.33333
          ],
          "texture": "#3"
        },
        "down": {
          "uv": [
            16,
            8.66667,
            15.33333,
            9
          ],
          "texture": "#3"
        }
      }
    },
    {
      "from": [
        7.5,
        20.25,
        5.75
      ],
      "to": [
        8.5,
        20.75,
        6.25
      ],
      "rotation": {
        "angle": 0,
        "axis": "y",
        "origin": [
          8,
          20.25,
          4.25
        ]
      },
      "faces": {
        "north": {
          "uv": [
            9.33333,
            15.33333,
            10,
            15.66667
          ],
          "texture": "#3"
        },
        "south": {
          "uv": [
            15.33333,
            9.33333,
            16,
            9.66667
          ],
          "texture": "#3"
        },
        "up": {
          "uv": [
            11.33333,
            15.66667,
            10.66667,
            15.33333
          ],
          "texture": "#3"
        },
        "down": {
          "uv": [
            16,
            10.66667,
            15.33333,
            11
          ],
          "texture": "#3"
        }
      }
    },
    {
      "from": [
        7.975,
        9,
        2
      ],
      "to": [
        8.025,
        22,
        8
      ],
      "rotation": {
        "angle": 0,
        "axis": "y",
        "origin": [
          7.975,
          9,
          2
        ]
      },
      "faces": {
        "east": {
          "uv": [
            4,
            0,
            0,
            8.66667
          ],
          "texture": "#3"
        },
        "west": {
          "uv": [
            0,
            0,
            4,
            8.66667
          ],
          "texture": "#3"
        }
      }
    },
    {
      "from": [
        7.635,
        13.535,
        3.135
      ],
      "to": [
        8.365,
        14.265,
        3.865
      ],
      "rotation": {
        "angle": 0,
        "axis": "y",
        "origin": [
          7.635,
          13.535,
          3.135
        ]
      },
      "faces": {
        "north": {
          "uv": [
            1.33333,
            15.33333,
            1.83333,
            15.83333
          ],
          "texture": "#3"
        },
        "east": {
          "uv": [
            15.33333,
            1.33333,
            15.83333,
            1.83333
          ],
          "texture": "#3"
        },
        "south": {
          "uv": [
            2,
            15.33333,
            2.5,
            15.83333
          ],
          "texture": "#3"
        },
        "west": {
          "uv": [
            15.33333,
            2,
            15.83333,
            2.5
          ],
          "texture": "#3"
        },
        "up": {
          "uv": [
            3.16667,
            15.83333,
            2.66667,
            15.33333
          ],
          "texture": "#3"
        },
        "down": {
          "uv": [
            15.83333,
            2.66667,
            15.33333,
            3.16667
          ],
          "texture": "#3"
        }
      }
    }
  ],
  "gui_light": "front",
  "display": {
    "thirdperson_righthand": {
      "translation": [
        0,
        3.25,
        1
      ]
    },
    "thirdperson_lefthand": {
      "translation": [
        0,
        3.25,
        1
      ]
    },
    "firstperson_righthand": {
      "rotation": [
        -10,
        0,
        0
      ],
      "translation": [
        0,
        2.5,
        0
      ]
    },
    "firstperson_lefthand": {
      "rotation": [
        -10,
        0,
        0
      ],
      "translation": [
        0,
        2.5,
        0
      ]
    },
    "ground": {
      "rotation": [
        -45,
        0,
        0
      ],
      "translation": [
        0,
        10.75,
        0
      ]
    },
    "gui": {
      "rotation": [
        -90,
        45,
        90
      ],
      "translation": [
        1.75,
        -0.25,
        0
      ],
      "scale": [
        0.67773,
        0.67773,
        0.67773
      ]
    },
    "head": {
      "rotation": [
        -90,
        90,
        90
      ]
    },
    "fixed": {
      "rotation": [
        90,
        -90,
        90
      ],
      "translation": [
        0,
        -4,
        -1.25
      ],
      "scale": [
        1.5,
        1.5,
        1.5
      ]
    }
  },
  "groups": [
    0,
    1,
    2,
    3,
    4,
    5,
    6,
    7,
    8,
    9,
    10,
    11,
    12,
    13,
    14,
    15,
    16,
    17,
    18,
    19,
    20,
    21,
    22,
    23,
    24,
    25,
    26,
    27,
    28,
    {
      "name": "group",
      "origin": [
        0,
        0,
        -2.5
      ],
      "color": 0,
      "children": [
        29,
        30,
        31,
        32,
        33,
        34,
        35,
        36,
        37,
        38
      ]
    },
    39,
    40,
    41,
    42,
    43,
    44,
    45,
    46,
    47,
    48,
    49,
    50,
    51,
    52,
    53,
    54,
    55,
    56,
    57,
    58
  ]
}