{
  "credit": "Made by PolygonMC",
  "textures": {
    "0": "nexusset:key",
    "2": "nexusset:animations/animations_bolt",
    "3": "nexusset:animations/animations_nexus",
    "particle": "nexusset:key"
  },
  "elements": [
    {
      "from": [
        7.45,
        7.25,
        9.5
      ],
      "to": [
        8.55,
        8.75,
        10
      ],
      "rotation": {
        "angle": 0,
        "axis": "y",
        "origin": [
          7,
          7,
          6.5
        ]
      },
      "faces": {
        "north": {
          "uv": [
            12,
            10,
            13,
            11.5
          ],
          "texture": "#0"
        },
        "east": {
          "uv": [
            1,
            13,
            1.5,
            14.5
          ],
          "texture": "#0"
        },
        "south": {
          "uv": [
            11,
            12,
            12,
            13.5
          ],
          "texture": "#0"
        },
        "west": {
          "uv": [
            13,
            1,
            13.5,
            2.5
          ],
          "texture": "#0"
        },
        "up": {
          "uv": [
            14,
            7.5,
            13,
            7
          ],
          "texture": "#0"
        },
        "down": {
          "uv": [
            14,
            8,
            13,
            8.5
          ],
          "texture": "#0"
        }
      }
    },
    {
      "from": [
        7.25,
        7.25,
        2.5
      ],
      "to": [
        8.75,
        8.75,
        6.5
      ],
      "rotation": {
        "angle": 0,
        "axis": "y",
        "origin": [
          7,
          7,
          0.5
        ]
      },
      "faces": {
        "north": {
          "uv": [
            5,
            12,
            6.5,
            13.5
          ],
          "texture": "#0"
        },
        "east": {
          "uv": [
            3,
            0,
            7,
            1.5
          ],
          "texture": "#0"
        },
        "south": {
          "uv": [
            12,
            5,
            13.5,
            6.5
          ],
          "texture": "#0"
        },
        "west": {
          "uv": [
            3,
            2,
            7,
            3.5
          ],
          "texture": "#0"
        },
        "up": {
          "uv": [
            4.5,
            8,
            3,
            4
          ],
          "texture": "#0"
        },
        "down": {
          "uv": [
            6.5,
            4,
            5,
            8
          ],
          "texture": "#0"
        }
      }
    },
    {
      "from": [
        7.5,
        7.5,
        6.5
      ],
      "to": [
        8.5,
        8.5,
        9.5
      ],
      "rotation": {
        "angle": 0,
        "axis": "y",
        "origin": [
          6.5,
          7.5,
          3.5
        ]
      },
      "faces": {
        "north": {
          "uv": [
            12,
            7,
            13,
            8
          ],
          "texture": "#0"
        },
        "east": {
          "uv": [
            2,
            11,
            5,
            12
          ],
          "texture": "#0"
        },
        "south": {
          "uv": [
            12,
            12,
            13,
            13
          ],
          "texture": "#0"
        },
        "west": {
          "uv": [
            5,
            11,
            8,
            12
          ],
          "texture": "#0"
        },
        "up": {
          "uv": [
            13,
            3,
            12,
            0
          ],
          "texture": "#0"
        },
        "down": {
          "uv": [
            3,
            12,
            2,
            15
          ],
          "texture": "#0"
        }
      }
    },
    {
      "from": [
        7.2,
        7,
        10
      ],
      "to": [
        8.8,
        9,
        11.3
      ],
      "rotation": {
        "angle": 0,
        "axis": "y",
        "origin": [
          7,
          7,
          10
        ]
      },
      "faces": {
        "north": {
          "uv": [
            11,
            8,
            12.5,
            10
          ],
          "texture": "#0"
        },
        "east": {
          "uv": [
            3,
            12,
            4.25,
            14
          ],
          "texture": "#0"
        },
        "west": {
          "uv": [
            12,
            3,
            13.25,
            5
          ],
          "texture": "#0"
        },
        "up": {
          "uv": [
            8.5,
            13.25,
            7,
            12
          ],
          "texture": "#0"
        },
        "down": {
          "uv": [
            10.5,
            12,
            9,
            13.25
          ],
          "texture": "#0"
        }
      }
    },
    {
      "from": [
        7,
        7,
        3
      ],
      "to": [
        9,
        9,
        6
      ],
      "rotation": {
        "angle": 0,
        "axis": "y",
        "origin": [
          7,
          7,
          4
        ]
      },
      "faces": {
        "north": {
          "uv": [
            10,
            0,
            12,
            2
          ],
          "texture": "#0"
        },
        "east": {
          "uv": [
            0,
            6,
            3,
            8
          ],
          "texture": "#0"
        },
        "south": {
          "uv": [
            8,
            10,
            10,
            12
          ],
          "texture": "#0"
        },
        "west": {
          "uv": [
            7,
            0,
            10,
            2
          ],
          "texture": "#0"
        },
        "up": {
          "uv": [
            9,
            5,
            7,
            2
          ],
          "texture": "#0"
        },
        "down": {
          "uv": [
            9,
            5,
            7,
            8
          ],
          "texture": "#0"
        }
      }
    },
    {
      "from": [
        7.05,
        6.75,
        10.75
      ],
      "to": [
        8.95,
        9.25,
        13.25
      ],
      "rotation": {
        "angle": -45,
        "axis": "x",
        "origin": [
          8,
          8,
          12
        ]
      },
      "faces": {
        "north": {
          "uv": [
            0,
            8,
            2,
            10.5
          ],
          "texture": "#0"
        },
        "east": {
          "uv": [
            0,
            0,
            2.5,
            2.5
          ],
          "texture": "#0"
        },
        "south": {
          "uv": [
            2,
            8,
            4,
            10.5
          ],
          "texture": "#0"
        },
        "west": {
          "uv": [
            0,
            3,
            2.5,
            5.5
          ],
          "texture": "#0"
        },
        "up": {
          "uv": [
            6,
            10.5,
            4,
            8
          ],
          "texture": "#0"
        },
        "down": {
          "uv": [
            8,
            8,
            6,
            10.5
          ],
          "texture": "#0"
        }
      }
    },
    {
      "from": [
        6.8,
        7,
        11
      ],
      "to": [
        9.2,
        9,
        13
      ],
      "rotation": {
        "angle": -45,
        "axis": "x",
        "origin": [
          8,
          8,
          12
        ]
      },
      "faces": {
        "north": {
          "uv": [
            8,
            8,
            10.5,
            10
          ],
          "texture": "#0"
        },
        "east": {
          "uv": [
            10,
            10,
            12,
            12
          ],
          "texture": "#0"
        },
        "south": {
          "uv": [
            9,
            2,
            11.5,
            4
          ],
          "texture": "#0"
        },
        "west": {
          "uv": [
            0,
            11,
            2,
            13
          ],
          "texture": "#0"
        },
        "up": {
          "uv": [
            11.5,
            6,
            9,
            4
          ],
          "texture": "#0"
        },
        "down": {
          "uv": [
            11.5,
            6,
            9,
            8
          ],
          "texture": "#0"
        }
      }
    },
    {
      "from": [
        7.75,
        6,
        3.25
      ],
      "to": [
        8.25,
        7,
        4.25
      ],
      "rotation": {
        "angle": 0,
        "axis": "y",
        "origin": [
          7.75,
          5,
          3.25
        ]
      },
      "faces": {
        "north": {
          "uv": [
            13,
            9,
            13.5,
            10
          ],
          "texture": "#0"
        },
        "east": {
          "uv": [
            0,
            13,
            1,
            14
          ],
          "texture": "#0"
        },
        "south": {
          "uv": [
            13,
            10,
            13.5,
            11
          ],
          "texture": "#0"
        },
        "west": {
          "uv": [
            13,
            0,
            14,
            1
          ],
          "texture": "#0"
        },
        "down": {
          "uv": [
            13.5,
            11,
            13,
            12
          ],
          "texture": "#0"
        }
      }
    },
    {
      "from": [
        7.75,
        6,
        4.75
      ],
      "to": [
        8.25,
        7,
        5.75
      ],
      "rotation": {
        "angle": 0,
        "axis": "y",
        "origin": [
          7.75,
          5,
          4.75
        ]
      },
      "faces": {
        "north": {
          "uv": [
            13,
            9,
            13.5,
            10
          ],
          "texture": "#0"
        },
        "east": {
          "uv": [
            0,
            13,
            1,
            14
          ],
          "texture": "#0"
        },
        "south": {
          "uv": [
            13,
            10,
            13.5,
            11
          ],
          "texture": "#0"
        },
        "west": {
          "uv": [
            13,
            0,
            14,
            1
          ],
          "texture": "#0"
        },
        "down": {
          "uv": [
            13.5,
            11,
            13,
            12
          ],
          "texture": "#0"
        }
      }
    },
    {
      "from": [
        7.5,
        5.17792,
        2.39789
      ],
      "to": [
        7.5,
        7.42792,
        6.89789
      ],
      "rotation": {
        "angle": 0,
        "axis": "x",
        "origin": [
          7.5,
          6.30292,
          4.64789
        ]
      },
      "faces": {
        "west": {
          "uv": [
            9.33333,
            0,
            12.33333,
            6
          ],
          "rotation": 270,
          "texture": "#2"
        }
      }
    },
    {
      "from": [
        6.9,
        5.5,
        9.5
      ],
      "to": [
        6.9,
        10.5,
        14.5
      ],
      "rotation": {
        "angle": 0,
        "axis": "y",
        "origin": [
          6.75,
          8,
          12
        ]
      },
      "faces": {
        "west": {
          "uv": [
            0,
            0,
            10,
            10
          ],
          "texture": "#3"
        }
      }
    },
    {
      "from": [
        8.5,
        5.17792,
        2.39789
      ],
      "to": [
        8.5,
        7.42792,
        6.89789
      ],
      "rotation": {
        "angle": 0,
        "axis": "x",
        "origin": [
          8.5,
          6.30292,
          4.64789
        ]
      },
      "faces": {
        "east": {
          "uv": [
            9.33333,
            6,
            12.33333,
            0
          ],
          "rotation": 270,
          "texture": "#2"
        }
      }
    },
    {
      "from": [
        9.1,
        5.5,
        9.5
      ],
      "to": [
        9.1,
        10.5,
        14.5
      ],
      "rotation": {
        "angle": 0,
        "axis": "y",
        "origin": [
          9.25,
          8,
          12
        ]
      },
      "faces": {
        "east": {
          "uv": [
            10,
            0,
            0,
            10
          ],
          "texture": "#3"
        }
      }
    }
  ],
  "gui_light": "front",
  "display": {
    "thirdperson_righthand": {
      "rotation": [
        96.75,
        0,
        0
      ],
      "translation": [
        0,
        2.5,
        0.25
      ],
      "scale": [
        0.61523,
        0.61523,
        0.61523
      ]
    },
    "thirdperson_lefthand": {
      "rotation": [
        96.75,
        0,
        0
      ],
      "translation": [
        0,
        2.5,
        0.25
      ],
      "scale": [
        0.61523,
        0.61523,
        0.61523
      ]
    },
    "firstperson_righthand": {
      "rotation": [
        35,
        0,
        -25
      ],
      "translation": [
        0,
        4.5,
        0
      ]
    },
    "firstperson_lefthand": {
      "rotation": [
        35,
        0,
        -25
      ],
      "translation": [
        0,
        4.5,
        0
      ]
    },
    "ground": {
      "rotation": [
        45,
        0,
        0
      ],
      "translation": [
        0,
        6.5,
        0
      ]
    },
    "gui": {
      "rotation": [
        -90,
        135,
        90
      ],
      "translation": [
        0.5,
        0,
        0
      ],
      "scale": [
        1.69531,
        1.69531,
        1.69531
      ]
    },
    "head": {
      "rotation": [
        -90,
        135,
        90
      ],
      "scale": [
        1.4707,
        1.4707,
        1.4707
      ]
    },
    "fixed": {
      "rotation": [
        90,
        -45,
        90
      ],
      "translation": [
        0,
        0,
        -1.75
      ],
      "scale": [
        1.91406,
        1.91406,
        1.91406
      ]
    }
  }
}