{
  "credit": "Made with Blockbench",
  "texture_size": [
    128,
    128
  ],
  "textures": {
    "0": "elitecreatures:newyear_2024_animated/newyear_texture_01",
    "2": "elitecreatures:newyear_2024_animated/newyear_animation_02",
    "3": "elitecreatures:newyear_2024_animated/newyear_animation_03",
    "particle": "elitecreatures:newyear_2024_animated/newyear_texture_01"
  },
  "elements": [
    {
      "from": [
        -3,
        2,
        3.5
      ],
      "to": [
        19,
        6,
        7.5
      ],
      "faces": {
        "north": {
          "uv": [
            0,
            9.3125,
            2.75,
            9.8125
          ],
          "texture": "#0"
        },
        "east": {
          "uv": [
            2.75,
            9.3125,
            3.25,
            9.8125
          ],
          "texture": "#0"
        },
        "south": {
          "uv": [
            0,
            9.3125,
            2.75,
            9.8125
          ],
          "texture": "#0"
        },
        "west": {
          "uv": [
            2.75,
            9.3125,
            3.25,
            9.8125
          ],
          "texture": "#0"
        },
        "up": {
          "uv": [
            0,
            9.8125,
            2.75,
            10.3125
          ],
          "texture": "#0"
        },
        "down": {
          "uv": [
            0,
            9.8125,
            2.75,
            10.3125
          ],
          "texture": "#0"
        }
      }
    },
    {
      "from": [
        -1,
        1.5,
        3
      ],
      "to": [
        2,
        6.5,
        8
      ],
      "faces": {
        "north": {
          "uv": [
            3.875,
            9.125,
            4.25,
            9.75
          ],
          "texture": "#0"
        },
        "east": {
          "uv": [
            3.25,
            9.125,
            3.875,
            9.75
          ],
          "texture": "#0"
        },
        "south": {
          "uv": [
            3.875,
            9.125,
            4.25,
            9.75
          ],
          "texture": "#0"
        },
        "west": {
          "uv": [
            3.25,
            9.125,
            3.875,
            9.75
          ],
          "texture": "#0"
        },
        "up": {
          "uv": [
            4.25,
            9.125,
            4.625,
            9.75
          ],
          "texture": "#0"
        },
        "down": {
          "uv": [
            4.25,
            9.125,
            4.625,
            9.75
          ],
          "texture": "#0"
        }
      }
    },
    {
      "from": [
        14,
        1.5,
        3
      ],
      "to": [
        17,
        6.5,
        8
      ],
      "rotation": {
        "angle": 0,
        "axis": "y",
        "origin": [
          16,
          0,
          0
        ]
      },
      "faces": {
        "north": {
          "uv": [
            4.25,
            9.125,
            3.875,
            9.75
          ],
          "texture": "#0"
        },
        "east": {
          "uv": [
            3.875,
            9.125,
            3.25,
            9.75
          ],
          "texture": "#0"
        },
        "south": {
          "uv": [
            4.25,
            9.125,
            3.875,
            9.75
          ],
          "texture": "#0"
        },
        "west": {
          "uv": [
            3.875,
            9.125,
            3.25,
            9.75
          ],
          "texture": "#0"
        },
        "up": {
          "uv": [
            4.625,
            9.125,
            4.25,
            9.75
          ],
          "texture": "#0"
        },
        "down": {
          "uv": [
            4.625,
            9.125,
            4.25,
            9.75
          ],
          "texture": "#0"
        }
      }
    },
    {
      "from": [
        -4.5,
        3.5,
        5.5
      ],
      "to": [
        0.5,
        10.5,
        5.5
      ],
      "rotation": {
        "angle": 0,
        "axis": "y",
        "origin": [
          0,
          0,
          16
        ]
      },
      "faces": {
        "north": {
          "uv": [
            2.25,
            1.9375,
            1.625,
            2.8125
          ],
          "texture": "#0"
        },
        "east": {
          "uv": [
            0,
            0,
            0,
            0.875
          ],
          "texture": "#0"
        },
        "south": {
          "uv": [
            1.625,
            1.9375,
            2.25,
            2.8125
          ],
          "texture": "#0"
        },
        "west": {
          "uv": [
            0,
            0,
            0,
            0.875
          ],
          "texture": "#missing"
        },
        "up": {
          "uv": [
            0,
            0.625,
            0,
            0
          ],
          "rotation": 90,
          "texture": "#missing"
        },
        "down": {
          "uv": [
            0,
            0.625,
            0,
            0
          ],
          "rotation": 270,
          "texture": "#missing"
        }
      }
    },
    {
      "from": [
        15.5,
        3.5,
        5.5
      ],
      "to": [
        20.5,
        10.5,
        5.5
      ],
      "rotation": {
        "angle": 0,
        "axis": "y",
        "origin": [
          16,
          0,
          16
        ]
      },
      "faces": {
        "north": {
          "uv": [
            1.625,
            1.9375,
            2.25,
            2.8125
          ],
          "texture": "#0"
        },
        "east": {
          "uv": [
            0,
            0,
            0,
            0.875
          ],
          "texture": "#missing"
        },
        "south": {
          "uv": [
            2.25,
            1.9375,
            1.625,
            2.8125
          ],
          "texture": "#0"
        },
        "west": {
          "uv": [
            0,
            0,
            0,
            0.875
          ],
          "texture": "#0"
        },
        "up": {
          "uv": [
            0,
            0,
            0,
            0.625
          ],
          "rotation": 90,
          "texture": "#missing"
        },
        "down": {
          "uv": [
            0,
            0,
            0,
            0.625
          ],
          "rotation": 270,
          "texture": "#missing"
        }
      }
    },
    {
      "from": [
        5.5,
        -2.5,
        1.5
      ],
      "to": [
        5.5,
        2.5,
        8.5
      ],
      "rotation": {
        "angle": 0,
        "axis": "y",
        "origin": [
          5.5,
          7,
          14
        ]
      },
      "faces": {
        "north": {
          "uv": [
            0,
            0,
            0,
            0.625
          ],
          "rotation": 180,
          "texture": "#missing"
        },
        "east": {
          "uv": [
            2.25,
            1.9375,
            1.625,
            2.8125
          ],
          "rotation": 270,
          "texture": "#0"
        },
        "south": {
          "uv": [
            0,
            0,
            0,
            0.625
          ],
          "texture": "#missing"
        },
        "west": {
          "uv": [
            1.625,
            1.9375,
            2.25,
            2.8125
          ],
          "rotation": 90,
          "texture": "#0"
        },
        "up": {
          "uv": [
            0,
            0,
            0,
            0.875
          ],
          "rotation": 180,
          "texture": "#missing"
        },
        "down": {
          "uv": [
            0,
            0,
            0,
            0.875
          ],
          "texture": "#0"
        }
      }
    },
    {
      "from": [
        10.5,
        -2.5,
        1.5
      ],
      "to": [
        10.5,
        2.5,
        8.5
      ],
      "rotation": {
        "angle": 0,
        "axis": "y",
        "origin": [
          10.5,
          7,
          14
        ]
      },
      "faces": {
        "north": {
          "uv": [
            0,
            0,
            0,
            0.625
          ],
          "rotation": 180,
          "texture": "#missing"
        },
        "east": {
          "uv": [
            1.625,
            2.8125,
            2.25,
            1.9375
          ],
          "rotation": 90,
          "texture": "#0"
        },
        "south": {
          "uv": [
            0,
            0,
            0,
            0.625
          ],
          "texture": "#missing"
        },
        "west": {
          "uv": [
            2.25,
            2.8125,
            1.625,
            1.9375
          ],
          "rotation": 270,
          "texture": "#0"
        },
        "up": {
          "uv": [
            0,
            0,
            0,
            0.875
          ],
          "rotation": 180,
          "texture": "#missing"
        },
        "down": {
          "uv": [
            0,
            0,
            0,
            0.875
          ],
          "texture": "#0"
        }
      }
    },
    {
      "from": [
        0.5,
        5,
        5.5
      ],
      "to": [
        4.5,
        9,
        5.5
      ],
      "faces": {
        "north": {
          "uv": [
            2.125,
            1.4375,
            1.625,
            1.9375
          ],
          "texture": "#0"
        },
        "east": {
          "uv": [
            0,
            0,
            0,
            0.5
          ],
          "texture": "#missing"
        },
        "south": {
          "uv": [
            1.625,
            1.4375,
            2.125,
            1.9375
          ],
          "texture": "#0"
        },
        "west": {
          "uv": [
            0,
            0,
            0,
            0.5
          ],
          "texture": "#0"
        },
        "up": {
          "uv": [
            0,
            0,
            0,
            0.5
          ],
          "rotation": 90,
          "texture": "#missing"
        },
        "down": {
          "uv": [
            0,
            0,
            0,
            0.5
          ],
          "rotation": 270,
          "texture": "#missing"
        }
      }
    },
    {
      "from": [
        11.5,
        5,
        5.5
      ],
      "to": [
        15.5,
        9,
        5.5
      ],
      "rotation": {
        "angle": 0,
        "axis": "y",
        "origin": [
          -16,
          0,
          0
        ]
      },
      "faces": {
        "north": {
          "uv": [
            1.625,
            1.4375,
            2.125,
            1.9375
          ],
          "texture": "#0"
        },
        "east": {
          "uv": [
            0,
            0,
            0,
            0.5
          ],
          "texture": "#0"
        },
        "south": {
          "uv": [
            2.125,
            1.4375,
            1.625,
            1.9375
          ],
          "texture": "#0"
        },
        "west": {
          "uv": [
            0,
            0,
            0,
            0.5
          ],
          "texture": "#missing"
        },
        "up": {
          "uv": [
            0,
            0.5,
            0,
            0
          ],
          "rotation": 90,
          "texture": "#missing"
        },
        "down": {
          "uv": [
            0,
            0.5,
            0,
            0
          ],
          "rotation": 270,
          "texture": "#missing"
        }
      }
    },
    {
      "from": [
        -3.5,
        -10.5,
        5.5
      ],
      "to": [
        3,
        2,
        5.5
      ],
      "rotation": {
        "angle": 22.5,
        "axis": "y",
        "origin": [
          -0.25,
          -4.25,
          5.5
        ]
      },
      "faces": {
        "north": {
          "uv": [
            14.5625,
            2.8125,
            13.75,
            4.375
          ],
          "texture": "#0"
        },
        "east": {
          "uv": [
            0,
            0,
            0,
            0.8125
          ],
          "texture": "#missing"
        },
        "south": {
          "uv": [
            13.75,
            2.8125,
            14.5625,
            4.375
          ],
          "texture": "#0"
        },
        "west": {
          "uv": [
            0,
            0,
            0,
            0.8125
          ],
          "texture": "#missing"
        },
        "up": {
          "uv": [
            0,
            0,
            0.75,
            0
          ],
          "texture": "#missing"
        },
        "down": {
          "uv": [
            0,
            0,
            0.75,
            0
          ],
          "texture": "#missing"
        }
      }
    },
    {
      "from": [
        -0.25,
        -10.5,
        2.25
      ],
      "to": [
        -0.25,
        2,
        8.75
      ],
      "rotation": {
        "angle": 22.5,
        "axis": "y",
        "origin": [
          -0.25,
          -4.25,
          5.5
        ]
      },
      "faces": {
        "north": {
          "uv": [
            0,
            0,
            0,
            0.8125
          ],
          "texture": "#missing"
        },
        "east": {
          "uv": [
            14.5625,
            2.8125,
            13.75,
            4.375
          ],
          "texture": "#0"
        },
        "south": {
          "uv": [
            0,
            0,
            0,
            0.8125
          ],
          "texture": "#missing"
        },
        "west": {
          "uv": [
            13.75,
            2.8125,
            14.5625,
            4.375
          ],
          "texture": "#0"
        },
        "up": {
          "uv": [
            0,
            0,
            0.75,
            0
          ],
          "rotation": 90,
          "texture": "#missing"
        },
        "down": {
          "uv": [
            0,
            0,
            0.75,
            0
          ],
          "rotation": 270,
          "texture": "#missing"
        }
      }
    },
    {
      "from": [
        -0.25,
        -10.5,
        2.25
      ],
      "to": [
        -0.25,
        2,
        8.75
      ],
      "rotation": {
        "angle": -22.5,
        "axis": "y",
        "origin": [
          -0.25,
          -4.25,
          5.5
        ]
      },
      "faces": {
        "north": {
          "uv": [
            0,
            0,
            0,
            0.8125
          ],
          "texture": "#missing"
        },
        "east": {
          "uv": [
            14.5625,
            2.8125,
            13.75,
            4.375
          ],
          "texture": "#0"
        },
        "south": {
          "uv": [
            0,
            0,
            0,
            0.8125
          ],
          "texture": "#missing"
        },
        "west": {
          "uv": [
            13.75,
            2.8125,
            14.5625,
            4.375
          ],
          "texture": "#0"
        },
        "up": {
          "uv": [
            0,
            0,
            0.75,
            0
          ],
          "rotation": 90,
          "texture": "#missing"
        },
        "down": {
          "uv": [
            0,
            0,
            0.75,
            0
          ],
          "rotation": 270,
          "texture": "#missing"
        }
      }
    },
    {
      "from": [
        -3.5,
        -10.5,
        5.5
      ],
      "to": [
        3,
        2,
        5.5
      ],
      "rotation": {
        "angle": -22.5,
        "axis": "y",
        "origin": [
          -0.25,
          -4.25,
          5.5
        ]
      },
      "faces": {
        "north": {
          "uv": [
            14.5625,
            2.8125,
            13.75,
            4.375
          ],
          "texture": "#0"
        },
        "east": {
          "uv": [
            0,
            0,
            0,
            0.8125
          ],
          "texture": "#missing"
        },
        "south": {
          "uv": [
            13.75,
            2.8125,
            14.5625,
            4.375
          ],
          "texture": "#0"
        },
        "west": {
          "uv": [
            0,
            0,
            0,
            0.8125
          ],
          "texture": "#missing"
        },
        "up": {
          "uv": [
            0,
            0,
            0.75,
            0
          ],
          "texture": "#missing"
        },
        "down": {
          "uv": [
            0,
            0,
            0.75,
            0
          ],
          "texture": "#missing"
        }
      }
    },
    {
      "from": [
        2.25,
        -3.3,
        5.9
      ],
      "to": [
        4.25,
        2.7,
        5.9
      ],
      "rotation": {
        "angle": 0,
        "axis": "y",
        "origin": [
          -8,
          -9.75,
          8
        ]
      },
      "faces": {
        "north": {
          "uv": [
            1.3125,
            1.5625,
            1.5625,
            2.3125
          ],
          "texture": "#0"
        },
        "east": {
          "uv": [
            1.0625,
            1.1875,
            1.0625,
            1.9375
          ],
          "texture": "#0"
        },
        "south": {
          "uv": [
            1.5625,
            1.5625,
            1.3125,
            2.3125
          ],
          "texture": "#0"
        },
        "west": {
          "uv": [
            1.0625,
            1.1875,
            1.0625,
            1.9375
          ],
          "texture": "#0"
        },
        "up": {
          "uv": [
            1.0625,
            1.1875,
            1.0625,
            1.4375
          ],
          "rotation": 90,
          "texture": "#0"
        },
        "down": {
          "uv": [
            1.0625,
            1.1875,
            1.0625,
            1.4375
          ],
          "rotation": 270,
          "texture": "#0"
        }
      }
    },
    {
      "from": [
        2.5,
        -1.2,
        5.4
      ],
      "to": [
        3.5,
        -0.7,
        6.4
      ],
      "rotation": {
        "angle": 0,
        "axis": "y",
        "origin": [
          0,
          -2,
          0
        ]
      },
      "faces": {
        "north": {
          "uv": [
            2.0625,
            0.6875,
            2.1875,
            0.75
          ],
          "texture": "#0"
        },
        "east": {
          "uv": [
            2.1875,
            0.6875,
            2.0625,
            0.75
          ],
          "texture": "#0"
        },
        "south": {
          "uv": [
            2.0625,
            0.6875,
            2.1875,
            0.75
          ],
          "texture": "#0"
        },
        "west": {
          "uv": [
            2.1875,
            0.6875,
            2.0625,
            0.75
          ],
          "texture": "#0"
        },
        "up": {
          "uv": [
            2.0625,
            0.75,
            2.1875,
            0.875
          ],
          "rotation": 90,
          "texture": "#0"
        },
        "down": {
          "uv": [
            2.0625,
            0.75,
            2.1875,
            0.875
          ],
          "rotation": 270,
          "texture": "#0"
        }
      }
    },
    {
      "from": [
        2.5,
        0.2,
        5.4
      ],
      "to": [
        3.5,
        1.2,
        6.4
      ],
      "rotation": {
        "angle": 0,
        "axis": "y",
        "origin": [
          0,
          -2,
          0
        ]
      },
      "faces": {
        "north": {
          "uv": [
            2.0625,
            1,
            2.1875,
            1.125
          ],
          "texture": "#0"
        },
        "east": {
          "uv": [
            2.1875,
            1,
            2.0625,
            1.125
          ],
          "texture": "#0"
        },
        "south": {
          "uv": [
            2.0625,
            1,
            2.1875,
            1.125
          ],
          "texture": "#0"
        },
        "west": {
          "uv": [
            2.1875,
            1,
            2.0625,
            1.125
          ],
          "texture": "#0"
        },
        "up": {
          "uv": [
            2.0625,
            0.875,
            2.1875,
            1
          ],
          "rotation": 90,
          "texture": "#0"
        },
        "down": {
          "uv": [
            2.0625,
            0.875,
            2.1875,
            1
          ],
          "rotation": 270,
          "texture": "#0"
        }
      }
    },
    {
      "from": [
        12.5,
        -0.4,
        4.4
      ],
      "to": [
        13.5,
        0.6,
        5.4
      ],
      "rotation": {
        "angle": 0,
        "axis": "y",
        "origin": [
          16,
          -2,
          0
        ]
      },
      "faces": {
        "north": {
          "uv": [
            2.1875,
            1,
            2.0625,
            1.125
          ],
          "texture": "#0"
        },
        "east": {
          "uv": [
            2.0625,
            1,
            2.1875,
            1.125
          ],
          "texture": "#0"
        },
        "south": {
          "uv": [
            2.1875,
            1,
            2.0625,
            1.125
          ],
          "texture": "#0"
        },
        "west": {
          "uv": [
            2.0625,
            1,
            2.1875,
            1.125
          ],
          "texture": "#0"
        },
        "up": {
          "uv": [
            2.0625,
            1,
            2.1875,
            0.875
          ],
          "rotation": 90,
          "texture": "#0"
        },
        "down": {
          "uv": [
            2.0625,
            1,
            2.1875,
            0.875
          ],
          "rotation": 270,
          "texture": "#0"
        }
      }
    },
    {
      "from": [
        12.5,
        -1.8,
        4.4
      ],
      "to": [
        13.5,
        -1.3,
        5.4
      ],
      "rotation": {
        "angle": 0,
        "axis": "y",
        "origin": [
          16,
          -2,
          0
        ]
      },
      "faces": {
        "north": {
          "uv": [
            2.1875,
            0.6875,
            2.0625,
            0.75
          ],
          "texture": "#0"
        },
        "east": {
          "uv": [
            2.0625,
            0.6875,
            2.1875,
            0.75
          ],
          "texture": "#0"
        },
        "south": {
          "uv": [
            2.1875,
            0.6875,
            2.0625,
            0.75
          ],
          "texture": "#0"
        },
        "west": {
          "uv": [
            2.0625,
            0.6875,
            2.1875,
            0.75
          ],
          "texture": "#0"
        },
        "up": {
          "uv": [
            2.0625,
            0.875,
            2.1875,
            0.75
          ],
          "rotation": 90,
          "texture": "#0"
        },
        "down": {
          "uv": [
            2.0625,
            0.875,
            2.1875,
            0.75
          ],
          "rotation": 270,
          "texture": "#0"
        }
      }
    },
    {
      "from": [
        11.75,
        -3.9,
        4.9
      ],
      "to": [
        13.75,
        2.1,
        4.9
      ],
      "rotation": {
        "angle": 0,
        "axis": "y",
        "origin": [
          24,
          -9.75,
          8
        ]
      },
      "faces": {
        "north": {
          "uv": [
            1.5625,
            1.5625,
            1.3125,
            2.3125
          ],
          "texture": "#0"
        },
        "east": {
          "uv": [
            1.0625,
            1.1875,
            1.0625,
            1.9375
          ],
          "texture": "#0"
        },
        "south": {
          "uv": [
            1.3125,
            1.5625,
            1.5625,
            2.3125
          ],
          "texture": "#0"
        },
        "west": {
          "uv": [
            1.0625,
            1.1875,
            1.0625,
            1.9375
          ],
          "texture": "#0"
        },
        "up": {
          "uv": [
            1.0625,
            1.4375,
            1.0625,
            1.1875
          ],
          "rotation": 90,
          "texture": "#0"
        },
        "down": {
          "uv": [
            1.0625,
            1.4375,
            1.0625,
            1.1875
          ],
          "rotation": 270,
          "texture": "#0"
        }
      }
    },
    {
      "from": [
        16.25,
        -10.5,
        2.25
      ],
      "to": [
        16.25,
        2,
        8.75
      ],
      "rotation": {
        "angle": -22.5,
        "axis": "y",
        "origin": [
          16.25,
          -4.25,
          5.5
        ]
      },
      "faces": {
        "north": {
          "uv": [
            0,
            0,
            0,
            0.8125
          ],
          "texture": "#missing"
        },
        "east": {
          "uv": [
            14.5625,
            2.8125,
            13.75,
            4.375
          ],
          "texture": "#0"
        },
        "south": {
          "uv": [
            0,
            0,
            0,
            0.8125
          ],
          "texture": "#missing"
        },
        "west": {
          "uv": [
            13.75,
            2.8125,
            14.5625,
            4.375
          ],
          "texture": "#0"
        },
        "up": {
          "uv": [
            0,
            0,
            0.75,
            0
          ],
          "rotation": 90,
          "texture": "#missing"
        },
        "down": {
          "uv": [
            0,
            0,
            0.75,
            0
          ],
          "rotation": 270,
          "texture": "#missing"
        }
      }
    },
    {
      "from": [
        16.25,
        -10.5,
        2.25
      ],
      "to": [
        16.25,
        2,
        8.75
      ],
      "rotation": {
        "angle": 22.5,
        "axis": "y",
        "origin": [
          16.25,
          -4.25,
          5.5
        ]
      },
      "faces": {
        "north": {
          "uv": [
            0,
            0,
            0,
            0.8125
          ],
          "texture": "#missing"
        },
        "east": {
          "uv": [
            14.5625,
            2.8125,
            13.75,
            4.375
          ],
          "texture": "#0"
        },
        "south": {
          "uv": [
            0,
            0,
            0,
            0.8125
          ],
          "texture": "#missing"
        },
        "west": {
          "uv": [
            13.75,
            2.8125,
            14.5625,
            4.375
          ],
          "texture": "#0"
        },
        "up": {
          "uv": [
            0,
            0,
            0.75,
            0
          ],
          "rotation": 90,
          "texture": "#missing"
        },
        "down": {
          "uv": [
            0,
            0,
            0.75,
            0
          ],
          "rotation": 270,
          "texture": "#missing"
        }
      }
    },
    {
      "from": [
        13,
        -10.5,
        5.5
      ],
      "to": [
        19.5,
        2,
        5.5
      ],
      "rotation": {
        "angle": -22.5,
        "axis": "y",
        "origin": [
          16.25,
          -4.25,
          5.5
        ]
      },
      "faces": {
        "north": {
          "uv": [
            13.75,
            2.8125,
            14.5625,
            4.375
          ],
          "texture": "#0"
        },
        "east": {
          "uv": [
            0,
            0,
            0,
            0.8125
          ],
          "texture": "#missing"
        },
        "south": {
          "uv": [
            14.5625,
            2.8125,
            13.75,
            4.375
          ],
          "texture": "#0"
        },
        "west": {
          "uv": [
            0,
            0,
            0,
            0.8125
          ],
          "texture": "#missing"
        },
        "up": {
          "uv": [
            0.75,
            0,
            0,
            0
          ],
          "texture": "#missing"
        },
        "down": {
          "uv": [
            0.75,
            0,
            0,
            0
          ],
          "texture": "#missing"
        }
      }
    },
    {
      "from": [
        13,
        -10.5,
        5.5
      ],
      "to": [
        19.5,
        2,
        5.5
      ],
      "rotation": {
        "angle": 22.5,
        "axis": "y",
        "origin": [
          16.25,
          -4.25,
          5.5
        ]
      },
      "faces": {
        "north": {
          "uv": [
            13.75,
            2.8125,
            14.5625,
            4.375
          ],
          "texture": "#0"
        },
        "east": {
          "uv": [
            0,
            0,
            0,
            0.8125
          ],
          "texture": "#missing"
        },
        "south": {
          "uv": [
            14.5625,
            2.8125,
            13.75,
            4.375
          ],
          "texture": "#0"
        },
        "west": {
          "uv": [
            0,
            0,
            0,
            0.8125
          ],
          "texture": "#missing"
        },
        "up": {
          "uv": [
            0.75,
            0,
            0,
            0
          ],
          "texture": "#missing"
        },
        "down": {
          "uv": [
            0.75,
            0,
            0,
            0
          ],
          "texture": "#missing"
        }
      }
    },
    {
      "from": [
        -0.7,
        -2.5,
        8
      ],
      "to": [
        1.8,
        1.5,
        8
      ],
      "rotation": {
        "angle": -22.5,
        "axis": "x",
        "origin": [
          1.3,
          1.5,
          8
        ]
      },
      "faces": {
        "north": {
          "uv": [
            11.1875,
            0,
            10.875,
            0.5
          ],
          "texture": "#0"
        },
        "east": {
          "uv": [
            0,
            0,
            0,
            0.5
          ],
          "texture": "#0"
        },
        "south": {
          "uv": [
            11.1875,
            0,
            10.875,
            0.5
          ],
          "texture": "#0"
        },
        "west": {
          "uv": [
            0,
            0,
            0,
            0.5
          ],
          "texture": "#0"
        },
        "up": {
          "uv": [
            0,
            0,
            0,
            0.3125
          ],
          "rotation": 90,
          "texture": "#0"
        },
        "down": {
          "uv": [
            0,
            0,
            0,
            0.3125
          ],
          "rotation": 270,
          "texture": "#0"
        }
      }
    },
    {
      "from": [
        -0.7,
        -2.16989,
        9.50762
      ],
      "to": [
        1.8,
        -2.16989,
        12.50762
      ],
      "rotation": {
        "angle": 45,
        "axis": "x",
        "origin": [
          1.3,
          -2.2,
          9.5
        ]
      },
      "faces": {
        "north": {
          "uv": [
            0,
            0.5,
            0,
            0.8125
          ],
          "rotation": 270,
          "texture": "#missing"
        },
        "east": {
          "uv": [
            0,
            0.5,
            0,
            0.875
          ],
          "rotation": 90,
          "texture": "#missing"
        },
        "south": {
          "uv": [
            0,
            0.5,
            0,
            0.8125
          ],
          "rotation": 270,
          "texture": "#missing"
        },
        "west": {
          "uv": [
            0,
            0.5,
            0,
            0.875
          ],
          "rotation": 270,
          "texture": "#missing"
        },
        "up": {
          "uv": [
            11.1875,
            0.5,
            10.875,
            0.875
          ],
          "texture": "#0"
        },
        "down": {
          "uv": [
            11.1875,
            0.5,
            10.875,
            0.875
          ],
          "texture": "#0"
        }
      }
    },
    {
      "from": [
        -0.7,
        -4.3,
        11.65
      ],
      "to": [
        1.8,
        -4.3,
        16.65
      ],
      "rotation": {
        "angle": 22.5,
        "axis": "x",
        "origin": [
          1.3,
          -4.3,
          11.65
        ]
      },
      "faces": {
        "north": {
          "uv": [
            0,
            0.5,
            0,
            0.8125
          ],
          "rotation": 270,
          "texture": "#missing"
        },
        "east": {
          "uv": [
            0,
            0.5,
            0,
            1.5
          ],
          "rotation": 90,
          "texture": "#missing"
        },
        "south": {
          "uv": [
            0,
            0.5,
            0,
            0.8125
          ],
          "rotation": 270,
          "texture": "#missing"
        },
        "west": {
          "uv": [
            0,
            0.5,
            0,
            1.5
          ],
          "rotation": 270,
          "texture": "#missing"
        },
        "up": {
          "uv": [
            11.1875,
            0.875,
            10.875,
            1.5
          ],
          "texture": "#0"
        },
        "down": {
          "uv": [
            11.1875,
            1.5,
            10.875,
            0.875
          ],
          "texture": "#0"
        }
      }
    },
    {
      "from": [
        14.2,
        -2.5,
        8
      ],
      "to": [
        16.7,
        1.5,
        8
      ],
      "rotation": {
        "angle": -22.5,
        "axis": "x",
        "origin": [
          14.7,
          1.5,
          8
        ]
      },
      "faces": {
        "north": {
          "uv": [
            10.875,
            0,
            11.1875,
            0.5
          ],
          "texture": "#0"
        },
        "east": {
          "uv": [
            0,
            0,
            0,
            0.5
          ],
          "texture": "#0"
        },
        "south": {
          "uv": [
            10.875,
            0,
            11.1875,
            0.5
          ],
          "texture": "#0"
        },
        "west": {
          "uv": [
            0,
            0,
            0,
            0.5
          ],
          "texture": "#0"
        },
        "up": {
          "uv": [
            0,
            0.3125,
            0,
            0
          ],
          "rotation": 90,
          "texture": "#0"
        },
        "down": {
          "uv": [
            0,
            0.3125,
            0,
            0
          ],
          "rotation": 270,
          "texture": "#0"
        }
      }
    },
    {
      "from": [
        14.2,
        -2.16989,
        9.50762
      ],
      "to": [
        16.7,
        -2.16989,
        12.50762
      ],
      "rotation": {
        "angle": 45,
        "axis": "x",
        "origin": [
          14.7,
          -2.2,
          9.5
        ]
      },
      "faces": {
        "north": {
          "uv": [
            0,
            0.8125,
            0,
            0.5
          ],
          "rotation": 270,
          "texture": "#missing"
        },
        "east": {
          "uv": [
            0,
            0.875,
            0,
            0.5
          ],
          "rotation": 270,
          "texture": "#missing"
        },
        "south": {
          "uv": [
            0,
            0.8125,
            0,
            0.5
          ],
          "rotation": 270,
          "texture": "#missing"
        },
        "west": {
          "uv": [
            0,
            0.875,
            0,
            0.5
          ],
          "rotation": 90,
          "texture": "#missing"
        },
        "up": {
          "uv": [
            10.875,
            0.5,
            11.1875,
            0.875
          ],
          "texture": "#0"
        },
        "down": {
          "uv": [
            10.875,
            0.5,
            11.1875,
            0.875
          ],
          "texture": "#0"
        }
      }
    },
    {
      "from": [
        14.2,
        -4.3,
        11.65
      ],
      "to": [
        16.7,
        -4.3,
        16.65
      ],
      "rotation": {
        "angle": 22.5,
        "axis": "x",
        "origin": [
          14.7,
          -4.3,
          11.65
        ]
      },
      "faces": {
        "north": {
          "uv": [
            0,
            0.8125,
            0,
            0.5
          ],
          "rotation": 270,
          "texture": "#missing"
        },
        "east": {
          "uv": [
            0,
            1.5,
            0,
            0.5
          ],
          "rotation": 270,
          "texture": "#missing"
        },
        "south": {
          "uv": [
            0,
            0.8125,
            0,
            0.5
          ],
          "rotation": 270,
          "texture": "#missing"
        },
        "west": {
          "uv": [
            0,
            1.5,
            0,
            0.5
          ],
          "rotation": 90,
          "texture": "#missing"
        },
        "up": {
          "uv": [
            10.875,
            0.875,
            11.1875,
            1.5
          ],
          "texture": "#0"
        },
        "down": {
          "uv": [
            10.875,
            1.5,
            11.1875,
            0.875
          ],
          "texture": "#0"
        }
      }
    },
    {
      "from": [
        -8,
        11,
        9
      ],
      "to": [
        2,
        21,
        9
      ],
      "rotation": {
        "angle": -22.5,
        "axis": "y",
        "origin": [
          3.5,
          12,
          8
        ]
      },
      "faces": {
        "north": {
          "uv": [
            10.5,
            1,
            0.5,
            11
          ],
          "texture": "#2"
        },
        "east": {
          "uv": [
            0.5,
            1,
            0.5,
            11
          ],
          "texture": "#2"
        },
        "south": {
          "uv": [
            10.5,
            1,
            0.5,
            11
          ],
          "texture": "#2"
        },
        "west": {
          "uv": [
            0.5,
            1,
            0.5,
            11
          ],
          "texture": "#2"
        },
        "up": {
          "uv": [
            0.5,
            11,
            0.5,
            1
          ],
          "rotation": 90,
          "texture": "#2"
        },
        "down": {
          "uv": [
            0.5,
            1,
            0.5,
            11
          ],
          "rotation": 270,
          "texture": "#2"
        }
      }
    },
    {
      "from": [
        -9,
        -6,
        8
      ],
      "to": [
        -1,
        2,
        8
      ],
      "rotation": {
        "angle": -22.5,
        "axis": "y",
        "origin": [
          -5,
          -2,
          8
        ]
      },
      "faces": {
        "north": {
          "uv": [
            0,
            0,
            16,
            16
          ],
          "texture": "#3"
        },
        "east": {
          "uv": [
            0,
            0,
            0,
            16
          ],
          "texture": "#3"
        },
        "south": {
          "uv": [
            0,
            0,
            16,
            16
          ],
          "texture": "#3"
        },
        "west": {
          "uv": [
            0,
            0,
            0,
            16
          ],
          "texture": "#3"
        },
        "up": {
          "uv": [
            0,
            16,
            0,
            0
          ],
          "rotation": 90,
          "texture": "#3"
        },
        "down": {
          "uv": [
            0,
            0,
            0,
            16
          ],
          "rotation": 270,
          "texture": "#3"
        }
      }
    },
    {
      "from": [
        -2,
        8,
        9
      ],
      "to": [
        6,
        16,
        9
      ],
      "rotation": {
        "angle": -22.5,
        "axis": "y",
        "origin": [
          3.5,
          12,
          8
        ]
      },
      "faces": {
        "north": {
          "uv": [
            0,
            0,
            16,
            16
          ],
          "texture": "#3"
        },
        "east": {
          "uv": [
            0,
            0,
            0,
            16
          ],
          "texture": "#3"
        },
        "south": {
          "uv": [
            0,
            0,
            16,
            16
          ],
          "texture": "#3"
        },
        "west": {
          "uv": [
            0,
            0,
            0,
            16
          ],
          "texture": "#3"
        },
        "up": {
          "uv": [
            0,
            16,
            0,
            0
          ],
          "rotation": 90,
          "texture": "#3"
        },
        "down": {
          "uv": [
            0,
            0,
            0,
            16
          ],
          "rotation": 270,
          "texture": "#3"
        }
      }
    },
    {
      "from": [
        14,
        8,
        9
      ],
      "to": [
        24,
        18,
        9
      ],
      "rotation": {
        "angle": 22.5,
        "axis": "y",
        "origin": [
          19,
          16,
          9
        ]
      },
      "faces": {
        "north": {
          "uv": [
            0.5,
            1,
            10.5,
            11
          ],
          "texture": "#2"
        },
        "east": {
          "uv": [
            0,
            0,
            0,
            12
          ],
          "texture": "#2"
        },
        "south": {
          "uv": [
            0.5,
            1,
            10.5,
            11
          ],
          "texture": "#2"
        },
        "west": {
          "uv": [
            0,
            0,
            0,
            12
          ],
          "texture": "#2"
        },
        "up": {
          "uv": [
            0,
            12,
            0,
            0
          ],
          "rotation": 90,
          "texture": "#2"
        },
        "down": {
          "uv": [
            0,
            0,
            0,
            12
          ],
          "rotation": 270,
          "texture": "#2"
        }
      }
    },
    {
      "from": [
        16,
        -5,
        10
      ],
      "to": [
        26,
        5,
        10
      ],
      "rotation": {
        "angle": 22.5,
        "axis": "y",
        "origin": [
          17,
          1,
          9
        ]
      },
      "faces": {
        "north": {
          "uv": [
            0.5,
            1,
            10.5,
            11
          ],
          "texture": "#2"
        },
        "east": {
          "uv": [
            0,
            0,
            0,
            12
          ],
          "texture": "#2"
        },
        "south": {
          "uv": [
            0.5,
            1,
            10.5,
            11
          ],
          "texture": "#2"
        },
        "west": {
          "uv": [
            0,
            0,
            0,
            12
          ],
          "texture": "#2"
        },
        "up": {
          "uv": [
            0,
            12,
            0,
            0
          ],
          "rotation": 90,
          "texture": "#2"
        },
        "down": {
          "uv": [
            0,
            0,
            0,
            12
          ],
          "rotation": 270,
          "texture": "#2"
        }
      }
    }
  ],
  "gui_light": "front",
  "display": {
    "thirdperson_righthand": {
      "rotation": [
        68,
        0,
        0
      ],
      "translation": [
        0,
        0.5,
        1.75
      ],
      "scale": [
        0.47656,
        0.47656,
        0.47656
      ]
    },
    "thirdperson_lefthand": {
      "rotation": [
        68,
        0,
        0
      ],
      "translation": [
        -6,
        -6.25,
        16.25
      ]
    },
    "firstperson_righthand": {
      "rotation": [
        -10,
        0,
        0
      ],
      "translation": [
        1.25,
        5.5,
        0
      ],
      "scale": [
        0.6,
        0.6,
        0.6
      ]
    },
    "firstperson_lefthand": {
      "rotation": [
        -10,
        0,
        0
      ],
      "translation": [
        1.25,
        5.5,
        0
      ],
      "scale": [
        0.6,
        0.6,
        0.6
      ]
    },
    "ground": {
      "translation": [
        0,
        11.25,
        0
      ],
      "scale": [
        0.6,
        0.6,
        0.6
      ]
    },
    "gui": {
      "rotation": [
        2,
        148,
        0
      ],
      "translation": [
        1,
        5.5,
        -1.5
      ],
      "scale": [
        0.70703,
        0.70703,
        0.70703
      ]
    },
    "head": {
      "translation": [
        0,
        -3.5,
        10.5
      ],
      "scale": [
        1.6,
        1.6,
        1.6
      ]
    },
    "fixed": {
      "rotation": [
        95,
        45,
        -90
      ],
      "translation": [
        -0.5,
        -0.5,
        -1.5
      ],
      "scale": [
        0.5,
        0.5,
        0.5
      ]
    }
  },
  "groups": [
    {
      "name": "group",
      "origin": [
        4,
        16.5,
        8
      ],
      "color": 0,
      "boneType": "",
      "children": []
    },
    0,
    1,
    2,
    3,
    4,
    5,
    6,
    {
      "name": "group",
      "origin": [
        7.5,
        -8.94777,
        10.92897
      ],
      "color": 0,
      "boneType": "",
      "children": []
    },
    7,
    8,
    9,
    10,
    11,
    12,
    13,
    14,
    15,
    16,
    17,
    18,
    19,
    20,
    21,
    22,
    23,
    24,
    25,
    26,
    27,
    28,
    29,
    30,
    31,
    32,
    33
  ]
}