{
  "credit": "Made with Blockbench",
  "texture_size": [
    128,
    128
  ],
  "textures": {
    "0": "elitecreatures:newyear_2024_animated/newyear_texture_01",
    "particle": "elitecreatures:newyear_2024_animated/newyear_texture_01"
  },
  "elements": [
    {
      "from": [
        6.15,
        -2.55,
        6
      ],
      "to": [
        9.85,
        0.05,
        10
      ],
      "rotation": {
        "angle": 0,
        "axis": "y",
        "origin": [
          0,
          -8.5,
          -9.5
        ]
      },
      "faces": {
        "north": {
          "uv": [
            1.0625,
            0,
            1.525,
            0.325
          ],
          "texture": "#0"
        },
        "east": {
          "uv": [
            1.0625,
            0,
            0.5625,
            0.3125
          ],
          "texture": "#0"
        },
        "south": {
          "uv": [
            1.0625,
            0,
            1.525,
            0.325
          ],
          "texture": "#0"
        },
        "west": {
          "uv": [
            0.5625,
            0,
            1.0625,
            0.3125
          ],
          "texture": "#0"
        },
        "up": {
          "uv": [
            0.5625,
            0.3125,
            1,
            0.8125
          ],
          "texture": "#0"
        },
        "down": {
          "uv": [
            1.5625,
            0.625,
            2.025,
            1.125
          ],
          "texture": "#0"
        }
      }
    },
    {
      "from": [
        6.75,
        -2.5,
        4.7
      ],
      "to": [
        9.35,
        0,
        7.3
      ],
      "rotation": {
        "angle": 45,
        "axis": "y",
        "origin": [
          8,
          2,
          6.05
        ]
      },
      "faces": {
        "north": {
          "uv": [
            1.3125,
            0.625,
            1,
            0.9375
          ],
          "texture": "#0"
        },
        "east": {
          "uv": [
            1,
            0.625,
            1.3125,
            0.9375
          ],
          "texture": "#0"
        },
        "south": {
          "uv": [
            1.3125,
            0.625,
            1,
            0.9375
          ],
          "texture": "#0"
        },
        "west": {
          "uv": [
            1.25,
            0.3125,
            0.9375,
            0.625
          ],
          "texture": "#0"
        },
        "up": {
          "uv": [
            1.5,
            0.3125,
            1.8125,
            0
          ],
          "texture": "#0"
        },
        "down": {
          "uv": [
            1.5625,
            0.625,
            1.875,
            0.3125
          ],
          "texture": "#0"
        }
      }
    },
    {
      "from": [
        6.75,
        -2.5,
        8.7
      ],
      "to": [
        9.35,
        0,
        11.3
      ],
      "rotation": {
        "angle": -45,
        "axis": "y",
        "origin": [
          8,
          2,
          9.95
        ]
      },
      "faces": {
        "north": {
          "uv": [
            1,
            0.625,
            1.3125,
            0.9375
          ],
          "texture": "#0"
        },
        "east": {
          "uv": [
            1.3125,
            0.625,
            1,
            0.9375
          ],
          "texture": "#0"
        },
        "south": {
          "uv": [
            1,
            0.625,
            1.3125,
            0.9375
          ],
          "texture": "#0"
        },
        "west": {
          "uv": [
            1,
            0.3125,
            1.3125,
            0.625
          ],
          "texture": "#0"
        },
        "up": {
          "uv": [
            1.5,
            0,
            1.8125,
            0.3125
          ],
          "texture": "#0"
        },
        "down": {
          "uv": [
            1.5625,
            0.3125,
            1.875,
            0.625
          ],
          "texture": "#0"
        }
      }
    },
    {
      "from": [
        6.5,
        -12.55,
        7.25
      ],
      "to": [
        9.5,
        -10.45,
        8.75
      ],
      "rotation": {
        "angle": 0,
        "axis": "y",
        "origin": [
          0,
          -18.5,
          -9
        ]
      },
      "faces": {
        "north": {
          "uv": [
            0.9375,
            1.125,
            1.3125,
            1.375
          ],
          "texture": "#0"
        },
        "east": {
          "uv": [
            0.9375,
            1.125,
            0.75,
            1.375
          ],
          "texture": "#0"
        },
        "south": {
          "uv": [
            0.9375,
            1.125,
            1.3125,
            1.375
          ],
          "texture": "#0"
        },
        "west": {
          "uv": [
            0.75,
            1.125,
            0.9375,
            1.375
          ],
          "texture": "#0"
        },
        "up": {
          "uv": [
            0.875,
            0.9375,
            1.25,
            1.125
          ],
          "texture": "#0"
        },
        "down": {
          "uv": [
            0.875,
            0.9375,
            1.25,
            1.125
          ],
          "texture": "#0"
        }
      }
    },
    {
      "from": [
        7,
        -12.5,
        6.2
      ],
      "to": [
        9.1,
        -10.5,
        8.3
      ],
      "rotation": {
        "angle": 45,
        "axis": "y",
        "origin": [
          8,
          -12.5,
          7.3
        ]
      },
      "faces": {
        "north": {
          "uv": [
            1.5625,
            0.3125,
            1.3125,
            0.5625
          ],
          "texture": "#0"
        },
        "east": {
          "uv": [
            1.3125,
            0.3125,
            1.5625,
            0.5625
          ],
          "texture": "#0"
        },
        "south": {
          "uv": [
            1.5625,
            0.3125,
            1.3125,
            0.5625
          ],
          "texture": "#0"
        },
        "west": {
          "uv": [
            2.0625,
            0,
            1.8125,
            0.25
          ],
          "texture": "#0"
        },
        "up": {
          "uv": [
            1.3125,
            0.8125,
            1.5625,
            0.5625
          ],
          "texture": "#0"
        },
        "down": {
          "uv": [
            1.3125,
            0.8125,
            1.5625,
            0.5625
          ],
          "texture": "#0"
        }
      }
    },
    {
      "from": [
        7,
        -12.5,
        7.7
      ],
      "to": [
        9.1,
        -10.5,
        9.8
      ],
      "rotation": {
        "angle": -45,
        "axis": "y",
        "origin": [
          8,
          -12.5,
          8.7
        ]
      },
      "faces": {
        "north": {
          "uv": [
            1.3125,
            0.3125,
            1.5625,
            0.5625
          ],
          "texture": "#0"
        },
        "east": {
          "uv": [
            1.5625,
            0.3125,
            1.3125,
            0.5625
          ],
          "texture": "#0"
        },
        "south": {
          "uv": [
            1.3125,
            0.3125,
            1.5625,
            0.5625
          ],
          "texture": "#0"
        },
        "west": {
          "uv": [
            1.8125,
            0,
            2.0625,
            0.25
          ],
          "texture": "#0"
        },
        "up": {
          "uv": [
            1.3125,
            0.5625,
            1.5625,
            0.8125
          ],
          "texture": "#0"
        },
        "down": {
          "uv": [
            1.3125,
            0.5625,
            1.5625,
            0.8125
          ],
          "texture": "#0"
        }
      }
    },
    {
      "from": [
        7,
        -12,
        7
      ],
      "to": [
        9,
        -2,
        9
      ],
      "rotation": {
        "angle": -45,
        "axis": "y",
        "origin": [
          8,
          -7,
          8
        ]
      },
      "faces": {
        "north": {
          "uv": [
            0.5625,
            1.4375,
            0.8125,
            2.6875
          ],
          "texture": "#0"
        },
        "east": {
          "uv": [
            0.5625,
            1.4375,
            0.8125,
            2.6875
          ],
          "texture": "#0"
        },
        "south": {
          "uv": [
            0.5625,
            1.4375,
            0.8125,
            2.6875
          ],
          "texture": "#0"
        },
        "west": {
          "uv": [
            0.5625,
            1.4375,
            0.8125,
            2.6875
          ],
          "texture": "#0"
        },
        "up": {
          "uv": [
            0.5625,
            1.4375,
            0.8125,
            1.6875
          ],
          "texture": "#0"
        },
        "down": {
          "uv": [
            0.5625,
            1.4375,
            0.8125,
            1.6875
          ],
          "texture": "#0"
        }
      }
    },
    {
      "from": [
        6.9,
        -12,
        9.1
      ],
      "to": [
        9.1,
        -2,
        9.1
      ],
      "rotation": {
        "angle": -45,
        "axis": "y",
        "origin": [
          8,
          -7,
          8
        ]
      },
      "faces": {
        "north": {
          "uv": [
            16,
            3.4375,
            15.75,
            4.6875
          ],
          "texture": "#0"
        },
        "east": {
          "uv": [
            0.5625,
            1.4375,
            0.8125,
            2.6875
          ],
          "texture": "#0"
        },
        "south": {
          "uv": [
            15.75,
            3.4375,
            16,
            4.6875
          ],
          "texture": "#0"
        },
        "west": {
          "uv": [
            0.5625,
            1.4375,
            0.8125,
            2.6875
          ],
          "texture": "#0"
        },
        "up": {
          "uv": [
            0.5625,
            1.4375,
            0.8125,
            1.6875
          ],
          "texture": "#0"
        },
        "down": {
          "uv": [
            0.5625,
            1.4375,
            0.8125,
            1.6875
          ],
          "texture": "#0"
        }
      }
    },
    {
      "from": [
        6.9,
        -12,
        6.9
      ],
      "to": [
        9.1,
        -2,
        6.9
      ],
      "rotation": {
        "angle": 45,
        "axis": "y",
        "origin": [
          8,
          -7,
          8
        ]
      },
      "faces": {
        "north": {
          "uv": [
            16,
            3.4375,
            15.75,
            4.6875
          ],
          "texture": "#0"
        },
        "east": {
          "uv": [
            0.8125,
            1.4375,
            0.5625,
            2.6875
          ],
          "texture": "#0"
        },
        "south": {
          "uv": [
            15.75,
            3.4375,
            16,
            4.6875
          ],
          "texture": "#0"
        },
        "west": {
          "uv": [
            0.8125,
            1.4375,
            0.5625,
            2.6875
          ],
          "texture": "#0"
        },
        "up": {
          "uv": [
            0.5625,
            1.6875,
            0.8125,
            1.4375
          ],
          "texture": "#0"
        },
        "down": {
          "uv": [
            0.5625,
            1.6875,
            0.8125,
            1.4375
          ],
          "texture": "#0"
        }
      }
    },
    {
      "from": [
        6.9,
        -12,
        6.9
      ],
      "to": [
        9.1,
        -2,
        6.9
      ],
      "rotation": {
        "angle": -45,
        "axis": "y",
        "origin": [
          8,
          -7,
          8
        ]
      },
      "faces": {
        "north": {
          "uv": [
            15.75,
            3.4375,
            16,
            4.6875
          ],
          "texture": "#0"
        },
        "east": {
          "uv": [
            0.5625,
            1.4375,
            0.8125,
            2.6875
          ],
          "texture": "#0"
        },
        "south": {
          "uv": [
            16,
            3.4375,
            15.75,
            4.6875
          ],
          "texture": "#0"
        },
        "west": {
          "uv": [
            0.5625,
            1.4375,
            0.8125,
            2.6875
          ],
          "texture": "#0"
        },
        "up": {
          "uv": [
            0.8125,
            1.6875,
            0.5625,
            1.4375
          ],
          "texture": "#0"
        },
        "down": {
          "uv": [
            0.8125,
            1.6875,
            0.5625,
            1.4375
          ],
          "texture": "#0"
        }
      }
    },
    {
      "from": [
        6.9,
        -12,
        9.1
      ],
      "to": [
        9.1,
        -2,
        9.1
      ],
      "rotation": {
        "angle": 45,
        "axis": "y",
        "origin": [
          8,
          -7,
          8
        ]
      },
      "faces": {
        "north": {
          "uv": [
            15.75,
            3.4375,
            16,
            4.6875
          ],
          "texture": "#0"
        },
        "east": {
          "uv": [
            0.8125,
            1.4375,
            0.5625,
            2.6875
          ],
          "texture": "#0"
        },
        "south": {
          "uv": [
            16,
            3.4375,
            15.75,
            4.6875
          ],
          "texture": "#0"
        },
        "west": {
          "uv": [
            0.8125,
            1.4375,
            0.5625,
            2.6875
          ],
          "texture": "#0"
        },
        "up": {
          "uv": [
            0.8125,
            1.4375,
            0.5625,
            1.6875
          ],
          "texture": "#0"
        },
        "down": {
          "uv": [
            0.8125,
            1.4375,
            0.5625,
            1.6875
          ],
          "texture": "#0"
        }
      }
    },
    {
      "from": [
        6.75,
        -4,
        6.75
      ],
      "to": [
        9.25,
        -1.5,
        9.25
      ],
      "rotation": {
        "angle": -45,
        "axis": "y",
        "origin": [
          8,
          -3.25,
          8
        ]
      },
      "faces": {
        "north": {
          "uv": [
            0.8125,
            1.375,
            1.125,
            1.6875
          ],
          "texture": "#0"
        },
        "east": {
          "uv": [
            0.8125,
            1.375,
            1.125,
            1.6875
          ],
          "texture": "#0"
        },
        "south": {
          "uv": [
            0.8125,
            1.375,
            1.125,
            1.6875
          ],
          "texture": "#0"
        },
        "west": {
          "uv": [
            0.8125,
            1.375,
            1.125,
            1.6875
          ],
          "texture": "#0"
        },
        "up": {
          "uv": [
            0.8125,
            1.6875,
            1.125,
            2
          ],
          "texture": "#0"
        },
        "down": {
          "uv": [
            0.8125,
            1.6875,
            1.125,
            2
          ],
          "texture": "#0"
        }
      }
    },
    {
      "from": [
        7,
        -14.4,
        7
      ],
      "to": [
        9,
        -12.4,
        9
      ],
      "rotation": {
        "angle": -45,
        "axis": "y",
        "origin": [
          8,
          -13.4,
          8
        ]
      },
      "faces": {
        "north": {
          "uv": [
            1.3125,
            0.8125,
            1.5625,
            1.0625
          ],
          "texture": "#0"
        },
        "east": {
          "uv": [
            1.3125,
            0.8125,
            1.5625,
            1.0625
          ],
          "texture": "#0"
        },
        "south": {
          "uv": [
            1.3125,
            0.8125,
            1.5625,
            1.0625
          ],
          "texture": "#0"
        },
        "west": {
          "uv": [
            1.3125,
            0.8125,
            1.5625,
            1.0625
          ],
          "texture": "#0"
        },
        "up": {
          "uv": [
            1.3125,
            1.0625,
            1.5625,
            1.3125
          ],
          "texture": "#0"
        },
        "down": {
          "uv": [
            1.3125,
            1.0625,
            1.5625,
            1.3125
          ],
          "texture": "#0"
        }
      }
    },
    {
      "from": [
        7.25,
        -13.5,
        8
      ],
      "to": [
        8.75,
        -11,
        10
      ],
      "rotation": {
        "angle": -22.5,
        "axis": "x",
        "origin": [
          8,
          -10,
          9.5
        ]
      },
      "faces": {
        "north": {
          "uv": [
            2.125,
            0.5625,
            2.3125,
            0.25
          ],
          "texture": "#0"
        },
        "east": {
          "uv": [
            1.875,
            0.5625,
            2.125,
            0.25
          ],
          "texture": "#0"
        },
        "south": {
          "uv": [
            2.125,
            0.5625,
            2.3125,
            0.25
          ],
          "texture": "#0"
        },
        "west": {
          "uv": [
            1.875,
            0.5625,
            2.125,
            0.25
          ],
          "texture": "#0"
        },
        "up": {
          "uv": [
            2.0625,
            0.25,
            2.25,
            0
          ],
          "texture": "#0"
        },
        "down": {
          "uv": [
            2.0625,
            0.25,
            2.25,
            0
          ],
          "texture": "#0"
        }
      }
    },
    {
      "from": [
        7.25,
        -13.5,
        6
      ],
      "to": [
        8.75,
        -11,
        8
      ],
      "rotation": {
        "angle": 22.5,
        "axis": "x",
        "origin": [
          8,
          -10,
          6.5
        ]
      },
      "faces": {
        "north": {
          "uv": [
            2.3125,
            0.5625,
            2.125,
            0.25
          ],
          "texture": "#0"
        },
        "east": {
          "uv": [
            2.125,
            0.5625,
            1.875,
            0.25
          ],
          "texture": "#0"
        },
        "south": {
          "uv": [
            2.3125,
            0.5625,
            2.125,
            0.25
          ],
          "texture": "#0"
        },
        "west": {
          "uv": [
            2.125,
            0.5625,
            1.875,
            0.25
          ],
          "texture": "#0"
        },
        "up": {
          "uv": [
            2.0625,
            0,
            2.25,
            0.25
          ],
          "texture": "#0"
        },
        "down": {
          "uv": [
            2.0625,
            0,
            2.25,
            0.25
          ],
          "texture": "#0"
        }
      }
    },
    {
      "from": [
        5,
        -1.4,
        8.5
      ],
      "to": [
        11,
        0.6,
        10.5
      ],
      "rotation": {
        "angle": -45,
        "axis": "x",
        "origin": [
          8,
          -1.9,
          8
        ]
      },
      "faces": {
        "north": {
          "uv": [
            2.3125,
            1.125,
            1.5625,
            1.375
          ],
          "texture": "#0"
        },
        "east": {
          "uv": [
            1.3125,
            1.3125,
            1.5625,
            1.5625
          ],
          "texture": "#0"
        },
        "south": {
          "uv": [
            2.3125,
            1.125,
            1.5625,
            1.375
          ],
          "texture": "#0"
        },
        "west": {
          "uv": [
            1.5625,
            1.3125,
            1.3125,
            1.5625
          ],
          "texture": "#0"
        },
        "up": {
          "uv": [
            2.3125,
            1.125,
            1.5625,
            1.375
          ],
          "texture": "#0"
        },
        "down": {
          "uv": [
            2.3125,
            1.125,
            1.5625,
            1.375
          ],
          "texture": "#0"
        }
      }
    },
    {
      "from": [
        5.75,
        -2,
        9
      ],
      "to": [
        10.25,
        1,
        12
      ],
      "rotation": {
        "angle": -45,
        "axis": "x",
        "origin": [
          8,
          -3,
          8
        ]
      },
      "faces": {
        "north": {
          "uv": [
            1.1875,
            2.375,
            0.8125,
            2.9375
          ],
          "rotation": 90,
          "texture": "#0"
        },
        "east": {
          "uv": [
            0.8125,
            2,
            1.1875,
            2.375
          ],
          "rotation": 90,
          "texture": "#0"
        },
        "south": {
          "uv": [
            1.1875,
            2.375,
            0.8125,
            2.9375
          ],
          "rotation": 90,
          "texture": "#0"
        },
        "west": {
          "uv": [
            0.8125,
            2.375,
            1.1875,
            2
          ],
          "rotation": 90,
          "texture": "#0"
        },
        "up": {
          "uv": [
            0.8125,
            2.375,
            1.1875,
            2.9375
          ],
          "rotation": 90,
          "texture": "#0"
        },
        "down": {
          "uv": [
            0.8125,
            2.375,
            1.1875,
            2.9375
          ],
          "rotation": 90,
          "texture": "#0"
        }
      }
    },
    {
      "from": [
        7.3,
        -0.2,
        8.5
      ],
      "to": [
        7.3,
        3.8,
        12.5
      ],
      "rotation": {
        "angle": 0,
        "axis": "y",
        "origin": [
          0,
          0,
          16
        ]
      },
      "faces": {
        "north": {
          "uv": [
            0,
            0,
            0,
            0.5
          ],
          "texture": "#0"
        },
        "east": {
          "uv": [
            1.625,
            1.4375,
            2.125,
            1.9375
          ],
          "texture": "#0"
        },
        "south": {
          "uv": [
            0,
            0,
            0,
            0.5
          ],
          "texture": "#missing"
        },
        "west": {
          "uv": [
            2.125,
            1.4375,
            1.625,
            1.9375
          ],
          "texture": "#0"
        },
        "up": {
          "uv": [
            0,
            0.5,
            0,
            0
          ],
          "texture": "#missing"
        },
        "down": {
          "uv": [
            0,
            0.5,
            0,
            0
          ],
          "texture": "#missing"
        }
      }
    },
    {
      "from": [
        7.3,
        -0.2,
        3.5
      ],
      "to": [
        7.3,
        3.8,
        7.5
      ],
      "faces": {
        "north": {
          "uv": [
            0,
            0,
            0,
            0.5
          ],
          "texture": "#missing"
        },
        "east": {
          "uv": [
            2.125,
            1.4375,
            1.625,
            1.9375
          ],
          "texture": "#0"
        },
        "south": {
          "uv": [
            0,
            0,
            0,
            0.5
          ],
          "texture": "#0"
        },
        "west": {
          "uv": [
            1.625,
            1.4375,
            2.125,
            1.9375
          ],
          "texture": "#0"
        },
        "up": {
          "uv": [
            0,
            0,
            0,
            0.5
          ],
          "texture": "#missing"
        },
        "down": {
          "uv": [
            0,
            0,
            0,
            0.5
          ],
          "texture": "#missing"
        }
      }
    },
    {
      "from": [
        8.7,
        -0.2,
        3.5
      ],
      "to": [
        8.7,
        3.8,
        7.5
      ],
      "rotation": {
        "angle": 0,
        "axis": "y",
        "origin": [
          16,
          0,
          0
        ]
      },
      "faces": {
        "north": {
          "uv": [
            0,
            0,
            0,
            0.5
          ],
          "texture": "#missing"
        },
        "east": {
          "uv": [
            2.125,
            1.4375,
            1.625,
            1.9375
          ],
          "texture": "#0"
        },
        "south": {
          "uv": [
            0,
            0,
            0,
            0.5
          ],
          "texture": "#0"
        },
        "west": {
          "uv": [
            1.625,
            1.4375,
            2.125,
            1.9375
          ],
          "texture": "#0"
        },
        "up": {
          "uv": [
            0,
            0,
            0,
            0.5
          ],
          "texture": "#missing"
        },
        "down": {
          "uv": [
            0,
            0,
            0,
            0.5
          ],
          "texture": "#missing"
        }
      }
    },
    {
      "from": [
        8.7,
        -0.2,
        8.5
      ],
      "to": [
        8.7,
        3.8,
        12.5
      ],
      "rotation": {
        "angle": 0,
        "axis": "y",
        "origin": [
          16,
          0,
          16
        ]
      },
      "faces": {
        "north": {
          "uv": [
            0,
            0,
            0,
            0.5
          ],
          "texture": "#0"
        },
        "east": {
          "uv": [
            1.625,
            1.4375,
            2.125,
            1.9375
          ],
          "texture": "#0"
        },
        "south": {
          "uv": [
            0,
            0,
            0,
            0.5
          ],
          "texture": "#missing"
        },
        "west": {
          "uv": [
            2.125,
            1.4375,
            1.625,
            1.9375
          ],
          "texture": "#0"
        },
        "up": {
          "uv": [
            0,
            0.5,
            0,
            0
          ],
          "texture": "#missing"
        },
        "down": {
          "uv": [
            0,
            0.5,
            0,
            0
          ],
          "texture": "#missing"
        }
      }
    },
    {
      "from": [
        7,
        7,
        5
      ],
      "to": [
        9,
        9,
        9.1
      ],
      "faces": {
        "north": {
          "uv": [
            5.75,
            4.75,
            6,
            5
          ],
          "texture": "#0"
        },
        "east": {
          "uv": [
            5.7,
            4.5,
            5.1875,
            4.75
          ],
          "texture": "#0"
        },
        "south": {
          "uv": [
            5.75,
            4.5,
            6,
            4.75
          ],
          "texture": "#0"
        },
        "west": {
          "uv": [
            5.1875,
            4.5,
            5.7,
            4.75
          ],
          "texture": "#0"
        },
        "up": {
          "uv": [
            6,
            5.0625,
            6.25,
            5.575
          ],
          "texture": "#0"
        },
        "down": {
          "uv": [
            6,
            4.5,
            6.25,
            5.0125
          ],
          "texture": "#0"
        }
      }
    },
    {
      "from": [
        7,
        3,
        5
      ],
      "to": [
        9,
        5,
        9.1
      ],
      "faces": {
        "north": {
          "uv": [
            5.75,
            4.75,
            6,
            5
          ],
          "texture": "#0"
        },
        "east": {
          "uv": [
            5.7,
            4.5,
            5.1875,
            4.75
          ],
          "texture": "#0"
        },
        "south": {
          "uv": [
            5.75,
            4.5,
            6,
            4.75
          ],
          "texture": "#0"
        },
        "west": {
          "uv": [
            5.1875,
            4.5,
            5.7,
            4.75
          ],
          "texture": "#0"
        },
        "up": {
          "uv": [
            6,
            5.0625,
            6.25,
            5.575
          ],
          "texture": "#0"
        },
        "down": {
          "uv": [
            6,
            4.5,
            6.25,
            5.0125
          ],
          "texture": "#0"
        }
      }
    },
    {
      "from": [
        7,
        11,
        3
      ],
      "to": [
        9,
        14,
        9.1
      ],
      "faces": {
        "north": {
          "uv": [
            4.5625,
            3.5625,
            4.8125,
            3.9375
          ],
          "texture": "#0"
        },
        "east": {
          "uv": [
            5.7,
            4.75,
            4.9375,
            5.125
          ],
          "texture": "#0"
        },
        "south": {
          "uv": [
            4.6875,
            3.9375,
            4.9375,
            4.3125
          ],
          "texture": "#0"
        },
        "west": {
          "uv": [
            4.9375,
            4.75,
            5.7,
            5.125
          ],
          "texture": "#0"
        },
        "up": {
          "uv": [
            4.9375,
            3.9375,
            5.1875,
            4.7
          ],
          "texture": "#0"
        },
        "down": {
          "uv": [
            4.9375,
            3.9375,
            5.1875,
            4.7
          ],
          "texture": "#0"
        }
      }
    },
    {
      "from": [
        7.25,
        0,
        7
      ],
      "to": [
        8.75,
        13,
        9
      ],
      "rotation": {
        "angle": 0,
        "axis": "y",
        "origin": [
          0,
          -1,
          0
        ]
      },
      "faces": {
        "north": {
          "uv": [
            6.25,
            4.5,
            6.4375,
            6.125
          ],
          "texture": "#0"
        },
        "east": {
          "uv": [
            6.6875,
            4.5,
            6.4375,
            6.125
          ],
          "texture": "#0"
        },
        "south": {
          "uv": [
            6.25,
            4.5,
            6.4375,
            6.125
          ],
          "texture": "#0"
        },
        "west": {
          "uv": [
            6.4375,
            4.5,
            6.6875,
            6.125
          ],
          "texture": "#0"
        },
        "up": {
          "uv": [
            6.25,
            4.5,
            6.4375,
            4.75
          ],
          "texture": "#0"
        },
        "down": {
          "uv": [
            6.25,
            4.5,
            6.4375,
            4.75
          ],
          "texture": "#0"
        }
      }
    }
  ],
  "gui_light": "front",
  "display": {
    "thirdperson_righthand": {
      "translation": [
        0,
        5.25,
        1.75
      ],
      "scale": [
        0.49102,
        0.49102,
        0.49102
      ]
    },
    "thirdperson_lefthand": {
      "translation": [
        0,
        5.25,
        1.75
      ],
      "scale": [
        0.49102,
        0.49102,
        0.49102
      ]
    },
    "firstperson_righthand": {
      "rotation": [
        -10,
        9,
        0
      ],
      "translation": [
        1.25,
        5.5,
        0
      ],
      "scale": [
        0.6,
        0.6,
        0.6
      ]
    },
    "firstperson_lefthand": {
      "rotation": [
        -10,
        9,
        0
      ],
      "translation": [
        1.25,
        5.5,
        0
      ],
      "scale": [
        0.6,
        0.6,
        0.6
      ]
    },
    "ground": {
      "rotation": [
        0,
        0,
        88
      ],
      "translation": [
        -2,
        2.5,
        0.25
      ],
      "scale": [
        0.45,
        0.45,
        0.45
      ]
    },
    "gui": {
      "rotation": [
        90,
        135,
        -90
      ],
      "translation": [
        -2.5,
        2.75,
        -1.5
      ],
      "scale": [
        0.5,
        0.5,
        0.5
      ]
    },
    "head": {
      "rotation": [
        90,
        -156,
        90
      ],
      "translation": [
        1,
        10.5,
        1.75
      ],
      "scale": [
        0.6,
        0.6,
        0.6
      ]
    },
    "fixed": {
      "rotation": [
        -90,
        -90,
        -90
      ],
      "translation": [
        0,
        5.5,
        0.25
      ],
      "scale": [
        1.2,
        1.2,
        1.2
      ]
    }
  }
}