{"credit":"Made with Blockbench","texture_size":[128,128],"textures":{"0":"elitecreatures:newyear_2024_animated/newyear_texture_01","2":"elitecreatures:newyear_2024_animated/newyear_animation_02","3":"elitecreatures:newyear_2024_animated/newyear_animation_03","4":"elitecreatures:newyear_2024_animated/newyear_animation_04","particle":"elitecreatures:newyear_2024_animated/newyear_texture_01"},"elements":[{"from":[6.15,14.45,6],"to":[9.85,17.05,10],"rotation":{"angle":0,"axis":"y","origin":[0,8.5,-9.5]},"faces":{"north":{"uv":[1.0625,0,1.525,0.325],"texture":"#0"},"east":{"uv":[1.0625,0,0.5625,0.3125],"texture":"#0"},"south":{"uv":[1.0625,0,1.525,0.325],"texture":"#0"},"west":{"uv":[0.5625,0,1.0625,0.3125],"texture":"#0"},"up":{"uv":[0.5625,0.3125,1,0.8125],"texture":"#0"},"down":{"uv":[1.5625,0.625,2.025,1.125],"texture":"#0"}}},{"from":[6.75,14.5,4.7],"to":[9.35,17,7.3],"rotation":{"angle":45,"axis":"y","origin":[8,19,6.05]},"faces":{"north":{"uv":[1.3125,0.625,1,0.9375],"texture":"#0"},"east":{"uv":[1,0.625,1.3125,0.9375],"texture":"#0"},"south":{"uv":[1.3125,0.625,1,0.9375],"texture":"#0"},"west":{"uv":[1.25,0.3125,0.9375,0.625],"texture":"#0"},"up":{"uv":[1.5,0.3125,1.8125,0],"texture":"#0"},"down":{"uv":[1.5625,0.625,1.875,0.3125],"texture":"#0"}}},{"from":[6.75,14.5,8.7],"to":[9.35,17,11.3],"rotation":{"angle":-45,"axis":"y","origin":[8,19,9.95]},"faces":{"north":{"uv":[1,0.625,1.3125,0.9375],"texture":"#0"},"east":{"uv":[1.3125,0.625,1,0.9375],"texture":"#0"},"south":{"uv":[1,0.625,1.3125,0.9375],"texture":"#0"},"west":{"uv":[1,0.3125,1.3125,0.625],"texture":"#0"},"up":{"uv":[1.5,0,1.8125,0.3125],"texture":"#0"},"down":{"uv":[1.5625,0.3125,1.875,0.625],"texture":"#0"}}},{"from":[6.5,-12.55,7.25],"to":[9.5,-10.45,8.75],"rotation":{"angle":0,"axis":"y","origin":[0,-18.5,-9]},"faces":{"north":{"uv":[0.9375,1.125,1.3125,1.375],"texture":"#0"},"east":{"uv":[0.9375,1.125,0.75,1.375],"texture":"#0"},"south":{"uv":[0.9375,1.125,1.3125,1.375],"texture":"#0"},"west":{"uv":[0.75,1.125,0.9375,1.375],"texture":"#0"},"up":{"uv":[0.875,0.9375,1.25,1.125],"texture":"#0"},"down":{"uv":[0.875,0.9375,1.25,1.125],"texture":"#0"}}},{"from":[7,-12.5,6.2],"to":[9.1,-10.5,8.3],"rotation":{"angle":45,"axis":"y","origin":[8,-12.5,7.3]},"faces":{"north":{"uv":[1.5625,0.3125,1.3125,0.5625],"texture":"#0"},"east":{"uv":[1.3125,0.3125,1.5625,0.5625],"texture":"#0"},"south":{"uv":[1.5625,0.3125,1.3125,0.5625],"texture":"#0"},"west":{"uv":[2.0625,0,1.8125,0.25],"texture":"#0"},"up":{"uv":[1.3125,0.8125,1.5625,0.5625],"texture":"#0"},"down":{"uv":[1.3125,0.8125,1.5625,0.5625],"texture":"#0"}}},{"from":[7,-12.5,7.7],"to":[9.1,-10.5,9.8],"rotation":{"angle":-45,"axis":"y","origin":[8,-12.5,8.7]},"faces":{"north":{"uv":[1.3125,0.3125,1.5625,0.5625],"texture":"#0"},"east":{"uv":[1.5625,0.3125,1.3125,0.5625],"texture":"#0"},"south":{"uv":[1.3125,0.3125,1.5625,0.5625],"texture":"#0"},"west":{"uv":[1.8125,0,2.0625,0.25],"texture":"#0"},"up":{"uv":[1.3125,0.5625,1.5625,0.8125],"texture":"#0"},"down":{"uv":[1.3125,0.5625,1.5625,0.8125],"texture":"#0"}}},{"from":[7,-11,7],"to":[9,13,9],"rotation":{"angle":-45,"axis":"y","origin":[8,-7,8]},"faces":{"north":{"uv":[0,3,0.25,6],"texture":"#0"},"east":{"uv":[0,3,0.25,6],"texture":"#0"},"south":{"uv":[0,3,0.25,6],"texture":"#0"},"west":{"uv":[0,3,0.25,6],"texture":"#0"},"up":{"uv":[0,3,0.25,3.25],"texture":"#0"},"down":{"uv":[0,3,0.25,3.25],"texture":"#0"}}},{"from":[6.9,-10.5,6.9],"to":[9.1,13,6.9],"rotation":{"angle":45,"axis":"y","origin":[8,-5.5,8]},"faces":{"north":{"uv":[0.5,3,0.25,5.9375],"texture":"#0"},"east":{"uv":[0.8125,1.4375,0.5625,2.6875],"texture":"#0"},"south":{"uv":[0.25,3,0.5,5.9375],"texture":"#0"},"west":{"uv":[0.8125,1.4375,0.5625,2.6875],"texture":"#0"},"up":{"uv":[0.5625,1.6875,0.8125,1.4375],"texture":"#0"},"down":{"uv":[0.5625,1.6875,0.8125,1.4375],"texture":"#0"}}},{"from":[7.9,15,-1.7],"to":[7.9,22,4.3],"rotation":{"angle":0,"axis":"y","origin":[7.9,18.1,5.3]},"faces":{"north":{"uv":[0,0,0,0.5],"texture":"#missing"},"east":{"uv":[2.375,1.9375,1.625,2.8125],"texture":"#0"},"south":{"uv":[0,0,0,0.5],"texture":"#0"},"west":{"uv":[1.625,1.9375,2.375,2.8125],"texture":"#0"},"up":{"uv":[0,0,0,0.5],"texture":"#missing"},"down":{"uv":[0,0,0,0.5],"texture":"#missing"}}},{"from":[7.9,15,11.7],"to":[7.9,22,17.7],"rotation":{"angle":0,"axis":"y","origin":[7.9,18.1,10.7]},"faces":{"north":{"uv":[0,0,0,0.5],"texture":"#0"},"east":{"uv":[1.625,1.9375,2.375,2.8125],"texture":"#0"},"south":{"uv":[0,0,0,0.5],"texture":"#missing"},"west":{"uv":[2.375,1.9375,1.625,2.8125],"texture":"#0"},"up":{"uv":[0,0.5,0,0],"texture":"#missing"},"down":{"uv":[0,0.5,0,0],"texture":"#missing"}}},{"from":[7.9,8.2,13.55],"to":[7.9,14.2,15.55],"rotation":{"angle":0,"axis":"y","origin":[8,-9.75,8]},"faces":{"north":{"uv":[1.0625,1.1875,1.0625,1.9375],"texture":"#0"},"east":{"uv":[1.3125,1.5625,1.5625,2.3125],"texture":"#0"},"south":{"uv":[1.0625,1.1875,1.0625,1.9375],"texture":"#0"},"west":{"uv":[1.5625,1.5625,1.3125,2.3125],"texture":"#0"},"up":{"uv":[1.0625,1.4375,1.0625,1.1875],"texture":"#0"},"down":{"uv":[1.0625,1.4375,1.0625,1.1875],"texture":"#0"}}},{"from":[7.4,11.2,13.8],"to":[8.4,12.2,14.8],"rotation":{"angle":0,"axis":"y","origin":[0,-2,16]},"faces":{"north":{"uv":[2.0625,1,2.1875,1.125],"texture":"#0"},"east":{"uv":[2.1875,1,2.0625,1.125],"texture":"#0"},"south":{"uv":[2.0625,1,2.1875,1.125],"texture":"#0"},"west":{"uv":[2.1875,1,2.0625,1.125],"texture":"#0"},"up":{"uv":[2.0625,1,2.1875,0.875],"texture":"#0"},"down":{"uv":[2.0625,1,2.1875,0.875],"texture":"#0"}}},{"from":[7.4,10.3,13.8],"to":[8.4,10.8,14.8],"rotation":{"angle":0,"axis":"y","origin":[0,-2,16]},"faces":{"north":{"uv":[2.0625,0.6875,2.1875,0.75],"texture":"#0"},"east":{"uv":[2.1875,0.6875,2.0625,0.75],"texture":"#0"},"south":{"uv":[2.0625,0.6875,2.1875,0.75],"texture":"#0"},"west":{"uv":[2.1875,0.6875,2.0625,0.75],"texture":"#0"},"up":{"uv":[2.0625,0.875,2.1875,0.75],"texture":"#0"},"down":{"uv":[2.0625,0.875,2.1875,0.75],"texture":"#0"}}},{"from":[7.9,6.7,0.45],"to":[7.9,12.7,2.45],"rotation":{"angle":0,"axis":"y","origin":[8,-9.75,8]},"faces":{"north":{"uv":[1.0625,1.1875,1.0625,1.9375],"texture":"#0"},"east":{"uv":[1.5625,1.5625,1.3125,2.3125],"texture":"#0"},"south":{"uv":[1.0625,1.1875,1.0625,1.9375],"texture":"#0"},"west":{"uv":[1.3125,1.5625,1.5625,2.3125],"texture":"#0"},"up":{"uv":[1.0625,1.1875,1.0625,1.4375],"texture":"#0"},"down":{"uv":[1.0625,1.1875,1.0625,1.4375],"texture":"#0"}}},{"from":[7.4,10.2,1.2],"to":[8.4,11.2,2.2],"rotation":{"angle":0,"axis":"y","origin":[0,-2,0]},"faces":{"north":{"uv":[2.1875,1,2.0625,1.125],"texture":"#0"},"east":{"uv":[2.0625,1,2.1875,1.125],"texture":"#0"},"south":{"uv":[2.1875,1,2.0625,1.125],"texture":"#0"},"west":{"uv":[2.0625,1,2.1875,1.125],"texture":"#0"},"up":{"uv":[2.0625,0.875,2.1875,1],"texture":"#0"},"down":{"uv":[2.0625,0.875,2.1875,1],"texture":"#0"}}},{"from":[7.4,8.8,1.2],"to":[8.4,9.3,2.2],"rotation":{"angle":0,"axis":"y","origin":[0,-2,0]},"faces":{"north":{"uv":[2.1875,0.6875,2.0625,0.75],"texture":"#0"},"east":{"uv":[2.0625,0.6875,2.1875,0.75],"texture":"#0"},"south":{"uv":[2.1875,0.6875,2.0625,0.75],"texture":"#0"},"west":{"uv":[2.0625,0.6875,2.1875,0.75],"texture":"#0"},"up":{"uv":[2.0625,0.75,2.1875,0.875],"texture":"#0"},"down":{"uv":[2.0625,0.75,2.1875,0.875],"texture":"#0"}}},{"from":[9,17,10],"to":[9,27,20],"rotation":{"angle":0,"axis":"y","origin":[16,1,0]},"faces":{"north":{"uv":[0.5,1,0.5,11],"texture":"#2"},"east":{"uv":[10.5,1,0.5,11],"texture":"#2"},"south":{"uv":[0.5,1,0.5,11],"texture":"#2"},"west":{"uv":[10.5,1,0.5,11],"texture":"#2"},"up":{"uv":[0.5,11,0.5,1],"texture":"#2"},"down":{"uv":[0.5,1,0.5,11],"texture":"#2"}}},{"from":[7,4,9],"to":[7,12,17],"rotation":{"angle":0,"axis":"y","origin":[0,1,0]},"faces":{"north":{"uv":[0,0,0,16],"texture":"#3"},"east":{"uv":[0,0,16,16],"texture":"#3"},"south":{"uv":[0,0,0,16],"texture":"#3"},"west":{"uv":[0,0,16,16],"texture":"#3"},"up":{"uv":[0,16,0,0],"texture":"#3"},"down":{"uv":[0,0,0,16],"texture":"#3"}}},{"from":[7,6,-5],"to":[7,16,5],"rotation":{"angle":0,"axis":"y","origin":[0,1,0]},"faces":{"north":{"uv":[0,0,0,12],"texture":"#2"},"east":{"uv":[0.5,1,10.5,11],"texture":"#2"},"south":{"uv":[0,0,0,12],"texture":"#2"},"west":{"uv":[0.5,1,10.5,11],"texture":"#2"},"up":{"uv":[0,12,0,0],"texture":"#2"},"down":{"uv":[0,0,0,12],"texture":"#2"}}},{"from":[6.9,-10.5,6.9],"to":[9.1,13,6.9],"rotation":{"angle":-45,"axis":"y","origin":[8,-5.5,8]},"faces":{"north":{"uv":[0.25,3,0.5,5.9375],"texture":"#0"},"east":{"uv":[0.5625,1.4375,0.8125,2.6875],"texture":"#0"},"south":{"uv":[0.5,3,0.25,5.9375],"texture":"#0"},"west":{"uv":[0.5625,1.4375,0.8125,2.6875],"texture":"#0"},"up":{"uv":[0.8125,1.6875,0.5625,1.4375],"texture":"#0"},"down":{"uv":[0.8125,1.6875,0.5625,1.4375],"texture":"#0"}}},{"from":[6.9,-10.5,9.1],"to":[9.1,13,9.1],"rotation":{"angle":45,"axis":"y","origin":[8,-5.5,8]},"faces":{"north":{"uv":[0.25,3,0.5,5.9375],"texture":"#0"},"east":{"uv":[0.8125,1.4375,0.5625,2.6875],"texture":"#0"},"south":{"uv":[0.5,3,0.25,5.9375],"texture":"#0"},"west":{"uv":[0.8125,1.4375,0.5625,2.6875],"texture":"#0"},"up":{"uv":[0.8125,1.4375,0.5625,1.6875],"texture":"#0"},"down":{"uv":[0.8125,1.4375,0.5625,1.6875],"texture":"#0"}}},{"from":[6.9,-10.5,9.1],"to":[9.1,13,9.1],"rotation":{"angle":-45,"axis":"y","origin":[8,-5.5,8]},"faces":{"north":{"uv":[0.5,3,0.25,5.9375],"texture":"#0"},"east":{"uv":[0.5625,1.4375,0.8125,2.6875],"texture":"#0"},"south":{"uv":[0.25,3,0.5,5.9375],"texture":"#0"},"west":{"uv":[0.5625,1.4375,0.8125,2.6875],"texture":"#0"},"up":{"uv":[0.5625,1.4375,0.8125,1.6875],"texture":"#0"},"down":{"uv":[0.5625,1.4375,0.8125,1.6875],"texture":"#0"}}},{"from":[6.75,13,6.75],"to":[9.25,15.5,9.25],"rotation":{"angle":-45,"axis":"y","origin":[8,13.75,8]},"faces":{"north":{"uv":[0.8125,1.375,1.125,1.6875],"texture":"#0"},"east":{"uv":[0.8125,1.375,1.125,1.6875],"texture":"#0"},"south":{"uv":[0.8125,1.375,1.125,1.6875],"texture":"#0"},"west":{"uv":[0.8125,1.375,1.125,1.6875],"texture":"#0"},"up":{"uv":[0.8125,1.6875,1.125,2],"texture":"#0"},"down":{"uv":[0.8125,1.6875,1.125,2],"texture":"#0"}}},{"from":[6.75,8.5,6.75],"to":[9.25,11,9.25],"rotation":{"angle":-45,"axis":"y","origin":[8,13.75,8]},"faces":{"north":{"uv":[0.8125,1.375,1.125,1.6875],"texture":"#0"},"east":{"uv":[0.8125,1.375,1.125,1.6875],"texture":"#0"},"south":{"uv":[0.8125,1.375,1.125,1.6875],"texture":"#0"},"west":{"uv":[0.8125,1.375,1.125,1.6875],"texture":"#0"},"up":{"uv":[0.8125,1.6875,1.125,2],"texture":"#0"},"down":{"uv":[0.8125,1.6875,1.125,2],"texture":"#0"}}},{"from":[6.75,2.5,6.75],"to":[9.25,5,9.25],"rotation":{"angle":-45,"axis":"y","origin":[8,13.75,8]},"faces":{"north":{"uv":[0.8125,1.375,1.125,1.6875],"texture":"#0"},"east":{"uv":[0.8125,1.375,1.125,1.6875],"texture":"#0"},"south":{"uv":[0.8125,1.375,1.125,1.6875],"texture":"#0"},"west":{"uv":[0.8125,1.375,1.125,1.6875],"texture":"#0"},"up":{"uv":[0.8125,1.6875,1.125,2],"texture":"#0"},"down":{"uv":[0.8125,1.6875,1.125,2],"texture":"#0"}}},{"from":[7.8,15,0.5],"to":[8.2,16.5,3.5],"rotation":{"angle":22.5,"axis":"x","origin":[8,14.3,3]},"faces":{"north":{"uv":[2.7375,0.86719,2.6875,0.67969],"texture":"#0"},"east":{"uv":[2.69063,0.875,2.31562,0.6875],"texture":"#0"},"south":{"uv":[2.7375,0.86719,2.6875,0.67969],"texture":"#0"},"west":{"uv":[2.31562,0.875,2.69063,0.6875],"texture":"#0"},"up":{"uv":[2.25,0.92969,2.3,0.55469],"texture":"#0"},"down":{"uv":[2.25,0.92969,2.3,0.55469],"texture":"#0"}}},{"from":[7.8,15,12.5],"to":[8.2,16.5,15.5],"rotation":{"angle":-22.5,"axis":"x","origin":[8,14.3,13]},"faces":{"north":{"uv":[2.6875,0.86719,2.7375,0.67969],"texture":"#0"},"east":{"uv":[2.31562,0.86719,2.69063,0.67969],"texture":"#0"},"south":{"uv":[2.6875,0.86719,2.7375,0.67969],"texture":"#0"},"west":{"uv":[2.69063,0.86719,2.31562,0.67969],"texture":"#0"},"up":{"uv":[2.25,0.55469,2.3,0.92969],"texture":"#0"},"down":{"uv":[2.25,0.55469,2.3,0.92969],"texture":"#0"}}},{"from":[7,-14.4,7],"to":[9,-12.4,9],"rotation":{"angle":-45,"axis":"y","origin":[8,-13.4,8]},"faces":{"north":{"uv":[1.3125,0.8125,1.5625,1.0625],"texture":"#0"},"east":{"uv":[1.3125,0.8125,1.5625,1.0625],"texture":"#0"},"south":{"uv":[1.3125,0.8125,1.5625,1.0625],"texture":"#0"},"west":{"uv":[1.3125,0.8125,1.5625,1.0625],"texture":"#0"},"up":{"uv":[1.3125,1.0625,1.5625,1.3125],"texture":"#0"},"down":{"uv":[1.3125,1.0625,1.5625,1.3125],"texture":"#0"}}},{"from":[7.25,-13.5,8],"to":[8.75,-11,10],"rotation":{"angle":-22.5,"axis":"x","origin":[8,-10,9.5]},"faces":{"north":{"uv":[2.125,0.5625,2.3125,0.25],"texture":"#0"},"east":{"uv":[1.875,0.5625,2.125,0.25],"texture":"#0"},"south":{"uv":[2.125,0.5625,2.3125,0.25],"texture":"#0"},"west":{"uv":[1.875,0.5625,2.125,0.25],"texture":"#0"},"up":{"uv":[2.0625,0.25,2.25,0],"texture":"#0"},"down":{"uv":[2.0625,0.25,2.25,0],"texture":"#0"}}},{"from":[7.25,-13.5,6],"to":[8.75,-11,8],"rotation":{"angle":22.5,"axis":"x","origin":[8,-10,6.5]},"faces":{"north":{"uv":[2.3125,0.5625,2.125,0.25],"texture":"#0"},"east":{"uv":[2.125,0.5625,1.875,0.25],"texture":"#0"},"south":{"uv":[2.3125,0.5625,2.125,0.25],"texture":"#0"},"west":{"uv":[2.125,0.5625,1.875,0.25],"texture":"#0"},"up":{"uv":[2.0625,0,2.25,0.25],"texture":"#0"},"down":{"uv":[2.0625,0,2.25,0.25],"texture":"#0"}}},{"from":[5,15.6,8.5],"to":[11,17.6,10.5],"rotation":{"angle":-45,"axis":"x","origin":[8,15.1,8]},"faces":{"north":{"uv":[2.3125,1.125,1.5625,1.375],"texture":"#0"},"east":{"uv":[1.3125,1.3125,1.5625,1.5625],"texture":"#0"},"south":{"uv":[2.3125,1.125,1.5625,1.375],"texture":"#0"},"west":{"uv":[1.5625,1.3125,1.3125,1.5625],"texture":"#0"},"up":{"uv":[2.3125,1.125,1.5625,1.375],"texture":"#0"},"down":{"uv":[2.3125,1.125,1.5625,1.375],"texture":"#0"}}},{"from":[5.75,15,9],"to":[10.25,18,12],"rotation":{"angle":-45,"axis":"x","origin":[8,14,8]},"faces":{"north":{"uv":[1.1875,2.375,0.8125,2.9375],"rotation":90,"texture":"#0"},"east":{"uv":[0.8125,2,1.1875,2.375],"rotation":90,"texture":"#0"},"south":{"uv":[1.1875,2.375,0.8125,2.9375],"rotation":90,"texture":"#0"},"west":{"uv":[0.8125,2.375,1.1875,2],"rotation":90,"texture":"#0"},"up":{"uv":[0.8125,2.375,1.1875,2.9375],"rotation":90,"texture":"#0"},"down":{"uv":[0.8125,2.375,1.1875,2.9375],"rotation":90,"texture":"#0"}}},{"from":[12.1,13,3.9],"to":[12.1,15.7,7.1],"rotation":{"angle":22.5,"axis":"y","origin":[12,14.5,8]},"faces":{"north":{"uv":[0,0,0,6],"texture":"#4"},"east":{"uv":[0,0,6,6],"texture":"#4"},"south":{"uv":[0,0,0,6],"texture":"#4"},"west":{"uv":[6,0,0,6],"texture":"#4"},"up":{"uv":[0,6,0,0],"texture":"#4"},"down":{"uv":[0,0,0,6],"texture":"#4"}}},{"from":[12.1,13,8.9],"to":[12.1,15.7,12.1],"rotation":{"angle":-22.5,"axis":"y","origin":[12,14.5,8]},"faces":{"north":{"uv":[0,0,0,6],"texture":"#4"},"east":{"uv":[6,0,0,6],"texture":"#4"},"south":{"uv":[0,0,0,6],"texture":"#4"},"west":{"uv":[6,0,0,6],"texture":"#4"},"up":{"uv":[0,0,0,6],"texture":"#4"},"down":{"uv":[0,6,0,0],"texture":"#4"}}},{"from":[12,8,8],"to":[12,20,14],"rotation":{"angle":-22.5,"axis":"y","origin":[12,14.5,8]},"faces":{"north":{"uv":[0,0,0,120],"texture":"#missing"},"east":{"uv":[13.75,0,14.5,1.875],"texture":"#0"},"south":{"uv":[0,0,0,120],"texture":"#missing"},"west":{"uv":[14.5,0,13.75,1.875],"texture":"#0"},"up":{"uv":[0,0,0,48],"texture":"#missing"},"down":{"uv":[0,0,0,48],"texture":"#missing"}}},{"from":[12,8,2],"to":[12,20,8],"rotation":{"angle":22.5,"axis":"y","origin":[12,14.5,8]},"faces":{"north":{"uv":[0,0,0,120],"texture":"#missing"},"east":{"uv":[14.5,0,15.25,1.875],"texture":"#0"},"south":{"uv":[0,0,0,120],"texture":"#missing"},"west":{"uv":[15.25,0,14.5,1.875],"texture":"#0"},"up":{"uv":[0,0,0,48],"texture":"#missing"},"down":{"uv":[0,0,0,48],"texture":"#missing"}}},{"from":[3.9,13,3.9],"to":[3.9,15.7,7.1],"rotation":{"angle":-22.5,"axis":"y","origin":[4,14.5,8]},"faces":{"north":{"uv":[0,0,0,6],"texture":"#4"},"east":{"uv":[0,0,6,6],"texture":"#4"},"south":{"uv":[0,0,0,6],"texture":"#4"},"west":{"uv":[6,0,0,6],"texture":"#4"},"up":{"uv":[0,6,0,0],"texture":"#4"},"down":{"uv":[0,0,0,6],"texture":"#4"}}},{"from":[3.9,13,8.9],"to":[3.9,15.7,12.1],"rotation":{"angle":22.5,"axis":"y","origin":[4,14.5,8]},"faces":{"north":{"uv":[0,0,0,6],"texture":"#4"},"east":{"uv":[0,0,6,6],"texture":"#4"},"south":{"uv":[0,0,0,6],"texture":"#4"},"west":{"uv":[0,0,6,6],"texture":"#4"},"up":{"uv":[0,0,0,6],"texture":"#4"},"down":{"uv":[0,6,0,0],"texture":"#4"}}},{"from":[4,8,8],"to":[4,20,14],"rotation":{"angle":22.5,"axis":"y","origin":[4,14.5,8]},"faces":{"north":{"uv":[0,0,0,120],"texture":"#missing"},"east":{"uv":[13.75,0,14.5,1.875],"texture":"#0"},"south":{"uv":[0,0,0,120],"texture":"#missing"},"west":{"uv":[14.5,0,13.75,1.875],"texture":"#0"},"up":{"uv":[0,0,0,48],"texture":"#missing"},"down":{"uv":[0,0,0,48],"texture":"#missing"}}},{"from":[4,8,2],"to":[4,20,8],"rotation":{"angle":-22.5,"axis":"y","origin":[4,14.5,8]},"faces":{"north":{"uv":[0,0,0,120],"texture":"#missing"},"east":{"uv":[14.5,0,15.25,1.875],"texture":"#0"},"south":{"uv":[0,0,0,120],"texture":"#missing"},"west":{"uv":[15.25,0,14.5,1.875],"texture":"#0"},"up":{"uv":[0,0,0,48],"texture":"#missing"},"down":{"uv":[0,0,0,48],"texture":"#missing"}}},{"from":[8,17,4],"to":[8,21,8],"faces":{"north":{"uv":[0,0,0,0.5],"texture":"#missing"},"east":{"uv":[2.125,1.4375,1.625,1.9375],"texture":"#0"},"south":{"uv":[0,0,0,0.5],"texture":"#0"},"west":{"uv":[1.625,1.4375,2.125,1.9375],"texture":"#0"},"up":{"uv":[0,0,0,0.5],"texture":"#missing"},"down":{"uv":[0,0,0,0.5],"texture":"#missing"}}},{"from":[8,17,8],"to":[8,21,12],"rotation":{"angle":0,"axis":"y","origin":[0,0,16]},"faces":{"north":{"uv":[0,0,0,0.5],"texture":"#0"},"east":{"uv":[1.625,1.4375,2.125,1.9375],"texture":"#0"},"south":{"uv":[0,0,0,0.5],"texture":"#missing"},"west":{"uv":[2.125,1.4375,1.625,1.9375],"texture":"#0"},"up":{"uv":[0,0.5,0,0],"texture":"#missing"},"down":{"uv":[0,0.5,0,0],"texture":"#missing"}}},{"from":[6.75,13.1,0],"to":[9.25,17.6,16],"rotation":{"angle":0,"axis":"y","origin":[8,8.86583,18.094]},"faces":{"north":{"uv":[6.25,0,6.5625,0.5625],"texture":"#0"},"east":{"uv":[4.25,0,6.25,0.5625],"texture":"#0"},"south":{"uv":[6.25,0,6.5625,0.5625],"texture":"#0"},"west":{"uv":[4.25,0,6.25,0.5625],"texture":"#0"},"up":{"uv":[2.375,1.1875,2.6875,3.1875],"texture":"#0"},"down":{"uv":[2.375,1.1875,2.6875,3.1875],"texture":"#0"}}},{"from":[6.25,12.5,0.5],"to":[9.75,18,2],"rotation":{"angle":-22.5,"axis":"x","origin":[8,15.25,1.25]},"faces":{"north":{"uv":[4.625,0.9375,5.0625,1.625],"texture":"#0"},"east":{"uv":[3.5,0.6875,3.6875,1.375],"texture":"#0"},"south":{"uv":[4.625,0.9375,5.0625,1.625],"texture":"#0"},"west":{"uv":[3.6875,0.6875,3.5,1.375],"texture":"#0"},"up":{"uv":[3.6875,1.375,4.125,1.5625],"texture":"#0"},"down":{"uv":[3.6875,1.5625,4.125,1.375],"texture":"#0"}}},{"from":[6.25,12.5,14],"to":[9.75,18,15.5],"rotation":{"angle":22.5,"axis":"x","origin":[8,15.25,14.75]},"faces":{"north":{"uv":[5.0625,0.9375,4.625,1.625],"texture":"#0"},"east":{"uv":[3.6875,0.6875,3.5,1.375],"texture":"#0"},"south":{"uv":[5.0625,0.9375,4.625,1.625],"texture":"#0"},"west":{"uv":[3.5,0.6875,3.6875,1.375],"texture":"#0"},"up":{"uv":[3.6875,1.5625,4.125,1.375],"texture":"#0"},"down":{"uv":[3.6875,1.375,4.125,1.5625],"texture":"#0"}}},{"from":[7.25,12.62183,-1.96922],"to":[8.75,15.62183,3.03078],"rotation":{"angle":-22.5,"axis":"x","origin":[8,8.56583,-0.294]},"faces":{"north":{"uv":[4.875,0.5625,5.0625,0.9375],"rotation":180,"texture":"#0"},"east":{"uv":[4.875,0.5625,4.25,0.9375],"rotation":180,"texture":"#0"},"south":{"uv":[4.875,0.5625,5.0625,0.9375],"rotation":180,"texture":"#0"},"west":{"uv":[4.25,0.5625,4.875,0.9375],"rotation":180,"texture":"#0"},"up":{"uv":[4.25,0.9375,4.4375,1.5625],"rotation":180,"texture":"#0"},"down":{"uv":[4.4375,0.9375,4.625,1.5625],"rotation":180,"texture":"#0"}}},{"from":[7.25,12.62183,12.96922],"to":[8.75,15.62183,17.96922],"rotation":{"angle":22.5,"axis":"x","origin":[8,8.56583,16.294]},"faces":{"north":{"uv":[5.0625,0.5625,4.875,0.9375],"rotation":180,"texture":"#0"},"east":{"uv":[4.25,0.5625,4.875,0.9375],"rotation":180,"texture":"#0"},"south":{"uv":[5.0625,0.5625,4.875,0.9375],"rotation":180,"texture":"#0"},"west":{"uv":[4.875,0.5625,4.25,0.9375],"rotation":180,"texture":"#0"},"up":{"uv":[4.25,1.5625,4.4375,0.9375],"rotation":180,"texture":"#0"},"down":{"uv":[4.4375,1.5625,4.625,0.9375],"rotation":180,"texture":"#0"}}},{"from":[7.5,13,-2],"to":[8.5,14.8,2],"rotation":{"angle":-45,"axis":"x","origin":[8,8.56583,-0.294]},"faces":{"north":{"uv":[2.6875,3.1875,2.8125,3.4375],"rotation":180,"texture":"#0"},"east":{"uv":[2.1875,3.1875,2.6875,3.4375],"rotation":180,"texture":"#0"},"south":{"uv":[2.6875,3.1875,2.8125,3.4375],"rotation":180,"texture":"#0"},"west":{"uv":[2.6875,3.1875,2.1875,3.4375],"rotation":180,"texture":"#0"},"up":{"uv":[1.3125,2.5,1.4375,3],"rotation":180,"texture":"#0"},"down":{"uv":[1.3125,2.5,1.4375,3],"rotation":180,"texture":"#0"}}},{"from":[7.5,13,14],"to":[8.5,14.8,18],"rotation":{"angle":45,"axis":"x","origin":[8,8.56583,16.294]},"faces":{"north":{"uv":[2.8125,3.1875,2.6875,3.4375],"rotation":180,"texture":"#0"},"east":{"uv":[2.6875,3.1875,2.1875,3.4375],"rotation":180,"texture":"#0"},"south":{"uv":[2.8125,3.1875,2.6875,3.4375],"rotation":180,"texture":"#0"},"west":{"uv":[2.1875,3.1875,2.6875,3.4375],"rotation":180,"texture":"#0"},"up":{"uv":[1.3125,3,1.4375,2.5],"rotation":180,"texture":"#0"},"down":{"uv":[1.3125,3,1.4375,2.5],"rotation":180,"texture":"#0"}}}],"gui_light":"front","display":{"thirdperson_righthand":{"translation":[0,6.5,1.75],"scale":[0.7,0.7,0.7]},"thirdperson_lefthand":{"translation":[0,6.5,1.75],"scale":[0.7,0.7,0.7]},"firstperson_righthand":{"rotation":[-10,15,0],"translation":[2.5,3.5,-1.25],"scale":[0.6,0.6,0.6]},"firstperson_lefthand":{"rotation":[-10,15,0],"translation":[2.5,3.5,-1.25],"scale":[0.6,0.6,0.6]},"ground":{"rotation":[0,0,88],"translation":[-2,2.5,0.25],"scale":[0.45,0.45,0.45]},"gui":{"rotation":[90,135,-90],"translation":[-0.5,0.25,-1.5],"scale":[0.5,0.5,0.5]},"head":{"rotation":[90,-156,90],"translation":[1,10.5,1.75],"scale":[0.6,0.6,0.6]},"fixed":{"rotation":[-90,-90,-90],"translation":[0,5.5,0.25],"scale":[1.2,1.2,1.2]}},"groups":[0,1,2,3,4,5,6,7,8,9,10,11,12,13,14,15,16,17,18,19,20,21,22,23,24,25,26,27,28,29,30,31,{"name":"group","origin":[4,16.5,8],"color":0,"boneType":"","children":[32,33,34,35,36,37,38,39]},40,41,42,43,44,45,46,47,48]}