{
  "credit": "Made with Blockbench",
  "texture_size": [
    128,
    128
  ],
  "textures": {
    "0": "elitecreatures:newyear_2024_animated/newyear_texture_01",
    "1": "elitecreatures:newyear_2024_animated/newyear_animation_01",
    "2": "elitecreatures:newyear_2024_animated/newyear_animation_02",
    "3": "elitecreatures:newyear_2024_animated/newyear_animation_03",
    "4": "elitecreatures:newyear_2024_animated/newyear_animation_04",
    "particle": "elitecreatures:newyear_2024_animated/newyear_texture_01"
  },
  "elements": [
    {
      "from": [
        7.5,
        0.5,
        6.25
      ],
      "to": [
        8.5,
        24.5,
        9.75
      ],
      "rotation": {
        "angle": 0,
        "axis": "y",
        "origin": [
          0,
          -0.5,
          -0.5
        ]
      },
      "faces": {
        "north": {
          "uv": [
            0.5625,
            0,
            0.4375,
            3
          ],
          "texture": "#0"
        },
        "east": {
          "uv": [
            0.4375,
            0,
            0,
            3
          ],
          "texture": "#0"
        },
        "south": {
          "uv": [
            0.5625,
            0,
            0.4375,
            3
          ],
          "texture": "#0"
        },
        "west": {
          "uv": [
            0,
            0,
            0.4375,
            3
          ],
          "texture": "#0"
        },
        "up": {
          "uv": [
            0.5625,
            0,
            0.4375,
            0.4375
          ],
          "texture": "#0"
        },
        "down": {
          "uv": [
            0.5625,
            0,
            0.4375,
            0.4375
          ],
          "texture": "#0"
        }
      }
    },
    {
      "from": [
        7.4,
        0.5,
        6.25
      ],
      "to": [
        7.4,
        24.5,
        9.75
      ],
      "rotation": {
        "angle": 0,
        "axis": "y",
        "origin": [
          0,
          -0.5,
          -0.5
        ]
      },
      "faces": {
        "north": {
          "uv": [
            0,
            0,
            0,
            12
          ],
          "texture": "#1"
        },
        "east": {
          "uv": [
            1.75,
            0,
            0,
            12
          ],
          "texture": "#1"
        },
        "south": {
          "uv": [
            0,
            0,
            0,
            12
          ],
          "texture": "#1"
        },
        "west": {
          "uv": [
            0,
            0,
            1.75,
            12
          ],
          "texture": "#1"
        },
        "up": {
          "uv": [
            0,
            1.75,
            0,
            0
          ],
          "texture": "#1"
        },
        "down": {
          "uv": [
            0,
            0,
            0,
            1.75
          ],
          "texture": "#1"
        }
      }
    },
    {
      "from": [
        8.6,
        0.5,
        6.25
      ],
      "to": [
        8.6,
        24.5,
        9.75
      ],
      "rotation": {
        "angle": 0,
        "axis": "y",
        "origin": [
          16,
          -0.5,
          -0.5
        ]
      },
      "faces": {
        "north": {
          "uv": [
            0,
            0,
            0,
            12
          ],
          "texture": "#1"
        },
        "east": {
          "uv": [
            1.75,
            0,
            0,
            12
          ],
          "texture": "#1"
        },
        "south": {
          "uv": [
            0,
            0,
            0,
            12
          ],
          "texture": "#1"
        },
        "west": {
          "uv": [
            0,
            0,
            1.75,
            12
          ],
          "texture": "#1"
        },
        "up": {
          "uv": [
            0,
            1.75,
            0,
            0
          ],
          "texture": "#1"
        },
        "down": {
          "uv": [
            0,
            0,
            0,
            1.75
          ],
          "texture": "#1"
        }
      }
    },
    {
      "from": [
        8,
        2.5,
        5
      ],
      "to": [
        8,
        29.5,
        11
      ],
      "rotation": {
        "angle": 0,
        "axis": "y",
        "origin": [
          0,
          1.5,
          -0.5
        ]
      },
      "faces": {
        "north": {
          "uv": [
            0.5,
            0,
            0.5,
            3.375
          ],
          "texture": "#0"
        },
        "east": {
          "uv": [
            15.25,
            0,
            16,
            3.375
          ],
          "texture": "#0"
        },
        "south": {
          "uv": [
            0.5,
            0,
            0.5,
            3.375
          ],
          "texture": "#0"
        },
        "west": {
          "uv": [
            15.25,
            0,
            16,
            3.375
          ],
          "texture": "#0"
        },
        "up": {
          "uv": [
            0.5,
            0,
            0.5,
            0.625
          ],
          "texture": "#0"
        },
        "down": {
          "uv": [
            0.5,
            0,
            0.5,
            0.625
          ],
          "texture": "#0"
        }
      }
    },
    {
      "from": [
        7.45,
        23.3,
        6.75
      ],
      "to": [
        8.55,
        25.8,
        9.25
      ],
      "rotation": {
        "angle": -45,
        "axis": "x",
        "origin": [
          8,
          24.55,
          8
        ]
      },
      "faces": {
        "north": {
          "uv": [
            0.5625,
            1.4375,
            0.7125,
            1.125
          ],
          "texture": "#0"
        },
        "east": {
          "uv": [
            0.5625,
            0.8125,
            0.875,
            1.125
          ],
          "texture": "#0"
        },
        "south": {
          "uv": [
            0.5625,
            1.4375,
            0.7125,
            1.125
          ],
          "texture": "#0"
        },
        "west": {
          "uv": [
            0.875,
            0.8125,
            0.5625,
            1.125
          ],
          "texture": "#0"
        },
        "up": {
          "uv": [
            0.5625,
            1.4375,
            0.7125,
            1.125
          ],
          "texture": "#0"
        },
        "down": {
          "uv": [
            0.5625,
            1.4375,
            0.7125,
            1.125
          ],
          "texture": "#0"
        }
      }
    },
    {
      "from": [
        6.15,
        0.45,
        6
      ],
      "to": [
        9.85,
        3.05,
        10
      ],
      "rotation": {
        "angle": 0,
        "axis": "y",
        "origin": [
          0,
          -5.5,
          -9.5
        ]
      },
      "faces": {
        "north": {
          "uv": [
            1.0625,
            0,
            1.525,
            0.325
          ],
          "texture": "#0"
        },
        "east": {
          "uv": [
            1.0625,
            0,
            0.5625,
            0.3125
          ],
          "texture": "#0"
        },
        "south": {
          "uv": [
            1.0625,
            0,
            1.525,
            0.325
          ],
          "texture": "#0"
        },
        "west": {
          "uv": [
            0.5625,
            0,
            1.0625,
            0.3125
          ],
          "texture": "#0"
        },
        "up": {
          "uv": [
            0.5625,
            0.3125,
            1,
            0.8125
          ],
          "texture": "#0"
        },
        "down": {
          "uv": [
            1.5625,
            0.625,
            2.025,
            1.125
          ],
          "texture": "#0"
        }
      }
    },
    {
      "from": [
        6.75,
        0.5,
        4.7
      ],
      "to": [
        9.35,
        3,
        7.3
      ],
      "rotation": {
        "angle": 45,
        "axis": "y",
        "origin": [
          8,
          5,
          6.05
        ]
      },
      "faces": {
        "north": {
          "uv": [
            1.3125,
            0.625,
            1,
            0.9375
          ],
          "texture": "#0"
        },
        "east": {
          "uv": [
            1,
            0.625,
            1.3125,
            0.9375
          ],
          "texture": "#0"
        },
        "south": {
          "uv": [
            1.3125,
            0.625,
            1,
            0.9375
          ],
          "texture": "#0"
        },
        "west": {
          "uv": [
            1.25,
            0.3125,
            0.9375,
            0.625
          ],
          "texture": "#0"
        },
        "up": {
          "uv": [
            1.5,
            0.3125,
            1.8125,
            0
          ],
          "texture": "#0"
        },
        "down": {
          "uv": [
            1.5625,
            0.625,
            1.875,
            0.3125
          ],
          "texture": "#0"
        }
      }
    },
    {
      "from": [
        6.75,
        0.5,
        8.7
      ],
      "to": [
        9.35,
        3,
        11.3
      ],
      "rotation": {
        "angle": -45,
        "axis": "y",
        "origin": [
          8,
          5,
          9.95
        ]
      },
      "faces": {
        "north": {
          "uv": [
            1,
            0.625,
            1.3125,
            0.9375
          ],
          "texture": "#0"
        },
        "east": {
          "uv": [
            1.3125,
            0.625,
            1,
            0.9375
          ],
          "texture": "#0"
        },
        "south": {
          "uv": [
            1,
            0.625,
            1.3125,
            0.9375
          ],
          "texture": "#0"
        },
        "west": {
          "uv": [
            1,
            0.3125,
            1.3125,
            0.625
          ],
          "texture": "#0"
        },
        "up": {
          "uv": [
            1.5,
            0,
            1.8125,
            0.3125
          ],
          "texture": "#0"
        },
        "down": {
          "uv": [
            1.5625,
            0.3125,
            1.875,
            0.625
          ],
          "texture": "#0"
        }
      }
    },
    {
      "from": [
        6.5,
        -9.55,
        7.25
      ],
      "to": [
        9.5,
        -7.45,
        8.75
      ],
      "rotation": {
        "angle": 0,
        "axis": "y",
        "origin": [
          0,
          -15.5,
          -9
        ]
      },
      "faces": {
        "north": {
          "uv": [
            0.9375,
            1.125,
            1.3125,
            1.375
          ],
          "texture": "#0"
        },
        "east": {
          "uv": [
            0.9375,
            1.125,
            0.75,
            1.375
          ],
          "texture": "#0"
        },
        "south": {
          "uv": [
            0.9375,
            1.125,
            1.3125,
            1.375
          ],
          "texture": "#0"
        },
        "west": {
          "uv": [
            0.75,
            1.125,
            0.9375,
            1.375
          ],
          "texture": "#0"
        },
        "up": {
          "uv": [
            0.875,
            0.9375,
            1.25,
            1.125
          ],
          "texture": "#0"
        },
        "down": {
          "uv": [
            0.875,
            0.9375,
            1.25,
            1.125
          ],
          "texture": "#0"
        }
      }
    },
    {
      "from": [
        7,
        -9.5,
        6.2
      ],
      "to": [
        9.1,
        -7.5,
        8.3
      ],
      "rotation": {
        "angle": 45,
        "axis": "y",
        "origin": [
          8,
          -9.5,
          7.3
        ]
      },
      "faces": {
        "north": {
          "uv": [
            1.5625,
            0.3125,
            1.3125,
            0.5625
          ],
          "texture": "#0"
        },
        "east": {
          "uv": [
            1.3125,
            0.3125,
            1.5625,
            0.5625
          ],
          "texture": "#0"
        },
        "south": {
          "uv": [
            1.5625,
            0.3125,
            1.3125,
            0.5625
          ],
          "texture": "#0"
        },
        "west": {
          "uv": [
            2.0625,
            0,
            1.8125,
            0.25
          ],
          "texture": "#0"
        },
        "up": {
          "uv": [
            1.3125,
            0.8125,
            1.5625,
            0.5625
          ],
          "texture": "#0"
        },
        "down": {
          "uv": [
            1.3125,
            0.8125,
            1.5625,
            0.5625
          ],
          "texture": "#0"
        }
      }
    },
    {
      "from": [
        7,
        -9.5,
        7.7
      ],
      "to": [
        9.1,
        -7.5,
        9.8
      ],
      "rotation": {
        "angle": -45,
        "axis": "y",
        "origin": [
          8,
          -9.5,
          8.7
        ]
      },
      "faces": {
        "north": {
          "uv": [
            1.3125,
            0.3125,
            1.5625,
            0.5625
          ],
          "texture": "#0"
        },
        "east": {
          "uv": [
            1.5625,
            0.3125,
            1.3125,
            0.5625
          ],
          "texture": "#0"
        },
        "south": {
          "uv": [
            1.3125,
            0.3125,
            1.5625,
            0.5625
          ],
          "texture": "#0"
        },
        "west": {
          "uv": [
            1.8125,
            0,
            2.0625,
            0.25
          ],
          "texture": "#0"
        },
        "up": {
          "uv": [
            1.3125,
            0.5625,
            1.5625,
            0.8125
          ],
          "texture": "#0"
        },
        "down": {
          "uv": [
            1.3125,
            0.5625,
            1.5625,
            0.8125
          ],
          "texture": "#0"
        }
      }
    },
    {
      "from": [
        7,
        -9,
        7
      ],
      "to": [
        9,
        1,
        9
      ],
      "rotation": {
        "angle": -45,
        "axis": "y",
        "origin": [
          8,
          -4,
          8
        ]
      },
      "faces": {
        "north": {
          "uv": [
            0.5625,
            1.4375,
            0.8125,
            2.6875
          ],
          "texture": "#0"
        },
        "east": {
          "uv": [
            0.5625,
            1.4375,
            0.8125,
            2.6875
          ],
          "texture": "#0"
        },
        "south": {
          "uv": [
            0.5625,
            1.4375,
            0.8125,
            2.6875
          ],
          "texture": "#0"
        },
        "west": {
          "uv": [
            0.5625,
            1.4375,
            0.8125,
            2.6875
          ],
          "texture": "#0"
        },
        "up": {
          "uv": [
            0.5625,
            1.4375,
            0.8125,
            1.6875
          ],
          "texture": "#0"
        },
        "down": {
          "uv": [
            0.5625,
            1.4375,
            0.8125,
            1.6875
          ],
          "texture": "#0"
        }
      }
    },
    {
      "from": [
        6.9,
        -9,
        9.1
      ],
      "to": [
        9.1,
        1,
        9.1
      ],
      "rotation": {
        "angle": -45,
        "axis": "y",
        "origin": [
          8,
          -4,
          8
        ]
      },
      "faces": {
        "north": {
          "uv": [
            16,
            3.4375,
            15.75,
            4.6875
          ],
          "texture": "#0"
        },
        "east": {
          "uv": [
            0.5625,
            1.4375,
            0.8125,
            2.6875
          ],
          "texture": "#0"
        },
        "south": {
          "uv": [
            15.75,
            3.4375,
            16,
            4.6875
          ],
          "texture": "#0"
        },
        "west": {
          "uv": [
            0.5625,
            1.4375,
            0.8125,
            2.6875
          ],
          "texture": "#0"
        },
        "up": {
          "uv": [
            0.5625,
            1.4375,
            0.8125,
            1.6875
          ],
          "texture": "#0"
        },
        "down": {
          "uv": [
            0.5625,
            1.4375,
            0.8125,
            1.6875
          ],
          "texture": "#0"
        }
      }
    },
    {
      "from": [
        6.9,
        -9,
        6.9
      ],
      "to": [
        9.1,
        1,
        6.9
      ],
      "rotation": {
        "angle": 45,
        "axis": "y",
        "origin": [
          8,
          -4,
          8
        ]
      },
      "faces": {
        "north": {
          "uv": [
            16,
            3.4375,
            15.75,
            4.6875
          ],
          "texture": "#0"
        },
        "east": {
          "uv": [
            0.8125,
            1.4375,
            0.5625,
            2.6875
          ],
          "texture": "#0"
        },
        "south": {
          "uv": [
            15.75,
            3.4375,
            16,
            4.6875
          ],
          "texture": "#0"
        },
        "west": {
          "uv": [
            0.8125,
            1.4375,
            0.5625,
            2.6875
          ],
          "texture": "#0"
        },
        "up": {
          "uv": [
            0.5625,
            1.6875,
            0.8125,
            1.4375
          ],
          "texture": "#0"
        },
        "down": {
          "uv": [
            0.5625,
            1.6875,
            0.8125,
            1.4375
          ],
          "texture": "#0"
        }
      }
    },
    {
      "from": [
        6.9,
        -9,
        6.9
      ],
      "to": [
        9.1,
        1,
        6.9
      ],
      "rotation": {
        "angle": -45,
        "axis": "y",
        "origin": [
          8,
          -4,
          8
        ]
      },
      "faces": {
        "north": {
          "uv": [
            15.75,
            3.4375,
            16,
            4.6875
          ],
          "texture": "#0"
        },
        "east": {
          "uv": [
            0.5625,
            1.4375,
            0.8125,
            2.6875
          ],
          "texture": "#0"
        },
        "south": {
          "uv": [
            16,
            3.4375,
            15.75,
            4.6875
          ],
          "texture": "#0"
        },
        "west": {
          "uv": [
            0.5625,
            1.4375,
            0.8125,
            2.6875
          ],
          "texture": "#0"
        },
        "up": {
          "uv": [
            0.8125,
            1.6875,
            0.5625,
            1.4375
          ],
          "texture": "#0"
        },
        "down": {
          "uv": [
            0.8125,
            1.6875,
            0.5625,
            1.4375
          ],
          "texture": "#0"
        }
      }
    },
    {
      "from": [
        6.9,
        -9,
        9.1
      ],
      "to": [
        9.1,
        1,
        9.1
      ],
      "rotation": {
        "angle": 45,
        "axis": "y",
        "origin": [
          8,
          -4,
          8
        ]
      },
      "faces": {
        "north": {
          "uv": [
            15.75,
            3.4375,
            16,
            4.6875
          ],
          "texture": "#0"
        },
        "east": {
          "uv": [
            0.8125,
            1.4375,
            0.5625,
            2.6875
          ],
          "texture": "#0"
        },
        "south": {
          "uv": [
            16,
            3.4375,
            15.75,
            4.6875
          ],
          "texture": "#0"
        },
        "west": {
          "uv": [
            0.8125,
            1.4375,
            0.5625,
            2.6875
          ],
          "texture": "#0"
        },
        "up": {
          "uv": [
            0.8125,
            1.4375,
            0.5625,
            1.6875
          ],
          "texture": "#0"
        },
        "down": {
          "uv": [
            0.8125,
            1.4375,
            0.5625,
            1.6875
          ],
          "texture": "#0"
        }
      }
    },
    {
      "from": [
        6.75,
        -1,
        6.75
      ],
      "to": [
        9.25,
        1.5,
        9.25
      ],
      "rotation": {
        "angle": -45,
        "axis": "y",
        "origin": [
          8,
          -0.25,
          8
        ]
      },
      "faces": {
        "north": {
          "uv": [
            0.8125,
            1.375,
            1.125,
            1.6875
          ],
          "texture": "#0"
        },
        "east": {
          "uv": [
            0.8125,
            1.375,
            1.125,
            1.6875
          ],
          "texture": "#0"
        },
        "south": {
          "uv": [
            0.8125,
            1.375,
            1.125,
            1.6875
          ],
          "texture": "#0"
        },
        "west": {
          "uv": [
            0.8125,
            1.375,
            1.125,
            1.6875
          ],
          "texture": "#0"
        },
        "up": {
          "uv": [
            0.8125,
            1.6875,
            1.125,
            2
          ],
          "texture": "#0"
        },
        "down": {
          "uv": [
            0.8125,
            1.6875,
            1.125,
            2
          ],
          "texture": "#0"
        }
      }
    },
    {
      "from": [
        7,
        -11.4,
        7
      ],
      "to": [
        9,
        -9.4,
        9
      ],
      "rotation": {
        "angle": -45,
        "axis": "y",
        "origin": [
          8,
          -10.4,
          8
        ]
      },
      "faces": {
        "north": {
          "uv": [
            1.3125,
            0.8125,
            1.5625,
            1.0625
          ],
          "texture": "#0"
        },
        "east": {
          "uv": [
            1.3125,
            0.8125,
            1.5625,
            1.0625
          ],
          "texture": "#0"
        },
        "south": {
          "uv": [
            1.3125,
            0.8125,
            1.5625,
            1.0625
          ],
          "texture": "#0"
        },
        "west": {
          "uv": [
            1.3125,
            0.8125,
            1.5625,
            1.0625
          ],
          "texture": "#0"
        },
        "up": {
          "uv": [
            1.3125,
            1.0625,
            1.5625,
            1.3125
          ],
          "texture": "#0"
        },
        "down": {
          "uv": [
            1.3125,
            1.0625,
            1.5625,
            1.3125
          ],
          "texture": "#0"
        }
      }
    },
    {
      "from": [
        7.25,
        -10.5,
        8
      ],
      "to": [
        8.75,
        -8,
        10
      ],
      "rotation": {
        "angle": -22.5,
        "axis": "x",
        "origin": [
          8,
          -7,
          9.5
        ]
      },
      "faces": {
        "north": {
          "uv": [
            2.125,
            0.5625,
            2.3125,
            0.25
          ],
          "texture": "#0"
        },
        "east": {
          "uv": [
            1.875,
            0.5625,
            2.125,
            0.25
          ],
          "texture": "#0"
        },
        "south": {
          "uv": [
            2.125,
            0.5625,
            2.3125,
            0.25
          ],
          "texture": "#0"
        },
        "west": {
          "uv": [
            1.875,
            0.5625,
            2.125,
            0.25
          ],
          "texture": "#0"
        },
        "up": {
          "uv": [
            2.0625,
            0.25,
            2.25,
            0
          ],
          "texture": "#0"
        },
        "down": {
          "uv": [
            2.0625,
            0.25,
            2.25,
            0
          ],
          "texture": "#0"
        }
      }
    },
    {
      "from": [
        7.25,
        -10.5,
        6
      ],
      "to": [
        8.75,
        -8,
        8
      ],
      "rotation": {
        "angle": 22.5,
        "axis": "x",
        "origin": [
          8,
          -7,
          6.5
        ]
      },
      "faces": {
        "north": {
          "uv": [
            2.3125,
            0.5625,
            2.125,
            0.25
          ],
          "texture": "#0"
        },
        "east": {
          "uv": [
            2.125,
            0.5625,
            1.875,
            0.25
          ],
          "texture": "#0"
        },
        "south": {
          "uv": [
            2.3125,
            0.5625,
            2.125,
            0.25
          ],
          "texture": "#0"
        },
        "west": {
          "uv": [
            2.125,
            0.5625,
            1.875,
            0.25
          ],
          "texture": "#0"
        },
        "up": {
          "uv": [
            2.0625,
            0,
            2.25,
            0.25
          ],
          "texture": "#0"
        },
        "down": {
          "uv": [
            2.0625,
            0,
            2.25,
            0.25
          ],
          "texture": "#0"
        }
      }
    },
    {
      "from": [
        4,
        -6,
        2
      ],
      "to": [
        4,
        6,
        8
      ],
      "rotation": {
        "angle": -22.5,
        "axis": "y",
        "origin": [
          4,
          0.5,
          8
        ]
      },
      "faces": {
        "north": {
          "uv": [
            0,
            0,
            0,
            120
          ],
          "texture": "#missing"
        },
        "east": {
          "uv": [
            14.5,
            0,
            15.25,
            1.875
          ],
          "texture": "#0"
        },
        "south": {
          "uv": [
            0,
            0,
            0,
            120
          ],
          "texture": "#missing"
        },
        "west": {
          "uv": [
            15.25,
            0,
            14.5,
            1.875
          ],
          "texture": "#0"
        },
        "up": {
          "uv": [
            0,
            0,
            0,
            48
          ],
          "texture": "#missing"
        },
        "down": {
          "uv": [
            0,
            0,
            0,
            48
          ],
          "texture": "#missing"
        }
      }
    },
    {
      "from": [
        4,
        -6,
        8
      ],
      "to": [
        4,
        6,
        14
      ],
      "rotation": {
        "angle": 22.5,
        "axis": "y",
        "origin": [
          4,
          0.5,
          8
        ]
      },
      "faces": {
        "north": {
          "uv": [
            0,
            0,
            0,
            120
          ],
          "texture": "#missing"
        },
        "east": {
          "uv": [
            13.75,
            0,
            14.5,
            1.875
          ],
          "texture": "#0"
        },
        "south": {
          "uv": [
            0,
            0,
            0,
            120
          ],
          "texture": "#missing"
        },
        "west": {
          "uv": [
            14.5,
            0,
            13.75,
            1.875
          ],
          "texture": "#0"
        },
        "up": {
          "uv": [
            0,
            0,
            0,
            48
          ],
          "texture": "#missing"
        },
        "down": {
          "uv": [
            0,
            0,
            0,
            48
          ],
          "texture": "#missing"
        }
      }
    },
    {
      "from": [
        12,
        -6,
        2
      ],
      "to": [
        12,
        6,
        8
      ],
      "rotation": {
        "angle": 22.5,
        "axis": "y",
        "origin": [
          12,
          0.5,
          8
        ]
      },
      "faces": {
        "north": {
          "uv": [
            0,
            0,
            0,
            120
          ],
          "texture": "#missing"
        },
        "east": {
          "uv": [
            14.5,
            0,
            15.25,
            1.875
          ],
          "texture": "#0"
        },
        "south": {
          "uv": [
            0,
            0,
            0,
            120
          ],
          "texture": "#missing"
        },
        "west": {
          "uv": [
            15.25,
            0,
            14.5,
            1.875
          ],
          "texture": "#0"
        },
        "up": {
          "uv": [
            0,
            0,
            0,
            48
          ],
          "texture": "#missing"
        },
        "down": {
          "uv": [
            0,
            0,
            0,
            48
          ],
          "texture": "#missing"
        }
      }
    },
    {
      "from": [
        12.1,
        -1,
        8.9
      ],
      "to": [
        12.1,
        1.7,
        12.1
      ],
      "rotation": {
        "angle": -22.5,
        "axis": "y",
        "origin": [
          12,
          0.5,
          8
        ]
      },
      "faces": {
        "north": {
          "uv": [
            0,
            0,
            0,
            6
          ],
          "texture": "#4"
        },
        "east": {
          "uv": [
            6,
            0,
            0,
            6
          ],
          "texture": "#4"
        },
        "south": {
          "uv": [
            0,
            0,
            0,
            6
          ],
          "texture": "#4"
        },
        "west": {
          "uv": [
            6,
            0,
            0,
            6
          ],
          "texture": "#4"
        },
        "up": {
          "uv": [
            0,
            0,
            0,
            6
          ],
          "texture": "#4"
        },
        "down": {
          "uv": [
            0,
            6,
            0,
            0
          ],
          "texture": "#4"
        }
      }
    },
    {
      "from": [
        12.1,
        -1,
        3.9
      ],
      "to": [
        12.1,
        1.7,
        7.1
      ],
      "rotation": {
        "angle": 22.5,
        "axis": "y",
        "origin": [
          12,
          0.5,
          8
        ]
      },
      "faces": {
        "north": {
          "uv": [
            0,
            0,
            0,
            6
          ],
          "texture": "#4"
        },
        "east": {
          "uv": [
            0,
            0,
            6,
            6
          ],
          "texture": "#4"
        },
        "south": {
          "uv": [
            0,
            0,
            0,
            6
          ],
          "texture": "#4"
        },
        "west": {
          "uv": [
            6,
            0,
            0,
            6
          ],
          "texture": "#4"
        },
        "up": {
          "uv": [
            0,
            6,
            0,
            0
          ],
          "texture": "#4"
        },
        "down": {
          "uv": [
            0,
            0,
            0,
            6
          ],
          "texture": "#4"
        }
      }
    },
    {
      "from": [
        3.9,
        -1,
        3.9
      ],
      "to": [
        3.9,
        1.7,
        7.1
      ],
      "rotation": {
        "angle": -22.5,
        "axis": "y",
        "origin": [
          4,
          0.5,
          8
        ]
      },
      "faces": {
        "north": {
          "uv": [
            0,
            0,
            0,
            6
          ],
          "texture": "#4"
        },
        "east": {
          "uv": [
            0,
            0,
            6,
            6
          ],
          "texture": "#4"
        },
        "south": {
          "uv": [
            0,
            0,
            0,
            6
          ],
          "texture": "#4"
        },
        "west": {
          "uv": [
            6,
            0,
            0,
            6
          ],
          "texture": "#4"
        },
        "up": {
          "uv": [
            0,
            6,
            0,
            0
          ],
          "texture": "#4"
        },
        "down": {
          "uv": [
            0,
            0,
            0,
            6
          ],
          "texture": "#4"
        }
      }
    },
    {
      "from": [
        3.9,
        -1,
        8.9
      ],
      "to": [
        3.9,
        1.7,
        12.1
      ],
      "rotation": {
        "angle": 22.5,
        "axis": "y",
        "origin": [
          4,
          0.5,
          8
        ]
      },
      "faces": {
        "north": {
          "uv": [
            0,
            0,
            0,
            6
          ],
          "texture": "#4"
        },
        "east": {
          "uv": [
            0,
            0,
            6,
            6
          ],
          "texture": "#4"
        },
        "south": {
          "uv": [
            0,
            0,
            0,
            6
          ],
          "texture": "#4"
        },
        "west": {
          "uv": [
            0,
            0,
            6,
            6
          ],
          "texture": "#4"
        },
        "up": {
          "uv": [
            0,
            0,
            0,
            6
          ],
          "texture": "#4"
        },
        "down": {
          "uv": [
            0,
            6,
            0,
            0
          ],
          "texture": "#4"
        }
      }
    },
    {
      "from": [
        12,
        -6,
        8
      ],
      "to": [
        12,
        6,
        14
      ],
      "rotation": {
        "angle": -22.5,
        "axis": "y",
        "origin": [
          12,
          0.5,
          8
        ]
      },
      "faces": {
        "north": {
          "uv": [
            0,
            0,
            0,
            120
          ],
          "texture": "#missing"
        },
        "east": {
          "uv": [
            13.75,
            0,
            14.5,
            1.875
          ],
          "texture": "#0"
        },
        "south": {
          "uv": [
            0,
            0,
            0,
            120
          ],
          "texture": "#missing"
        },
        "west": {
          "uv": [
            14.5,
            0,
            13.75,
            1.875
          ],
          "texture": "#0"
        },
        "up": {
          "uv": [
            0,
            0,
            0,
            48
          ],
          "texture": "#missing"
        },
        "down": {
          "uv": [
            0,
            0,
            0,
            48
          ],
          "texture": "#missing"
        }
      }
    },
    {
      "from": [
        5,
        1.6,
        8.5
      ],
      "to": [
        11,
        3.6,
        10.5
      ],
      "rotation": {
        "angle": -45,
        "axis": "x",
        "origin": [
          8,
          1.1,
          8
        ]
      },
      "faces": {
        "north": {
          "uv": [
            2.3125,
            1.125,
            1.5625,
            1.375
          ],
          "texture": "#0"
        },
        "east": {
          "uv": [
            1.3125,
            1.3125,
            1.5625,
            1.5625
          ],
          "texture": "#0"
        },
        "south": {
          "uv": [
            2.3125,
            1.125,
            1.5625,
            1.375
          ],
          "texture": "#0"
        },
        "west": {
          "uv": [
            1.5625,
            1.3125,
            1.3125,
            1.5625
          ],
          "texture": "#0"
        },
        "up": {
          "uv": [
            2.3125,
            1.125,
            1.5625,
            1.375
          ],
          "texture": "#0"
        },
        "down": {
          "uv": [
            2.3125,
            1.125,
            1.5625,
            1.375
          ],
          "texture": "#0"
        }
      }
    },
    {
      "from": [
        5.75,
        1,
        9
      ],
      "to": [
        10.25,
        4,
        12
      ],
      "rotation": {
        "angle": -45,
        "axis": "x",
        "origin": [
          8,
          0,
          8
        ]
      },
      "faces": {
        "north": {
          "uv": [
            1.1875,
            2.375,
            0.8125,
            2.9375
          ],
          "rotation": 90,
          "texture": "#0"
        },
        "east": {
          "uv": [
            0.8125,
            2,
            1.1875,
            2.375
          ],
          "rotation": 90,
          "texture": "#0"
        },
        "south": {
          "uv": [
            1.1875,
            2.375,
            0.8125,
            2.9375
          ],
          "rotation": 90,
          "texture": "#0"
        },
        "west": {
          "uv": [
            0.8125,
            2.375,
            1.1875,
            2
          ],
          "rotation": 90,
          "texture": "#0"
        },
        "up": {
          "uv": [
            0.8125,
            2.375,
            1.1875,
            2.9375
          ],
          "rotation": 90,
          "texture": "#0"
        },
        "down": {
          "uv": [
            0.8125,
            2.375,
            1.1875,
            2.9375
          ],
          "rotation": 90,
          "texture": "#0"
        }
      }
    },
    {
      "from": [
        9,
        7,
        -5
      ],
      "to": [
        9,
        17,
        5
      ],
      "rotation": {
        "angle": 0,
        "axis": "y",
        "origin": [
          0,
          4,
          0
        ]
      },
      "faces": {
        "north": {
          "uv": [
            0,
            0,
            0,
            12
          ],
          "texture": "#2"
        },
        "east": {
          "uv": [
            0.5,
            1,
            10.5,
            11
          ],
          "texture": "#2"
        },
        "south": {
          "uv": [
            0,
            0,
            0,
            12
          ],
          "texture": "#2"
        },
        "west": {
          "uv": [
            0.5,
            1,
            10.5,
            11
          ],
          "texture": "#2"
        },
        "up": {
          "uv": [
            0,
            12,
            0,
            0
          ],
          "texture": "#2"
        },
        "down": {
          "uv": [
            0,
            0,
            0,
            12
          ],
          "texture": "#2"
        }
      }
    },
    {
      "from": [
        7,
        18,
        10
      ],
      "to": [
        7,
        28,
        20
      ],
      "rotation": {
        "angle": 0,
        "axis": "y",
        "origin": [
          0,
          4,
          0
        ]
      },
      "faces": {
        "north": {
          "uv": [
            0.5,
            1,
            0.5,
            11
          ],
          "texture": "#2"
        },
        "east": {
          "uv": [
            0.5,
            1,
            10.5,
            11
          ],
          "texture": "#2"
        },
        "south": {
          "uv": [
            0.5,
            1,
            0.5,
            11
          ],
          "texture": "#2"
        },
        "west": {
          "uv": [
            0.5,
            1,
            10.5,
            11
          ],
          "texture": "#2"
        },
        "up": {
          "uv": [
            0.5,
            11,
            0.5,
            1
          ],
          "texture": "#2"
        },
        "down": {
          "uv": [
            0.5,
            1,
            0.5,
            11
          ],
          "texture": "#2"
        }
      }
    },
    {
      "from": [
        9,
        7,
        9
      ],
      "to": [
        9,
        15,
        17
      ],
      "rotation": {
        "angle": 0,
        "axis": "y",
        "origin": [
          0,
          4,
          0
        ]
      },
      "faces": {
        "north": {
          "uv": [
            0,
            0,
            0,
            16
          ],
          "texture": "#3"
        },
        "east": {
          "uv": [
            0,
            0,
            16,
            16
          ],
          "texture": "#3"
        },
        "south": {
          "uv": [
            0,
            0,
            0,
            16
          ],
          "texture": "#3"
        },
        "west": {
          "uv": [
            0,
            0,
            16,
            16
          ],
          "texture": "#3"
        },
        "up": {
          "uv": [
            0,
            16,
            0,
            0
          ],
          "texture": "#3"
        },
        "down": {
          "uv": [
            0,
            0,
            0,
            16
          ],
          "texture": "#3"
        }
      }
    },
    {
      "from": [
        7.3,
        2.8,
        8.5
      ],
      "to": [
        7.3,
        6.8,
        12.5
      ],
      "rotation": {
        "angle": 0,
        "axis": "y",
        "origin": [
          0,
          3,
          16
        ]
      },
      "faces": {
        "north": {
          "uv": [
            0,
            0,
            0,
            0.5
          ],
          "texture": "#0"
        },
        "east": {
          "uv": [
            1.625,
            1.4375,
            2.125,
            1.9375
          ],
          "texture": "#0"
        },
        "south": {
          "uv": [
            0,
            0,
            0,
            0.5
          ],
          "texture": "#missing"
        },
        "west": {
          "uv": [
            2.125,
            1.4375,
            1.625,
            1.9375
          ],
          "texture": "#0"
        },
        "up": {
          "uv": [
            0,
            0.5,
            0,
            0
          ],
          "texture": "#missing"
        },
        "down": {
          "uv": [
            0,
            0.5,
            0,
            0
          ],
          "texture": "#missing"
        }
      }
    },
    {
      "from": [
        7.3,
        2.8,
        3.5
      ],
      "to": [
        7.3,
        6.8,
        7.5
      ],
      "rotation": {
        "angle": 0,
        "axis": "y",
        "origin": [
          0,
          3,
          0
        ]
      },
      "faces": {
        "north": {
          "uv": [
            0,
            0,
            0,
            0.5
          ],
          "texture": "#missing"
        },
        "east": {
          "uv": [
            2.125,
            1.4375,
            1.625,
            1.9375
          ],
          "texture": "#0"
        },
        "south": {
          "uv": [
            0,
            0,
            0,
            0.5
          ],
          "texture": "#0"
        },
        "west": {
          "uv": [
            1.625,
            1.4375,
            2.125,
            1.9375
          ],
          "texture": "#0"
        },
        "up": {
          "uv": [
            0,
            0,
            0,
            0.5
          ],
          "texture": "#missing"
        },
        "down": {
          "uv": [
            0,
            0,
            0,
            0.5
          ],
          "texture": "#missing"
        }
      }
    },
    {
      "from": [
        8.7,
        2.8,
        3.5
      ],
      "to": [
        8.7,
        6.8,
        7.5
      ],
      "rotation": {
        "angle": 0,
        "axis": "y",
        "origin": [
          16,
          3,
          0
        ]
      },
      "faces": {
        "north": {
          "uv": [
            0,
            0,
            0,
            0.5
          ],
          "texture": "#missing"
        },
        "east": {
          "uv": [
            2.125,
            1.4375,
            1.625,
            1.9375
          ],
          "texture": "#0"
        },
        "south": {
          "uv": [
            0,
            0,
            0,
            0.5
          ],
          "texture": "#0"
        },
        "west": {
          "uv": [
            1.625,
            1.4375,
            2.125,
            1.9375
          ],
          "texture": "#0"
        },
        "up": {
          "uv": [
            0,
            0,
            0,
            0.5
          ],
          "texture": "#missing"
        },
        "down": {
          "uv": [
            0,
            0,
            0,
            0.5
          ],
          "texture": "#missing"
        }
      }
    },
    {
      "from": [
        8.7,
        2.8,
        8.5
      ],
      "to": [
        8.7,
        6.8,
        12.5
      ],
      "rotation": {
        "angle": 0,
        "axis": "y",
        "origin": [
          16,
          3,
          16
        ]
      },
      "faces": {
        "north": {
          "uv": [
            0,
            0,
            0,
            0.5
          ],
          "texture": "#0"
        },
        "east": {
          "uv": [
            1.625,
            1.4375,
            2.125,
            1.9375
          ],
          "texture": "#0"
        },
        "south": {
          "uv": [
            0,
            0,
            0,
            0.5
          ],
          "texture": "#missing"
        },
        "west": {
          "uv": [
            2.125,
            1.4375,
            1.625,
            1.9375
          ],
          "texture": "#0"
        },
        "up": {
          "uv": [
            0,
            0.5,
            0,
            0
          ],
          "texture": "#missing"
        },
        "down": {
          "uv": [
            0,
            0.5,
            0,
            0
          ],
          "texture": "#missing"
        }
      }
    },
    {
      "from": [
        7.4,
        -3.5,
        4
      ],
      "to": [
        8.4,
        -3,
        5
      ],
      "rotation": {
        "angle": 0,
        "axis": "y",
        "origin": [
          0,
          1,
          0.6
        ]
      },
      "faces": {
        "north": {
          "uv": [
            2.1875,
            0.6875,
            2.0625,
            0.75
          ],
          "texture": "#0"
        },
        "east": {
          "uv": [
            2.0625,
            0.6875,
            2.1875,
            0.75
          ],
          "texture": "#0"
        },
        "south": {
          "uv": [
            2.1875,
            0.6875,
            2.0625,
            0.75
          ],
          "texture": "#0"
        },
        "west": {
          "uv": [
            2.0625,
            0.6875,
            2.1875,
            0.75
          ],
          "texture": "#0"
        },
        "up": {
          "uv": [
            2.0625,
            0.75,
            2.1875,
            0.875
          ],
          "texture": "#0"
        },
        "down": {
          "uv": [
            2.0625,
            0.75,
            2.1875,
            0.875
          ],
          "texture": "#0"
        }
      }
    },
    {
      "from": [
        7.9,
        -5.6,
        3.25
      ],
      "to": [
        7.9,
        0.4,
        5.25
      ],
      "rotation": {
        "angle": 0,
        "axis": "y",
        "origin": [
          8,
          -6.75,
          8.6
        ]
      },
      "faces": {
        "north": {
          "uv": [
            1.0625,
            1.1875,
            1.0625,
            1.9375
          ],
          "texture": "#0"
        },
        "east": {
          "uv": [
            1.5625,
            1.5625,
            1.3125,
            2.3125
          ],
          "texture": "#0"
        },
        "south": {
          "uv": [
            1.0625,
            1.1875,
            1.0625,
            1.9375
          ],
          "texture": "#0"
        },
        "west": {
          "uv": [
            1.3125,
            1.5625,
            1.5625,
            2.3125
          ],
          "texture": "#0"
        },
        "up": {
          "uv": [
            1.0625,
            1.1875,
            1.0625,
            1.4375
          ],
          "texture": "#0"
        },
        "down": {
          "uv": [
            1.0625,
            1.1875,
            1.0625,
            1.4375
          ],
          "texture": "#0"
        }
      }
    },
    {
      "from": [
        7.4,
        -2.1,
        4
      ],
      "to": [
        8.4,
        -1.1,
        5
      ],
      "rotation": {
        "angle": 0,
        "axis": "y",
        "origin": [
          0,
          1,
          0.6
        ]
      },
      "faces": {
        "north": {
          "uv": [
            2.1875,
            1,
            2.0625,
            1.125
          ],
          "texture": "#0"
        },
        "east": {
          "uv": [
            2.0625,
            1,
            2.1875,
            1.125
          ],
          "texture": "#0"
        },
        "south": {
          "uv": [
            2.1875,
            1,
            2.0625,
            1.125
          ],
          "texture": "#0"
        },
        "west": {
          "uv": [
            2.0625,
            1,
            2.1875,
            1.125
          ],
          "texture": "#0"
        },
        "up": {
          "uv": [
            2.0625,
            0.875,
            2.1875,
            1
          ],
          "texture": "#0"
        },
        "down": {
          "uv": [
            2.0625,
            0.875,
            2.1875,
            1
          ],
          "texture": "#0"
        }
      }
    }
  ],
  "gui_light": "front",
  "display": {
    "thirdperson_righthand": {
      "translation": [
        0,
        6.5,
        1.75
      ],
      "scale": [
        0.7,
        0.7,
        0.7
      ]
    },
    "thirdperson_lefthand": {
      "translation": [
        0,
        6.5,
        1.75
      ],
      "scale": [
        0.7,
        0.7,
        0.7
      ]
    },
    "firstperson_righthand": {
      "rotation": [
        -10,
        0,
        0
      ],
      "translation": [
        1.25,
        5.75,
        0
      ],
      "scale": [
        0.53359,
        0.53359,
        0.53359
      ]
    },
    "firstperson_lefthand": {
      "rotation": [
        -10,
        0,
        0
      ],
      "translation": [
        1.25,
        5.75,
        0
      ],
      "scale": [
        0.53359,
        0.53359,
        0.53359
      ]
    },
    "ground": {
      "rotation": [
        0,
        0,
        88
      ],
      "translation": [
        -2,
        2.5,
        0.25
      ],
      "scale": [
        0.45,
        0.45,
        0.45
      ]
    },
    "gui": {
      "rotation": [
        -90,
        -135,
        -90
      ],
      "translation": [
        0,
        -0.25,
        -1.5
      ],
      "scale": [
        0.5,
        0.5,
        0.5
      ]
    },
    "head": {
      "rotation": [
        90,
        -156,
        90
      ],
      "translation": [
        1,
        10.5,
        1.75
      ],
      "scale": [
        0.6,
        0.6,
        0.6
      ]
    },
    "fixed": {
      "rotation": [
        -90,
        -90,
        -90
      ],
      "translation": [
        0,
        5.5,
        0.25
      ],
      "scale": [
        1.2,
        1.2,
        1.2
      ]
    }
  }
}