{
	"credit": "Made by Wulfy",
	"texture_size": [32, 32],
	"textures": {
		"1": "corn_items:corn_shield"
	},
	"elements": [
		{
			"from": [11.5, 0, 6.5],
			"to": [14.5, 6, 9.5],
			"faces": {
				"north": {"uv": [0, 6, 1.5, 9], "texture": "#1"},
				"east": {"uv": [1.5, 6, 3, 9], "texture": "#1"},
				"south": {"uv": [3, 6, 4.5, 9], "texture": "#1"},
				"west": {"uv": [4.5, 6, 6, 9], "texture": "#1"},
				"up": {"uv": [10.5, 7, 9, 5.5], "texture": "#1"},
				"down": {"uv": [8, 9, 6.5, 10.5], "texture": "#1"}
			}
		},
		{
			"from": [11.5, 4.93863, 9.05995],
			"to": [14.5, 4.93863, 12.05995],
			"rotation": {"angle": 45, "axis": "x", "origin": [13, 4.93863, 10.55995]},
			"faces": {
				"north": {"uv": [0, 0, 1.5, 0], "texture": "#1"},
				"east": {"uv": [0, 0, 1.5, 0], "texture": "#1"},
				"south": {"uv": [0, 0, 1.5, 0], "texture": "#1"},
				"west": {"uv": [0, 0, 1.5, 0], "texture": "#1"},
				"up": {"uv": [10.5, 8.5, 9, 7], "texture": "#1"},
				"down": {"uv": [9.5, 9, 8, 10.5], "texture": "#1"}
			}
		},
		{
			"from": [11.5, 4.93863, 3.94005],
			"to": [14.5, 4.93863, 6.94005],
			"rotation": {"angle": -45, "axis": "x", "origin": [13, 4.93863, 5.44005]},
			"faces": {
				"north": {"uv": [0, 0, 1.5, 0], "texture": "#1"},
				"east": {"uv": [0, 0, 1.5, 0], "texture": "#1"},
				"south": {"uv": [0, 0, 1.5, 0], "texture": "#1"},
				"west": {"uv": [0, 0, 1.5, 0], "texture": "#1"},
				"up": {"uv": [10.5, 5.5, 9, 4], "texture": "#1"},
				"down": {"uv": [6.5, 9, 5, 10.5], "texture": "#1"}
			}
		},
		{
			"from": [12, 5.5, 7],
			"to": [14, 11.5, 9],
			"faces": {
				"north": {"uv": [8, 0, 9, 3], "texture": "#1"},
				"east": {"uv": [8, 3, 9, 6], "texture": "#1"},
				"south": {"uv": [0, 9, 1, 12], "texture": "#1"},
				"west": {"uv": [9, 0, 10, 3], "texture": "#1"},
				"up": {"uv": [11, 2, 10, 1], "texture": "#1"},
				"down": {"uv": [3, 10, 2, 11], "texture": "#1"}
			}
		},
		{
			"from": [1.5, 4.94034, 3.93934],
			"to": [4.5, 4.94034, 6.93934],
			"rotation": {"angle": 45, "axis": "x", "origin": [3, 6, 8]},
			"faces": {
				"north": {"uv": [1.5, 0, 0, 0], "texture": "#1"},
				"east": {"uv": [1.5, 0, 0, 0], "texture": "#1"},
				"south": {"uv": [1.5, 0, 0, 0], "texture": "#1"},
				"west": {"uv": [1.5, 0, 0, 0], "texture": "#1"},
				"up": {"uv": [5, 10.5, 6.5, 9], "texture": "#1"},
				"down": {"uv": [9, 4, 10.5, 5.5], "texture": "#1"}
			}
		},
		{
			"from": [2, 0.5, 7],
			"to": [4, 6.5, 9],
			"rotation": {"angle": 0, "axis": "y", "origin": [3, 6, 8]},
			"faces": {
				"north": {"uv": [9, 3, 8, 0], "texture": "#1"},
				"east": {"uv": [10, 3, 9, 0], "texture": "#1"},
				"south": {"uv": [1, 12, 0, 9], "texture": "#1"},
				"west": {"uv": [9, 6, 8, 3], "texture": "#1"},
				"up": {"uv": [2, 11, 3, 10], "texture": "#1"},
				"down": {"uv": [10, 1, 11, 2], "texture": "#1"}
			}
		},
		{
			"from": [1.5, 6, 6.5],
			"to": [4.5, 12, 9.5],
			"rotation": {"angle": 0, "axis": "y", "origin": [3, 6, 8]},
			"faces": {
				"north": {"uv": [1.5, 9, 0, 6], "texture": "#1"},
				"east": {"uv": [6, 9, 4.5, 6], "texture": "#1"},
				"south": {"uv": [4.5, 9, 3, 6], "texture": "#1"},
				"west": {"uv": [3, 9, 1.5, 6], "texture": "#1"},
				"up": {"uv": [6.5, 10.5, 8, 9], "texture": "#1"},
				"down": {"uv": [9, 5.5, 10.5, 7], "texture": "#1"}
			}
		},
		{
			"from": [1.5, 4.94034, 9.06066],
			"to": [4.5, 4.94034, 12.06066],
			"rotation": {"angle": -45, "axis": "x", "origin": [3, 6, 8]},
			"faces": {
				"north": {"uv": [1.5, 0, 0, 0], "texture": "#1"},
				"east": {"uv": [1.5, 0, 0, 0], "texture": "#1"},
				"south": {"uv": [1.5, 0, 0, 0], "texture": "#1"},
				"west": {"uv": [1.5, 0, 0, 0], "texture": "#1"},
				"up": {"uv": [8, 10.5, 9.5, 9], "texture": "#1"},
				"down": {"uv": [9, 7, 10.5, 8.5], "texture": "#1"}
			}
		},
		{
			"from": [7.5, 11.5, 6.5],
			"to": [13.5, 14.5, 9.5],
			"rotation": {"angle": 0, "axis": "y", "origin": [7.5, 13, 8]},
			"faces": {
				"north": {"uv": [1.5, 9, 0, 6], "rotation": 270, "texture": "#1"},
				"east": {"uv": [6.5, 10.5, 8, 9], "rotation": 90, "texture": "#1"},
				"south": {"uv": [4.5, 9, 3, 6], "rotation": 90, "texture": "#1"},
				"west": {"uv": [9, 5.5, 10.5, 7], "rotation": 90, "texture": "#1"},
				"up": {"uv": [3, 9, 1.5, 6], "rotation": 90, "texture": "#1"},
				"down": {"uv": [6, 9, 4.5, 6], "rotation": 90, "texture": "#1"}
			}
		},
		{
			"from": [7.06207, 11.5, 8.43893],
			"to": [10.06207, 14.5, 8.43893],
			"rotation": {"angle": -45, "axis": "y", "origin": [6.00141, 13, 9.49859]},
			"faces": {
				"north": {"uv": [9, 4, 10.5, 5.5], "rotation": 90, "texture": "#1"},
				"east": {"uv": [1.5, 0, 0, 0], "rotation": 270, "texture": "#1"},
				"south": {"uv": [5, 10.5, 6.5, 9], "rotation": 90, "texture": "#1"},
				"west": {"uv": [1.5, 0, 0, 0], "rotation": 90, "texture": "#1"},
				"up": {"uv": [1.5, 0, 0, 0], "rotation": 180, "texture": "#1"},
				"down": {"uv": [1.5, 0, 0, 0], "texture": "#1"}
			}
		},
		{
			"from": [2.5, 12, 7],
			"to": [8.5, 14, 9],
			"rotation": {"angle": 0, "axis": "y", "origin": [7.5, 13, 8]},
			"faces": {
				"north": {"uv": [9, 3, 8, 0], "rotation": 270, "texture": "#1"},
				"east": {"uv": [2, 11, 3, 10], "rotation": 90, "texture": "#1"},
				"south": {"uv": [1, 12, 0, 9], "rotation": 90, "texture": "#1"},
				"west": {"uv": [10, 1, 11, 2], "rotation": 90, "texture": "#1"},
				"up": {"uv": [9, 6, 8, 3], "rotation": 90, "texture": "#1"},
				"down": {"uv": [10, 3, 9, 0], "rotation": 90, "texture": "#1"}
			}
		},
		{
			"from": [7.5, -2, 7],
			"to": [13.5, 0, 9],
			"rotation": {"angle": 0, "axis": "y", "origin": [1.5, 12, 0]},
			"faces": {
				"north": {"uv": [8, 0, 9, 3], "rotation": 270, "texture": "#1"},
				"east": {"uv": [11, 2, 10, 1], "rotation": 90, "texture": "#1"},
				"south": {"uv": [0, 9, 1, 12], "rotation": 90, "texture": "#1"},
				"west": {"uv": [3, 10, 2, 11], "rotation": 90, "texture": "#1"},
				"up": {"uv": [9, 0, 10, 3], "rotation": 90, "texture": "#1"},
				"down": {"uv": [8, 3, 9, 6], "rotation": 90, "texture": "#1"}
			}
		},
		{
			"from": [4.93934, -2.5, 10.56066],
			"to": [7.93934, 0.5, 10.56066],
			"rotation": {"angle": 45, "axis": "y", "origin": [6.43934, -1, 10.56066]},
			"faces": {
				"north": {"uv": [10.5, 5.5, 9, 4], "rotation": 90, "texture": "#1"},
				"east": {"uv": [0, 0, 1.5, 0], "rotation": 90, "texture": "#1"},
				"south": {"uv": [6.5, 9, 5, 10.5], "rotation": 90, "texture": "#1"},
				"west": {"uv": [0, 0, 1.5, 0], "rotation": 270, "texture": "#1"},
				"up": {"uv": [0, 0, 1.5, 0], "texture": "#1"},
				"down": {"uv": [0, 0, 1.5, 0], "rotation": 180, "texture": "#1"}
			}
		},
		{
			"from": [1.5, -2.5, 6.5],
			"to": [7.5, 0.5, 9.5],
			"rotation": {"angle": 0, "axis": "y", "origin": [1.5, 12, 0]},
			"faces": {
				"north": {"uv": [0, 6, 1.5, 9], "rotation": 270, "texture": "#1"},
				"east": {"uv": [10.5, 7, 9, 5.5], "rotation": 90, "texture": "#1"},
				"south": {"uv": [3, 6, 4.5, 9], "rotation": 90, "texture": "#1"},
				"west": {"uv": [8, 9, 6.5, 10.5], "rotation": 90, "texture": "#1"},
				"up": {"uv": [4.5, 6, 6, 9], "rotation": 90, "texture": "#1"},
				"down": {"uv": [1.5, 6, 3, 9], "rotation": 90, "texture": "#1"}
			}
		},
		{
			"from": [4.93863, -2.5, 5.44005],
			"to": [7.93863, 0.5, 5.44005],
			"rotation": {"angle": -45, "axis": "y", "origin": [6.43863, -1, 5.44005]},
			"faces": {
				"north": {"uv": [9.5, 9, 8, 10.5], "rotation": 90, "texture": "#1"},
				"east": {"uv": [0, 0, 1.5, 0], "rotation": 270, "texture": "#1"},
				"south": {"uv": [10.5, 8.5, 9, 7], "rotation": 90, "texture": "#1"},
				"west": {"uv": [0, 0, 1.5, 0], "rotation": 90, "texture": "#1"},
				"up": {"uv": [0, 0, 1.5, 0], "rotation": 180, "texture": "#1"},
				"down": {"uv": [0, 0, 1.5, 0], "texture": "#1"}
			}
		},
		{
			"from": [8.56066, 11.5, 3.93934],
			"to": [8.56066, 14.5, 6.93934],
			"rotation": {"angle": -45, "axis": "y", "origin": [8.56066, 13, 5.43934]},
			"faces": {
				"north": {"uv": [1.5, 0, 0, 0], "rotation": 90, "texture": "#1"},
				"east": {"uv": [9, 7, 10.5, 8.5], "rotation": 90, "texture": "#1"},
				"south": {"uv": [1.5, 0, 0, 0], "rotation": 270, "texture": "#1"},
				"west": {"uv": [8, 10.5, 9.5, 9], "rotation": 90, "texture": "#1"},
				"up": {"uv": [1.5, 0, 0, 0], "rotation": 270, "texture": "#1"},
				"down": {"uv": [1.5, 0, 0, 0], "rotation": 270, "texture": "#1"}
			}
		},
		{
			"from": [4, 0, 7.5],
			"to": [12, 12, 8.5],
			"rotation": {"angle": 0, "axis": "y", "origin": [8, 6, 8]},
			"faces": {
				"north": {"uv": [0, 0, 4, 6], "texture": "#1"},
				"east": {"uv": [1, 9, 1.5, 15], "texture": "#1"},
				"south": {"uv": [4, 0, 8, 6], "texture": "#1"},
				"west": {"uv": [1.5, 9, 2, 15], "texture": "#1"},
				"up": {"uv": [13, 9, 9, 8.5], "texture": "#1"},
				"down": {"uv": [13.5, 9, 9.5, 9.5], "texture": "#1"}
			}
		},
		{
			"from": [5, 5, 8.5],
			"to": [11, 7, 11.5],
			"rotation": {"angle": 0, "axis": "y", "origin": [8, 6, 8]},
			"faces": {
				"east": {"uv": [9.5, 9.5, 11, 10.5], "texture": "#1"},
				"south": {"uv": [9, 3, 12, 4], "texture": "#1"},
				"west": {"uv": [10, 0, 11.5, 1], "texture": "#1"},
				"up": {"uv": [9, 7.5, 6, 6], "texture": "#1"},
				"down": {"uv": [9, 7.5, 6, 9], "texture": "#1"}
			}
		},
		{
			"from": [5, 7, 8.5],
			"to": [11, 5, 11.5],
			"rotation": {"angle": 0, "axis": "y", "origin": [8, 10, 8]},
			"faces": {
				"east": {"uv": [9.5, 10.5, 11, 9.5], "texture": "#1"},
				"south": {"uv": [9, 4, 12, 3], "texture": "#1"},
				"west": {"uv": [10, 1, 11.5, 0], "texture": "#1"},
				"up": {"uv": [9, 9, 6, 7.5], "texture": "#1"},
				"down": {"uv": [9, 6, 6, 7.5], "texture": "#1"}
			}
		}
	],
	"gui_light": "front",
	"display": {
		"thirdperson_righthand": {
			"rotation": [50, 0, 0],
			"translation": [0, 1, 1.5]
		},
		"thirdperson_lefthand": {
			"rotation": [50, 0, 0],
			"translation": [0, 1, 1.5]
		},
		"firstperson_righthand": {
			"translation": [0, 0.5, 0],
			"scale": [0.75, 0.75, 0.75]
		},
		"firstperson_lefthand": {
			"translation": [0, 0.5, 0],
			"scale": [0.75, 0.75, 0.75]
		},
		"ground": {
			"rotation": [45, 0, 0],
			"scale": [0.45, 0.45, 0.45]
		},
		"gui": {
			"rotation": [15, -160, 0],
			"translation": [0, 1.5, 0],
			"scale": [0.7, 0.7, 0.7]
		},
		"head": {
			"rotation": [90, 0, 0],
			"translation": [0, 10, 2]
		},
		"fixed": {
			"translation": [0, 2, -2.25]
		}
	}
}