{
  "credit": "Made by Wulfy",
  "texture_size": [
    32,
    32
  ],
  "textures": {
    "1": "corn_items:corn_hoe"
  },
  "elements": [
    {
      "from": [
        7,
        0,
        7
      ],
      "to": [
        9,
        18,
        9
      ],
      "faces": {
        "north": {
          "uv": [
            0,
            0,
            1,
            9
          ],
          "texture": "#1"
        },
        "east": {
          "uv": [
            1,
            0,
            2,
            9
          ],
          "texture": "#1"
        },
        "south": {
          "uv": [
            2,
            0,
            3,
            9
          ],
          "texture": "#1"
        },
        "west": {
          "uv": [
            3,
            0,
            4,
            9
          ],
          "texture": "#1"
        },
        "up": {
          "uv": [
            10,
            11.5,
            9,
            10.5
          ],
          "texture": "#1"
        },
        "down": {
          "uv": [
            12.5,
            9,
            11.5,
            10
          ],
          "texture": "#1"
        }
      }
    },
    {
      "from": [
        6.5,
        1,
        6.5
      ],
      "to": [
        9.5,
        3,
        9.5
      ],
      "rotation": {
        "angle": 0,
        "axis": "y",
        "origin": [
          8,
          1.5,
          8
        ]
      },
      "faces": {
        "north": {
          "uv": [
            8,
            2,
            9.5,
            3
          ],
          "texture": "#1"
        },
        "east": {
          "uv": [
            11,
            6,
            12.5,
            7
          ],
          "texture": "#1"
        },
        "south": {
          "uv": [
            11,
            7,
            12.5,
            8
          ],
          "texture": "#1"
        },
        "west": {
          "uv": [
            11.5,
            3,
            13,
            4
          ],
          "texture": "#1"
        },
        "up": {
          "uv": [
            11.5,
            4.5,
            10,
            3
          ],
          "texture": "#1"
        },
        "down": {
          "uv": [
            11.5,
            8.5,
            10,
            10
          ],
          "texture": "#1"
        }
      }
    },
    {
      "from": [
        5,
        18,
        6
      ],
      "to": [
        11,
        22,
        10
      ],
      "rotation": {
        "angle": 0,
        "axis": "y",
        "origin": [
          8,
          1.5,
          8
        ]
      },
      "faces": {
        "north": {
          "uv": [
            4,
            3,
            7,
            5
          ],
          "texture": "#1"
        },
        "east": {
          "uv": [
            7,
            7,
            9,
            9
          ],
          "texture": "#1"
        },
        "south": {
          "uv": [
            4,
            5,
            7,
            7
          ],
          "texture": "#1"
        },
        "west": {
          "uv": [
            8,
            0,
            10,
            2
          ],
          "texture": "#1"
        },
        "up": {
          "uv": [
            10,
            5,
            7,
            3
          ],
          "texture": "#1"
        },
        "down": {
          "uv": [
            7,
            7,
            4,
            9
          ],
          "texture": "#1"
        }
      }
    },
    {
      "from": [
        3,
        19,
        7
      ],
      "to": [
        5,
        21,
        9
      ],
      "rotation": {
        "angle": 0,
        "axis": "y",
        "origin": [
          8,
          1.5,
          8
        ]
      },
      "faces": {
        "north": {
          "uv": [
            11.5,
            10,
            12.5,
            11
          ],
          "texture": "#1"
        },
        "east": {
          "uv": [
            10.5,
            11.5,
            11.5,
            12.5
          ],
          "texture": "#1"
        },
        "south": {
          "uv": [
            11.5,
            11,
            12.5,
            12
          ],
          "texture": "#1"
        },
        "west": {
          "uv": [
            0,
            12,
            1,
            13
          ],
          "texture": "#1"
        },
        "up": {
          "uv": [
            13,
            1,
            12,
            0
          ],
          "texture": "#1"
        },
        "down": {
          "uv": [
            2,
            12,
            1,
            13
          ],
          "texture": "#1"
        }
      }
    },
    {
      "from": [
        9.69782,
        17.9819,
        6.25
      ],
      "to": [
        13.69782,
        20.9819,
        9.75
      ],
      "rotation": {
        "angle": -22.5,
        "axis": "z",
        "origin": [
          12.63758,
          19.48137,
          8
        ]
      },
      "faces": {
        "north": {
          "uv": [
            0,
            9,
            2,
            10.5
          ],
          "texture": "#1"
        },
        "east": {
          "uv": [
            4.5,
            10.5,
            6,
            12
          ],
          "texture": "#1"
        },
        "south": {
          "uv": [
            2,
            9,
            4,
            10.5
          ],
          "texture": "#1"
        },
        "west": {
          "uv": [
            6,
            10.5,
            7.5,
            12
          ],
          "texture": "#1"
        },
        "up": {
          "uv": [
            6,
            10.5,
            4,
            9
          ],
          "texture": "#1"
        },
        "down": {
          "uv": [
            8,
            9,
            6,
            10.5
          ],
          "texture": "#1"
        }
      }
    },
    {
      "from": [
        14.44732,
        19.7927,
        6.25
      ],
      "to": [
        14.44732,
        22.7927,
        9.75
      ],
      "rotation": {
        "angle": 22.5,
        "axis": "z",
        "origin": [
          12.63758,
          19.48137,
          8
        ]
      },
      "faces": {
        "north": {
          "uv": [
            0,
            0,
            0,
            1.5
          ],
          "texture": "#1"
        },
        "east": {
          "uv": [
            10,
            10,
            11.5,
            11.5
          ],
          "texture": "#1"
        },
        "south": {
          "uv": [
            0,
            0,
            0,
            1.5
          ],
          "texture": "#1"
        },
        "west": {
          "uv": [
            0,
            10.5,
            1.5,
            12
          ],
          "texture": "#1"
        },
        "up": {
          "uv": [
            0,
            1.5,
            0,
            0
          ],
          "texture": "#1"
        },
        "down": {
          "uv": [
            0,
            0,
            0,
            1.5
          ],
          "texture": "#1"
        }
      }
    },
    {
      "from": [
        9.32699,
        17.67038,
        6.25
      ],
      "to": [
        12.32699,
        17.67038,
        9.75
      ],
      "rotation": {
        "angle": 22.5,
        "axis": "z",
        "origin": [
          12.63758,
          19.48137,
          8
        ]
      },
      "faces": {
        "north": {
          "uv": [
            0,
            0,
            1.5,
            0
          ],
          "texture": "#1"
        },
        "east": {
          "uv": [
            0,
            0,
            1.5,
            0
          ],
          "texture": "#1"
        },
        "south": {
          "uv": [
            0,
            0,
            1.5,
            0
          ],
          "texture": "#1"
        },
        "west": {
          "uv": [
            0,
            0,
            1.5,
            0
          ],
          "texture": "#1"
        },
        "up": {
          "uv": [
            3,
            12,
            1.5,
            10.5
          ],
          "texture": "#1"
        },
        "down": {
          "uv": [
            4.5,
            10.5,
            3,
            12
          ],
          "texture": "#1"
        }
      }
    },
    {
      "from": [
        9.69782,
        18.4819,
        6.5
      ],
      "to": [
        17.69782,
        20.4819,
        9.5
      ],
      "rotation": {
        "angle": -22.5,
        "axis": "z",
        "origin": [
          12.63758,
          19.48137,
          8
        ]
      },
      "faces": {
        "north": {
          "uv": [
            7,
            5,
            11,
            6
          ],
          "texture": "#1"
        },
        "east": {
          "uv": [
            11.5,
            8,
            13,
            9
          ],
          "texture": "#1"
        },
        "south": {
          "uv": [
            7,
            6,
            11,
            7
          ],
          "texture": "#1"
        },
        "west": {
          "uv": [
            9,
            11.5,
            10.5,
            12.5
          ],
          "texture": "#1"
        },
        "up": {
          "uv": [
            8,
            1.5,
            4,
            0
          ],
          "texture": "#1"
        },
        "down": {
          "uv": [
            8,
            1.5,
            4,
            3
          ],
          "texture": "#1"
        }
      }
    },
    {
      "from": [
        9.69782,
        17.9819,
        9.75
      ],
      "to": [
        13.69782,
        20.9819,
        6.25
      ],
      "rotation": {
        "angle": -22.5,
        "axis": "z",
        "origin": [
          12.63758,
          19.48137,
          8
        ]
      },
      "faces": {
        "north": {
          "uv": [
            9,
            7,
            11,
            8.5
          ],
          "texture": "#1"
        },
        "east": {
          "uv": [
            7.5,
            10.5,
            9,
            12
          ],
          "texture": "#1"
        },
        "south": {
          "uv": [
            8,
            9,
            10,
            10.5
          ],
          "texture": "#1"
        },
        "west": {
          "uv": [
            11,
            4.5,
            12.5,
            6
          ],
          "texture": "#1"
        },
        "up": {
          "uv": [
            12,
            1.5,
            10,
            0
          ],
          "texture": "#1"
        },
        "down": {
          "uv": [
            12,
            1.5,
            10,
            3
          ],
          "texture": "#1"
        }
      }
    }
  ],
  "gui_light": "front",
  "display": {
    "thirdperson_righthand": {
      "rotation": [
        0,
        90,
        0
      ],
      "translation": [
        0,
        -0.5,
        1.5
      ],
      "scale": [
        0.9,
        0.9,
        0.9
      ]
    },
    "thirdperson_lefthand": {
      "rotation": [
        0,
        -90,
        0
      ],
      "translation": [
        0,
        -0.5,
        1.5
      ],
      "scale": [
        0.9,
        0.9,
        0.9
      ]
    },
    "firstperson_righthand": {
      "rotation": [
        16,
        105,
        0
      ],
      "translation": [
        1,
        0,
        0
      ],
      "scale": [
        0.45,
        0.45,
        0.45
      ]
    },
    "firstperson_lefthand": {
      "rotation": [
        16,
        -75,
        0
      ],
      "translation": [
        1,
        0,
        0
      ],
      "scale": [
        0.45,
        0.45,
        0.45
      ]
    },
    "ground": {
      "rotation": [
        45,
        45,
        0
      ],
      "scale": [
        0.35,
        0.35,
        0.35
      ]
    },
    "gui": {
      "rotation": [
        20,
        -20,
        -45
      ],
      "translation": [
        -2.5,
        -2.5,
        0
      ],
      "scale": [
        0.7,
        0.7,
        0.7
      ]
    },
    "head": {
      "rotation": [
        0,
        0,
        -125
      ],
      "translation": [
        -4,
        14,
        0
      ]
    },
    "fixed": {
      "rotation": [
        0,
        0,
        45
      ],
      "translation": [
        3,
        -3,
        -0.25
      ],
      "scale": [
        0.8,
        0.8,
        0.8
      ]
    }
  }
}