{
	"credit": "Made by Wulfy",
	"texture_size": [32, 32],
	"textures": {
		"0": "corn_items:corn_fishing_rod",
		"particle": "corn_items:corn_fishing_rod"
	},
	"elements": [
		{
			"from": [7, 0, 7],
			"to": [9, 8, 9],
			"rotation": {"angle": 0, "axis": "y", "origin": [0, 1, 0]},
			"faces": {
				"north": {"uv": [1.5, 3.5, 2.5, 7.5], "texture": "#0"},
				"east": {"uv": [2.5, 3.5, 3.5, 7.5], "texture": "#0"},
				"south": {"uv": [3.5, 3.5, 4.5, 7.5], "texture": "#0"},
				"west": {"uv": [4.5, 0, 5.5, 4], "texture": "#0"},
				"up": {"uv": [10, 10, 9, 9], "texture": "#0"},
				"down": {"uv": [10.5, 6, 9.5, 7], "texture": "#0"}
			}
		},
		{
			"from": [7, 6, 6.75],
			"to": [10, 9, 9.25],
			"rotation": {"angle": -45, "axis": "z", "origin": [9.5, 6.5, 8]},
			"faces": {
				"north": {"uv": [7.5, 1.5, 9, 3], "texture": "#0"},
				"east": {"uv": [9, 1.5, 10, 3], "texture": "#0"},
				"south": {"uv": [2.5, 7.5, 4, 9], "texture": "#0"},
				"west": {"uv": [2, 9, 3, 10.5], "texture": "#0"},
				"up": {"uv": [4.5, 10, 3, 9], "texture": "#0"},
				"down": {"uv": [10.5, 3, 9, 4], "texture": "#0"}
			}
		},
		{
			"from": [5.23673, 7.35089, 6.5],
			"to": [8.23673, 14.35089, 9.5],
			"rotation": {"angle": 22.5, "axis": "z", "origin": [6.73673, 10.85089, 8]},
			"faces": {
				"north": {"uv": [0, 0, 1.5, 3.5], "texture": "#0"},
				"east": {"uv": [1.5, 0, 3, 3.5], "texture": "#0"},
				"south": {"uv": [3, 0, 4.5, 3.5], "texture": "#0"},
				"west": {"uv": [0, 3.5, 1.5, 7], "texture": "#0"},
				"up": {"uv": [9, 1.5, 7.5, 0], "texture": "#0"},
				"down": {"uv": [2.5, 7.5, 1, 9], "texture": "#0"}
			}
		},
		{
			"from": [8.23673, 8.35089, 8.025],
			"to": [9.23673, 15.35089, 8.025],
			"rotation": {"angle": 22.5, "axis": "z", "origin": [6.73673, 10.85089, 8]},
			"faces": {
				"north": {"uv": [1, 9, 1.5, 12.5], "texture": "#0"},
				"east": {"uv": [0, 0, 0, 3.5], "texture": "#0"},
				"south": {"uv": [1.5, 9, 2, 12.5], "texture": "#0"},
				"west": {"uv": [0, 0, 0, 3.5], "texture": "#0"},
				"up": {"uv": [0.5, 0, 0, 0], "texture": "#0"},
				"down": {"uv": [0.5, 0, 0, 0], "texture": "#0"}
			}
		},
		{
			"from": [4.01152, 13.51045, 6.525],
			"to": [7.01152, 15.51045, 9.475],
			"rotation": {"angle": 0, "axis": "y", "origin": [5.51152, 16.51045, 8]},
			"faces": {
				"north": {"uv": [9, 4, 10.5, 5], "texture": "#0"},
				"east": {"uv": [4.5, 9, 6, 10], "texture": "#0"},
				"south": {"uv": [9, 5, 10.5, 6], "texture": "#0"},
				"west": {"uv": [6, 9, 7.5, 10], "texture": "#0"},
				"up": {"uv": [9, 4.5, 7.5, 3], "texture": "#0"},
				"down": {"uv": [5.5, 7.5, 4, 9], "texture": "#0"}
			}
		},
		{
			"from": [7.01348, 13.51045, 6.525],
			"to": [4.01348, 15.51045, 9.475],
			"rotation": {"angle": 0, "axis": "y", "origin": [10.48848, 16.51045, 8]},
			"faces": {
				"north": {"uv": [10.5, 4, 9, 5], "texture": "#0"},
				"east": {"uv": [7.5, 9, 6, 10], "texture": "#0"},
				"south": {"uv": [10.5, 5, 9, 6], "texture": "#0"},
				"west": {"uv": [6, 9, 4.5, 10], "texture": "#0"},
				"up": {"uv": [7.5, 4.5, 9, 3], "texture": "#0"},
				"down": {"uv": [4, 7.5, 5.5, 9], "texture": "#0"}
			}
		},
		{
			"from": [4.01152, 12.94979, 5.46434],
			"to": [7.01152, 15.94979, 5.46434],
			"rotation": {"angle": 45, "axis": "x", "origin": [5.51152, 14.44979, 5.46434]},
			"faces": {
				"north": {"uv": [7.5, 4.5, 9, 6], "texture": "#0"},
				"east": {"uv": [0, 0, 0, 1.5], "texture": "#0"},
				"south": {"uv": [7.5, 6, 9, 7.5], "texture": "#0"},
				"west": {"uv": [0, 0, 0, 1.5], "texture": "#0"},
				"up": {"uv": [1.5, 0, 0, 0], "texture": "#0"},
				"down": {"uv": [1.5, 0, 0, 0], "texture": "#0"}
			}
		},
		{
			"from": [4.01152, 12.94908, 10.53495],
			"to": [7.01152, 15.94908, 10.53495],
			"rotation": {"angle": -45, "axis": "x", "origin": [5.51152, 14.44908, 10.53495]},
			"faces": {
				"north": {"uv": [7.5, 7.5, 9, 9], "texture": "#0"},
				"east": {"uv": [0, 0, 0, 1.5], "texture": "#0"},
				"south": {"uv": [9, 0, 10.5, 1.5], "texture": "#0"},
				"west": {"uv": [0, 0, 0, 1.5], "texture": "#0"},
				"up": {"uv": [1.5, 0, 0, 0], "texture": "#0"},
				"down": {"uv": [1.5, 0, 0, 0], "texture": "#0"}
			}
		},
		{
			"from": [5.76152, 12.51045, 7],
			"to": [7.76152, 18.51045, 9],
			"rotation": {"angle": -22.5, "axis": "z", "origin": [8.79539, 17.40254, 8.0125]},
			"faces": {
				"north": {"uv": [4.5, 4, 5.5, 7], "texture": "#0"},
				"east": {"uv": [5.5, 0, 6.5, 3], "texture": "#0"},
				"south": {"uv": [5.5, 3, 6.5, 6], "texture": "#0"},
				"west": {"uv": [5.5, 6, 6.5, 9], "texture": "#0"},
				"up": {"uv": [10.5, 8, 9.5, 7], "texture": "#0"},
				"down": {"uv": [10.5, 8, 9.5, 9], "texture": "#0"}
			}
		},
		{
			"from": [7.76152, 14.51045, 8],
			"to": [8.76152, 18.51045, 8],
			"rotation": {"angle": -22.5, "axis": "z", "origin": [8.79539, 17.40254, 8.0125]},
			"faces": {
				"north": {"uv": [7, 10, 7.5, 12], "texture": "#0"},
				"east": {"uv": [0, 0, 0, 2], "texture": "#0"},
				"south": {"uv": [2, 10.5, 2.5, 12.5], "texture": "#0"},
				"west": {"uv": [0, 0, 0, 2], "texture": "#0"},
				"up": {"uv": [0.5, 0, 0, 0], "texture": "#0"},
				"down": {"uv": [0.5, 0, 0, 0], "texture": "#0"}
			}
		},
		{
			"from": [5.56848, 17.2651, 7.025],
			"to": [7.56848, 23.2651, 8.975],
			"rotation": {"angle": -45, "axis": "z", "origin": [8.79539, 17.40254, 8.0125]},
			"faces": {
				"north": {"uv": [6.5, 0, 7.5, 3], "texture": "#0"},
				"east": {"uv": [6.5, 3, 7.5, 6], "texture": "#0"},
				"south": {"uv": [6.5, 6, 7.5, 9], "texture": "#0"},
				"west": {"uv": [0, 7, 1, 10], "texture": "#0"},
				"up": {"uv": [11, 11, 10, 10], "texture": "#0"},
				"down": {"uv": [11.5, 0, 10.5, 1], "texture": "#0"}
			}
		},
		{
			"from": [7.56848, 17.2651, 8.025],
			"to": [8.56848, 23.2651, 8.025],
			"rotation": {"angle": -45, "axis": "z", "origin": [8.79539, 17.40254, 8.0125]},
			"faces": {
				"north": {"uv": [8, 9, 8.5, 12], "texture": "#0"},
				"east": {"uv": [0, 0, 0, 3], "texture": "#0"},
				"south": {"uv": [8.5, 9, 9, 12], "texture": "#0"},
				"west": {"uv": [0, 0, 0, 3], "texture": "#0"},
				"up": {"uv": [0.5, 0, 0, 0], "texture": "#0"},
				"down": {"uv": [0.5, 0, 0, 0], "texture": "#0"}
			}
		}
	],
	"gui_light": "front",
	"display": {
		"thirdperson_righthand": {
			"rotation": [0, 90, 0],
			"translation": [0, 3, 1.5],
			"scale": [1.1, 1.1, 1.1]
		},
		"thirdperson_lefthand": {
			"rotation": [0, -90, 0],
			"translation": [0, 3, 1.5],
			"scale": [1.1, 1.1, 1.1]
		},
		"firstperson_righthand": {
			"rotation": [-20, 110, 0],
			"translation": [1.75, 1, 0],
			"scale": [0.6, 0.6, 0.6]
		},
		"firstperson_lefthand": {
			"rotation": [-20, -70, 0],
			"translation": [2, 1, 0],
			"scale": [0.6, 0.6, 0.6]
		},
		"ground": {
			"rotation": [45, 0, 0],
			"scale": [0.35, 0.35, 0.35]
		},
		"gui": {
			"rotation": [20, -20, -35],
			"translation": [-2.5, -1.5, 0],
			"scale": [0.8, 0.8, 0.8]
		},
		"head": {
			"rotation": [0, 0, -125],
			"translation": [-4, 12.5, 0]
		},
		"fixed": {
			"rotation": [0, 0, 45],
			"translation": [1.5, -3, -1],
			"scale": [0.85, 0.85, 0.85]
		}
	}
}