{
  "credit": "Made with Blockbench",
  "texture_size": [
    32,
    32
  ],
  "textures": {
    "1": "must_have_props:wooden_mug"
  },
  "elements": [
    {
      "from": [
        6,
        1,
        6
      ],
      "to": [
        10,
        6,
        10
      ],
      "faces": {
        "north": {
          "uv": [
            2.5,
            0,
            4.5,
            2.5
          ],
          "texture": "#1"
        },
        "east": {
          "uv": [
            2.5,
            2.5,
            4.5,
            5
          ],
          "texture": "#1"
        },
        "south": {
          "uv": [
            4.5,
            0,
            6.5,
            2.5
          ],
          "texture": "#1"
        },
        "west": {
          "uv": [
            4.5,
            2.5,
            6.5,
            5
          ],
          "texture": "#1"
        },
        "up": {
          "uv": [
            2,
            7,
            0,
            5
          ],
          "texture": "#1"
        },
        "down": {
          "uv": [
            4,
            5,
            2,
            7
          ],
          "texture": "#1"
        }
      }
    },
    {
      "from": [
        3,
        1,
        8
      ],
      "to": [
        6,
        6,
        8
      ],
      "faces": {
        "north": {
          "uv": [
            4,
            5,
            5.5,
            7.5
          ],
          "texture": "#1"
        },
        "east": {
          "uv": [
            0,
            0,
            0,
            2.5
          ],
          "texture": "#1"
        },
        "south": {
          "uv": [
            5.5,
            5,
            7,
            7.5
          ],
          "texture": "#1"
        },
        "west": {
          "uv": [
            0,
            0,
            0,
            2.5
          ],
          "texture": "#1"
        },
        "up": {
          "uv": [
            1.5,
            0,
            0,
            0
          ],
          "texture": "#1"
        },
        "down": {
          "uv": [
            1.5,
            0,
            0,
            0
          ],
          "texture": "#1"
        }
      }
    },
    {
      "from": [
        5.5,
        0,
        5.5
      ],
      "to": [
        10.5,
        1,
        10.5
      ],
      "faces": {
        "north": {
          "uv": [
            6.5,
            0,
            9,
            0.5
          ],
          "texture": "#1"
        },
        "east": {
          "uv": [
            6.5,
            0.5,
            9,
            1
          ],
          "texture": "#1"
        },
        "south": {
          "uv": [
            6.5,
            1,
            9,
            1.5
          ],
          "texture": "#1"
        },
        "west": {
          "uv": [
            6.5,
            1.5,
            9,
            2
          ],
          "texture": "#1"
        },
        "up": {
          "uv": [
            2.5,
            2.5,
            0,
            0
          ],
          "texture": "#1"
        },
        "down": {
          "uv": [
            2.5,
            2.5,
            0,
            5
          ],
          "texture": "#1"
        }
      }
    },
    {
      "from": [
        5.8,
        4,
        5.8
      ],
      "to": [
        10.2,
        5,
        5.8
      ],
      "faces": {
        "north": {
          "uv": [
            6.5,
            2,
            8.5,
            2.5
          ],
          "texture": "#1"
        },
        "east": {
          "uv": [
            0,
            0,
            0,
            0.5
          ],
          "texture": "#1"
        },
        "south": {
          "uv": [
            6.5,
            2.5,
            8.5,
            3
          ],
          "texture": "#1"
        },
        "west": {
          "uv": [
            0,
            0,
            0,
            0.5
          ],
          "texture": "#1"
        },
        "up": {
          "uv": [
            2,
            0,
            0,
            0
          ],
          "texture": "#1"
        },
        "down": {
          "uv": [
            2,
            0,
            0,
            0
          ],
          "texture": "#1"
        }
      }
    },
    {
      "from": [
        5.8,
        4,
        10.199
      ],
      "to": [
        10.2,
        5,
        10.199
      ],
      "rotation": {
        "angle": 0,
        "axis": "y",
        "origin": [
          0,
          0,
          4.399
        ]
      },
      "faces": {
        "north": {
          "uv": [
            0,
            7,
            2,
            7.5
          ],
          "texture": "#1"
        },
        "east": {
          "uv": [
            0,
            0,
            0,
            0.5
          ],
          "texture": "#1"
        },
        "south": {
          "uv": [
            2,
            7,
            4,
            7.5
          ],
          "texture": "#1"
        },
        "west": {
          "uv": [
            0,
            0,
            0,
            0.5
          ],
          "texture": "#1"
        },
        "up": {
          "uv": [
            2,
            0,
            0,
            0
          ],
          "texture": "#1"
        },
        "down": {
          "uv": [
            2,
            0,
            0,
            0
          ],
          "texture": "#1"
        }
      }
    },
    {
      "from": [
        10.199,
        4,
        5.8
      ],
      "to": [
        10.199,
        5,
        10.2
      ],
      "rotation": {
        "angle": 0,
        "axis": "y",
        "origin": [
          10.199,
          4.5,
          8
        ]
      },
      "faces": {
        "north": {
          "uv": [
            0,
            0,
            0,
            0.5
          ],
          "texture": "#1"
        },
        "east": {
          "uv": [
            6.5,
            3,
            8.5,
            3.5
          ],
          "texture": "#1"
        },
        "south": {
          "uv": [
            0,
            0,
            0,
            0.5
          ],
          "texture": "#1"
        },
        "west": {
          "uv": [
            6.5,
            3.5,
            8.5,
            4
          ],
          "texture": "#1"
        },
        "up": {
          "uv": [
            0,
            2,
            0,
            0
          ],
          "texture": "#1"
        },
        "down": {
          "uv": [
            0,
            0,
            0,
            2
          ],
          "texture": "#1"
        }
      }
    },
    {
      "from": [
        5.799,
        4,
        5.8
      ],
      "to": [
        5.799,
        5,
        10.2
      ],
      "rotation": {
        "angle": 0,
        "axis": "y",
        "origin": [
          5.799,
          4.5,
          8
        ]
      },
      "faces": {
        "north": {
          "uv": [
            0,
            0,
            0,
            0.5
          ],
          "texture": "#1"
        },
        "east": {
          "uv": [
            6.5,
            4,
            8.5,
            4.5
          ],
          "texture": "#1"
        },
        "south": {
          "uv": [
            0,
            0,
            0,
            0.5
          ],
          "texture": "#1"
        },
        "west": {
          "uv": [
            6.5,
            4.5,
            8.5,
            5
          ],
          "texture": "#1"
        },
        "up": {
          "uv": [
            0,
            2,
            0,
            0
          ],
          "texture": "#1"
        },
        "down": {
          "uv": [
            0,
            0,
            0,
            2
          ],
          "texture": "#1"
        }
      }
    }
  ],
  "display": {
    "thirdperson_righthand": {
      "rotation": [
        75,
        45,
        0
      ],
      "translation": [
        0,
        2.5,
        0
      ],
      "scale": [
        0.375,
        0.375,
        0.375
      ]
    },
    "thirdperson_lefthand": {
      "rotation": [
        75,
        45,
        0
      ],
      "translation": [
        0,
        2.5,
        0
      ],
      "scale": [
        0.375,
        0.375,
        0.375
      ]
    },
    "firstperson_righthand": {
      "rotation": [
        0,
        45,
        0
      ],
      "scale": [
        0.4,
        0.4,
        0.4
      ]
    },
    "firstperson_lefthand": {
      "rotation": [
        0,
        225,
        0
      ],
      "scale": [
        0.4,
        0.4,
        0.4
      ]
    },
    "ground": {
      "translation": [
        0,
        3,
        0
      ],
      "scale": [
        0.25,
        0.25,
        0.25
      ]
    },
    "gui": {
      "rotation": [
        30,
        225,
        0
      ],
      "scale": [
        0.625,
        0.625,
        0.625
      ]
    },
    "fixed": {
      "rotation": [
        -90,
        0,
        0
      ],
      "translation": [
        0,
        0,
        -16
      ],
      "scale": [
        2,
        2,
        2
      ]
    }
  }
}