{
  "credit": "Made by Elo106",
  "texture_size": [
    32,
    32
  ],
  "textures": {
    "2": "voxelspawns_pirate:item/vs_piratehat",
    "particle": "voxelspawns_pirate:item/vs_piratehat"
  },
  "elements": [
    {
      "from": [
        0.15,
        20.8,
        1.5
      ],
      "to": [
        13.15,
        25.8,
        14.5
      ],
      "rotation": {
        "angle": 0,
        "axis": "y",
        "origin": [
          6.65,
          22.1,
          8
        ]
      },
      "faces": {
        "north": {
          "uv": [
            9.75,
            1.25,
            13,
            2.5
          ],
          "texture": "#2"
        },
        "east": {
          "uv": [
            8.75,
            10,
            12,
            11.25
          ],
          "texture": "#2"
        },
        "south": {
          "uv": [
            2.75,
            10.25,
            6,
            11.5
          ],
          "texture": "#2"
        },
        "west": {
          "uv": [
            9.75,
            0,
            13,
            1.25
          ],
          "texture": "#2"
        },
        "up": {
          "uv": [
            3.25,
            3.25,
            0,
            0
          ],
          "rotation": 270,
          "texture": "#2"
        },
        "down": {
          "uv": [
            3.25,
            3.25,
            0,
            6.5
          ],
          "rotation": 90,
          "texture": "#2"
        }
      }
    },
    {
      "from": [
        0.15,
        18.8,
        1.5
      ],
      "to": [
        13.15,
        20.8,
        14.5
      ],
      "rotation": {
        "angle": 0,
        "axis": "y",
        "origin": [
          6.65,
          20.6,
          8
        ]
      },
      "faces": {
        "north": {
          "uv": [
            10.5,
            3,
            13.75,
            3.5
          ],
          "texture": "#2"
        },
        "east": {
          "uv": [
            10.5,
            3.5,
            13.75,
            4
          ],
          "texture": "#2"
        },
        "south": {
          "uv": [
            10.5,
            4,
            13.75,
            4.5
          ],
          "texture": "#2"
        },
        "west": {
          "uv": [
            9.75,
            2.5,
            13,
            3
          ],
          "texture": "#2"
        },
        "up": {
          "uv": [
            6.5,
            3.25,
            3.25,
            0
          ],
          "rotation": 270,
          "texture": "#2"
        },
        "down": {
          "uv": [
            6.5,
            3.25,
            3.25,
            6.5
          ],
          "rotation": 90,
          "texture": "#2"
        }
      }
    },
    {
      "from": [
        11.91177,
        14.8,
        15.73769
      ],
      "to": [
        22.71177,
        22.3,
        15.73769
      ],
      "rotation": {
        "angle": -22.5,
        "axis": "y",
        "origin": [
          15.64455,
          18.55,
          18.23186
        ]
      },
      "faces": {
        "north": {
          "uv": [
            3.275,
            8.275,
            5.975,
            10.225
          ],
          "texture": "#2"
        },
        "east": {
          "uv": [
            0.025,
            0.025,
            0.025,
            1.975
          ],
          "texture": "#2"
        },
        "south": {
          "uv": [
            6.025,
            8.275,
            8.725,
            10.225
          ],
          "texture": "#2"
        },
        "west": {
          "uv": [
            0.025,
            0.025,
            0.025,
            1.975
          ],
          "texture": "#2"
        },
        "up": {
          "uv": [
            0.025,
            2.725,
            0.025,
            0.025
          ],
          "rotation": 270,
          "texture": "#2"
        },
        "down": {
          "uv": [
            0.025,
            0.025,
            0.025,
            2.725
          ],
          "rotation": 90,
          "texture": "#2"
        }
      }
    },
    {
      "from": [
        13.1496,
        14.8,
        14.49815
      ],
      "to": [
        13.1496,
        22.3,
        25.29815
      ],
      "rotation": {
        "angle": 0,
        "axis": "y",
        "origin": [
          15.64455,
          18.55,
          18.23186
        ]
      },
      "faces": {
        "north": {
          "uv": [
            0.008,
            0.008,
            0.008,
            1.742
          ],
          "texture": "#2"
        },
        "east": {
          "uv": [
            8.758,
            8.258,
            11.492,
            9.992
          ],
          "texture": "#2"
        },
        "south": {
          "uv": [
            0.008,
            0.008,
            0.008,
            1.742
          ],
          "texture": "#2"
        },
        "west": {
          "uv": [
            0.008,
            9.508,
            2.742,
            11.242
          ],
          "texture": "#2"
        },
        "up": {
          "uv": [
            0.008,
            2.742,
            0.008,
            0.008
          ],
          "texture": "#2"
        },
        "down": {
          "uv": [
            0.008,
            0.008,
            0.008,
            2.742
          ],
          "texture": "#2"
        }
      }
    },
    {
      "from": [
        -0.85,
        20.8,
        0
      ],
      "to": [
        0.15,
        27.8,
        16
      ],
      "rotation": {
        "angle": 0,
        "axis": "y",
        "origin": [
          6.3,
          20.1,
          9.7
        ]
      },
      "faces": {
        "north": {
          "uv": [
            9.008,
            11.508,
            9.242,
            13.242
          ],
          "texture": "#2"
        },
        "east": {
          "uv": [
            3.258,
            6.508,
            7.242,
            8.242
          ],
          "texture": "#2"
        },
        "south": {
          "uv": [
            9.258,
            11.508,
            9.492,
            13.242
          ],
          "texture": "#2"
        },
        "west": {
          "uv": [
            6.508,
            3.008,
            10.492,
            4.742
          ],
          "texture": "#2"
        },
        "up": {
          "uv": [
            14.492,
            6.242,
            10.508,
            6.008
          ],
          "rotation": 270,
          "texture": "#2"
        },
        "down": {
          "uv": [
            14.492,
            6.258,
            10.508,
            6.492
          ],
          "rotation": 90,
          "texture": "#2"
        }
      }
    },
    {
      "from": [
        -0.85,
        27.8,
        3
      ],
      "to": [
        0.15,
        29.8,
        13
      ],
      "rotation": {
        "angle": 0,
        "axis": "y",
        "origin": [
          6.3,
          21.6,
          13.8
        ]
      },
      "faces": {
        "north": {
          "uv": [
            2.758,
            9.508,
            2.992,
            9.992
          ],
          "texture": "#2"
        },
        "east": {
          "uv": [
            10.508,
            4.508,
            12.992,
            4.992
          ],
          "texture": "#2"
        },
        "south": {
          "uv": [
            3.008,
            9.508,
            3.242,
            9.992
          ],
          "texture": "#2"
        },
        "west": {
          "uv": [
            6.008,
            10.258,
            8.492,
            10.742
          ],
          "texture": "#2"
        },
        "up": {
          "uv": [
            8.492,
            10.992,
            6.008,
            10.758
          ],
          "rotation": 270,
          "texture": "#2"
        },
        "down": {
          "uv": [
            8.492,
            11.008,
            6.008,
            11.242
          ],
          "rotation": 90,
          "texture": "#2"
        }
      }
    },
    {
      "from": [
        -0.12851,
        20.8,
        -2.72719
      ],
      "to": [
        0.87149,
        25.8,
        0.27281
      ],
      "rotation": {
        "angle": -22.5,
        "axis": "y",
        "origin": [
          0.19649,
          28.05,
          -1.67719
        ]
      },
      "faces": {
        "north": {
          "uv": [
            11.5,
            11.25,
            11.75,
            12.5
          ],
          "texture": "#2"
        },
        "east": {
          "uv": [
            0.75,
            11.25,
            1.5,
            12.5
          ],
          "texture": "#2"
        },
        "south": {
          "uv": [
            11.75,
            11.25,
            12,
            12.5
          ],
          "texture": "#2"
        },
        "west": {
          "uv": [
            0,
            11.25,
            0.75,
            12.5
          ],
          "texture": "#2"
        },
        "up": {
          "uv": [
            1.75,
            12.75,
            1,
            12.5
          ],
          "rotation": 270,
          "texture": "#2"
        },
        "down": {
          "uv": [
            4.5,
            12.5,
            3.75,
            12.75
          ],
          "rotation": 90,
          "texture": "#2"
        }
      }
    },
    {
      "from": [
        -3.93371,
        20.8,
        -7.25525
      ],
      "to": [
        -2.93371,
        24.8,
        -4.25525
      ],
      "rotation": {
        "angle": -45,
        "axis": "y",
        "origin": [
          -3.60871,
          26.05,
          1.59475
        ]
      },
      "faces": {
        "north": {
          "uv": [
            8.5,
            10.25,
            8.75,
            11.25
          ],
          "texture": "#2"
        },
        "east": {
          "uv": [
            4.5,
            11.5,
            5.25,
            12.5
          ],
          "texture": "#2"
        },
        "south": {
          "uv": [
            12.25,
            8,
            12.5,
            9
          ],
          "texture": "#2"
        },
        "west": {
          "uv": [
            3.75,
            11.5,
            4.5,
            12.5
          ],
          "texture": "#2"
        },
        "up": {
          "uv": [
            5.25,
            12.75,
            4.5,
            12.5
          ],
          "rotation": 270,
          "texture": "#2"
        },
        "down": {
          "uv": [
            6,
            12.5,
            5.25,
            12.75
          ],
          "rotation": 90,
          "texture": "#2"
        }
      }
    },
    {
      "from": [
        16.05338,
        20.8,
        19.89061
      ],
      "to": [
        17.05338,
        24.8,
        22.89061
      ],
      "shade": false,
      "rotation": {
        "angle": -45,
        "axis": "y",
        "origin": [
          16.37838,
          25.05,
          14.44061
        ]
      },
      "faces": {
        "north": {
          "uv": [
            12.25,
            10.75,
            12.5,
            11.75
          ],
          "texture": "#2"
        },
        "east": {
          "uv": [
            6,
            11.5,
            6.75,
            12.5
          ],
          "texture": "#2"
        },
        "south": {
          "uv": [
            12.25,
            11.75,
            12.5,
            12.75
          ],
          "texture": "#2"
        },
        "west": {
          "uv": [
            5.25,
            11.5,
            6,
            12.5
          ],
          "texture": "#2"
        },
        "up": {
          "uv": [
            6.75,
            12.75,
            6,
            12.5
          ],
          "rotation": 270,
          "texture": "#2"
        },
        "down": {
          "uv": [
            7.5,
            12.5,
            6.75,
            12.75
          ],
          "rotation": 90,
          "texture": "#2"
        }
      }
    },
    {
      "from": [
        12.30208,
        20.8,
        15.56281
      ],
      "to": [
        13.30208,
        25.8,
        18.56281
      ],
      "shade": false,
      "rotation": {
        "angle": -22.5,
        "axis": "y",
        "origin": [
          12.62708,
          26.05,
          17.91281
        ]
      },
      "faces": {
        "north": {
          "uv": [
            12,
            6.75,
            12.25,
            8
          ],
          "texture": "#2"
        },
        "east": {
          "uv": [
            11.25,
            6.75,
            12,
            8
          ],
          "texture": "#2"
        },
        "south": {
          "uv": [
            12,
            9.5,
            12.25,
            10.75
          ],
          "texture": "#2"
        },
        "west": {
          "uv": [
            1.5,
            11.25,
            2.25,
            12.5
          ],
          "texture": "#2"
        },
        "up": {
          "uv": [
            13.25,
            7,
            12.5,
            6.75
          ],
          "rotation": 270,
          "texture": "#2"
        },
        "down": {
          "uv": [
            13.25,
            7,
            12.5,
            7.25
          ],
          "rotation": 90,
          "texture": "#2"
        }
      }
    },
    {
      "from": [
        13.15,
        27.8,
        3
      ],
      "to": [
        14.15,
        29.8,
        13
      ],
      "rotation": {
        "angle": 0,
        "axis": "y",
        "origin": [
          6.65,
          22.6,
          1.8
        ]
      },
      "faces": {
        "north": {
          "uv": [
            11.5,
            9.5,
            11.75,
            10
          ],
          "texture": "#2"
        },
        "east": {
          "uv": [
            10.5,
            5.5,
            13,
            6
          ],
          "texture": "#2"
        },
        "south": {
          "uv": [
            11.75,
            9.5,
            12,
            10
          ],
          "texture": "#2"
        },
        "west": {
          "uv": [
            10.5,
            5,
            13,
            5.5
          ],
          "texture": "#2"
        },
        "up": {
          "uv": [
            14,
            9.25,
            11.5,
            9
          ],
          "rotation": 270,
          "texture": "#2"
        },
        "down": {
          "uv": [
            14,
            9.25,
            11.5,
            9.5
          ],
          "rotation": 90,
          "texture": "#2"
        }
      }
    },
    {
      "from": [
        13.15,
        20.8,
        0
      ],
      "to": [
        14.15,
        27.8,
        16
      ],
      "rotation": {
        "angle": 0,
        "axis": "y",
        "origin": [
          -6.35,
          22.1,
          8.2
        ]
      },
      "faces": {
        "north": {
          "uv": [
            9.5,
            11.5,
            9.75,
            13.25
          ],
          "texture": "#2"
        },
        "east": {
          "uv": [
            7.25,
            6.5,
            11.25,
            8.25
          ],
          "texture": "#2"
        },
        "south": {
          "uv": [
            9.75,
            11.5,
            10,
            13.25
          ],
          "texture": "#2"
        },
        "west": {
          "uv": [
            6.5,
            4.75,
            10.5,
            6.5
          ],
          "texture": "#2"
        },
        "up": {
          "uv": [
            10,
            11.5,
            6,
            11.25
          ],
          "rotation": 270,
          "texture": "#2"
        },
        "down": {
          "uv": [
            15.25,
            6.5,
            11.25,
            6.75
          ],
          "rotation": 90,
          "texture": "#2"
        }
      }
    },
    {
      "from": [
        12.45515,
        20.8,
        -2.59325
      ],
      "to": [
        13.45515,
        25.8,
        0.40675
      ],
      "rotation": {
        "angle": 22.5,
        "axis": "y",
        "origin": [
          12.78015,
          26.05,
          -1.54325
        ]
      },
      "faces": {
        "north": {
          "uv": [
            12,
            10.75,
            12.25,
            12
          ],
          "texture": "#2"
        },
        "east": {
          "uv": [
            10.75,
            11.25,
            11.5,
            12.5
          ],
          "texture": "#2"
        },
        "south": {
          "uv": [
            12,
            12,
            12.25,
            13.25
          ],
          "texture": "#2"
        },
        "west": {
          "uv": [
            10,
            11.25,
            10.75,
            12.5
          ],
          "texture": "#2"
        },
        "up": {
          "uv": [
            13.25,
            7.5,
            12.5,
            7.25
          ],
          "rotation": 270,
          "texture": "#2"
        },
        "down": {
          "uv": [
            8.25,
            12.5,
            7.5,
            12.75
          ],
          "rotation": 90,
          "texture": "#2"
        }
      }
    },
    {
      "from": [
        16.33623,
        20.8,
        -7.00777
      ],
      "to": [
        17.33623,
        24.8,
        -4.00777
      ],
      "rotation": {
        "angle": 45,
        "axis": "y",
        "origin": [
          16.66123,
          27.05,
          1.84223
        ]
      },
      "faces": {
        "north": {
          "uv": [
            0,
            12.5,
            0.25,
            13.5
          ],
          "texture": "#2"
        },
        "east": {
          "uv": [
            7.5,
            11.5,
            8.25,
            12.5
          ],
          "texture": "#2"
        },
        "south": {
          "uv": [
            0.25,
            12.5,
            0.5,
            13.5
          ],
          "texture": "#2"
        },
        "west": {
          "uv": [
            6.75,
            11.5,
            7.5,
            12.5
          ],
          "texture": "#2"
        },
        "up": {
          "uv": [
            13.25,
            7.75,
            12.5,
            7.5
          ],
          "rotation": 270,
          "texture": "#2"
        },
        "down": {
          "uv": [
            13.25,
            7.75,
            12.5,
            8
          ],
          "rotation": 90,
          "texture": "#2"
        }
      }
    },
    {
      "from": [
        0.02457,
        20.8,
        15.69674
      ],
      "to": [
        1.02457,
        25.8,
        18.69674
      ],
      "shade": false,
      "rotation": {
        "angle": 22.5,
        "axis": "y",
        "origin": [
          0.34957,
          28.05,
          18.04674
        ]
      },
      "faces": {
        "north": {
          "uv": [
            12.258,
            6.758,
            12.492,
            7.992
          ],
          "texture": "#2"
        },
        "east": {
          "uv": [
            3.008,
            11.508,
            3.742,
            12.742
          ],
          "texture": "#2"
        },
        "south": {
          "uv": [
            12.258,
            9.508,
            12.492,
            10.742
          ],
          "texture": "#2"
        },
        "west": {
          "uv": [
            2.258,
            11.508,
            2.992,
            12.742
          ],
          "texture": "#2"
        },
        "up": {
          "uv": [
            13.242,
            8.242,
            12.508,
            8.008
          ],
          "rotation": 270,
          "texture": "#2"
        },
        "down": {
          "uv": [
            8.992,
            12.508,
            8.258,
            12.742
          ],
          "rotation": 90,
          "texture": "#2"
        }
      }
    },
    {
      "from": [
        -3.65087,
        20.8,
        20.1381
      ],
      "to": [
        -2.65087,
        24.8,
        23.1381
      ],
      "shade": false,
      "rotation": {
        "angle": 45,
        "axis": "y",
        "origin": [
          -3.32587,
          26.05,
          14.6881
        ]
      },
      "faces": {
        "north": {
          "uv": [
            0.5,
            12.5,
            0.75,
            13.5
          ],
          "texture": "#2"
        },
        "east": {
          "uv": [
            8.25,
            11.5,
            9,
            12.5
          ],
          "texture": "#2"
        },
        "south": {
          "uv": [
            0.75,
            12.5,
            1,
            13.5
          ],
          "texture": "#2"
        },
        "west": {
          "uv": [
            11.5,
            8,
            12.25,
            9
          ],
          "texture": "#2"
        },
        "up": {
          "uv": [
            13.25,
            8.5,
            12.5,
            8.25
          ],
          "rotation": 270,
          "texture": "#2"
        },
        "down": {
          "uv": [
            13.25,
            8.5,
            12.5,
            8.75
          ],
          "rotation": 90,
          "texture": "#2"
        }
      }
    },
    {
      "from": [
        0.15,
        2.1,
        1.5
      ],
      "to": [
        0.15,
        14.1,
        14.5
      ],
      "rotation": {
        "angle": 0,
        "axis": "y",
        "origin": [
          6.0013,
          27.9,
          8
        ]
      },
      "faces": {
        "north": {
          "uv": [
            0.008,
            0.008,
            0.008,
            2.992
          ],
          "texture": "#2"
        },
        "east": {
          "uv": [
            3.242,
            6.508,
            0.008,
            9.492
          ],
          "texture": "#2"
        },
        "south": {
          "uv": [
            0.008,
            0.008,
            0.008,
            2.992
          ],
          "texture": "#2"
        },
        "west": {
          "uv": [
            0.008,
            6.508,
            3.242,
            9.492
          ],
          "texture": "#2"
        },
        "up": {
          "uv": [
            3.242,
            0.008,
            0.008,
            0.008
          ],
          "rotation": 270,
          "texture": "#2"
        },
        "down": {
          "uv": [
            3.242,
            0.008,
            0.008,
            0.008
          ],
          "rotation": 90,
          "texture": "#2"
        }
      }
    }
  ],
  "gui_light": "front",
  "display": {
    "thirdperson_righthand": {
      "rotation": [
        90,
        0,
        -180
      ],
      "translation": [
        0,
        -2.75,
        6.25
      ],
      "scale": [
        0.5,
        0.5,
        0.5
      ]
    },
    "thirdperson_lefthand": {
      "rotation": [
        90,
        0,
        -180
      ],
      "translation": [
        0,
        -2.75,
        6.25
      ],
      "scale": [
        0.5,
        0.5,
        0.5
      ]
    },
    "firstperson_righthand": {
      "rotation": [
        -30,
        25,
        15
      ],
      "translation": [
        6,
        -6.25,
        0
      ],
      "scale": [
        0.5,
        0.5,
        0.5
      ]
    },
    "firstperson_lefthand": {
      "rotation": [
        -30,
        25,
        15
      ],
      "translation": [
        6,
        -6.25,
        0
      ],
      "scale": [
        0.5,
        0.5,
        0.5
      ]
    },
    "ground": {
      "rotation": [
        45,
        0,
        0
      ],
      "translation": [
        0.75,
        0,
        -1.75
      ],
      "scale": [
        0.42,
        0.42,
        0.42
      ]
    },
    "gui": {
      "rotation": [
        -180,
        90,
        -180
      ],
      "translation": [
        0,
        -4.5,
        0
      ],
      "scale": [
        0.57,
        0.57,
        0.57
      ]
    },
    "head": {
      "rotation": [
        1.75,
        -90,
        0
      ],
      "translation": [
        0,
        -7.75,
        1.25
      ],
      "scale": [
        1.14,
        1.14,
        1.14
      ]
    },
    "fixed": {
      "rotation": [
        90,
        90,
        -180
      ],
      "translation": [
        -0.25,
        -1.25,
        10.75
      ]
    }
  },
  "groups": [
    {
      "name": "hat",
      "origin": [
        8,
        8,
        8
      ],
      "color": 0,
      "children": [
        0,
        1,
        2,
        3,
        4,
        5,
        6,
        7,
        8,
        9,
        10,
        11,
        12,
        13,
        14,
        15,
        16
      ]
    }
  ]
}