{
	"credit": "Made by PolygonMC",
	"texture_size": [48, 48],
	"textures": {
		"3": "merry_christmasset/backpack"
	},
	"elements": [
		{
			"from": [5, -8, 5],
			"to": [11, -5, 11],
			"rotation": {"angle": 0, "axis": "y", "origin": [4, -12, 4]},
			"faces": {
				"north": {"uv": [5, 7.33333, 7, 8.33333], "texture": "#3"},
				"east": {"uv": [2.66667, 7.66667, 4.66667, 8.66667], "texture": "#3"},
				"south": {"uv": [7.66667, 2.66667, 9.66667, 3.66667], "texture": "#3"},
				"west": {"uv": [7.66667, 3.66667, 9.66667, 4.66667], "texture": "#3"},
				"up": {"uv": [7, 7.33333, 5, 5.33333], "texture": "#3"},
				"down": {"uv": [9, 5, 7, 7], "texture": "#3"}
			}
		},
		{
			"from": [4.5, -5, 4.5],
			"to": [11.5, -3, 11.5],
			"rotation": {"angle": 0, "axis": "y", "origin": [4, -12, 4]},
			"faces": {
				"north": {"uv": [7.33333, 8.33333, 9.66667, 9], "texture": "#3"},
				"east": {"uv": [9, 4.66667, 11.33333, 5.33333], "texture": "#3"},
				"south": {"uv": [9, 5.33333, 11.33333, 6], "texture": "#3"},
				"west": {"uv": [9, 6, 11.33333, 6.66667], "texture": "#3"},
				"up": {"uv": [5, 7.66667, 2.66667, 5.33333], "texture": "#3"},
				"down": {"uv": [7.66667, 2.66667, 5.33333, 5], "texture": "#3"}
			}
		},
		{
			"from": [11.39035, -2.0803, 6.375],
			"to": [11.42035, -0.7803, 9.625],
			"rotation": {"angle": 0, "axis": "z", "origin": [11.39035, -3.3803, 7.025]},
			"faces": {
				"east": {"uv": [9.66667, 4, 10.83333, 4.5], "texture": "#3"},
				"west": {"uv": [10.83333, 4, 9.66667, 4.5], "texture": "#3"}
			}
		},
		{
			"from": [10.50111, -2.99954, 6.375],
			"to": [11.80111, -2.96954, 9.625],
			"rotation": {"angle": 45, "axis": "z", "origin": [10.50111, -2.99954, 7.025]},
			"faces": {
				"up": {"uv": [7.5, 11.5, 7, 10.33333], "texture": "#3"},
				"down": {"uv": [7.5, 10.33333, 7, 11.5], "texture": "#3"}
			}
		},
		{
			"from": [9.20111, 0.10894, 6.375],
			"to": [10.50111, 0.13894, 9.625],
			"rotation": {"angle": 0, "axis": "z", "origin": [10.40615, -0.12032, 8]},
			"faces": {
				"up": {"uv": [8.16667, 11.5, 7.66667, 10.33333], "texture": "#3"},
				"down": {"uv": [8.16667, 10.33333, 7.66667, 11.5], "texture": "#3"}
			}
		},
		{
			"from": [10.28905, 0.11773, 6.375],
			"to": [11.58905, 0.14773, 9.625],
			"rotation": {"angle": -45, "axis": "z", "origin": [10.38447, -0.11264, 8]},
			"faces": {
				"up": {"uv": [8.83333, 11.5, 8.33333, 10.33333], "texture": "#3"},
				"down": {"uv": [8.83333, 10.33333, 8.33333, 11.5], "texture": "#3"}
			}
		},
		{
			"from": [8.11317, 0.11773, 6.375],
			"to": [9.41317, 0.14773, 9.625],
			"rotation": {"angle": 45, "axis": "z", "origin": [9.31775, -0.11264, 8]},
			"faces": {
				"up": {"uv": [9.5, 11.5, 9, 10.33333], "texture": "#3"},
				"down": {"uv": [9.5, 10.33333, 9, 11.5], "texture": "#3"}
			}
		},
		{
			"from": [8.28187, -3.0553, 6.375],
			"to": [8.31187, -0.7803, 9.625],
			"rotation": {"angle": 0, "axis": "z", "origin": [8.28187, -3.3803, 7.025]},
			"faces": {
				"east": {"uv": [10.83333, 3, 9.66667, 3.83333], "texture": "#3"},
				"west": {"uv": [9.66667, 3, 10.83333, 3.83333], "texture": "#3"}
			}
		},
		{
			"from": [11.37001, -1.83262, 5.4],
			"to": [12.67001, -1.80262, 10.6],
			"rotation": {"angle": 22.5, "axis": "z", "origin": [12.02001, -1.83262, 6.7]},
			"faces": {
				"up": {"uv": [4.5, 10.33333, 4, 8.66667], "texture": "#3"},
				"down": {"uv": [4.5, 8.66667, 4, 10.33333], "texture": "#3"}
			}
		},
		{
			"from": [12.60905, -1.58616, 5.4],
			"to": [13.90905, -1.55616, 10.6],
			"rotation": {"angle": 0, "axis": "z", "origin": [11.30905, -1.58616, 6.7]},
			"faces": {
				"up": {"uv": [5.16667, 11.33333, 4.66667, 9.66667], "texture": "#3"},
				"down": {"uv": [5.16667, 9.66667, 4.66667, 11.33333], "texture": "#3"}
			}
		},
		{
			"from": [13.82335, -1.95699, 5.4],
			"to": [15.12335, -1.92699, 10.6],
			"rotation": {"angle": -22.5, "axis": "z", "origin": [14.79835, -1.95699, 8]},
			"faces": {
				"up": {"uv": [5.83333, 11.33333, 5.33333, 9.66667], "texture": "#3"},
				"down": {"uv": [5.83333, 9.66667, 5.33333, 11.33333], "texture": "#3"}
			}
		},
		{
			"from": [15.77831, -3.73929, 5.4],
			"to": [15.80831, -1.78929, 10.6],
			"rotation": {"angle": 45, "axis": "z", "origin": [15.77831, -2.76429, 8]},
			"faces": {
				"east": {"uv": [9.33333, 0, 11, 0.66667], "texture": "#3"},
				"west": {"uv": [11, 0, 9.33333, 0.66667], "texture": "#3"}
			}
		},
		{
			"from": [7.68813, -3.0553, 6.375],
			"to": [7.71813, -0.7803, 9.625],
			"rotation": {"angle": 0, "axis": "z", "origin": [7.71813, -3.3803, 7.025]},
			"faces": {
				"east": {"uv": [10.83333, 3, 9.66667, 3.83333], "texture": "#3"},
				"west": {"uv": [9.66667, 3, 10.83333, 3.83333], "texture": "#3"}
			}
		},
		{
			"from": [6.58683, 0.11773, 6.375],
			"to": [7.88683, 0.14773, 9.625],
			"rotation": {"angle": -45, "axis": "z", "origin": [6.68225, -0.11264, 8]},
			"faces": {
				"up": {"uv": [9, 11.5, 9.5, 10.33333], "texture": "#3"},
				"down": {"uv": [9, 10.33333, 9.5, 11.5], "texture": "#3"}
			}
		},
		{
			"from": [5.49889, 0.10894, 6.375],
			"to": [6.79889, 0.13894, 9.625],
			"rotation": {"angle": 0, "axis": "z", "origin": [5.59385, -0.12032, 8]},
			"faces": {
				"up": {"uv": [7.66667, 11.5, 8.16667, 10.33333], "texture": "#3"},
				"down": {"uv": [7.66667, 10.33333, 8.16667, 11.5], "texture": "#3"}
			}
		},
		{
			"from": [4.41095, 0.11773, 6.375],
			"to": [5.71095, 0.14773, 9.625],
			"rotation": {"angle": 45, "axis": "z", "origin": [5.61553, -0.11264, 8]},
			"faces": {
				"up": {"uv": [8.33333, 11.5, 8.83333, 10.33333], "texture": "#3"},
				"down": {"uv": [8.33333, 10.33333, 8.83333, 11.5], "texture": "#3"}
			}
		},
		{
			"from": [4.57965, -2.0803, 6.375],
			"to": [4.60965, -0.7803, 9.625],
			"rotation": {"angle": 0, "axis": "z", "origin": [4.60965, -3.3803, 7.025]},
			"faces": {
				"east": {"uv": [9.66667, 4, 10.83333, 4.5], "texture": "#3"},
				"west": {"uv": [10.83333, 4, 9.66667, 4.5], "texture": "#3"}
			}
		},
		{
			"from": [4.19889, -2.99954, 6.375],
			"to": [5.49889, -2.96954, 9.625],
			"rotation": {"angle": -45, "axis": "z", "origin": [5.49889, -2.99954, 7.025]},
			"faces": {
				"up": {"uv": [7, 11.5, 7.5, 10.33333], "texture": "#3"},
				"down": {"uv": [7, 10.33333, 7.5, 11.5], "texture": "#3"}
			}
		},
		{
			"from": [3.32999, -1.83262, 5.4],
			"to": [4.62999, -1.80262, 10.6],
			"rotation": {"angle": -22.5, "axis": "z", "origin": [3.97999, -1.83262, 6.7]},
			"faces": {
				"up": {"uv": [4, 10.33333, 4.5, 8.66667], "texture": "#3"},
				"down": {"uv": [4, 8.66667, 4.5, 10.33333], "texture": "#3"}
			}
		},
		{
			"from": [2.09095, -1.58616, 5.4],
			"to": [3.39095, -1.55616, 10.6],
			"rotation": {"angle": 0, "axis": "z", "origin": [4.69095, -1.58616, 6.7]},
			"faces": {
				"up": {"uv": [4.66667, 11.33333, 5.16667, 9.66667], "texture": "#3"},
				"down": {"uv": [4.66667, 9.66667, 5.16667, 11.33333], "texture": "#3"}
			}
		},
		{
			"from": [0.87665, -1.95699, 5.4],
			"to": [2.17665, -1.92699, 10.6],
			"rotation": {"angle": 22.5, "axis": "z", "origin": [1.20165, -1.95699, 8]},
			"faces": {
				"up": {"uv": [5.33333, 11.33333, 5.83333, 9.66667], "texture": "#3"},
				"down": {"uv": [5.33333, 9.66667, 5.83333, 11.33333], "texture": "#3"}
			}
		},
		{
			"from": [0.19169, -3.73929, 5.4],
			"to": [0.22169, -1.78929, 10.6],
			"rotation": {"angle": -45, "axis": "z", "origin": [0.22169, -2.76429, 8]},
			"faces": {
				"east": {"uv": [9.33333, 0, 11, 0.66667], "texture": "#3"},
				"west": {"uv": [11, 0, 9.33333, 0.66667], "texture": "#3"}
			}
		},
		{
			"from": [4, -16, 4],
			"to": [12, -8, 12],
			"rotation": {"angle": 0, "axis": "y", "origin": [3, -17, 3]},
			"faces": {
				"north": {"uv": [0, 0, 2.66667, 2.66667], "texture": "#3"},
				"east": {"uv": [0, 2.66667, 2.66667, 5.33333], "texture": "#3"},
				"south": {"uv": [2.66667, 0, 5.33333, 2.66667], "texture": "#3"},
				"west": {"uv": [2.66667, 2.66667, 5.33333, 5.33333], "texture": "#3"},
				"up": {"uv": [2.66667, 8, 0, 5.33333], "texture": "#3"},
				"down": {"uv": [8, 0, 5.33333, 2.66667], "texture": "#3"}
			}
		},
		{
			"from": [10, -8, 4],
			"to": [11.5, -6, 4.5],
			"rotation": {"angle": 0, "axis": "x", "origin": [11, -8, 3]},
			"faces": {
				"north": {"uv": [6.33333, 10.66667, 6.83333, 11.33333], "texture": "#3"},
				"east": {"uv": [3, 11.66667, 3.16667, 12.33333], "texture": "#3"},
				"south": {"uv": [10.66667, 7.66667, 11.16667, 8.33333], "texture": "#3"},
				"west": {"uv": [11.66667, 3, 11.83333, 3.66667], "texture": "#3"},
				"up": {"uv": [12.16667, 9.5, 11.66667, 9.33333], "texture": "#3"}
			}
		},
		{
			"from": [10, -15, -0.5],
			"to": [11.5, -6, 0],
			"rotation": {"angle": 0, "axis": "x", "origin": [11, -8, 3]},
			"faces": {
				"north": {"uv": [2.66667, 8.66667, 3.16667, 11.66667], "texture": "#3"},
				"east": {"uv": [9.66667, 10.33333, 9.83333, 13.33333], "texture": "#3"},
				"south": {"uv": [3.33333, 8.66667, 3.83333, 11.66667], "texture": "#3"},
				"west": {"uv": [0, 10.66667, 0.16667, 13.66667], "texture": "#3"},
				"up": {"uv": [12.16667, 9.83333, 11.66667, 9.66667], "texture": "#3"},
				"down": {"uv": [10.5, 11.66667, 10, 11.83333], "texture": "#3"}
			}
		},
		{
			"from": [10, -6.5, 0],
			"to": [11.5, -6, 4],
			"rotation": {"angle": 0, "axis": "x", "origin": [8, -5.25, 1.5]},
			"faces": {
				"east": {"uv": [11, 10.33333, 12.33333, 10.5], "texture": "#3"},
				"west": {"uv": [11.33333, 6.33333, 12.66667, 6.5], "texture": "#3"},
				"up": {"uv": [10.83333, 2, 10.33333, 0.66667], "texture": "#3"},
				"down": {"uv": [1.83333, 10.33333, 1.33333, 11.66667], "texture": "#3"}
			}
		},
		{
			"from": [10, -15, 0],
			"to": [11.5, -14.5, 4],
			"rotation": {"angle": 0, "axis": "x", "origin": [8, -5.25, 1.5]},
			"faces": {
				"east": {"uv": [10.66667, 11.33333, 12, 11.5], "texture": "#3"},
				"west": {"uv": [11.33333, 10.66667, 12.66667, 10.83333], "texture": "#3"},
				"up": {"uv": [2.5, 11.66667, 2, 10.33333], "texture": "#3"},
				"down": {"uv": [4.5, 10.33333, 4, 11.66667], "texture": "#3"}
			}
		},
		{
			"from": [4.5, -8, 4],
			"to": [6, -6, 4.5],
			"rotation": {"angle": 0, "axis": "x", "origin": [5, -8, 3]},
			"faces": {
				"north": {"uv": [6.83333, 10.66667, 6.33333, 11.33333], "texture": "#3"},
				"east": {"uv": [11.83333, 3, 11.66667, 3.66667], "texture": "#3"},
				"south": {"uv": [11.16667, 7.66667, 10.66667, 8.33333], "texture": "#3"},
				"west": {"uv": [3.16667, 11.66667, 3, 12.33333], "texture": "#3"},
				"up": {"uv": [11.66667, 9.5, 12.16667, 9.33333], "texture": "#3"}
			}
		},
		{
			"from": [4.5, -6.5, 0],
			"to": [6, -6, 4],
			"rotation": {"angle": 0, "axis": "x", "origin": [8, -5.25, 1.5]},
			"faces": {
				"east": {"uv": [12.66667, 6.33333, 11.33333, 6.5], "texture": "#3"},
				"west": {"uv": [12.33333, 10.33333, 11, 10.5], "texture": "#3"},
				"up": {"uv": [10.33333, 2, 10.83333, 0.66667], "texture": "#3"},
				"down": {"uv": [1.33333, 10.33333, 1.83333, 11.66667], "texture": "#3"}
			}
		},
		{
			"from": [4.5, -15, -0.5],
			"to": [6, -6, 0],
			"rotation": {"angle": 0, "axis": "x", "origin": [5, -8, 3]},
			"faces": {
				"north": {"uv": [3.16667, 8.66667, 2.66667, 11.66667], "texture": "#3"},
				"east": {"uv": [0.16667, 10.66667, 0, 13.66667], "texture": "#3"},
				"south": {"uv": [3.83333, 8.66667, 3.33333, 11.66667], "texture": "#3"},
				"west": {"uv": [9.83333, 10.33333, 9.66667, 13.33333], "texture": "#3"},
				"up": {"uv": [11.66667, 9.83333, 12.16667, 9.66667], "texture": "#3"},
				"down": {"uv": [10, 11.66667, 10.5, 11.83333], "texture": "#3"}
			}
		},
		{
			"from": [4.5, -15, 0],
			"to": [6, -14.5, 4],
			"rotation": {"angle": 0, "axis": "x", "origin": [8, -5.25, 1.5]},
			"faces": {
				"east": {"uv": [12.66667, 10.66667, 11.33333, 10.83333], "texture": "#3"},
				"west": {"uv": [12, 11.33333, 10.66667, 11.5], "texture": "#3"},
				"up": {"uv": [2, 11.66667, 2.5, 10.33333], "texture": "#3"},
				"down": {"uv": [4, 10.33333, 4.5, 11.66667], "texture": "#3"}
			}
		},
		{
			"from": [12.75, -12.5, 6.5],
			"to": [15.75, -10, 9.5],
			"rotation": {"angle": -22.5, "axis": "z", "origin": [14.25, -9.75, 8]},
			"faces": {
				"north": {"uv": [6, 9.66667, 7, 10.5], "texture": "#3"},
				"east": {"uv": [9.66667, 6.66667, 10.66667, 7.5], "texture": "#3"},
				"south": {"uv": [9.66667, 7.66667, 10.66667, 8.5], "texture": "#3"},
				"west": {"uv": [10, 8.66667, 11, 9.5], "texture": "#3"},
				"down": {"uv": [10.66667, 2, 9.66667, 3], "texture": "#3"}
			}
		},
		{
			"from": [12.5, -10, 6.25],
			"to": [16, -9, 9.75],
			"rotation": {"angle": -22.5, "axis": "z", "origin": [14.25, -9.75, 8]},
			"faces": {
				"north": {"uv": [5.33333, 5, 6.5, 5.33333], "texture": "#3"},
				"east": {"uv": [7.66667, 4.66667, 8.83333, 5], "texture": "#3"},
				"south": {"uv": [10.66667, 2.66667, 11.83333, 3], "texture": "#3"},
				"west": {"uv": [10.66667, 7.33333, 11.83333, 7.66667], "texture": "#3"},
				"up": {"uv": [8.5, 10.16667, 7.33333, 9], "texture": "#3"},
				"down": {"uv": [9.83333, 9, 8.66667, 10.16667], "texture": "#3"}
			}
		},
		{
			"from": [6.875, -12.85, 12.045],
			"to": [7.875, -11.85, 13.045],
			"rotation": {"angle": 0, "axis": "y", "origin": [8, -11.2955, 12.275]},
			"faces": {
				"north": {"uv": [9.66667, 8.66667, 10, 9], "texture": "#3"},
				"east": {"uv": [10.66667, 8.33333, 11, 8.66667], "texture": "#3"},
				"south": {"uv": [11, 4.33333, 11.33333, 4.66667], "texture": "#3"},
				"west": {"uv": [6.66667, 5, 7, 5.33333], "texture": "#3"},
				"up": {"uv": [3.66667, 12, 3.33333, 11.66667], "rotation": 270, "texture": "#3"},
				"down": {"uv": [4, 11.66667, 3.66667, 12], "rotation": 90, "texture": "#3"}
			}
		},
		{
			"from": [6.75, -11.25, 12.365],
			"to": [9.25, -7.25, 12.395],
			"rotation": {"angle": 0, "axis": "z", "origin": [8, -11.2955, 12.375]},
			"faces": {
				"north": {"uv": [10.16667, 0.66667, 9.33333, 2], "texture": "#3"},
				"south": {"uv": [9.33333, 0.66667, 10.16667, 2], "texture": "#3"}
			}
		},
		{
			"from": [7.57138, -12.36688, 11.945],
			"to": [9.07138, -10.86688, 12.445],
			"rotation": {"angle": -45, "axis": "z", "origin": [8, -11.2955, 12.275]},
			"faces": {
				"north": {"uv": [10.66667, 10.66667, 11.16667, 11.16667], "texture": "#3"},
				"east": {"uv": [10.66667, 11.66667, 10.83333, 12.16667], "texture": "#3"},
				"south": {"uv": [11, 0, 11.5, 0.5], "texture": "#3"},
				"west": {"uv": [9.33333, 11.66667, 9.5, 12.16667], "texture": "#3"},
				"up": {"uv": [11.16667, 12.16667, 11, 11.66667], "rotation": 270, "texture": "#3"},
				"down": {"uv": [11.5, 11.66667, 11.33333, 12.16667], "rotation": 90, "texture": "#3"}
			}
		},
		{
			"from": [4, -12.75, 12.19],
			"to": [12, -8.75, 12.22],
			"rotation": {"angle": 0, "axis": "y", "origin": [8, -11.2955, 12.475]},
			"faces": {
				"north": {"uv": [9.66667, 7, 7, 8.33333], "texture": "#3"},
				"south": {"uv": [7, 7, 9.66667, 8.33333], "texture": "#3"}
			}
		},
		{
			"from": [8.125, -12.85, 12.045],
			"to": [9.125, -11.85, 13.045],
			"rotation": {"angle": 0, "axis": "y", "origin": [8, -11.2955, 12.275]},
			"faces": {
				"north": {"uv": [4, 11.66667, 4.33333, 12], "texture": "#3"},
				"east": {"uv": [11.66667, 4, 12, 4.33333], "texture": "#3"},
				"south": {"uv": [4.33333, 11.66667, 4.66667, 12], "texture": "#3"},
				"west": {"uv": [11.66667, 3.66667, 12, 4], "texture": "#3"},
				"up": {"uv": [12, 7, 11.66667, 6.66667], "rotation": 270, "texture": "#3"},
				"down": {"uv": [7.33333, 11.66667, 7, 12], "rotation": 90, "texture": "#3"}
			}
		},
		{
			"from": [7.5, -11.6, 12.045],
			"to": [8.5, -10.6, 13.045],
			"rotation": {"angle": 0, "axis": "y", "origin": [8, -11.2955, 12.275]},
			"faces": {
				"north": {"uv": [7.33333, 11.66667, 7.66667, 12], "texture": "#3"},
				"east": {"uv": [7.66667, 11.66667, 8, 12], "texture": "#3"},
				"south": {"uv": [8, 11.66667, 8.33333, 12], "texture": "#3"},
				"west": {"uv": [11.66667, 7, 12, 7.33333], "texture": "#3"},
				"up": {"uv": [8.66667, 12, 8.33333, 11.66667], "rotation": 270, "texture": "#3"},
				"down": {"uv": [12, 8.33333, 11.66667, 8.66667], "rotation": 90, "texture": "#3"}
			}
		},
		{
			"from": [3.42861, -12.86688, 12.365],
			"to": [7.42861, -10.36688, 12.395],
			"rotation": {"angle": 45, "axis": "z", "origin": [8, -11.2955, 12.375]},
			"faces": {
				"north": {"uv": [2.66667, 9.33333, 1.33333, 10.16667], "texture": "#3"},
				"south": {"uv": [1.33333, 9.33333, 2.66667, 10.16667], "texture": "#3"}
			}
		},
		{
			"from": [8.57139, -12.86688, 12.365],
			"to": [12.57139, -10.36688, 12.395],
			"rotation": {"angle": -45, "axis": "z", "origin": [8, -11.2955, 12.375]},
			"faces": {
				"north": {"uv": [1.33333, 9.33333, 2.66667, 10.16667], "texture": "#3"},
				"south": {"uv": [2.66667, 9.33333, 1.33333, 10.16667], "texture": "#3"}
			}
		},
		{
			"from": [13.75, -9, 6.75],
			"to": [14.75, -7.5, 9.25],
			"rotation": {"angle": -22.5, "axis": "z", "origin": [14.25, -9.75, 8]},
			"faces": {
				"north": {"uv": [11.66667, 0.66667, 12, 1.16667], "texture": "#3"},
				"east": {"uv": [10.66667, 2, 11.5, 2.5], "texture": "#3"},
				"south": {"uv": [1.33333, 11.66667, 1.66667, 12.16667], "texture": "#3"},
				"west": {"uv": [10.66667, 6.66667, 11.5, 7.16667], "texture": "#3"},
				"up": {"uv": [10.33333, 11.5, 10, 10.66667], "texture": "#3"},
				"down": {"uv": [10.66667, 10.66667, 10.33333, 11.5], "texture": "#3"}
			}
		},
		{
			"from": [8.32154, -3.05056, 9.33205],
			"to": [9.59654, -1.77556, 10.60705],
			"rotation": {"angle": 22.5, "axis": "y", "origin": [7.75, -2.41306, 10]},
			"faces": {
				"north": {"uv": [11.5, 8.83333, 11, 8.33333], "rotation": 270, "texture": "#3"},
				"east": {"uv": [11, 0.66667, 11.5, 1.16667], "rotation": 90, "texture": "#3"},
				"west": {"uv": [11, 3, 11.5, 3.5], "rotation": 270, "texture": "#3"},
				"up": {"uv": [11, 1.33333, 11.5, 1.83333], "texture": "#3"},
				"down": {"uv": [11, 3.66667, 11.5, 4.16667], "rotation": 180, "texture": "#3"}
			}
		},
		{
			"from": [8.10904, -3.26306, 10.60705],
			"to": [9.80904, -1.56306, 11.45705],
			"rotation": {"angle": 22.5, "axis": "y", "origin": [7.75, -2.41306, 10]},
			"faces": {
				"north": {"uv": [11.5, 9.5, 11, 9], "rotation": 270, "texture": "#3"},
				"east": {"uv": [9, 6.66667, 9.5, 7], "rotation": 90, "texture": "#3"},
				"south": {"uv": [11.5, 9.66667, 11, 10.16667], "rotation": 270, "texture": "#3"},
				"west": {"uv": [11.66667, 1.33333, 12.16667, 1.66667], "rotation": 270, "texture": "#3"},
				"up": {"uv": [11.33333, 11, 11.83333, 11.33333], "texture": "#3"},
				"down": {"uv": [1.66667, 11.66667, 2.16667, 12], "rotation": 180, "texture": "#3"}
			}
		},
		{
			"from": [6.40346, -3.05056, 9.33205],
			"to": [7.67846, -1.77556, 10.60705],
			"rotation": {"angle": -22.5, "axis": "y", "origin": [8.25, -2.41306, 10]},
			"faces": {
				"north": {"uv": [11.83333, 6.16667, 11.33333, 5.66667], "rotation": 270, "texture": "#3"},
				"east": {"uv": [11.33333, 4.33333, 11.83333, 4.83333], "rotation": 90, "texture": "#3"},
				"west": {"uv": [11.33333, 5, 11.83333, 5.5], "rotation": 270, "texture": "#3"},
				"up": {"uv": [4.66667, 11.33333, 5.16667, 11.83333], "texture": "#3"},
				"down": {"uv": [5.33333, 11.33333, 5.83333, 11.83333], "rotation": 180, "texture": "#3"}
			}
		},
		{
			"from": [6.19096, -3.26306, 10.60705],
			"to": [7.89096, -1.56306, 11.45705],
			"rotation": {"angle": -22.5, "axis": "y", "origin": [8.25, -2.41306, 10]},
			"faces": {
				"north": {"uv": [6.83333, 11.83333, 6.33333, 11.33333], "rotation": 270, "texture": "#3"},
				"east": {"uv": [11.66667, 1.66667, 12.16667, 2], "rotation": 90, "texture": "#3"},
				"south": {"uv": [11.83333, 7.66667, 11.33333, 8.16667], "rotation": 270, "texture": "#3"},
				"west": {"uv": [2.33333, 11.66667, 2.83333, 12], "rotation": 270, "texture": "#3"},
				"up": {"uv": [11.66667, 2, 12.16667, 2.33333], "texture": "#3"},
				"down": {"uv": [11.66667, 2.33333, 12.16667, 2.66667], "rotation": 180, "texture": "#3"}
			}
		},
		{
			"from": [-0.25, -15, 10.735],
			"to": [3.25, -11.5, 10.765],
			"rotation": {"angle": 22.5, "axis": "z", "origin": [1.5, -13.25, 10.75]},
			"faces": {
				"north": {"uv": [0, 9.33333, 1.16667, 10.5], "texture": "#3"},
				"south": {"uv": [1.16667, 9.33333, 0, 10.5], "texture": "#3"}
			}
		},
		{
			"from": [1, -10.5, 10.735],
			"to": [3.5, -8, 10.765],
			"rotation": {"angle": -22.5, "axis": "z", "origin": [2.25, -9.25, 10.75]},
			"faces": {
				"north": {"uv": [10, 9.66667, 10.83333, 10.5], "texture": "#3"},
				"south": {"uv": [10.83333, 9.66667, 10, 10.5], "texture": "#3"}
			}
		},
		{
			"from": [12.75, -15, 10.735],
			"to": [16.25, -11.5, 10.765],
			"rotation": {"angle": -22.5, "axis": "z", "origin": [14.5, -13.25, 10.75]},
			"faces": {
				"north": {"uv": [1.16667, 9.33333, 0, 10.5], "texture": "#3"},
				"south": {"uv": [0, 9.33333, 1.16667, 10.5], "texture": "#3"}
			}
		},
		{
			"from": [12.5, -10.5, 10.735],
			"to": [15, -8, 10.765],
			"rotation": {"angle": 22.5, "axis": "z", "origin": [13.75, -9.25, 10.75]},
			"faces": {
				"north": {"uv": [10.83333, 9.66667, 10, 10.5], "texture": "#3"},
				"south": {"uv": [10, 9.66667, 10.83333, 10.5], "texture": "#3"}
			}
		},
		{
			"from": [1.84526, -13.02193, 8.525],
			"to": [2.79526, -9.22193, 9.475],
			"rotation": {"angle": 45, "axis": "z", "origin": [1.7439, -10.31825, 9]},
			"faces": {
				"north": {"uv": [0.66667, 10.66667, 1, 12], "texture": "#3"},
				"east": {"uv": [1, 10.66667, 1.33333, 12], "texture": "#3"},
				"south": {"uv": [6, 10.66667, 6.33333, 12], "texture": "#3"},
				"west": {"uv": [0.33333, 10.66667, 0.66667, 12], "texture": "#3"},
				"up": {"uv": [9, 12, 8.66667, 11.66667], "rotation": 270, "texture": "#3"},
				"down": {"uv": [12, 8.66667, 11.66667, 9], "rotation": 90, "texture": "#3"}
			}
		},
		{
			"from": [1.37026, -10.17193, 8.525],
			"to": [1.84526, -9.22193, 9.475],
			"rotation": {"angle": 45, "axis": "z", "origin": [1.7439, -10.31825, 9]},
			"faces": {
				"north": {"uv": [11.66667, 10, 11.83333, 10.33333], "texture": "#3"},
				"south": {"uv": [11.66667, 11.66667, 11.83333, 12], "texture": "#3"},
				"up": {"uv": [12.33333, 0.16667, 12, 0], "rotation": 270, "texture": "#3"},
				"down": {"uv": [0.66667, 12, 0.33333, 12.16667], "rotation": 90, "texture": "#3"}
			}
		},
		{
			"from": [0.42026, -11.12193, 8.525],
			"to": [1.37026, -9.22193, 9.475],
			"rotation": {"angle": 45, "axis": "z", "origin": [1.7439, -10.31825, 9]},
			"faces": {
				"north": {"uv": [9.33333, 2, 9.66667, 2.66667], "texture": "#3"},
				"east": {"uv": [7, 9.66667, 7.33333, 10.33333], "texture": "#3"},
				"south": {"uv": [11.66667, 0, 12, 0.66667], "texture": "#3"},
				"west": {"uv": [4.66667, 7.66667, 5, 8.33333], "texture": "#3"},
				"up": {"uv": [9.33333, 12, 9, 11.66667], "rotation": 270, "texture": "#3"},
				"down": {"uv": [12, 9, 11.66667, 9.33333], "rotation": 90, "texture": "#3"}
			}
		},
		{
			"from": [-1.00243, -11.7169, 6.525],
			"to": [2.79757, -10.7669, 7.475],
			"rotation": {"angle": -22.5, "axis": "z", "origin": [0.0939, -11.81825, 7]},
			"faces": {
				"north": {"uv": [0.66667, 10.66667, 1, 12], "rotation": 90, "texture": "#3"},
				"east": {"uv": [12, 8.66667, 11.66667, 9], "texture": "#3"},
				"south": {"uv": [6, 10.66667, 6.33333, 12], "rotation": 270, "texture": "#3"},
				"west": {"uv": [9, 12, 8.66667, 11.66667], "rotation": 180, "texture": "#3"},
				"up": {"uv": [1, 10.66667, 1.33333, 12], "rotation": 270, "texture": "#3"},
				"down": {"uv": [0.33333, 10.66667, 0.66667, 12], "rotation": 270, "texture": "#3"}
			}
		},
		{
			"from": [-1.00243, -12.1919, 6.525],
			"to": [-0.05243, -11.7169, 7.475],
			"rotation": {"angle": -22.5, "axis": "z", "origin": [0.0939, -11.81825, 7]},
			"faces": {
				"north": {"uv": [11.66667, 10, 11.83333, 10.33333], "rotation": 90, "texture": "#3"},
				"east": {"uv": [0.66667, 12, 0.33333, 12.16667], "texture": "#3"},
				"south": {"uv": [11.66667, 11.66667, 11.83333, 12], "rotation": 270, "texture": "#3"},
				"west": {"uv": [12.33333, 0.16667, 12, 0], "rotation": 180, "texture": "#3"}
			}
		},
		{
			"from": [-1.00243, -13.1419, 6.525],
			"to": [0.89757, -12.1919, 7.475],
			"rotation": {"angle": -22.5, "axis": "z", "origin": [0.0939, -11.81825, 7]},
			"faces": {
				"north": {"uv": [9.33333, 2, 9.66667, 2.66667], "rotation": 90, "texture": "#3"},
				"east": {"uv": [12, 9, 11.66667, 9.33333], "texture": "#3"},
				"south": {"uv": [11.66667, 0, 12, 0.66667], "rotation": 270, "texture": "#3"},
				"west": {"uv": [9.33333, 12, 9, 11.66667], "rotation": 180, "texture": "#3"},
				"up": {"uv": [7, 9.66667, 7.33333, 10.33333], "rotation": 270, "texture": "#3"},
				"down": {"uv": [4.66667, 7.66667, 5, 8.33333], "rotation": 270, "texture": "#3"}
			}
		},
		{
			"from": [0.19526, -13.02193, 7.525],
			"to": [1.14526, -9.22193, 8.475],
			"rotation": {"angle": 22.5, "axis": "z", "origin": [0.0939, -10.31825, 8]},
			"faces": {
				"north": {"uv": [0.66667, 10.66667, 1, 12], "texture": "#3"},
				"east": {"uv": [1, 10.66667, 1.33333, 12], "texture": "#3"},
				"south": {"uv": [6, 10.66667, 6.33333, 12], "texture": "#3"},
				"west": {"uv": [0.33333, 10.66667, 0.66667, 12], "texture": "#3"},
				"up": {"uv": [9, 12, 8.66667, 11.66667], "rotation": 270, "texture": "#3"},
				"down": {"uv": [12, 8.66667, 11.66667, 9], "rotation": 90, "texture": "#3"}
			}
		},
		{
			"from": [-0.27974, -10.17193, 7.525],
			"to": [0.19526, -9.22193, 8.475],
			"rotation": {"angle": 22.5, "axis": "z", "origin": [0.0939, -10.31825, 8]},
			"faces": {
				"north": {"uv": [11.66667, 10, 11.83333, 10.33333], "texture": "#3"},
				"south": {"uv": [11.66667, 11.66667, 11.83333, 12], "texture": "#3"},
				"up": {"uv": [12.33333, 0.16667, 12, 0], "rotation": 270, "texture": "#3"},
				"down": {"uv": [0.66667, 12, 0.33333, 12.16667], "rotation": 90, "texture": "#3"}
			}
		},
		{
			"from": [-1.22974, -11.12193, 7.525],
			"to": [-0.27974, -9.22193, 8.475],
			"rotation": {"angle": 22.5, "axis": "z", "origin": [0.0939, -10.31825, 8]},
			"faces": {
				"north": {"uv": [9.33333, 2, 9.66667, 2.66667], "texture": "#3"},
				"east": {"uv": [7, 9.66667, 7.33333, 10.33333], "texture": "#3"},
				"south": {"uv": [11.66667, 0, 12, 0.66667], "texture": "#3"},
				"west": {"uv": [4.66667, 7.66667, 5, 8.33333], "texture": "#3"},
				"up": {"uv": [9.33333, 12, 9, 11.66667], "rotation": 270, "texture": "#3"},
				"down": {"uv": [12, 9, 11.66667, 9.33333], "rotation": 90, "texture": "#3"}
			}
		},
		{
			"from": [2.6189, -9.67193, 6.12636],
			"to": [3.5689, -8.72193, 6.60136],
			"rotation": {"angle": -22.5, "axis": "x", "origin": [3.0939, -9.81825, 6.5]},
			"faces": {
				"east": {"uv": [11.66667, 10, 11.83333, 10.33333], "texture": "#3"},
				"west": {"uv": [11.66667, 11.66667, 11.83333, 12], "texture": "#3"},
				"up": {"uv": [12.33333, 0.16667, 12, 0], "texture": "#3"},
				"down": {"uv": [0.66667, 12, 0.33333, 12.16667], "texture": "#3"}
			}
		},
		{
			"from": [2.6189, -12.52193, 6.60136],
			"to": [3.5689, -8.72193, 7.55136],
			"rotation": {"angle": -22.5, "axis": "x", "origin": [3.0939, -9.81825, 6.5]},
			"faces": {
				"north": {"uv": [0.33333, 10.66667, 0.66667, 12], "texture": "#3"},
				"east": {"uv": [0.66667, 10.66667, 1, 12], "texture": "#3"},
				"south": {"uv": [1, 10.66667, 1.33333, 12], "texture": "#3"},
				"west": {"uv": [6, 10.66667, 6.33333, 12], "texture": "#3"},
				"up": {"uv": [9, 12, 8.66667, 11.66667], "texture": "#3"},
				"down": {"uv": [12, 8.66667, 11.66667, 9], "texture": "#3"}
			}
		},
		{
			"from": [2.6189, -10.62193, 5.17636],
			"to": [3.5689, -8.72193, 6.12636],
			"rotation": {"angle": -22.5, "axis": "x", "origin": [3.0939, -9.81825, 6.5]},
			"faces": {
				"north": {"uv": [4.66667, 7.66667, 5, 8.33333], "texture": "#3"},
				"east": {"uv": [9.33333, 2, 9.66667, 2.66667], "texture": "#3"},
				"south": {"uv": [7, 9.66667, 7.33333, 10.33333], "texture": "#3"},
				"west": {"uv": [11.66667, 0, 12, 0.66667], "texture": "#3"},
				"up": {"uv": [9.33333, 12, 9, 11.66667], "texture": "#3"},
				"down": {"uv": [12, 9, 11.66667, 9.33333], "texture": "#3"}
			}
		},
		{
			"from": [10.85195, -14.77164, 6],
			"to": [14.60195, -10.77164, 10],
			"rotation": {"angle": -22.5, "axis": "z", "origin": [10.85195, -13.77164, 5.5]},
			"faces": {
				"north": {"uv": [0, 8, 1.33333, 9.33333], "texture": "#3"},
				"east": {"uv": [8, 0, 9.33333, 1.33333], "texture": "#3"},
				"south": {"uv": [1.33333, 8, 2.66667, 9.33333], "texture": "#3"},
				"west": {"uv": [8, 1.33333, 9.33333, 2.66667], "texture": "#3"},
				"up": {"uv": [6, 9.66667, 4.66667, 8.33333], "texture": "#3"},
				"down": {"uv": [7.33333, 8.33333, 6, 9.66667], "texture": "#3"}
			}
		},
		{
			"from": [1.39805, -14.77164, 6],
			"to": [5.14805, -10.77164, 10],
			"rotation": {"angle": 22.5, "axis": "z", "origin": [5.14805, -13.77164, 5.5]},
			"faces": {
				"north": {"uv": [1.33333, 8, 0, 9.33333], "texture": "#3"},
				"east": {"uv": [9.33333, 1.33333, 8, 2.66667], "texture": "#3"},
				"south": {"uv": [2.66667, 8, 1.33333, 9.33333], "texture": "#3"},
				"west": {"uv": [9.33333, 0, 8, 1.33333], "texture": "#3"},
				"up": {"uv": [4.66667, 9.66667, 6, 8.33333], "texture": "#3"},
				"down": {"uv": [6, 8.33333, 7.33333, 9.66667], "texture": "#3"}
			}
		}
	],
	"gui_light": "front",
	"display": {
		"thirdperson_righthand": {
			"rotation": [-122, 0, -180],
			"translation": [0, 1.5, -2.75],
			"scale": [0.8, 0.8, 0.8]
		},
		"thirdperson_lefthand": {
			"rotation": [66.75, 0, 0],
			"translation": [-5.5, -8.5, 12],
			"scale": [1.1, 1.1, 1.1]
		},
		"firstperson_righthand": {
			"rotation": [-26.25, 0, 0],
			"translation": [-1.5, 5.25, 0],
			"scale": [0.74414, 0.74414, 0.74414]
		},
		"firstperson_lefthand": {
			"rotation": [-26.25, 0, 0],
			"translation": [-1.5, 7.75, 0],
			"scale": [0, 0, 0]
		},
		"ground": {
			"rotation": [-40, 0, 0],
			"translation": [0, 7.5, 0],
			"scale": [0.7, 0.7, 0.7]
		},
		"gui": {
			"rotation": [0, -35, 0],
			"translation": [-0.25, 16.5, 0],
			"scale": [1.02929, 1.02929, 1.02929]
		},
		"head": {
			"translation": [0, -77, 10.25],
			"scale": [1.7, 1.7, 1.7]
		},
		"fixed": {
			"rotation": [-90, 180, 0],
			"translation": [0, 0, -18.25],
			"scale": [2.53907, 2.53907, 2.53907]
		}
	},
	"groups": [
		0,
		1,
		2,
		3,
		4,
		5,
		6,
		7,
		8,
		9,
		10,
		11,
		12,
		13,
		14,
		15,
		16,
		17,
		18,
		19,
		20,
		21,
		22,
		23,
		24,
		25,
		26,
		27,
		28,
		29,
		30,
		31,
		32,
		{
			"name": "group",
			"origin": [-6.82, 11.51256, 8.17678],
			"color": 0,
			"boneType": "",
			"children": [33, 34, 35, 36, 37, 38, 39, 40]
		},
		41,
		42,
		43,
		44,
		45,
		46,
		47,
		48,
		49,
		50,
		51,
		52,
		53,
		54,
		55,
		56,
		57,
		58,
		59,
		60,
		61,
		62,
		63
	]
}