{
	"credit": "Made by PolygonMC",
	"textures": {
		"0": "merry_christmasset/key",
		"particle": "merry_christmasset/key"
	},
	"elements": [
		{
			"from": [7.5, 8.25, 4.5],
			"to": [8.5, 9.25, 10.5],
			"rotation": {"angle": 0, "axis": "y", "origin": [7.5, 8.25, 5.5]},
			"faces": {
				"north": {"uv": [6, 5, 7, 6], "texture": "#0"},
				"east": {"uv": [0, 0, 6, 1], "texture": "#0"},
				"south": {"uv": [7, 2, 8, 3], "texture": "#0"},
				"west": {"uv": [0, 1, 6, 2], "texture": "#0"},
				"up": {"uv": [1, 8, 0, 2], "texture": "#0"},
				"down": {"uv": [2, 2, 1, 8], "texture": "#0"}
			}
		},
		{
			"from": [7.5, 6.75, 8.5],
			"to": [8.5, 7.75, 10.5],
			"rotation": {"angle": 0, "axis": "y", "origin": [7.5, 6.75, 5.5]},
			"faces": {
				"north": {"uv": [7, 3, 8, 4], "texture": "#0"},
				"east": {"uv": [6, 0, 8, 1], "texture": "#0"},
				"south": {"uv": [5, 7, 6, 8], "texture": "#0"},
				"west": {"uv": [6, 1, 8, 2], "texture": "#0"},
				"up": {"uv": [3, 8, 2, 6], "texture": "#0"},
				"down": {"uv": [7, 2, 6, 4], "texture": "#0"}
			}
		},
		{
			"from": [7.5, 7.75, 9.5],
			"to": [8.5, 8.25, 10.5],
			"rotation": {"angle": 0, "axis": "y", "origin": [7.5, 7.25, 5.5]},
			"faces": {
				"north": {"uv": [7, 6, 8, 6.5], "texture": "#0"},
				"east": {"uv": [7, 7, 8, 7.5], "texture": "#0"},
				"south": {"uv": [0, 8, 1, 8.5], "texture": "#0"},
				"west": {"uv": [8, 0, 9, 0.5], "texture": "#0"}
			}
		},
		{
			"from": [7.75, 7.25, 4.75],
			"to": [8.25, 8.25, 5.25],
			"rotation": {"angle": 0, "axis": "y", "origin": [7.75, 7.25, 4.25]},
			"faces": {
				"north": {"uv": [1, 8, 1.5, 9], "texture": "#0"},
				"east": {"uv": [8, 1, 8.5, 2], "texture": "#0"},
				"south": {"uv": [2, 8, 2.5, 9], "texture": "#0"},
				"west": {"uv": [8, 2, 8.5, 3], "texture": "#0"},
				"down": {"uv": [7.5, 8, 7, 8.5], "texture": "#0"}
			}
		},
		{
			"from": [7.75, 7.25, 5.75],
			"to": [8.25, 8.25, 6.25],
			"rotation": {"angle": 0, "axis": "y", "origin": [7.75, 7.25, 5.25]},
			"faces": {
				"north": {"uv": [3, 8, 3.5, 9], "texture": "#0"},
				"east": {"uv": [8, 3, 8.5, 4], "texture": "#0"},
				"south": {"uv": [4, 8, 4.5, 9], "texture": "#0"},
				"west": {"uv": [8, 4, 8.5, 5], "texture": "#0"},
				"down": {"uv": [9.5, 0, 9, 0.5], "texture": "#0"}
			}
		},
		{
			"from": [7.75, 7.75, 5.25],
			"to": [8.25, 8.25, 5.75],
			"rotation": {"angle": 0, "axis": "y", "origin": [7.75, 7.25, 5.25]},
			"faces": {
				"east": {"uv": [8, 7, 8.5, 7.5], "texture": "#0"},
				"west": {"uv": [8, 8, 8.5, 8.5], "texture": "#0"},
				"down": {"uv": [0.5, 9, 0, 9.5], "texture": "#0"}
			}
		},
		{
			"from": [6.57612, 9.13463, 7.5],
			"to": [8.07612, 10.63463, 8.5],
			"rotation": {"angle": 22.5, "axis": "z", "origin": [7.07612, 9.13463, 7.5]},
			"faces": {
				"north": {"uv": [2, 2, 3.5, 3.5], "texture": "#0"},
				"east": {"uv": [3, 6, 4, 7.5], "texture": "#0"},
				"south": {"uv": [2, 4, 3.5, 5.5], "texture": "#0"},
				"west": {"uv": [4, 6, 5, 7.5], "texture": "#0"},
				"up": {"uv": [7.5, 5, 6, 4], "texture": "#0"},
				"down": {"uv": [6.5, 6, 5, 7], "texture": "#0"}
			}
		},
		{
			"from": [7.5, 9.15, 7.5],
			"to": [8.5, 9.65, 8.5],
			"rotation": {"angle": 45, "axis": "y", "origin": [8, 9.4, 8]},
			"faces": {
				"north": {"uv": [5, 8, 6, 8.5], "texture": "#0"},
				"east": {"uv": [8, 5, 9, 5.5], "texture": "#0"},
				"south": {"uv": [6, 8, 7, 8.5], "texture": "#0"},
				"west": {"uv": [8, 6, 9, 6.5], "texture": "#0"},
				"up": {"uv": [8, 6, 7, 5], "texture": "#0"},
				"down": {"uv": [7, 7, 6, 8], "texture": "#0"}
			}
		},
		{
			"from": [6.03806, 9.32497, 7.25],
			"to": [7.53806, 9.35497, 8.75],
			"rotation": {"angle": 45, "axis": "z", "origin": [7.53806, 9.32597, 7.25]},
			"faces": {
				"up": {"uv": [5.5, 3.5, 4, 2], "texture": "#0"},
				"down": {"uv": [5.5, 2, 4, 3.5], "texture": "#0"}
			}
		},
		{
			"from": [6.16988, 6.84291, 7.25],
			"to": [6.19988, 8.34291, 8.75],
			"rotation": {"angle": -22.5, "axis": "z", "origin": [6.16988, 7.59291, 8]},
			"faces": {
				"east": {"uv": [5.5, 4, 4, 5.5], "texture": "#0"},
				"west": {"uv": [4, 4, 5.5, 5.5], "texture": "#0"}
			}
		},
		{
			"from": [7.92388, 9.13463, 7.5],
			"to": [9.42388, 10.63463, 8.5],
			"rotation": {"angle": -22.5, "axis": "z", "origin": [8.92388, 9.13463, 7.5]},
			"faces": {
				"north": {"uv": [3.5, 2, 2, 3.5], "texture": "#0"},
				"east": {"uv": [5, 6, 4, 7.5], "texture": "#0"},
				"south": {"uv": [3.5, 4, 2, 5.5], "texture": "#0"},
				"west": {"uv": [4, 6, 3, 7.5], "texture": "#0"},
				"up": {"uv": [6, 5, 7.5, 4], "texture": "#0"},
				"down": {"uv": [5, 6, 6.5, 7], "texture": "#0"}
			}
		},
		{
			"from": [8.46194, 9.32497, 7.25],
			"to": [9.96194, 9.35497, 8.75],
			"rotation": {"angle": -45, "axis": "z", "origin": [8.46194, 9.32597, 7.25]},
			"faces": {
				"up": {"uv": [4, 3.5, 5.5, 2], "texture": "#0"},
				"down": {"uv": [4, 2, 5.5, 3.5], "texture": "#0"}
			}
		},
		{
			"from": [9.80012, 6.84291, 7.25],
			"to": [9.83012, 8.34291, 8.75],
			"rotation": {"angle": 22.5, "axis": "z", "origin": [9.83012, 7.59291, 8]},
			"faces": {
				"east": {"uv": [5.5, 4, 4, 5.5], "texture": "#0"},
				"west": {"uv": [4, 4, 5.5, 5.5], "texture": "#0"}
			}
		}
	],
	"gui_light": "front",
	"display": {
		"thirdperson_righthand": {
			"translation": [0, 0, -1.25]
		},
		"thirdperson_lefthand": {
			"translation": [0, 0, -1.25]
		},
		"firstperson_righthand": {
			"rotation": [44.5, 0, -16],
			"translation": [-2, 4.25, 3]
		},
		"firstperson_lefthand": {
			"rotation": [44.5, 0, -16],
			"translation": [-2, 4.25, 3]
		},
		"ground": {
			"rotation": [45, 0, 0]
		},
		"gui": {
			"rotation": [-90, 135, 90],
			"translation": [0.25, -1, 0],
			"scale": [2.80664, 2.80664, 2.80664]
		},
		"head": {
			"rotation": [40, 0, 0]
		},
		"fixed": {
			"rotation": [90, -45, 90],
			"translation": [0, -1, -1.5],
			"scale": [2.57813, 2.57813, 2.57813]
		}
	}
}