{
  "credit": "Made with Blockbench",
  "texture_size": [
    32,
    32
  ],
  "textures": {
    "0": "lunar_studios:enderkariz/block_wars/sabers/blue_saber",
    "1": "lunar_studios:enderkariz/block_wars/sabers/blue_saber_anim",
    "particle": "lunar_studios:enderkariz/block_wars/sabers/blue_saber"
  },
  "elements": [
    {
      "from": [
        7,
        0,
        8
      ],
      "to": [
        8,
        6,
        9
      ],
      "rotation": {
        "angle": 45,
        "axis": "y",
        "origin": [
          7.5,
          3,
          8.5
        ]
      },
      "faces": {
        "north": {
          "uv": [
            0,
            0,
            0.5,
            3
          ],
          "texture": "#0"
        },
        "east": {
          "uv": [
            0.5,
            0,
            0,
            3
          ],
          "texture": "#0"
        },
        "south": {
          "uv": [
            0,
            0,
            0.5,
            3
          ],
          "texture": "#0"
        },
        "west": {
          "uv": [
            0.5,
            0,
            0,
            3
          ],
          "texture": "#0"
        },
        "up": {
          "uv": [
            0,
            0,
            0.25,
            0.25
          ],
          "texture": "#0"
        },
        "down": {
          "uv": [
            0,
            0,
            0.25,
            0.25
          ],
          "texture": "#0"
        }
      }
    },
    {
      "from": [
        6.91,
        -0.09,
        7.91
      ],
      "to": [
        8.09,
        6.09,
        9.09
      ],
      "rotation": {
        "angle": 45,
        "axis": "y",
        "origin": [
          7.5,
          3,
          8.5
        ]
      },
      "faces": {
        "north": {
          "uv": [
            0,
            3.25,
            0.5,
            6.25
          ],
          "texture": "#0"
        },
        "east": {
          "uv": [
            0.5,
            3.25,
            0,
            6.25
          ],
          "texture": "#0"
        },
        "south": {
          "uv": [
            0,
            3.25,
            0.5,
            6.25
          ],
          "texture": "#0"
        },
        "west": {
          "uv": [
            0.5,
            3.25,
            0,
            6.25
          ],
          "texture": "#0"
        },
        "up": {
          "uv": [
            0,
            3.25,
            0.25,
            3.5
          ],
          "texture": "#0"
        },
        "down": {
          "uv": [
            0,
            3.25,
            0.25,
            3.5
          ],
          "texture": "#0"
        }
      }
    },
    {
      "from": [
        7.25,
        5,
        9
      ],
      "to": [
        7.75,
        6,
        9.5
      ],
      "rotation": {
        "angle": 0,
        "axis": "y",
        "origin": [
          7.5,
          3,
          8.5
        ]
      },
      "faces": {
        "north": {
          "uv": [
            0.75,
            0.25,
            1,
            0.5
          ],
          "texture": "#0"
        },
        "east": {
          "uv": [
            0.75,
            0.25,
            1,
            0.5
          ],
          "texture": "#0"
        },
        "south": {
          "uv": [
            0.75,
            0.25,
            1,
            0.5
          ],
          "texture": "#0"
        },
        "west": {
          "uv": [
            0.75,
            0.25,
            1,
            0.5
          ],
          "texture": "#0"
        },
        "up": {
          "uv": [
            0.75,
            0.25,
            1,
            0.5
          ],
          "texture": "#0"
        },
        "down": {
          "uv": [
            0.75,
            0.25,
            1,
            0.5
          ],
          "texture": "#0"
        }
      }
    },
    {
      "from": [
        6.75,
        0.5,
        7.75
      ],
      "to": [
        8.25,
        1.5,
        9.25
      ],
      "rotation": {
        "angle": 45,
        "axis": "y",
        "origin": [
          7.5,
          8.75,
          8.5
        ]
      },
      "faces": {
        "north": {
          "uv": [
            0.75,
            0,
            1.5,
            0.5
          ],
          "texture": "#0"
        },
        "east": {
          "uv": [
            1.5,
            0,
            0.75,
            0.5
          ],
          "texture": "#0"
        },
        "south": {
          "uv": [
            0.75,
            0,
            1.5,
            0.5
          ],
          "texture": "#0"
        },
        "west": {
          "uv": [
            1.5,
            0,
            0.75,
            0.5
          ],
          "texture": "#0"
        },
        "up": {
          "uv": [
            0.75,
            0.75,
            1.5,
            1.5
          ],
          "texture": "#0"
        },
        "down": {
          "uv": [
            0.75,
            0.25,
            1,
            0.5
          ],
          "texture": "#0"
        }
      }
    },
    {
      "from": [
        6.5,
        -1,
        7.5
      ],
      "to": [
        8.5,
        0,
        9.5
      ],
      "rotation": {
        "angle": 0,
        "axis": "y",
        "origin": [
          7.5,
          8.75,
          8.5
        ]
      },
      "faces": {
        "north": {
          "uv": [
            1.75,
            0,
            2.75,
            0.5
          ],
          "texture": "#0"
        },
        "east": {
          "uv": [
            1.75,
            0,
            2.75,
            0.5
          ],
          "texture": "#0"
        },
        "south": {
          "uv": [
            1.75,
            0,
            2.75,
            0.5
          ],
          "texture": "#0"
        },
        "west": {
          "uv": [
            1.75,
            0,
            2.75,
            0.5
          ],
          "texture": "#0"
        },
        "up": {
          "uv": [
            1.75,
            0.75,
            2.75,
            1.75
          ],
          "texture": "#0"
        },
        "down": {
          "uv": [
            3,
            0,
            4,
            1
          ],
          "texture": "#0"
        }
      }
    },
    {
      "from": [
        6.75,
        6,
        7.75
      ],
      "to": [
        8.25,
        8,
        9.25
      ],
      "rotation": {
        "angle": 45,
        "axis": "y",
        "origin": [
          7.5,
          8.75,
          8.5
        ]
      },
      "faces": {
        "north": {
          "uv": [
            3.75,
            2.5,
            3,
            3.5
          ],
          "texture": "#0"
        },
        "east": {
          "uv": [
            3,
            2.5,
            3.75,
            3.5
          ],
          "texture": "#0"
        },
        "south": {
          "uv": [
            3.75,
            2.5,
            3,
            3.5
          ],
          "texture": "#0"
        },
        "west": {
          "uv": [
            3,
            2.5,
            3.75,
            3.5
          ],
          "texture": "#0"
        },
        "up": {
          "uv": [
            3.5,
            2.5,
            3.75,
            2.75
          ],
          "texture": "#0"
        },
        "down": {
          "uv": [
            3.5,
            2.5,
            3.75,
            2.75
          ],
          "texture": "#0"
        }
      }
    },
    {
      "from": [
        6.65,
        5.9,
        7.65
      ],
      "to": [
        8.35,
        8.1,
        9.35
      ],
      "rotation": {
        "angle": 45,
        "axis": "y",
        "origin": [
          7.5,
          8.75,
          8.5
        ]
      },
      "faces": {
        "north": {
          "uv": [
            3.75,
            1.25,
            3,
            2.25
          ],
          "texture": "#0"
        },
        "east": {
          "uv": [
            3,
            1.25,
            3.75,
            2.25
          ],
          "texture": "#0"
        },
        "south": {
          "uv": [
            3.75,
            1.25,
            3,
            2.25
          ],
          "texture": "#0"
        },
        "west": {
          "uv": [
            3,
            1.25,
            3.75,
            2.25
          ],
          "texture": "#0"
        },
        "up": {
          "uv": [
            3.5,
            1.25,
            3.75,
            1.5
          ],
          "texture": "#0"
        },
        "down": {
          "uv": [
            3.5,
            1.25,
            3.75,
            1.5
          ],
          "texture": "#0"
        }
      }
    },
    {
      "from": [
        -1.1014,
        0.1486,
        8
      ],
      "to": [
        0.8986,
        2.1486,
        9
      ],
      "rotation": {
        "angle": 45,
        "axis": "z",
        "origin": [
          7.5,
          8.75,
          8.5
        ]
      },
      "faces": {
        "north": {
          "uv": [
            0.75,
            2,
            1.75,
            3
          ],
          "rotation": 270,
          "texture": "#0"
        },
        "east": {
          "uv": [
            0.75,
            2,
            1.75,
            2.25
          ],
          "rotation": 270,
          "texture": "#0"
        },
        "south": {
          "uv": [
            0.75,
            2,
            1.75,
            3
          ],
          "texture": "#0"
        },
        "west": {
          "uv": [
            0.75,
            2.75,
            1.75,
            3
          ],
          "rotation": 270,
          "texture": "#0"
        },
        "up": {
          "uv": [
            1.5,
            3,
            1.75,
            2
          ],
          "rotation": 270,
          "texture": "#0"
        },
        "down": {
          "uv": [
            0.75,
            3,
            1,
            2
          ],
          "rotation": 270,
          "texture": "#0"
        }
      }
    },
    {
      "from": [
        -1.1914,
        0.0586,
        7.91
      ],
      "to": [
        0.9886,
        2.2386,
        9.09
      ],
      "rotation": {
        "angle": 45,
        "axis": "z",
        "origin": [
          7.5,
          8.75,
          8.5
        ]
      },
      "faces": {
        "north": {
          "uv": [
            0.75,
            3.25,
            1.75,
            4.25
          ],
          "rotation": 270,
          "texture": "#0"
        },
        "east": {
          "uv": [
            0.75,
            3.25,
            1.75,
            3.5
          ],
          "rotation": 270,
          "texture": "#0"
        },
        "south": {
          "uv": [
            0.75,
            3.25,
            1.75,
            4.25
          ],
          "texture": "#0"
        },
        "west": {
          "uv": [
            0.75,
            4,
            1.75,
            4.25
          ],
          "rotation": 270,
          "texture": "#0"
        },
        "up": {
          "uv": [
            1.5,
            4.25,
            1.75,
            3.25
          ],
          "rotation": 270,
          "texture": "#0"
        },
        "down": {
          "uv": [
            0.75,
            4.25,
            1,
            3.25
          ],
          "rotation": 270,
          "texture": "#0"
        }
      }
    },
    {
      "from": [
        7.10355,
        7.64645,
        7.75
      ],
      "to": [
        8.60355,
        9.14645,
        9.25
      ],
      "rotation": {
        "angle": -45,
        "axis": "z",
        "origin": [
          7.5,
          8.75,
          8.5
        ]
      },
      "faces": {
        "north": {
          "uv": [
            2,
            2,
            2.75,
            2.75
          ],
          "texture": "#0"
        },
        "east": {
          "uv": [
            2,
            3.75,
            2.75,
            4.5
          ],
          "texture": "#0"
        },
        "south": {
          "uv": [
            2,
            2,
            2.75,
            2.75
          ],
          "rotation": 270,
          "texture": "#0"
        },
        "west": {
          "uv": [
            2,
            2.75,
            2.75,
            3.5
          ],
          "texture": "#0"
        },
        "up": {
          "uv": [
            2,
            2.75,
            2.75,
            3.5
          ],
          "rotation": 270,
          "texture": "#0"
        },
        "down": {
          "uv": [
            2,
            3.75,
            2.75,
            4.5
          ],
          "rotation": 270,
          "texture": "#0"
        }
      }
    },
    {
      "from": [
        7,
        8,
        8
      ],
      "to": [
        8,
        31,
        9
      ],
      "rotation": {
        "angle": 45,
        "axis": "y",
        "origin": [
          7.5,
          19.5,
          8.5
        ]
      },
      "faces": {
        "north": {
          "uv": [
            4.25,
            0,
            4.75,
            11.5
          ],
          "texture": "#0"
        },
        "east": {
          "uv": [
            4.75,
            0,
            4.25,
            11.5
          ],
          "texture": "#0"
        },
        "south": {
          "uv": [
            4.25,
            0,
            4.75,
            11.5
          ],
          "texture": "#0"
        },
        "west": {
          "uv": [
            4.75,
            0,
            4.25,
            11.5
          ],
          "texture": "#0"
        },
        "up": {
          "uv": [
            4.25,
            0,
            4.75,
            0.5
          ],
          "texture": "#0"
        },
        "down": {
          "uv": [
            4.25,
            11,
            4.75,
            11.5
          ],
          "texture": "#0"
        }
      }
    },
    {
      "from": [
        6.75,
        8,
        7.75
      ],
      "to": [
        8.25,
        31.5,
        9.25
      ],
      "rotation": {
        "angle": 45,
        "axis": "y",
        "origin": [
          7.5,
          19.5,
          8.5
        ]
      },
      "faces": {
        "north": {
          "uv": [
            0,
            0,
            0.75,
            11.75
          ],
          "texture": "#1"
        },
        "east": {
          "uv": [
            0,
            0,
            0.75,
            11.75
          ],
          "texture": "#1"
        },
        "south": {
          "uv": [
            0,
            0,
            0.75,
            11.75
          ],
          "texture": "#1"
        },
        "west": {
          "uv": [
            0,
            0,
            0.75,
            11.75
          ],
          "texture": "#1"
        },
        "up": {
          "uv": [
            0,
            0,
            0.25,
            0.25
          ],
          "texture": "#1"
        },
        "down": {
          "uv": [
            0,
            11.5,
            0.25,
            11.75
          ],
          "texture": "#1"
        }
      }
    }
  ],
  "display": {
    "thirdperson_righthand": {
      "rotation": [
        0,
        80,
        0
      ],
      "translation": [
        -0.75,
        3.25,
        0.75
      ],
      "scale": [
        1.2,
        1.2,
        1.2
      ]
    },
    "thirdperson_lefthand": {
      "rotation": [
        -165.75,
        80,
        0
      ],
      "translation": [
        -1.75,
        -5.5,
        2.75
      ],
      "scale": [
        1.3,
        1.3,
        1.3
      ]
    },
    "firstperson_righthand": {
      "rotation": [
        0,
        84.25,
        0
      ],
      "translation": [
        1.75,
        3.75,
        0
      ]
    },
    "firstperson_lefthand": {
      "rotation": [
        0,
        84.25,
        0
      ],
      "translation": [
        1.75,
        3.75,
        0
      ]
    },
    "ground": {
      "translation": [
        0,
        11.25,
        0
      ]
    },
    "gui": {
      "rotation": [
        47.18,
        -6.67,
        33.74
      ],
      "translation": [
        2.25,
        -1.5,
        0
      ],
      "scale": [
        0.55273,
        0.55273,
        0.55273
      ]
    },
    "fixed": {
      "translation": [
        1,
        4.75,
        -3
      ],
      "scale": [
        3,
        3,
        3
      ]
    }
  }
}