{"credit":"Made with Blockbench","texture_size":[32,32],"textures":{"0":"lunar_studios:enderkariz/block_wars/sabers/green_saber","1":"lunar_studios:enderkariz/block_wars/sabers/green_saber_anim","particle":"lunar_studios:enderkariz/block_wars/sabers/green_saber"},"elements":[{"from":[7,5,8],"to":[8,6,9],"rotation":{"angle":45,"axis":"y","origin":[7.5,6.5,8.5]},"faces":{"north":{"uv":[2.25,1.75,1.75,2.25],"texture":"#0"},"east":{"uv":[1.75,1.75,2.25,2.25],"texture":"#0"},"south":{"uv":[2.25,1.75,1.75,2.25],"texture":"#0"},"west":{"uv":[1.75,1.75,2.25,2.25],"texture":"#0"},"up":{"uv":[1.75,1.75,2,2],"texture":"#0"},"down":{"uv":[1.75,1.75,2,2],"texture":"#0"}}},{"from":[7,-1,8],"to":[8,4.5,9],"rotation":{"angle":45,"axis":"y","origin":[7.5,2,8.5]},"faces":{"north":{"uv":[0,0,0.5,2.75],"texture":"#0"},"east":{"uv":[0.5,0,0,2.75],"texture":"#0"},"south":{"uv":[0,0,0.5,2.75],"texture":"#0"},"west":{"uv":[0.5,0,0,2.75],"texture":"#0"},"up":{"uv":[0,0,0.25,0.25],"texture":"#0"},"down":{"uv":[0,0,0.25,0.25],"texture":"#0"}}},{"from":[6.91,-1.09,7.91],"to":[8.09,4.59,9.09],"rotation":{"angle":45,"axis":"y","origin":[7.5,2,8.5]},"faces":{"north":{"uv":[0,3.25,0.5,6],"texture":"#0"},"east":{"uv":[0.5,3.25,0,6],"texture":"#0"},"south":{"uv":[0,3.25,0.5,6],"texture":"#0"},"west":{"uv":[0.5,3.25,0,6],"texture":"#0"},"up":{"uv":[0,3.25,0.25,3.5],"texture":"#0"},"down":{"uv":[0,3.25,0.25,3.5],"texture":"#0"}}},{"from":[7.25,0,9],"to":[7.75,1,9.5],"rotation":{"angle":0,"axis":"y","origin":[7.5,2,8.5]},"faces":{"north":{"uv":[1.75,0.25,2,0.5],"texture":"#0"},"east":{"uv":[1.75,0.25,2,0.5],"texture":"#0"},"south":{"uv":[1.75,0.25,2,0.5],"texture":"#0"},"west":{"uv":[1.75,0.25,2,0.5],"texture":"#0"},"up":{"uv":[1.75,0.25,2,0.5],"texture":"#0"},"down":{"uv":[1.75,0.25,2,0.5],"texture":"#0"}}},{"from":[6.75,-1.5,7.75],"to":[8.25,-0.5,9.25],"rotation":{"angle":45,"axis":"y","origin":[7.5,7.25,8.5]},"faces":{"north":{"uv":[0.75,0,1.5,0.5],"texture":"#0"},"east":{"uv":[1.5,0,0.75,0.5],"texture":"#0"},"south":{"uv":[0.75,0,1.5,0.5],"texture":"#0"},"west":{"uv":[1.5,0,0.75,0.5],"texture":"#0"},"up":{"uv":[0.75,0.75,1.5,1.5],"texture":"#0"},"down":{"uv":[0.75,1.75,1.5,2.5],"rotation":90,"texture":"#0"}}},{"from":[6.65,-1.6,7.65],"to":[8.35,-0.4,9.35],"rotation":{"angle":45,"axis":"y","origin":[7.5,7.25,8.5]},"faces":{"north":{"uv":[2.75,1,3.5,1.5],"texture":"#0"},"east":{"uv":[3.5,1,2.75,1.5],"texture":"#0"},"south":{"uv":[2.75,1,3.5,1.5],"texture":"#0"},"west":{"uv":[3.5,1,2.75,1.5],"texture":"#0"},"up":{"uv":[3,2,3.25,2.25],"texture":"#0"},"down":{"uv":[2.75,1.75,3.5,2.5],"texture":"#0"}}},{"from":[6.75,-2.5,7.75],"to":[8.25,-1.5,9.25],"rotation":{"angle":0,"axis":"y","origin":[7.5,8.25,8.5]},"faces":{"north":{"uv":[1.75,0,2.5,0.5],"texture":"#0"},"east":{"uv":[1.75,0,2.5,0.5],"texture":"#0"},"south":{"uv":[1.75,0,2.5,0.5],"texture":"#0"},"west":{"uv":[1.75,0,2.5,0.5],"texture":"#0"},"up":{"uv":[1.75,0.75,2.5,1.5],"texture":"#0"},"down":{"uv":[2.75,0,3.5,0.75],"texture":"#0"}}},{"from":[6.65,-2.6,7.65],"to":[8.35,-1.4,9.35],"rotation":{"angle":0,"axis":"y","origin":[7.5,8.25,8.5]},"faces":{"north":{"uv":[0.75,2.75,1.5,3.25],"texture":"#0"},"east":{"uv":[0.75,2.75,1.5,3.25],"texture":"#0"},"south":{"uv":[0.75,2.75,1.5,3.25],"texture":"#0"},"west":{"uv":[0.75,2.75,1.5,3.25],"texture":"#0"},"up":{"uv":[0.75,3.5,1.5,4.25],"texture":"#0"},"down":{"uv":[1.75,2.75,2.5,3.5],"texture":"#0"}}},{"from":[6.25,7,7.25],"to":[8.75,8,9.75],"rotation":{"angle":45,"axis":"y","origin":[7.5,6.5,8.5]},"faces":{"north":{"uv":[2,5.5,0.75,6],"texture":"#0"},"east":{"uv":[0.75,5.5,2,6],"texture":"#0"},"south":{"uv":[2,5.5,0.75,6],"texture":"#0"},"west":{"uv":[0.75,5.5,2,6],"texture":"#0"},"up":{"uv":[0,6.25,1.25,7.5],"texture":"#0"},"down":{"uv":[2.25,6.75,3.5,5.5],"rotation":90,"texture":"#0"}}},{"from":[6.15,6.9,7.15],"to":[8.85,8.1,9.85],"rotation":{"angle":45,"axis":"y","origin":[7.5,6.5,8.5]},"faces":{"north":{"uv":[2.75,7,1.5,7.5],"texture":"#0"},"east":{"uv":[1.5,7,2.75,7.5],"texture":"#0"},"south":{"uv":[2.75,7,1.5,7.5],"texture":"#0"},"west":{"uv":[1.5,7,2.75,7.5],"texture":"#0"},"up":{"uv":[0,3.25,0.25,3.5],"texture":"#0"},"down":{"uv":[2.25,6.75,3.5,5.5],"rotation":90,"texture":"#0"}}},{"from":[6.75,6,7.75],"to":[8.25,7,9.25],"rotation":{"angle":0,"axis":"y","origin":[7.5,6.5,8.5]},"faces":{"north":{"uv":[2.5,3.75,1.75,4.25],"texture":"#0"},"east":{"uv":[1.75,3.75,2.5,4.25],"texture":"#0"},"south":{"uv":[2.5,3.75,1.75,4.25],"texture":"#0"},"west":{"uv":[1.75,3.75,2.5,4.25],"texture":"#0"},"up":{"uv":[1.75,5.25,2.5,4.5],"texture":"#0"},"down":{"uv":[3.5,4.25,2.75,5],"rotation":90,"texture":"#0"}}},{"from":[6.65,5.9,7.65],"to":[8.35,7.1,9.35],"rotation":{"angle":0,"axis":"y","origin":[7.5,6.5,8.5]},"faces":{"north":{"uv":[1.5,4.5,0.75,5],"texture":"#0"},"east":{"uv":[0.75,4.5,1.5,5],"texture":"#0"},"south":{"uv":[1.5,4.5,0.75,5],"texture":"#0"},"west":{"uv":[0.75,4.5,1.5,5],"texture":"#0"},"up":{"uv":[1.5,3.5,1.75,3.25],"texture":"#0"},"down":{"uv":[3.5,4.25,2.75,5],"rotation":90,"texture":"#0"}}},{"from":[6.75,4.5,7.75],"to":[8.25,5,9.25],"rotation":{"angle":45,"axis":"y","origin":[7.5,8.75,8.5]},"faces":{"north":{"uv":[2.75,2.75,3.5,3],"texture":"#0"},"east":{"uv":[2.75,2.75,3.5,3],"texture":"#0"},"south":{"uv":[2.75,2.75,3.5,3],"texture":"#0"},"west":{"uv":[2.75,2.75,3.5,3],"texture":"#0"},"up":{"uv":[2.75,3.25,3.5,4],"texture":"#0"},"down":{"uv":[2.75,3.25,3.5,4],"texture":"#0"}}},{"from":[7,8,8],"to":[8,31,9],"rotation":{"angle":45,"axis":"y","origin":[7.5,19.5,8.5]},"faces":{"north":{"uv":[4.25,0,4.75,11.5],"texture":"#0"},"east":{"uv":[4.75,0,4.25,11.5],"texture":"#0"},"south":{"uv":[4.25,0,4.75,11.5],"texture":"#0"},"west":{"uv":[4.75,0,4.25,11.5],"texture":"#0"},"up":{"uv":[4.25,0,4.75,0.5],"texture":"#0"},"down":{"uv":[4.25,11,4.75,11.5],"texture":"#0"}}},{"from":[6.75,8,7.75],"to":[8.25,31.5,9.25],"rotation":{"angle":45,"axis":"y","origin":[7.5,19.5,8.5]},"faces":{"north":{"uv":[0,0,0.75,11.75],"texture":"#1"},"east":{"uv":[0,0,0.75,11.75],"texture":"#1"},"south":{"uv":[0,0,0.75,11.75],"texture":"#1"},"west":{"uv":[0,0,0.75,11.75],"texture":"#1"},"up":{"uv":[0,0,0.25,0.25],"texture":"#1"},"down":{"uv":[0,11.5,0.25,11.75],"texture":"#1"}}}],"display":{"thirdperson_righthand":{"rotation":[0,80,0],"translation":[-0.75,3.25,0.75],"scale":[1.2,1.2,1.2]},"thirdperson_lefthand":{"rotation":[-165.75,80,0],"translation":[-1.75,-5.5,2.75],"scale":[1.3,1.3,1.3]},"firstperson_righthand":{"rotation":[0,84.25,0],"translation":[1.75,3.75,0]},"firstperson_lefthand":{"rotation":[0,84.25,0],"translation":[1.75,3.75,0]},"ground":{"translation":[0,11.25,0]},"gui":{"rotation":[47.18,-6.67,33.74],"translation":[2.25,-1.5,0],"scale":[0.55273,0.55273,0.55273]},"fixed":{"translation":[1,4.75,-3],"scale":[3,3,3]}}}