{
  "credit": "MadewithBlockbench",
  "texture_size": [
    8,
    8
  ],
  "textures": {
    "0": "elitecreatures:summer_cosmetic/hula_skirt_2",
    "1": "elitecreatures:summer_cosmetic/hula_skirt_2_animate",
    "particle": "elitecreatures:summer_cosmetic/hula_skirt_2"
  },
  "elements": [
    {
      "from": [
        2,
        0,
        2
      ],
      "to": [
        14,
        3,
        5
      ],
      "faces": {
        "north": {
          "uv": [
            0,
            0,
            6,
            1.5
          ],
          "texture": "#0"
        },
        "east": {
          "uv": [
            10.5,
            0,
            9,
            1.5
          ],
          "texture": "#0"
        },
        "south": {
          "uv": [
            0,
            4.5,
            6,
            6
          ],
          "texture": "#0"
        },
        "west": {
          "uv": [
            9,
            0,
            10.5,
            1.5
          ],
          "texture": "#0"
        },
        "up": {
          "uv": [
            6,
            4.5,
            0,
            3
          ],
          "texture": "#0"
        },
        "down": {
          "uv": [
            6,
            3,
            0,
            4.5
          ],
          "texture": "#0"
        }
      }
    },
    {
      "from": [
        2,
        0,
        11
      ],
      "to": [
        14,
        3,
        14
      ],
      "rotation": {
        "angle": 0,
        "axis": "y",
        "origin": [
          0,
          0,
          16
        ]
      },
      "faces": {
        "north": {
          "uv": [
            6,
            4.5,
            0,
            6
          ],
          "texture": "#0"
        },
        "east": {
          "uv": [
            9,
            0,
            10.5,
            1.5
          ],
          "texture": "#0"
        },
        "south": {
          "uv": [
            6,
            0,
            0,
            1.5
          ],
          "texture": "#0"
        },
        "west": {
          "uv": [
            10.5,
            0,
            9,
            1.5
          ],
          "texture": "#0"
        },
        "up": {
          "uv": [
            6,
            1.5,
            0,
            3
          ],
          "texture": "#0"
        },
        "down": {
          "uv": [
            6,
            3,
            0,
            1.5
          ],
          "texture": "#0"
        }
      }
    },
    {
      "from": [
        1.9,
        -2.75,
        1.9
      ],
      "to": [
        14.1,
        0.25,
        14.1
      ],
      "rotation": {
        "angle": 0,
        "axis": "y",
        "origin": [
          0,
          0,
          16
        ]
      },
      "faces": {
        "north": {
          "uv": [
            6,
            6.5,
            0,
            8
          ],
          "texture": "#0"
        },
        "east": {
          "uv": [
            6,
            6.5,
            0,
            8
          ],
          "texture": "#0"
        },
        "south": {
          "uv": [
            6,
            6.5,
            0,
            8
          ],
          "texture": "#0"
        },
        "west": {
          "uv": [
            6,
            6.5,
            0,
            8
          ],
          "texture": "#0"
        }
      }
    },
    {
      "from": [
        11,
        0,
        5
      ],
      "to": [
        14,
        3,
        11
      ],
      "faces": {
        "east": {
          "uv": [
            6,
            0,
            9,
            1.5
          ],
          "texture": "#0"
        },
        "west": {
          "uv": [
            6,
            4.5,
            9,
            6
          ],
          "texture": "#0"
        },
        "up": {
          "uv": [
            7.5,
            4.5,
            6,
            1.5
          ],
          "texture": "#0"
        },
        "down": {
          "uv": [
            7.5,
            1.5,
            6,
            4.5
          ],
          "texture": "#0"
        }
      }
    },
    {
      "from": [
        2,
        0,
        5
      ],
      "to": [
        5,
        3,
        11
      ],
      "rotation": {
        "angle": 0,
        "axis": "y",
        "origin": [
          16,
          0,
          0
        ]
      },
      "faces": {
        "east": {
          "uv": [
            9,
            4.5,
            6,
            6
          ],
          "texture": "#0"
        },
        "west": {
          "uv": [
            9,
            0,
            6,
            1.5
          ],
          "texture": "#0"
        },
        "up": {
          "uv": [
            7.5,
            4.5,
            9,
            1.5
          ],
          "texture": "#0"
        },
        "down": {
          "uv": [
            7.5,
            1.5,
            9,
            4.5
          ],
          "texture": "#0"
        }
      }
    },
    {
      "from": [
        1.8,
        1,
        1.8
      ],
      "to": [
        14.2,
        2,
        14.2
      ],
      "faces": {
        "north": {
          "uv": [
            0,
            6,
            6,
            6.5
          ],
          "texture": "#0"
        },
        "east": {
          "uv": [
            0,
            6,
            6,
            6.5
          ],
          "texture": "#0"
        },
        "south": {
          "uv": [
            0,
            6,
            6,
            6.5
          ],
          "texture": "#0"
        },
        "west": {
          "uv": [
            0,
            6,
            6,
            6.5
          ],
          "texture": "#0"
        }
      }
    },
    {
      "from": [
        -1,
        1,
        1.5
      ],
      "to": [
        3,
        5,
        1.5
      ],
      "rotation": {
        "angle": 22.5,
        "axis": "y",
        "origin": [
          1,
          1,
          0
        ]
      },
      "faces": {
        "north": {
          "uv": [
            1,
            1,
            6.5,
            6.5
          ],
          "texture": "#1"
        },
        "south": {
          "uv": [
            1,
            1,
            6.5,
            6.5
          ],
          "texture": "#1"
        }
      }
    },
    {
      "from": [
        15.43297,
        -2.25,
        9.28912
      ],
      "to": [
        15.43297,
        1.75,
        13.28912
      ],
      "rotation": {
        "angle": -22.5,
        "axis": "y",
        "origin": [
          14.68297,
          -0.25,
          11.53912
        ]
      },
      "faces": {
        "east": {
          "uv": [
            1,
            1,
            6.5,
            6.5
          ],
          "texture": "#1"
        },
        "west": {
          "uv": [
            1,
            1,
            6.5,
            6.5
          ],
          "texture": "#1"
        }
      }
    },
    {
      "from": [
        -0.70711,
        -1.75,
        15.29289
      ],
      "to": [
        3.29289,
        2.25,
        15.29289
      ],
      "rotation": {
        "angle": -45,
        "axis": "y",
        "origin": [
          1.29289,
          0.25,
          15.29289
        ]
      },
      "faces": {
        "north": {
          "uv": [
            9.5,
            1,
            15,
            6.5
          ],
          "texture": "#1"
        },
        "south": {
          "uv": [
            9.5,
            1,
            15,
            6.5
          ],
          "texture": "#1"
        }
      }
    },
    {
      "from": [
        12.25,
        -1.5,
        0.5
      ],
      "to": [
        16.25,
        2.5,
        0.5
      ],
      "rotation": {
        "angle": -22.5,
        "axis": "y",
        "origin": [
          13,
          1,
          1
        ]
      },
      "faces": {
        "north": {
          "uv": [
            9.5,
            1,
            15,
            6.5
          ],
          "texture": "#1"
        },
        "south": {
          "uv": [
            9.5,
            1,
            15,
            6.5
          ],
          "texture": "#1"
        }
      }
    }
  ],
  "gui_light": "front",
  "display": {
    "thirdperson_righthand": {
      "rotation": [
        65,
        0,
        0
      ],
      "translation": [
        0,
        3,
        3.5
      ],
      "scale": [
        0.5,
        0.5,
        0.5
      ]
    },
    "thirdperson_lefthand": {
      "rotation": [
        65,
        0,
        0
      ],
      "translation": [
        -6,
        -2.25,
        8.5
      ],
      "scale": [
        1.36641,
        1.36641,
        1.36641
      ]
    },
    "firstperson_righthand": {
      "translation": [
        2.75,
        5,
        -2.75
      ]
    },
    "firstperson_lefthand": {
      "translation": [
        2.75,
        5,
        -2.75
      ],
      "scale": [
        0,
        0,
        0
      ]
    },
    "ground": {
      "translation": [
        0,
        7.75,
        0
      ],
      "scale": [
        0.77734,
        0.77734,
        0.77734
      ]
    },
    "gui": {
      "rotation": [
        39.6,
        -44.56,
        0.06
      ],
      "translation": [
        0,
        4.25,
        0
      ],
      "scale": [
        0.84766,
        0.84766,
        0.84766
      ]
    },
    "head": {
      "translation": [
        0,
        -45,
        -0.25
      ],
      "scale": [
        2,
        2,
        2
      ]
    },
    "fixed": {
      "rotation": [
        -90,
        0,
        0
      ],
      "translation": [
        0,
        -0.25,
        -17.25
      ],
      "scale": [
        2,
        2,
        2
      ]
    }
  },
  "groups": [
    0,
    1,
    2,
    3,
    4,
    5,
    {
      "name": "group",
      "origin": [
        13,
        1,
        1
      ],
      "color": 0,
      "children": [
        6,
        7,
        8,
        9
      ]
    }
  ]
}