{
  "credit": "Made by PolygonMC",
  "texture_size": [
    28,
    28
  ],
  "textures": {
    "3": "winterset:animations/animations_1",
    "4": "winterset:hammer"
  },
  "elements": [
    {
      "from": [
        7.5,
        1.2,
        7.5
      ],
      "to": [
        8.5,
        1.7,
        8.5
      ],
      "rotation": {
        "angle": 0,
        "axis": "y",
        "origin": [
          7.5,
          -0.3,
          7.5
        ]
      },
      "faces": {
        "north": {
          "uv": [
            2.85714,
            8,
            3.42857,
            8.28571
          ],
          "texture": "#4"
        },
        "east": {
          "uv": [
            8,
            2.85714,
            8.57143,
            3.14286
          ],
          "texture": "#4"
        },
        "south": {
          "uv": [
            8,
            4.57143,
            8.57143,
            4.85714
          ],
          "texture": "#4"
        },
        "west": {
          "uv": [
            8,
            5.14286,
            8.57143,
            5.42857
          ],
          "texture": "#4"
        }
      }
    },
    {
      "from": [
        7.5,
        19.675,
        7.5
      ],
      "to": [
        8.5,
        20.175,
        8.5
      ],
      "rotation": {
        "angle": 0,
        "axis": "y",
        "origin": [
          7.5,
          18.675,
          7.5
        ]
      },
      "faces": {
        "north": {
          "uv": [
            6.28571,
            8.57143,
            6.85714,
            8.85714
          ],
          "texture": "#4"
        },
        "east": {
          "uv": [
            9.14286,
            0,
            9.71429,
            0.28571
          ],
          "texture": "#4"
        },
        "south": {
          "uv": [
            9.14286,
            0.57143,
            9.71429,
            0.85714
          ],
          "texture": "#4"
        },
        "west": {
          "uv": [
            1.14286,
            9.14286,
            1.71429,
            9.42857
          ],
          "texture": "#4"
        }
      }
    },
    {
      "from": [
        7.4,
        6.125,
        7.4
      ],
      "to": [
        8.6,
        6.725,
        8.6
      ],
      "rotation": {
        "angle": 0,
        "axis": "y",
        "origin": [
          7.5,
          5.125,
          7.5
        ]
      },
      "faces": {
        "north": {
          "uv": [
            13.14286,
            8,
            13.85714,
            8.28571
          ],
          "texture": "#4"
        },
        "east": {
          "uv": [
            13.14286,
            8.57143,
            13.85714,
            8.85714
          ],
          "texture": "#4"
        },
        "south": {
          "uv": [
            9.14286,
            13.14286,
            9.85714,
            13.42857
          ],
          "texture": "#4"
        },
        "west": {
          "uv": [
            11.42857,
            13.14286,
            12.14286,
            13.42857
          ],
          "texture": "#4"
        },
        "up": {
          "uv": [
            7.57143,
            12.71429,
            6.85714,
            12
          ],
          "texture": "#4"
        }
      }
    },
    {
      "from": [
        7.4,
        9.575,
        7.4
      ],
      "to": [
        8.6,
        10.175,
        8.6
      ],
      "rotation": {
        "angle": 0,
        "axis": "y",
        "origin": [
          7.5,
          8.075,
          7.5
        ]
      },
      "faces": {
        "north": {
          "uv": [
            12.57143,
            13.14286,
            13.28571,
            13.42857
          ],
          "texture": "#4"
        },
        "east": {
          "uv": [
            0,
            13.71429,
            0.71429,
            14
          ],
          "texture": "#4"
        },
        "south": {
          "uv": [
            1.14286,
            13.71429,
            1.85714,
            14
          ],
          "texture": "#4"
        },
        "west": {
          "uv": [
            2.28571,
            13.71429,
            3,
            14
          ],
          "texture": "#4"
        },
        "down": {
          "uv": [
            8.71429,
            12,
            8,
            12.71429
          ],
          "texture": "#4"
        }
      }
    },
    {
      "from": [
        7.5,
        6.725,
        7.5
      ],
      "to": [
        8.5,
        9.575,
        8.5
      ],
      "rotation": {
        "angle": 0,
        "axis": "y",
        "origin": [
          8,
          8.15,
          8
        ]
      },
      "faces": {
        "north": {
          "uv": [
            5.71429,
            10.28571,
            6.28571,
            11.85714
          ],
          "texture": "#4"
        },
        "east": {
          "uv": [
            10.28571,
            8.57143,
            10.85714,
            10.14286
          ],
          "texture": "#4"
        },
        "south": {
          "uv": [
            9.14286,
            10.28571,
            9.71429,
            11.85714
          ],
          "texture": "#4"
        },
        "west": {
          "uv": [
            9.71429,
            10.28571,
            10.28571,
            11.85714
          ],
          "texture": "#4"
        }
      }
    },
    {
      "from": [
        7.4,
        10.675,
        7.4
      ],
      "to": [
        8.6,
        14.175,
        8.6
      ],
      "rotation": {
        "angle": 0,
        "axis": "y",
        "origin": [
          8,
          16.75,
          8
        ]
      },
      "faces": {
        "north": {
          "uv": [
            8.57143,
            5.71429,
            9.28571,
            7.71429
          ],
          "texture": "#4"
        },
        "east": {
          "uv": [
            0,
            9.14286,
            0.71429,
            11.14286
          ],
          "texture": "#4"
        },
        "south": {
          "uv": [
            9.14286,
            8,
            9.85714,
            10
          ],
          "texture": "#4"
        },
        "west": {
          "uv": [
            9.71429,
            0,
            10.42857,
            2
          ],
          "texture": "#4"
        }
      }
    },
    {
      "from": [
        7.4,
        2.175,
        7.4
      ],
      "to": [
        8.6,
        5.675,
        8.6
      ],
      "rotation": {
        "angle": 0,
        "axis": "y",
        "origin": [
          8,
          3.925,
          8
        ]
      },
      "faces": {
        "north": {
          "uv": [
            1.14286,
            9.71429,
            1.85714,
            11.71429
          ],
          "texture": "#4"
        },
        "east": {
          "uv": [
            9.71429,
            2.28571,
            10.42857,
            4.28571
          ],
          "texture": "#4"
        },
        "south": {
          "uv": [
            9.71429,
            4.57143,
            10.42857,
            6.57143
          ],
          "texture": "#4"
        },
        "west": {
          "uv": [
            6.28571,
            9.71429,
            7,
            11.71429
          ],
          "texture": "#4"
        }
      }
    },
    {
      "from": [
        7.25,
        5.625,
        7.25
      ],
      "to": [
        8.75,
        6.125,
        8.75
      ],
      "rotation": {
        "angle": 0,
        "axis": "y",
        "origin": [
          7.5,
          4.625,
          7.5
        ]
      },
      "faces": {
        "north": {
          "uv": [
            12.57143,
            12,
            13.42857,
            12.28571
          ],
          "texture": "#4"
        },
        "east": {
          "uv": [
            12.57143,
            12.57143,
            13.42857,
            12.85714
          ],
          "texture": "#4"
        },
        "south": {
          "uv": [
            0,
            13.14286,
            0.85714,
            13.42857
          ],
          "texture": "#4"
        },
        "west": {
          "uv": [
            13.14286,
            0,
            14,
            0.28571
          ],
          "texture": "#4"
        },
        "up": {
          "uv": [
            3.14286,
            12.28571,
            2.28571,
            11.42857
          ],
          "texture": "#4"
        },
        "down": {
          "uv": [
            11.14286,
            11.42857,
            10.28571,
            12.28571
          ],
          "texture": "#4"
        }
      }
    },
    {
      "from": [
        7.25,
        1.7,
        7.25
      ],
      "to": [
        8.75,
        2.2,
        8.75
      ],
      "rotation": {
        "angle": 0,
        "axis": "y",
        "origin": [
          7.5,
          0.7,
          7.5
        ]
      },
      "faces": {
        "north": {
          "uv": [
            13.14286,
            0.57143,
            14,
            0.85714
          ],
          "texture": "#4"
        },
        "east": {
          "uv": [
            13.14286,
            1.14286,
            14,
            1.42857
          ],
          "texture": "#4"
        },
        "south": {
          "uv": [
            13.14286,
            1.71429,
            14,
            2
          ],
          "texture": "#4"
        },
        "west": {
          "uv": [
            13.14286,
            2.28571,
            14,
            2.57143
          ],
          "texture": "#4"
        },
        "up": {
          "uv": [
            12.28571,
            11.14286,
            11.42857,
            10.28571
          ],
          "texture": "#4"
        },
        "down": {
          "uv": [
            12.28571,
            11.42857,
            11.42857,
            12.28571
          ],
          "texture": "#4"
        }
      }
    },
    {
      "from": [
        7.25,
        10.175,
        7.25
      ],
      "to": [
        8.75,
        10.675,
        8.75
      ],
      "rotation": {
        "angle": 0,
        "axis": "y",
        "origin": [
          7.5,
          9.175,
          7.5
        ]
      },
      "faces": {
        "north": {
          "uv": [
            2.85714,
            13.14286,
            3.71429,
            13.42857
          ],
          "texture": "#4"
        },
        "east": {
          "uv": [
            13.14286,
            2.85714,
            14,
            3.14286
          ],
          "texture": "#4"
        },
        "south": {
          "uv": [
            13.14286,
            3.42857,
            14,
            3.71429
          ],
          "texture": "#4"
        },
        "west": {
          "uv": [
            13.14286,
            4,
            14,
            4.28571
          ],
          "texture": "#4"
        },
        "up": {
          "uv": [
            12.85714,
            0.85714,
            12,
            0
          ],
          "texture": "#4"
        },
        "down": {
          "uv": [
            1.42857,
            12,
            0.57143,
            12.85714
          ],
          "texture": "#4"
        }
      }
    },
    {
      "from": [
        7.25,
        14.175,
        7.25
      ],
      "to": [
        8.75,
        14.675,
        8.75
      ],
      "rotation": {
        "angle": 0,
        "axis": "y",
        "origin": [
          7.5,
          13.175,
          7.5
        ]
      },
      "faces": {
        "north": {
          "uv": [
            13.14286,
            4.57143,
            14,
            4.85714
          ],
          "texture": "#4"
        },
        "east": {
          "uv": [
            13.14286,
            5.14286,
            14,
            5.42857
          ],
          "texture": "#4"
        },
        "south": {
          "uv": [
            5.71429,
            13.14286,
            6.57143,
            13.42857
          ],
          "texture": "#4"
        },
        "west": {
          "uv": [
            13.14286,
            5.71429,
            14,
            6
          ],
          "texture": "#4"
        },
        "up": {
          "uv": [
            12.85714,
            2,
            12,
            1.14286
          ],
          "texture": "#4"
        },
        "down": {
          "uv": [
            12.85714,
            2.28571,
            12,
            3.14286
          ],
          "texture": "#4"
        }
      }
    },
    {
      "from": [
        7.25,
        19.175,
        7.25
      ],
      "to": [
        8.75,
        19.675,
        8.75
      ],
      "rotation": {
        "angle": 0,
        "axis": "y",
        "origin": [
          7.5,
          11.175,
          7.5
        ]
      },
      "faces": {
        "north": {
          "uv": [
            13.14286,
            6.28571,
            14,
            6.57143
          ],
          "texture": "#4"
        },
        "east": {
          "uv": [
            6.85714,
            13.14286,
            7.71429,
            13.42857
          ],
          "texture": "#4"
        },
        "south": {
          "uv": [
            13.14286,
            6.85714,
            14,
            7.14286
          ],
          "texture": "#4"
        },
        "west": {
          "uv": [
            8,
            13.14286,
            8.85714,
            13.42857
          ],
          "texture": "#4"
        },
        "up": {
          "uv": [
            4.28571,
            12.85714,
            3.42857,
            12
          ],
          "texture": "#4"
        },
        "down": {
          "uv": [
            12.85714,
            3.42857,
            12,
            4.28571
          ],
          "texture": "#4"
        }
      }
    },
    {
      "from": [
        7.33,
        0.28,
        7.33
      ],
      "to": [
        8.67,
        1.62,
        8.67
      ],
      "rotation": {
        "angle": -45,
        "axis": "x",
        "origin": [
          8,
          0.95,
          8
        ]
      },
      "faces": {
        "north": {
          "uv": [
            12,
            8,
            12.71429,
            8.71429
          ],
          "texture": "#4"
        },
        "east": {
          "uv": [
            9.14286,
            12,
            9.85714,
            12.71429
          ],
          "texture": "#4"
        },
        "south": {
          "uv": [
            1.71429,
            12.57143,
            2.42857,
            13.28571
          ],
          "texture": "#4"
        },
        "west": {
          "uv": [
            4.57143,
            12.57143,
            5.28571,
            13.28571
          ],
          "texture": "#4"
        },
        "up": {
          "uv": [
            13.28571,
            9.85714,
            12.57143,
            9.14286
          ],
          "texture": "#4"
        },
        "down": {
          "uv": [
            11,
            12.57143,
            10.28571,
            13.28571
          ],
          "texture": "#4"
        }
      }
    },
    {
      "from": [
        7.35,
        19.575,
        8
      ],
      "to": [
        8.65,
        21.575,
        10
      ],
      "rotation": {
        "angle": -45,
        "axis": "x",
        "origin": [
          7.25,
          19.575,
          8
        ]
      },
      "faces": {
        "north": {
          "uv": [
            4,
            10.85714,
            4.71429,
            12
          ],
          "texture": "#4"
        },
        "east": {
          "uv": [
            7.42857,
            9.71429,
            8.57143,
            10.85714
          ],
          "texture": "#4"
        },
        "south": {
          "uv": [
            10.85714,
            4.57143,
            11.57143,
            5.71429
          ],
          "texture": "#4"
        },
        "west": {
          "uv": [
            2.28571,
            10.28571,
            3.42857,
            11.42857
          ],
          "texture": "#4"
        },
        "up": {
          "uv": [
            11.57143,
            6.85714,
            10.85714,
            5.71429
          ],
          "texture": "#4"
        },
        "down": {
          "uv": [
            8.14286,
            10.85714,
            7.42857,
            12
          ],
          "texture": "#4"
        }
      }
    },
    {
      "from": [
        7.1,
        19.825,
        8.25
      ],
      "to": [
        8.9,
        21.325,
        9.75
      ],
      "rotation": {
        "angle": -45,
        "axis": "x",
        "origin": [
          7.25,
          19.575,
          8
        ]
      },
      "faces": {
        "north": {
          "uv": [
            10.28571,
            10.28571,
            11.28571,
            11.14286
          ],
          "texture": "#4"
        },
        "east": {
          "uv": [
            12,
            4.57143,
            12.85714,
            5.42857
          ],
          "texture": "#4"
        },
        "south": {
          "uv": [
            10.85714,
            0,
            11.85714,
            0.85714
          ],
          "texture": "#4"
        },
        "west": {
          "uv": [
            5.71429,
            12,
            6.57143,
            12.85714
          ],
          "texture": "#4"
        },
        "up": {
          "uv": [
            11.85714,
            2,
            10.85714,
            1.14286
          ],
          "texture": "#4"
        },
        "down": {
          "uv": [
            11.85714,
            2.28571,
            10.85714,
            3.14286
          ],
          "texture": "#4"
        }
      }
    },
    {
      "from": [
        7.75,
        0.45628,
        5.53731
      ],
      "to": [
        8.25,
        1.45628,
        6.03731
      ],
      "rotation": {
        "angle": 45,
        "axis": "x",
        "origin": [
          8,
          0.33128,
          6.28731
        ]
      },
      "faces": {
        "north": {
          "uv": [
            6.28571,
            9.14286,
            6.57143,
            9.71429
          ],
          "texture": "#4"
        },
        "east": {
          "uv": [
            2.28571,
            9.71429,
            2.57143,
            10.28571
          ],
          "texture": "#4"
        },
        "south": {
          "uv": [
            0.57143,
            11.42857,
            0.85714,
            12
          ],
          "texture": "#4"
        },
        "west": {
          "uv": [
            8.57143,
            11.42857,
            8.85714,
            12
          ],
          "texture": "#4"
        },
        "up": {
          "uv": [
            4.28571,
            14,
            4,
            13.71429
          ],
          "texture": "#4"
        },
        "down": {
          "uv": [
            4.85714,
            13.71429,
            4.57143,
            14
          ],
          "texture": "#4"
        }
      }
    },
    {
      "from": [
        7.75,
        0.45628,
        6.03731
      ],
      "to": [
        8.25,
        0.95628,
        6.53731
      ],
      "rotation": {
        "angle": 45,
        "axis": "x",
        "origin": [
          8,
          0.33128,
          6.28731
        ]
      },
      "faces": {
        "east": {
          "uv": [
            5.14286,
            13.71429,
            5.42857,
            14
          ],
          "texture": "#4"
        },
        "south": {
          "uv": [
            5.71429,
            13.71429,
            6,
            14
          ],
          "texture": "#4"
        },
        "west": {
          "uv": [
            6.28571,
            13.71429,
            6.57143,
            14
          ],
          "texture": "#4"
        },
        "up": {
          "uv": [
            7.14286,
            14,
            6.85714,
            13.71429
          ],
          "texture": "#4"
        },
        "down": {
          "uv": [
            7.71429,
            13.71429,
            7.42857,
            14
          ],
          "texture": "#4"
        }
      }
    },
    {
      "from": [
        7.75,
        0.45628,
        9.96269
      ],
      "to": [
        8.25,
        1.45628,
        10.46269
      ],
      "rotation": {
        "angle": -45,
        "axis": "x",
        "origin": [
          8,
          0.33128,
          9.71269
        ]
      },
      "faces": {
        "north": {
          "uv": [
            1.71429,
            12,
            2,
            12.57143
          ],
          "texture": "#4"
        },
        "east": {
          "uv": [
            4.57143,
            12,
            4.85714,
            12.57143
          ],
          "texture": "#4"
        },
        "south": {
          "uv": [
            12,
            9.14286,
            12.28571,
            9.71429
          ],
          "texture": "#4"
        },
        "west": {
          "uv": [
            2.85714,
            12.57143,
            3.14286,
            13.14286
          ],
          "texture": "#4"
        },
        "up": {
          "uv": [
            14,
            7.71429,
            13.71429,
            7.42857
          ],
          "texture": "#4"
        },
        "down": {
          "uv": [
            8.28571,
            13.71429,
            8,
            14
          ],
          "texture": "#4"
        }
      }
    },
    {
      "from": [
        7.75,
        0.45628,
        9.46269
      ],
      "to": [
        8.25,
        0.95628,
        9.96269
      ],
      "rotation": {
        "angle": -45,
        "axis": "x",
        "origin": [
          8,
          0.33128,
          9.71269
        ]
      },
      "faces": {
        "north": {
          "uv": [
            8.57143,
            13.71429,
            8.85714,
            14
          ],
          "texture": "#4"
        },
        "east": {
          "uv": [
            9.14286,
            13.71429,
            9.42857,
            14
          ],
          "texture": "#4"
        },
        "west": {
          "uv": [
            13.71429,
            9.14286,
            14,
            9.42857
          ],
          "texture": "#4"
        },
        "up": {
          "uv": [
            10,
            14,
            9.71429,
            13.71429
          ],
          "texture": "#4"
        },
        "down": {
          "uv": [
            14,
            9.71429,
            13.71429,
            10
          ],
          "texture": "#4"
        }
      }
    },
    {
      "from": [
        7.5,
        19.16079,
        10.41421
      ],
      "to": [
        8.5,
        20.16079,
        12.41421
      ],
      "rotation": {
        "angle": -45,
        "axis": "x",
        "origin": [
          7.5,
          18.16079,
          9.41421
        ]
      },
      "faces": {
        "north": {
          "uv": [
            5.71429,
            1.71429,
            6.28571,
            2.28571
          ],
          "texture": "#4"
        },
        "east": {
          "uv": [
            11.42857,
            7.42857,
            12.57143,
            8
          ],
          "texture": "#4"
        },
        "south": {
          "uv": [
            7.42857,
            1.14286,
            8,
            1.71429
          ],
          "texture": "#4"
        },
        "west": {
          "uv": [
            12,
            5.71429,
            13.14286,
            6.28571
          ],
          "texture": "#4"
        },
        "down": {
          "uv": [
            4,
            4.57143,
            3.42857,
            5.71429
          ],
          "texture": "#4"
        }
      }
    },
    {
      "from": [
        7.5,
        20.16079,
        11.41421
      ],
      "to": [
        8.5,
        20.66079,
        12.41421
      ],
      "rotation": {
        "angle": -45,
        "axis": "x",
        "origin": [
          7.5,
          18.16079,
          9.41421
        ]
      },
      "faces": {
        "east": {
          "uv": [
            1.14286,
            13.14286,
            1.71429,
            13.42857
          ],
          "texture": "#4"
        },
        "south": {
          "uv": [
            4,
            13.14286,
            4.57143,
            13.42857
          ],
          "texture": "#4"
        },
        "west": {
          "uv": [
            3.42857,
            13.71429,
            4,
            14
          ],
          "texture": "#4"
        },
        "up": {
          "uv": [
            8.57143,
            2.85714,
            8,
            2.28571
          ],
          "texture": "#4"
        }
      }
    },
    {
      "from": [
        7.985,
        19.9679,
        9.79289
      ],
      "to": [
        8.015,
        21.9679,
        13.29289
      ],
      "rotation": {
        "angle": 0,
        "axis": "y",
        "origin": [
          7.835,
          17.9679,
          17.79289
        ]
      },
      "faces": {
        "east": {
          "uv": [
            8.28571,
            3.42857,
            6.28571,
            4.57143
          ],
          "texture": "#4"
        },
        "west": {
          "uv": [
            6.28571,
            3.42857,
            8.28571,
            4.57143
          ],
          "texture": "#4"
        }
      }
    },
    {
      "from": [
        7.95,
        21.9679,
        9.14289
      ],
      "to": [
        8.05,
        23.5679,
        11.94289
      ],
      "rotation": {
        "angle": -45,
        "axis": "x",
        "origin": [
          7.875,
          22.5179,
          10.54289
        ]
      },
      "faces": {
        "east": {
          "uv": [
            11.28571,
            6.85714,
            9.71429,
            7.71429
          ],
          "texture": "#4"
        },
        "west": {
          "uv": [
            9.71429,
            6.85714,
            11.28571,
            7.71429
          ],
          "texture": "#4"
        }
      }
    },
    {
      "from": [
        7.95,
        18.90681,
        9.53094
      ],
      "to": [
        8.05,
        20.10681,
        11.63094
      ],
      "rotation": {
        "angle": 45,
        "axis": "x",
        "origin": [
          7.875,
          19.25681,
          10.58094
        ]
      },
      "faces": {
        "east": {
          "uv": [
            12,
            8.57143,
            10.85714,
            9.28571
          ],
          "texture": "#4"
        },
        "west": {
          "uv": [
            10.85714,
            8.57143,
            12,
            9.28571
          ],
          "texture": "#4"
        }
      }
    },
    {
      "from": [
        7.985,
        -2.5,
        6.625
      ],
      "to": [
        8.015,
        1.5,
        9.375
      ],
      "rotation": {
        "angle": 45,
        "axis": "y",
        "origin": [
          8,
          -0.5,
          8
        ]
      },
      "faces": {
        "east": {
          "uv": [
            3.85714,
            0,
            2.28571,
            2.28571
          ],
          "texture": "#4"
        },
        "west": {
          "uv": [
            2.28571,
            0,
            3.85714,
            2.28571
          ],
          "texture": "#4"
        }
      }
    },
    {
      "from": [
        7.985,
        -2.5,
        6.625
      ],
      "to": [
        8.015,
        1.5,
        9.375
      ],
      "rotation": {
        "angle": -45,
        "axis": "y",
        "origin": [
          8,
          -0.5,
          8
        ]
      },
      "faces": {
        "east": {
          "uv": [
            3.85714,
            0,
            2.28571,
            2.28571
          ],
          "texture": "#4"
        },
        "west": {
          "uv": [
            2.28571,
            0,
            3.85714,
            2.28571
          ],
          "texture": "#4"
        }
      }
    },
    {
      "from": [
        7.4,
        14.175,
        7.4
      ],
      "to": [
        8.6,
        15.175,
        8.6
      ],
      "rotation": {
        "angle": 0,
        "axis": "y",
        "origin": [
          7.5,
          10.175,
          7.5
        ]
      },
      "faces": {
        "north": {
          "uv": [
            12,
            6.28571,
            12.71429,
            6.85714
          ],
          "texture": "#4"
        },
        "east": {
          "uv": [
            12.57143,
            7.42857,
            13.28571,
            8
          ],
          "texture": "#4"
        },
        "south": {
          "uv": [
            11.42857,
            12.57143,
            12.14286,
            13.14286
          ],
          "texture": "#4"
        },
        "west": {
          "uv": [
            12.57143,
            11.42857,
            13.28571,
            12
          ],
          "texture": "#4"
        },
        "up": {
          "uv": [
            13.28571,
            11,
            12.57143,
            10.28571
          ],
          "texture": "#4"
        }
      }
    },
    {
      "from": [
        7.985,
        15.175,
        7.15
      ],
      "to": [
        8.015,
        16.675,
        8.85
      ],
      "rotation": {
        "angle": 45,
        "axis": "y",
        "origin": [
          8,
          15.925,
          8
        ]
      },
      "faces": {
        "east": {
          "uv": [
            11.85714,
            3.42857,
            10.85714,
            4.28571
          ],
          "texture": "#4"
        },
        "west": {
          "uv": [
            10.85714,
            3.42857,
            11.85714,
            4.28571
          ],
          "texture": "#4"
        }
      }
    },
    {
      "from": [
        7.985,
        15.175,
        7.15
      ],
      "to": [
        8.015,
        16.675,
        8.85
      ],
      "rotation": {
        "angle": -45,
        "axis": "y",
        "origin": [
          8,
          15.925,
          8
        ]
      },
      "faces": {
        "east": {
          "uv": [
            11.85714,
            3.42857,
            10.85714,
            4.28571
          ],
          "texture": "#4"
        },
        "west": {
          "uv": [
            10.85714,
            3.42857,
            11.85714,
            4.28571
          ],
          "texture": "#4"
        }
      }
    },
    {
      "from": [
        7.4,
        18.675,
        7.4
      ],
      "to": [
        8.6,
        19.675,
        8.6
      ],
      "rotation": {
        "angle": 0,
        "axis": "y",
        "origin": [
          7.5,
          23.675,
          7.5
        ]
      },
      "faces": {
        "north": {
          "uv": [
            12,
            6.85714,
            12.71429,
            6.28571
          ],
          "texture": "#4"
        },
        "east": {
          "uv": [
            12.57143,
            8,
            13.28571,
            7.42857
          ],
          "texture": "#4"
        },
        "south": {
          "uv": [
            11.42857,
            13.14286,
            12.14286,
            12.57143
          ],
          "texture": "#4"
        },
        "west": {
          "uv": [
            12.57143,
            12,
            13.28571,
            11.42857
          ],
          "texture": "#4"
        },
        "down": {
          "uv": [
            13.28571,
            10.28571,
            12.57143,
            11
          ],
          "texture": "#4"
        }
      }
    },
    {
      "from": [
        7.985,
        17.175,
        7.15
      ],
      "to": [
        8.015,
        18.675,
        8.85
      ],
      "rotation": {
        "angle": 45,
        "axis": "y",
        "origin": [
          8,
          17.925,
          8
        ]
      },
      "faces": {
        "east": {
          "uv": [
            11.85714,
            4.28571,
            10.85714,
            3.42857
          ],
          "texture": "#4"
        },
        "west": {
          "uv": [
            10.85714,
            4.28571,
            11.85714,
            3.42857
          ],
          "texture": "#4"
        }
      }
    },
    {
      "from": [
        7.985,
        17.175,
        7.15
      ],
      "to": [
        8.015,
        18.675,
        8.85
      ],
      "rotation": {
        "angle": -45,
        "axis": "y",
        "origin": [
          8,
          17.925,
          8
        ]
      },
      "faces": {
        "east": {
          "uv": [
            11.85714,
            4.28571,
            10.85714,
            3.42857
          ],
          "texture": "#4"
        },
        "west": {
          "uv": [
            10.85714,
            4.28571,
            11.85714,
            3.42857
          ],
          "texture": "#4"
        }
      }
    },
    {
      "from": [
        8.8,
        17.95,
        5
      ],
      "to": [
        8.8,
        23.95,
        11
      ],
      "rotation": {
        "angle": 0,
        "axis": "y",
        "origin": [
          16,
          12.9,
          5
        ]
      },
      "faces": {
        "east": {
          "uv": [
            14,
            2,
            2,
            14
          ],
          "texture": "#3"
        }
      }
    },
    {
      "from": [
        7.2,
        17.95,
        5
      ],
      "to": [
        7.2,
        23.95,
        11
      ],
      "rotation": {
        "angle": 0,
        "axis": "y",
        "origin": [
          0,
          12.9,
          5
        ]
      },
      "faces": {
        "west": {
          "uv": [
            2,
            2,
            14,
            14
          ],
          "texture": "#3"
        }
      }
    },
    {
      "from": [
        6.25,
        19.25,
        2
      ],
      "to": [
        9.75,
        22.75,
        5
      ],
      "rotation": {
        "angle": 45,
        "axis": "z",
        "origin": [
          8,
          21,
          4
        ]
      },
      "faces": {
        "north": {
          "uv": [
            0,
            0,
            2,
            2
          ],
          "texture": "#4"
        },
        "east": {
          "uv": [
            2.28571,
            2.28571,
            4,
            4.28571
          ],
          "texture": "#4"
        },
        "south": {
          "uv": [
            0,
            2.28571,
            2,
            4.28571
          ],
          "texture": "#4"
        },
        "west": {
          "uv": [
            4,
            0,
            5.71429,
            2
          ],
          "texture": "#4"
        },
        "up": {
          "uv": [
            6,
            4,
            4,
            2.28571
          ],
          "texture": "#4"
        },
        "down": {
          "uv": [
            6,
            4,
            4,
            5.71429
          ],
          "texture": "#4"
        }
      }
    },
    {
      "from": [
        6.75,
        19.75,
        5
      ],
      "to": [
        9.25,
        22.25,
        6
      ],
      "rotation": {
        "angle": 45,
        "axis": "z",
        "origin": [
          8,
          21,
          4
        ]
      },
      "faces": {
        "east": {
          "uv": [
            5.14286,
            10.85714,
            5.71429,
            12.28571
          ],
          "texture": "#4"
        },
        "west": {
          "uv": [
            0,
            11.42857,
            0.57143,
            12.85714
          ],
          "texture": "#4"
        },
        "up": {
          "uv": [
            12.28571,
            10.28571,
            10.85714,
            9.71429
          ],
          "texture": "#4"
        },
        "down": {
          "uv": [
            12.85714,
            6.85714,
            11.42857,
            7.42857
          ],
          "texture": "#4"
        }
      }
    },
    {
      "from": [
        6.5,
        19.5,
        6
      ],
      "to": [
        9.5,
        22.5,
        7
      ],
      "rotation": {
        "angle": 45,
        "axis": "z",
        "origin": [
          8,
          21,
          4
        ]
      },
      "faces": {
        "north": {
          "uv": [
            0,
            4.57143,
            1.71429,
            6.28571
          ],
          "texture": "#4"
        },
        "east": {
          "uv": [
            8.57143,
            9.71429,
            9.14286,
            11.42857
          ],
          "texture": "#4"
        },
        "south": {
          "uv": [
            1.71429,
            4.57143,
            3.42857,
            6.28571
          ],
          "texture": "#4"
        },
        "west": {
          "uv": [
            3.42857,
            10.28571,
            4,
            12
          ],
          "texture": "#4"
        },
        "up": {
          "uv": [
            5.71429,
            10.85714,
            4,
            10.28571
          ],
          "texture": "#4"
        },
        "down": {
          "uv": [
            12,
            8,
            10.28571,
            8.57143
          ],
          "texture": "#4"
        }
      }
    },
    {
      "from": [
        6.5,
        19.5,
        1
      ],
      "to": [
        9.5,
        22.5,
        4
      ],
      "rotation": {
        "angle": 0,
        "axis": "y",
        "origin": [
          6.5,
          0,
          -1
        ]
      },
      "faces": {
        "north": {
          "uv": [
            5.71429,
            0,
            7.42857,
            1.71429
          ],
          "texture": "#4"
        },
        "south": {
          "uv": [
            3.42857,
            5.71429,
            5.14286,
            7.42857
          ],
          "texture": "#4"
        }
      }
    },
    {
      "from": [
        6.5,
        21.81179,
        1.45984
      ],
      "to": [
        9.5,
        23.81179,
        4.45984
      ],
      "rotation": {
        "angle": 22.5,
        "axis": "x",
        "origin": [
          8,
          23.31179,
          2.95984
        ]
      },
      "faces": {
        "north": {
          "uv": [
            6.28571,
            4.57143,
            8,
            5.71429
          ],
          "texture": "#4"
        },
        "east": {
          "uv": [
            6.85714,
            5.71429,
            8.57143,
            6.85714
          ],
          "texture": "#4"
        },
        "south": {
          "uv": [
            6.85714,
            6.85714,
            8.57143,
            8
          ],
          "texture": "#4"
        },
        "west": {
          "uv": [
            7.42857,
            0,
            9.14286,
            1.14286
          ],
          "texture": "#4"
        },
        "up": {
          "uv": [
            6.85714,
            7.42857,
            5.14286,
            5.71429
          ],
          "texture": "#4"
        }
      }
    },
    {
      "from": [
        6.5,
        18.18821,
        1.45984
      ],
      "to": [
        9.5,
        20.18821,
        4.45984
      ],
      "rotation": {
        "angle": -22.5,
        "axis": "x",
        "origin": [
          8,
          18.68821,
          2.95984
        ]
      },
      "faces": {
        "north": {
          "uv": [
            3.42857,
            7.42857,
            5.14286,
            8.57143
          ],
          "texture": "#4"
        },
        "east": {
          "uv": [
            5.14286,
            7.42857,
            6.85714,
            8.57143
          ],
          "texture": "#4"
        },
        "south": {
          "uv": [
            0,
            8,
            1.71429,
            9.14286
          ],
          "texture": "#4"
        },
        "west": {
          "uv": [
            8,
            1.14286,
            9.71429,
            2.28571
          ],
          "texture": "#4"
        },
        "down": {
          "uv": [
            1.71429,
            6.28571,
            0,
            8
          ],
          "texture": "#4"
        }
      }
    },
    {
      "from": [
        5.18821,
        19.5,
        1.45984
      ],
      "to": [
        7.18821,
        22.5,
        4.45984
      ],
      "rotation": {
        "angle": 22.5,
        "axis": "y",
        "origin": [
          5.68821,
          21,
          2.95984
        ]
      },
      "faces": {
        "north": {
          "uv": [
            1.71429,
            8,
            2.85714,
            9.71429
          ],
          "texture": "#4"
        },
        "south": {
          "uv": [
            6.85714,
            8,
            8,
            9.71429
          ],
          "texture": "#4"
        },
        "west": {
          "uv": [
            1.71429,
            6.28571,
            3.42857,
            8
          ],
          "texture": "#4"
        },
        "up": {
          "uv": [
            9.14286,
            9.71429,
            8,
            8
          ],
          "texture": "#4"
        },
        "down": {
          "uv": [
            9.71429,
            2.28571,
            8.57143,
            4
          ],
          "texture": "#4"
        }
      }
    },
    {
      "from": [
        8.81179,
        19.5,
        1.45984
      ],
      "to": [
        10.81179,
        22.5,
        4.45984
      ],
      "rotation": {
        "angle": -22.5,
        "axis": "y",
        "origin": [
          10.31179,
          21,
          2.95984
        ]
      },
      "faces": {
        "north": {
          "uv": [
            2.85714,
            8.57143,
            4,
            10.28571
          ],
          "texture": "#4"
        },
        "east": {
          "uv": [
            6.28571,
            1.71429,
            8,
            3.42857
          ],
          "texture": "#4"
        },
        "south": {
          "uv": [
            4,
            8.57143,
            5.14286,
            10.28571
          ],
          "texture": "#4"
        },
        "up": {
          "uv": [
            9.71429,
            5.71429,
            8.57143,
            4
          ],
          "texture": "#4"
        },
        "down": {
          "uv": [
            6.28571,
            8.57143,
            5.14286,
            10.28571
          ],
          "texture": "#4"
        }
      }
    }
  ],
  "gui_light": "front",
  "display": {
    "thirdperson_righthand": {
      "translation": [
        0,
        -2.25,
        1
      ]
    },
    "thirdperson_lefthand": {
      "translation": [
        0,
        -2.25,
        1
      ]
    },
    "firstperson_righthand": {
      "rotation": [
        -10,
        0,
        0
      ],
      "translation": [
        0,
        -1.5,
        1
      ]
    },
    "firstperson_lefthand": {
      "rotation": [
        -10,
        0,
        0
      ],
      "translation": [
        0,
        -1.5,
        1
      ]
    },
    "ground": {
      "rotation": [
        -45,
        0,
        0
      ],
      "translation": [
        0,
        4.25,
        0
      ],
      "scale": [
        0.7,
        0.7,
        0.7
      ]
    },
    "gui": {
      "rotation": [
        -90,
        45,
        90
      ],
      "translation": [
        2.75,
        -2,
        0
      ],
      "scale": [
        0.7,
        0.7,
        0.7
      ]
    },
    "head": {
      "rotation": [
        0,
        -90,
        0
      ]
    },
    "fixed": {
      "rotation": [
        0,
        -90,
        0
      ],
      "translation": [
        0,
        -5.75,
        -1.25
      ],
      "scale": [
        2,
        2,
        2
      ]
    }
  }
}