{
  "sources": [
    {
      "type": "single",
      "resource": "winterset:shovel"
    },
    {
      "type": "single",
      "resource": "elitecreatures:christmas_holiday_2023/christmas_shovel"
    },
    {
      "type": "single",
      "resource": "winterset:spear"
    },
    {
      "type": "single",
      "resource": "elitecreatures:christmas_holiday_2023/christmasholiday_armor_layer_2_icon"
    },
    {
      "type": "single",
      "resource": "merry_christmasset:detail"
    },
    {
      "type": "single",
      "resource": "_iainternal:icons/icon_left_blue"
    },
    {
      "type": "single",
      "resource": "elitecreatures:christmas_holiday_2023/christmas_axe"
    },
    {
      "type": "single",
      "resource": "merry_christmasset:hoe"
    },
    {
      "type": "single",
      "resource": "merry_christmasset:shovel"
    },
    {
      "type": "single",
      "resource": "winterset:bow_1"
    },
    {
      "type": "single",
      "resource": "winterset:bow"
    },
    {
      "type": "single",
      "resource": "winterset:hoe"
    },
    {
      "type": "single",
      "resource": "merry_christmasset:bow"
    },
    {
      "type": "single",
      "resource": "merry_christmasset:trident"
    },
    {
      "type": "single",
      "resource": "merry_christmasset:armor/merry_christmas_helmet_icon"
    },
    {
      "type": "single",
      "resource": "merry_christmasset:hammer"
    },
    {
      "type": "single",
      "resource": "elitecreatures:christmas_holiday_2023/christmas_mace"
    },
    {
      "type": "single",
      "resource": "elitecreatures:christmas_holiday_2023/christmas_battle_axe"
    },
    {
      "type": "single",
      "resource": "_iainternal:icons/icon_next_orange"
    },
    {
      "type": "single",
      "resource": "winterset:crossbow"
    },
    {
      "type": "single",
      "resource": "merry_christmasset:wings"
    },
    {
      "type": "single",
      "resource": "merry_christmasset:key"
    },
    {
      "type": "single",
      "resource": "winterset:crossbow_2"
    },
    {
      "type": "single",
      "resource": "merry_christmasset:pickaxe"
    },
    {
      "type": "single",
      "resource": "merry_christmasset:sword"
    },
    {
      "type": "single",
      "resource": "winterset:armor/winter_leggings_icon"
    },
    {
      "type": "single",
      "resource": "winterset:crossbow_1"
    },
    {
      "type": "single",
      "resource": "winterset:staff"
    },
    {
      "type": "single",
      "resource": "elitecreatures:christmas_holiday_2023/christmas_staff"
    },
    {
      "type": "single",
      "resource": "winterset:key"
    },
    {
      "type": "single",
      "resource": "winterset:fishing_rod_cast"
    },
    {
      "type": "single",
      "resource": "merry_christmasset:armor/merry_christmas_leggings_icon"
    },
    {
      "type": "single",
      "resource": "merry_christmasset:armor/merry_christmas_chestplate_icon"
    },
    {
      "type": "single",
      "resource": "winterset:shield"
    },
    {
      "type": "single",
      "resource": "winterset:scythe"
    },
    {
      "type": "single",
      "resource": "merry_christmasset:crossbow"
    },
    {
      "type": "single",
      "resource": "elitecreatures:christmas_holiday_2023/christmas_hoe"
    },
    {
      "type": "single",
      "resource": "merry_christmasset:bow_2"
    },
    {
      "type": "single",
      "resource": "merry_christmasset:axe"
    },
    {
      "type": "single",
      "resource": "merry_christmasset:greatsword"
    },
    {
      "type": "single",
      "resource": "merry_christmasset:bow_1"
    },
    {
      "type": "single",
      "resource": "merry_christmasset:crossbow_2"
    },
    {
      "type": "single",
      "resource": "merry_christmasset:crossbow_1"
    },
    {
      "type": "single",
      "resource": "winterset:wings"
    },
    {
      "type": "single",
      "resource": "elitecreatures:christmas_holiday_2023/christmas_sword"
    },
    {
      "type": "single",
      "resource": "winterset:animations/animations_1"
    },
    {
      "type": "single",
      "resource": "winterset:helmet"
    },
    {
      "type": "single",
      "resource": "merry_christmasset:chest"
    },
    {
      "type": "single",
      "resource": "winterset:axe"
    },
    {
      "type": "single",
      "resource": "elitecreatures:christmas_holiday_2023/christmas_shield"
    },
    {
      "type": "single",
      "resource": "elitecreatures:christmas_holiday_2023/christmas_fishing_rod"
    },
    {
      "type": "single",
      "resource": "elitecreatures:christmas_holiday_2023/pickaxe"
    },
    {
      "type": "single",
      "resource": "merry_christmasset:hat"
    },
    {
      "type": "single",
      "resource": "winterset:armor/winter_helmet_icon"
    },
    {
      "type": "single",
      "resource": "elitecreatures:christmas_holiday_2023/christmas_hood"
    },
    {
      "type": "single",
      "resource": "_iainternal:icons/icon_cancel"
    },
    {
      "type": "single",
      "resource": "elitecreatures:christmas_holiday_2023/christmas_bow"
    },
    {
      "type": "single",
      "resource": "merry_christmasset:staff"
    },
    {
      "type": "single",
      "resource": "_iainternal:icons/icon_back_orange"
    },
    {
      "type": "single",
      "resource": "winterset:trident"
    },
    {
      "type": "single",
      "resource": "merry_christmasset:armor/merry_christmas_boots_icon"
    },
    {
      "type": "single",
      "resource": "_iainternal:icons/icon_arrow_chest"
    },
    {
      "type": "single",
      "resource": "winterset:sword"
    },
    {
      "type": "single",
      "resource": "merry_christmasset:backpack"
    },
    {
      "type": "single",
      "resource": "winterset:armor/winter_boots_icon"
    },
    {
      "type": "single",
      "resource": "merry_christmasset:fishing_rod"
    },
    {
      "type": "single",
      "resource": "_iainternal:icons/icon_search"
    },
    {
      "type": "single",
      "resource": "_iainternal:icons/icon_right_blue"
    },
    {
      "type": "single",
      "resource": "winterset:armor/winter_chestplate_icon"
    },
    {
      "type": "single",
      "resource": "winterset:bow_2"
    },
    {
      "type": "single",
      "resource": "winterset:backpack"
    },
    {
      "type": "single",
      "resource": "merry_christmasset:spear"
    },
    {
      "type": "single",
      "resource": "merry_christmasset:shield"
    },
    {
      "type": "single",
      "resource": "winterset:greatsword"
    },
    {
      "type": "single",
      "resource": "merry_christmasset:scythe"
    },
    {
      "type": "single",
      "resource": "elitecreatures:christmas_holiday_2023/christmas_chest"
    },
    {
      "type": "single",
      "resource": "winterset:chest"
    },
    {
      "type": "single",
      "resource": "winterset:fishing_rod"
    },
    {
      "type": "single",
      "resource": "winterset:hammer"
    },
    {
      "type": "single",
      "resource": "winterset:pickaxe"
    },
    {
      "type": "single",
      "resource": "elitecreatures:christmas_holiday_2023/christmasholiday_armor_layer_1_icon"
    }
  ]
}