{
  "credit": "Made with Blockbench",
  "texture_size": [
    64,
    64
  ],
  "textures": {
    "0": "lunar_studios:enderkariz/cupid_set/cupid_wings",
    "particle": "lunar_studios:enderkariz/cupid_set/cupid_wings"
  },
  "elements": [
    {
      "from": [
        7,
        -1,
        8
      ],
      "to": [
        9,
        5.5,
        10
      ],
      "rotation": {
        "angle": -22.5,
        "axis": "z",
        "origin": [
          8,
          2.52145,
          9
        ]
      },
      "faces": {
        "north": {
          "uv": [
            0,
            0,
            1,
            3.25
          ],
          "texture": "#0"
        },
        "east": {
          "uv": [
            1,
            0,
            0,
            3.25
          ],
          "texture": "#0"
        },
        "south": {
          "uv": [
            0,
            0,
            1,
            3.25
          ],
          "texture": "#0"
        },
        "west": {
          "uv": [
            1,
            0,
            0,
            3.25
          ],
          "texture": "#0"
        },
        "up": {
          "uv": [
            15.5,
            15.5,
            16,
            16
          ],
          "texture": "#0"
        },
        "down": {
          "uv": [
            15.5,
            15.5,
            16,
            16
          ],
          "texture": "#0"
        }
      }
    },
    {
      "from": [
        4.71707,
        -0.76149,
        7.75
      ],
      "to": [
        6.71707,
        1.23851,
        10.25
      ],
      "rotation": {
        "angle": 22.5,
        "axis": "z",
        "origin": [
          8,
          2.52145,
          9
        ]
      },
      "faces": {
        "north": {
          "uv": [
            2.25,
            3,
            1.25,
            4
          ],
          "texture": "#0"
        },
        "east": {
          "uv": [
            3.5,
            1.25,
            2.5,
            0
          ],
          "rotation": 90,
          "texture": "#0"
        },
        "south": {
          "uv": [
            1.25,
            3,
            2.25,
            4
          ],
          "texture": "#0"
        },
        "west": {
          "uv": [
            2.5,
            4.25,
            1.25,
            5.25
          ],
          "texture": "#0"
        },
        "up": {
          "uv": [
            2.5,
            0,
            3.5,
            1.25
          ],
          "texture": "#0"
        },
        "down": {
          "uv": [
            1.25,
            4.25,
            2.5,
            5.25
          ],
          "rotation": 90,
          "texture": "#0"
        }
      }
    },
    {
      "from": [
        6.5,
        5.5,
        7.5
      ],
      "to": [
        9.5,
        6,
        10.5
      ],
      "rotation": {
        "angle": -22.5,
        "axis": "z",
        "origin": [
          8,
          2.52145,
          9
        ]
      },
      "faces": {
        "north": {
          "uv": [
            1.5,
            7.25,
            0,
            7
          ],
          "texture": "#0"
        },
        "east": {
          "uv": [
            1.5,
            7.25,
            0,
            7
          ],
          "texture": "#0"
        },
        "south": {
          "uv": [
            1.5,
            7.25,
            0,
            7
          ],
          "texture": "#0"
        },
        "west": {
          "uv": [
            1.5,
            7.25,
            0,
            7
          ],
          "texture": "#0"
        },
        "up": {
          "uv": [
            1.5,
            8.5,
            0,
            7
          ],
          "texture": "#0"
        },
        "down": {
          "uv": [
            1.5,
            8.5,
            0,
            7
          ],
          "texture": "#0"
        }
      }
    },
    {
      "from": [
        6.875,
        -1.125,
        7.875
      ],
      "to": [
        9.125,
        5.625,
        10.125
      ],
      "rotation": {
        "angle": -22.5,
        "axis": "z",
        "origin": [
          8,
          2.52145,
          9
        ]
      },
      "faces": {
        "north": {
          "uv": [
            1.25,
            0,
            2.25,
            3.25
          ],
          "texture": "#0"
        },
        "east": {
          "uv": [
            2.25,
            0,
            1.25,
            3.25
          ],
          "texture": "#0"
        },
        "south": {
          "uv": [
            1.25,
            0,
            2.25,
            3.25
          ],
          "texture": "#0"
        },
        "west": {
          "uv": [
            2.25,
            0,
            1.25,
            3.25
          ],
          "texture": "#0"
        },
        "up": {
          "uv": [
            15.5,
            15.5,
            16,
            16
          ],
          "texture": "#0"
        },
        "down": {
          "uv": [
            15.5,
            15.5,
            16,
            16
          ],
          "texture": "#0"
        }
      }
    },
    {
      "from": [
        5,
        -1.5,
        9
      ],
      "to": [
        7,
        5,
        9
      ],
      "rotation": {
        "angle": -22.5,
        "axis": "z",
        "origin": [
          8,
          2.52145,
          9
        ]
      },
      "faces": {
        "north": {
          "uv": [
            1,
            6.75,
            0,
            3.5
          ],
          "texture": "#0"
        },
        "east": {
          "uv": [
            1,
            0,
            0,
            3.25
          ],
          "texture": "#0"
        },
        "south": {
          "uv": [
            0,
            6.75,
            1,
            3.5
          ],
          "texture": "#0"
        },
        "west": {
          "uv": [
            1,
            0,
            0,
            3.25
          ],
          "texture": "#0"
        },
        "up": {
          "uv": [
            15.5,
            15.5,
            16,
            16
          ],
          "texture": "#0"
        },
        "down": {
          "uv": [
            15.5,
            15.5,
            16,
            16
          ],
          "texture": "#0"
        }
      }
    },
    {
      "from": [
        -10,
        0.5,
        4
      ],
      "to": [
        7.5,
        17.5,
        4
      ],
      "rotation": {
        "angle": 22.5,
        "axis": "y",
        "origin": [
          7.75,
          3,
          4
        ]
      },
      "faces": {
        "north": {
          "uv": [
            12.5,
            0,
            3.75,
            8.5
          ],
          "texture": "#0"
        },
        "east": {
          "uv": [
            1,
            0,
            0,
            3.25
          ],
          "texture": "#missing"
        },
        "south": {
          "uv": [
            3.75,
            0,
            12.5,
            8.5
          ],
          "texture": "#0"
        },
        "west": {
          "uv": [
            1,
            0,
            0,
            3.25
          ],
          "texture": "#missing"
        },
        "up": {
          "uv": [
            15.5,
            15.5,
            16,
            16
          ],
          "texture": "#missing"
        },
        "down": {
          "uv": [
            15.5,
            15.5,
            16,
            16
          ],
          "texture": "#missing"
        }
      }
    },
    {
      "from": [
        8.5,
        0.5,
        4
      ],
      "to": [
        26,
        17.5,
        4
      ],
      "rotation": {
        "angle": -22.5,
        "axis": "y",
        "origin": [
          8.25,
          3,
          4
        ]
      },
      "faces": {
        "north": {
          "uv": [
            3.75,
            0,
            12.5,
            8.5
          ],
          "texture": "#0"
        },
        "east": {
          "uv": [
            0,
            0,
            1,
            3.25
          ],
          "texture": "#missing"
        },
        "south": {
          "uv": [
            12.5,
            0,
            3.75,
            8.5
          ],
          "texture": "#0"
        },
        "west": {
          "uv": [
            0,
            0,
            1,
            3.25
          ],
          "texture": "#missing"
        },
        "up": {
          "uv": [
            16,
            15.5,
            15.5,
            16
          ],
          "texture": "#missing"
        },
        "down": {
          "uv": [
            16,
            15.5,
            15.5,
            16
          ],
          "texture": "#missing"
        }
      }
    },
    {
      "from": [
        2.5,
        1.25,
        7
      ],
      "to": [
        13,
        11.75,
        7
      ],
      "rotation": {
        "angle": 0,
        "axis": "y",
        "origin": [
          7.875,
          1.5,
          6
        ]
      },
      "faces": {
        "north": {
          "uv": [
            0,
            10.75,
            5.25,
            16
          ],
          "texture": "#0"
        },
        "east": {
          "uv": [
            1,
            0,
            0,
            3.25
          ],
          "texture": "#missing"
        },
        "south": {
          "uv": [
            5.25,
            10.75,
            0,
            16
          ],
          "texture": "#0"
        },
        "west": {
          "uv": [
            1,
            0,
            0,
            3.25
          ],
          "texture": "#missing"
        },
        "up": {
          "uv": [
            15.5,
            15.5,
            16,
            16
          ],
          "texture": "#missing"
        },
        "down": {
          "uv": [
            15.5,
            15.5,
            16,
            16
          ],
          "texture": "#missing"
        }
      }
    }
  ],
  "display": {
    "thirdperson_righthand": {
      "rotation": [
        31,
        180,
        0
      ],
      "translation": [
        0,
        1.25,
        0
      ],
      "scale": [
        0.5,
        0.5,
        0.5
      ]
    },
    "thirdperson_lefthand": {
      "rotation": [
        31,
        180,
        0
      ],
      "translation": [
        0,
        1.25,
        0
      ],
      "scale": [
        0.5,
        0.5,
        0.5
      ]
    },
    "firstperson_righthand": {
      "rotation": [
        0,
        -96,
        0
      ],
      "translation": [
        2.25,
        2.5,
        -0.75
      ],
      "scale": [
        0.5,
        0.5,
        0.5
      ]
    },
    "firstperson_lefthand": {
      "rotation": [
        0,
        -96,
        0
      ],
      "translation": [
        2.25,
        2.5,
        -0.75
      ],
      "scale": [
        0.5,
        0.5,
        0.5
      ]
    },
    "ground": {
      "translation": [
        0,
        6.5,
        0
      ]
    },
    "gui": {
      "rotation": [
        26.25,
        35.25,
        0
      ],
      "translation": [
        -0.75,
        -0.5,
        0
      ],
      "scale": [
        0.55078,
        0.55078,
        0.55078
      ]
    },
    "head": {
      "translation": [
        0.25,
        -0.75,
        12.25
      ],
      "scale": [
        2.4,
        2.4,
        2.4
      ]
    },
    "fixed": {
      "rotation": [
        0,
        180,
        0
      ],
      "translation": [
        0,
        0,
        -3
      ]
    }
  },
  "groups": [
    {
      "name": "group",
      "origin": [
        7.875,
        1.5,
        6
      ],
      "color": 0,
      "children": [
        0,
        1,
        2,
        3,
        4,
        5,
        6,
        7
      ]
    }
  ]
}