{
  "credit": "Made with Blockbench",
  "texture_size": [
    128,
    128
  ],
  "textures": {
    "0": "elitecreatures:newyear_2024_animated/newyear_texture_01",
    "2": "elitecreatures:newyear_2024_animated/newyear_animation_02",
    "3": "elitecreatures:newyear_2024_animated/newyear_animation_03",
    "4": "elitecreatures:newyear_2024_animated/newyear_animation_04",
    "particle": "elitecreatures:newyear_2024_animated/newyear_texture_01"
  },
  "elements": [
    {
      "from": [
        -2.5,
        1,
        1
      ],
      "to": [
        1.5,
        15,
        4
      ],
      "faces": {
        "north": {
          "uv": [
            9.0625,
            2.125,
            9.5625,
            3.875
          ],
          "texture": "#0"
        },
        "east": {
          "uv": [
            9.5625,
            2.125,
            9.9375,
            3.875
          ],
          "texture": "#0"
        },
        "south": {
          "uv": [
            9.0625,
            2.125,
            9.5625,
            3.875
          ],
          "texture": "#0"
        },
        "west": {
          "uv": [
            9.5625,
            2.125,
            9.9375,
            3.875
          ],
          "texture": "#0"
        },
        "up": {
          "uv": [
            6.1875,
            1.9375,
            6.6875,
            2.3125
          ],
          "texture": "#0"
        },
        "down": {
          "uv": [
            6.1875,
            1.9375,
            6.6875,
            2.3125
          ],
          "texture": "#0"
        }
      }
    },
    {
      "from": [
        6,
        8.5,
        -0.5
      ],
      "to": [
        10,
        13.6,
        2
      ],
      "rotation": {
        "angle": 0,
        "axis": "y",
        "origin": [
          0,
          -0.5,
          0
        ]
      },
      "faces": {
        "north": {
          "uv": [
            6.1875,
            0.9375,
            6.6875,
            1.5625
          ],
          "texture": "#0"
        },
        "east": {
          "uv": [
            4.75,
            2.5625,
            5.0625,
            3.1875
          ],
          "texture": "#0"
        },
        "south": {
          "uv": [
            6.1875,
            0.9375,
            6.6875,
            1.5625
          ],
          "texture": "#0"
        },
        "west": {
          "uv": [
            5.0625,
            2.5625,
            4.75,
            3.1875
          ],
          "texture": "#0"
        },
        "up": {
          "uv": [
            4.5625,
            1.75,
            5.0625,
            2.0625
          ],
          "texture": "#0"
        },
        "down": {
          "uv": [
            4.5625,
            2.0625,
            5.0625,
            1.75
          ],
          "texture": "#0"
        }
      }
    },
    {
      "from": [
        -3.5,
        0,
        0
      ],
      "to": [
        2.5,
        5,
        5
      ],
      "rotation": {
        "angle": 0,
        "axis": "y",
        "origin": [
          16,
          0,
          0
        ]
      },
      "faces": {
        "north": {
          "uv": [
            8.8125,
            1.5,
            9.5625,
            2.125
          ],
          "texture": "#0"
        },
        "east": {
          "uv": [
            2.4375,
            4,
            3.0625,
            4.625
          ],
          "texture": "#0"
        },
        "south": {
          "uv": [
            8.8125,
            1.5,
            9.5625,
            2.125
          ],
          "texture": "#0"
        },
        "west": {
          "uv": [
            2.4375,
            4,
            3.0625,
            4.625
          ],
          "texture": "#0"
        },
        "up": {
          "uv": [
            9.5625,
            1.5,
            10.3125,
            2.125
          ],
          "texture": "#0"
        },
        "down": {
          "uv": [
            9.5625,
            1.5,
            10.3125,
            2.125
          ],
          "texture": "#0"
        }
      }
    },
    {
      "from": [
        4.7,
        8.5,
        0.15
      ],
      "to": [
        7.3,
        11,
        2.75
      ],
      "rotation": {
        "angle": -45,
        "axis": "y",
        "origin": [
          6.05,
          13,
          1.4
        ]
      },
      "faces": {
        "north": {
          "uv": [
            1,
            0.3125,
            1.3125,
            0.625
          ],
          "texture": "#0"
        },
        "east": {
          "uv": [
            1,
            0.625,
            1.3125,
            0.9375
          ],
          "texture": "#0"
        },
        "south": {
          "uv": [
            1.3125,
            0.625,
            1,
            0.9375
          ],
          "texture": "#0"
        },
        "west": {
          "uv": [
            1,
            0.625,
            1.3125,
            0.9375
          ],
          "texture": "#0"
        },
        "up": {
          "uv": [
            1.5,
            0,
            1.8125,
            0.3125
          ],
          "rotation": 90,
          "texture": "#0"
        },
        "down": {
          "uv": [
            1.5625,
            0.3125,
            1.875,
            0.625
          ],
          "rotation": 270,
          "texture": "#0"
        }
      }
    },
    {
      "from": [
        8.7,
        8.5,
        0.15
      ],
      "to": [
        11.3,
        11,
        2.75
      ],
      "rotation": {
        "angle": 45,
        "axis": "y",
        "origin": [
          9.95,
          13,
          1.4
        ]
      },
      "faces": {
        "north": {
          "uv": [
            1.25,
            0.3125,
            0.9375,
            0.625
          ],
          "texture": "#0"
        },
        "east": {
          "uv": [
            1.3125,
            0.625,
            1,
            0.9375
          ],
          "texture": "#0"
        },
        "south": {
          "uv": [
            1,
            0.625,
            1.3125,
            0.9375
          ],
          "texture": "#0"
        },
        "west": {
          "uv": [
            1.3125,
            0.625,
            1,
            0.9375
          ],
          "texture": "#0"
        },
        "up": {
          "uv": [
            1.5,
            0.3125,
            1.8125,
            0
          ],
          "rotation": 90,
          "texture": "#0"
        },
        "down": {
          "uv": [
            1.5625,
            0.625,
            1.875,
            0.3125
          ],
          "rotation": 270,
          "texture": "#0"
        }
      }
    },
    {
      "from": [
        4.7,
        11,
        0.15
      ],
      "to": [
        7.3,
        13.5,
        2.75
      ],
      "rotation": {
        "angle": -45,
        "axis": "y",
        "origin": [
          6.05,
          9,
          1.4
        ]
      },
      "faces": {
        "north": {
          "uv": [
            1,
            0.625,
            1.3125,
            0.3125
          ],
          "texture": "#0"
        },
        "east": {
          "uv": [
            1,
            0.9375,
            1.3125,
            0.625
          ],
          "texture": "#0"
        },
        "south": {
          "uv": [
            1.3125,
            0.9375,
            1,
            0.625
          ],
          "texture": "#0"
        },
        "west": {
          "uv": [
            1,
            0.9375,
            1.3125,
            0.625
          ],
          "texture": "#0"
        },
        "up": {
          "uv": [
            1.875,
            0.3125,
            1.5625,
            0.625
          ],
          "rotation": 270,
          "texture": "#0"
        },
        "down": {
          "uv": [
            1.8125,
            0,
            1.5,
            0.3125
          ],
          "rotation": 90,
          "texture": "#0"
        }
      }
    },
    {
      "from": [
        8.7,
        11,
        0.15
      ],
      "to": [
        11.3,
        13.5,
        2.75
      ],
      "rotation": {
        "angle": 45,
        "axis": "y",
        "origin": [
          9.95,
          9,
          1.4
        ]
      },
      "faces": {
        "north": {
          "uv": [
            1.25,
            0.625,
            0.9375,
            0.3125
          ],
          "texture": "#0"
        },
        "east": {
          "uv": [
            1.3125,
            0.9375,
            1,
            0.625
          ],
          "texture": "#0"
        },
        "south": {
          "uv": [
            1,
            0.9375,
            1.3125,
            0.625
          ],
          "texture": "#0"
        },
        "west": {
          "uv": [
            1.3125,
            0.9375,
            1,
            0.625
          ],
          "texture": "#0"
        },
        "up": {
          "uv": [
            1.875,
            0.625,
            1.5625,
            0.3125
          ],
          "rotation": 270,
          "texture": "#0"
        },
        "down": {
          "uv": [
            1.8125,
            0.3125,
            1.5,
            0
          ],
          "rotation": 90,
          "texture": "#0"
        }
      }
    },
    {
      "from": [
        -2.5,
        1,
        12
      ],
      "to": [
        1.5,
        15,
        15
      ],
      "rotation": {
        "angle": 0,
        "axis": "y",
        "origin": [
          0,
          0,
          16
        ]
      },
      "faces": {
        "north": {
          "uv": [
            9.5625,
            2.125,
            9.0625,
            3.875
          ],
          "texture": "#0"
        },
        "east": {
          "uv": [
            9.9375,
            2.125,
            9.5625,
            3.875
          ],
          "texture": "#0"
        },
        "south": {
          "uv": [
            9.5625,
            2.125,
            9.0625,
            3.875
          ],
          "texture": "#0"
        },
        "west": {
          "uv": [
            9.9375,
            2.125,
            9.5625,
            3.875
          ],
          "texture": "#0"
        },
        "up": {
          "uv": [
            6.1875,
            2.3125,
            6.6875,
            1.9375
          ],
          "texture": "#0"
        },
        "down": {
          "uv": [
            6.1875,
            2.3125,
            6.6875,
            1.9375
          ],
          "texture": "#0"
        }
      }
    },
    {
      "from": [
        -3.5,
        0,
        11
      ],
      "to": [
        2.5,
        5,
        16
      ],
      "rotation": {
        "angle": 0,
        "axis": "y",
        "origin": [
          16,
          0,
          16
        ]
      },
      "faces": {
        "north": {
          "uv": [
            9.5625,
            1.5,
            8.8125,
            2.125
          ],
          "texture": "#0"
        },
        "east": {
          "uv": [
            3.0625,
            4,
            2.4375,
            4.625
          ],
          "texture": "#0"
        },
        "south": {
          "uv": [
            9.5625,
            1.5,
            8.8125,
            2.125
          ],
          "texture": "#0"
        },
        "west": {
          "uv": [
            3.0625,
            4,
            2.4375,
            4.625
          ],
          "texture": "#0"
        },
        "up": {
          "uv": [
            9.5625,
            2.125,
            10.3125,
            1.5
          ],
          "texture": "#0"
        },
        "down": {
          "uv": [
            9.5625,
            2.125,
            10.3125,
            1.5
          ],
          "texture": "#0"
        }
      }
    },
    {
      "from": [
        14.5,
        1,
        1
      ],
      "to": [
        18.5,
        15,
        4
      ],
      "rotation": {
        "angle": 0,
        "axis": "y",
        "origin": [
          16,
          0,
          0
        ]
      },
      "faces": {
        "north": {
          "uv": [
            9.5625,
            2.125,
            9.0625,
            3.875
          ],
          "texture": "#0"
        },
        "east": {
          "uv": [
            9.9375,
            2.125,
            9.5625,
            3.875
          ],
          "texture": "#0"
        },
        "south": {
          "uv": [
            9.5625,
            2.125,
            9.0625,
            3.875
          ],
          "texture": "#0"
        },
        "west": {
          "uv": [
            9.9375,
            2.125,
            9.5625,
            3.875
          ],
          "texture": "#0"
        },
        "up": {
          "uv": [
            6.6875,
            1.9375,
            6.1875,
            2.3125
          ],
          "texture": "#0"
        },
        "down": {
          "uv": [
            6.6875,
            1.9375,
            6.1875,
            2.3125
          ],
          "texture": "#0"
        }
      }
    },
    {
      "from": [
        13.5,
        0,
        0
      ],
      "to": [
        19.5,
        5,
        5
      ],
      "faces": {
        "north": {
          "uv": [
            9.5625,
            1.5,
            8.8125,
            2.125
          ],
          "texture": "#0"
        },
        "east": {
          "uv": [
            3.0625,
            4,
            2.4375,
            4.625
          ],
          "texture": "#0"
        },
        "south": {
          "uv": [
            9.5625,
            1.5,
            8.8125,
            2.125
          ],
          "texture": "#0"
        },
        "west": {
          "uv": [
            3.0625,
            4,
            2.4375,
            4.625
          ],
          "texture": "#0"
        },
        "up": {
          "uv": [
            10.3125,
            1.5,
            9.5625,
            2.125
          ],
          "texture": "#0"
        },
        "down": {
          "uv": [
            10.3125,
            1.5,
            9.5625,
            2.125
          ],
          "texture": "#0"
        }
      }
    },
    {
      "from": [
        3.9,
        19.5,
        -0.1
      ],
      "to": [
        7.2,
        22.4,
        -0.1
      ],
      "rotation": {
        "angle": 22.5,
        "axis": "y",
        "origin": [
          8,
          21,
          0
        ]
      },
      "faces": {
        "north": {
          "uv": [
            0,
            0,
            6,
            6
          ],
          "texture": "#4"
        },
        "east": {
          "uv": [
            0,
            0,
            0,
            6
          ],
          "texture": "#4"
        },
        "south": {
          "uv": [
            6,
            0,
            0,
            6
          ],
          "texture": "#4"
        },
        "west": {
          "uv": [
            0,
            0,
            0,
            6
          ],
          "texture": "#4"
        },
        "up": {
          "uv": [
            0,
            6,
            0,
            0
          ],
          "rotation": 270,
          "texture": "#4"
        },
        "down": {
          "uv": [
            0,
            0,
            0,
            6
          ],
          "rotation": 90,
          "texture": "#4"
        }
      }
    },
    {
      "from": [
        2,
        13.5,
        0
      ],
      "to": [
        8,
        27.5,
        0
      ],
      "rotation": {
        "angle": 22.5,
        "axis": "y",
        "origin": [
          8,
          21,
          0
        ]
      },
      "faces": {
        "north": {
          "uv": [
            14.5,
            0.0625,
            15.25,
            1.8125
          ],
          "texture": "#0"
        },
        "east": {
          "uv": [
            0,
            0,
            0,
            120
          ],
          "texture": "#missing"
        },
        "south": {
          "uv": [
            15.25,
            0.0625,
            14.5,
            1.8125
          ],
          "texture": "#0"
        },
        "west": {
          "uv": [
            0,
            0,
            0,
            120
          ],
          "texture": "#missing"
        },
        "up": {
          "uv": [
            0,
            0,
            0,
            48
          ],
          "rotation": 270,
          "texture": "#missing"
        },
        "down": {
          "uv": [
            0,
            0,
            0,
            48
          ],
          "rotation": 90,
          "texture": "#missing"
        }
      }
    },
    {
      "from": [
        8.8,
        19.5,
        -0.1
      ],
      "to": [
        12.1,
        22.4,
        -0.1
      ],
      "rotation": {
        "angle": -22.5,
        "axis": "y",
        "origin": [
          8,
          21,
          0
        ]
      },
      "faces": {
        "north": {
          "uv": [
            6,
            0,
            0,
            6
          ],
          "texture": "#4"
        },
        "east": {
          "uv": [
            0,
            0,
            0,
            6
          ],
          "texture": "#4"
        },
        "south": {
          "uv": [
            0,
            0,
            6,
            6
          ],
          "texture": "#4"
        },
        "west": {
          "uv": [
            0,
            0,
            0,
            6
          ],
          "texture": "#4"
        },
        "up": {
          "uv": [
            0,
            0,
            0,
            6
          ],
          "rotation": 270,
          "texture": "#4"
        },
        "down": {
          "uv": [
            0,
            6,
            0,
            0
          ],
          "rotation": 90,
          "texture": "#4"
        }
      }
    },
    {
      "from": [
        8,
        13.5,
        0
      ],
      "to": [
        14,
        27.5,
        0
      ],
      "rotation": {
        "angle": -22.5,
        "axis": "y",
        "origin": [
          8,
          21,
          0
        ]
      },
      "faces": {
        "north": {
          "uv": [
            15.25,
            0.0625,
            14.5,
            1.8125
          ],
          "texture": "#0"
        },
        "east": {
          "uv": [
            0,
            0,
            0,
            120
          ],
          "texture": "#missing"
        },
        "south": {
          "uv": [
            14.5,
            0.0625,
            15.25,
            1.8125
          ],
          "texture": "#0"
        },
        "west": {
          "uv": [
            0,
            0,
            0,
            120
          ],
          "texture": "#missing"
        },
        "up": {
          "uv": [
            0,
            48,
            0,
            0
          ],
          "rotation": 270,
          "texture": "#missing"
        },
        "down": {
          "uv": [
            0,
            48,
            0,
            0
          ],
          "rotation": 90,
          "texture": "#missing"
        }
      }
    },
    {
      "from": [
        13.5,
        0,
        11
      ],
      "to": [
        19.5,
        5,
        16
      ],
      "rotation": {
        "angle": 0,
        "axis": "y",
        "origin": [
          0,
          0,
          16
        ]
      },
      "faces": {
        "north": {
          "uv": [
            8.8125,
            1.5,
            9.5625,
            2.125
          ],
          "texture": "#0"
        },
        "east": {
          "uv": [
            2.4375,
            4,
            3.0625,
            4.625
          ],
          "texture": "#0"
        },
        "south": {
          "uv": [
            8.8125,
            1.5,
            9.5625,
            2.125
          ],
          "texture": "#0"
        },
        "west": {
          "uv": [
            2.4375,
            4,
            3.0625,
            4.625
          ],
          "texture": "#0"
        },
        "up": {
          "uv": [
            10.3125,
            2.125,
            9.5625,
            1.5
          ],
          "texture": "#0"
        },
        "down": {
          "uv": [
            10.3125,
            2.125,
            9.5625,
            1.5
          ],
          "texture": "#0"
        }
      }
    },
    {
      "from": [
        14.5,
        1,
        12
      ],
      "to": [
        18.5,
        15,
        15
      ],
      "rotation": {
        "angle": 0,
        "axis": "y",
        "origin": [
          16,
          0,
          16
        ]
      },
      "faces": {
        "north": {
          "uv": [
            9.0625,
            2.125,
            9.5625,
            3.875
          ],
          "texture": "#0"
        },
        "east": {
          "uv": [
            9.5625,
            2.125,
            9.9375,
            3.875
          ],
          "texture": "#0"
        },
        "south": {
          "uv": [
            9.0625,
            2.125,
            9.5625,
            3.875
          ],
          "texture": "#0"
        },
        "west": {
          "uv": [
            9.5625,
            2.125,
            9.9375,
            3.875
          ],
          "texture": "#0"
        },
        "up": {
          "uv": [
            6.6875,
            2.3125,
            6.1875,
            1.9375
          ],
          "texture": "#0"
        },
        "down": {
          "uv": [
            6.6875,
            2.3125,
            6.1875,
            1.9375
          ],
          "texture": "#0"
        }
      }
    },
    {
      "from": [
        14.5,
        9,
        4
      ],
      "to": [
        18.5,
        12,
        12
      ],
      "rotation": {
        "angle": 0,
        "axis": "y",
        "origin": [
          16,
          0,
          16
        ]
      },
      "faces": {
        "north": {
          "uv": [
            6.6875,
            1.5625,
            6.1875,
            1.9375
          ],
          "texture": "#0"
        },
        "east": {
          "uv": [
            4.8125,
            3.1875,
            3.8125,
            3.5625
          ],
          "texture": "#0"
        },
        "south": {
          "uv": [
            6.6875,
            1.5625,
            6.1875,
            1.9375
          ],
          "texture": "#0"
        },
        "west": {
          "uv": [
            4.8125,
            3.1875,
            3.8125,
            3.5625
          ],
          "texture": "#0"
        },
        "up": {
          "uv": [
            3.5625,
            4,
            3.0625,
            5
          ],
          "texture": "#0"
        },
        "down": {
          "uv": [
            3.5625,
            4,
            3.0625,
            5
          ],
          "texture": "#0"
        }
      }
    },
    {
      "from": [
        -2.5,
        9,
        4
      ],
      "to": [
        1.5,
        12,
        12
      ],
      "rotation": {
        "angle": 0,
        "axis": "y",
        "origin": [
          0,
          0,
          16
        ]
      },
      "faces": {
        "north": {
          "uv": [
            6.1875,
            1.5625,
            6.6875,
            1.9375
          ],
          "texture": "#0"
        },
        "east": {
          "uv": [
            3.8125,
            3.1875,
            4.8125,
            3.5625
          ],
          "texture": "#0"
        },
        "south": {
          "uv": [
            6.1875,
            1.5625,
            6.6875,
            1.9375
          ],
          "texture": "#0"
        },
        "west": {
          "uv": [
            3.8125,
            3.1875,
            4.8125,
            3.5625
          ],
          "texture": "#0"
        },
        "up": {
          "uv": [
            3.0625,
            4,
            3.5625,
            5
          ],
          "texture": "#0"
        },
        "down": {
          "uv": [
            3.0625,
            4,
            3.5625,
            5
          ],
          "texture": "#0"
        }
      }
    },
    {
      "from": [
        -1.5,
        2,
        2
      ],
      "to": [
        17.5,
        12,
        14
      ],
      "faces": {
        "north": {
          "uv": [
            6.6875,
            2.125,
            9.0625,
            3.375
          ],
          "texture": "#0"
        },
        "east": {
          "uv": [
            5.1875,
            2.3125,
            6.6875,
            3.5625
          ],
          "texture": "#0"
        },
        "south": {
          "uv": [
            6.6875,
            2.125,
            9.0625,
            3.375
          ],
          "texture": "#0"
        },
        "west": {
          "uv": [
            5.1875,
            2.3125,
            6.6875,
            3.5625
          ],
          "texture": "#0"
        },
        "up": {
          "uv": [
            6.6875,
            3.375,
            9.0625,
            4.875
          ],
          "texture": "#0"
        },
        "down": {
          "uv": [
            6.6875,
            3.375,
            9.0625,
            4.875
          ],
          "texture": "#0"
        }
      }
    },
    {
      "from": [
        -3.05,
        16,
        4.5
      ],
      "to": [
        2.05,
        19,
        11.5
      ],
      "rotation": {
        "angle": 0,
        "axis": "y",
        "origin": [
          7.95,
          9.9,
          7
        ]
      },
      "faces": {
        "north": {
          "uv": [
            5.3125,
            3.6125,
            5.6875,
            4.25
          ],
          "rotation": 90,
          "texture": "#0"
        },
        "east": {
          "uv": [
            5.6875,
            3.575,
            6.0625,
            4.45
          ],
          "rotation": 270,
          "texture": "#0"
        },
        "south": {
          "uv": [
            5.3125,
            3.6125,
            5.6875,
            4.25
          ],
          "rotation": 90,
          "texture": "#0"
        },
        "west": {
          "uv": [
            5.6875,
            3.575,
            6.0625,
            4.45
          ],
          "rotation": 270,
          "texture": "#0"
        },
        "up": {
          "uv": [
            6.05,
            3.575,
            6.6875,
            4.45
          ],
          "texture": "#0"
        },
        "down": {
          "uv": [
            6.05,
            3.575,
            6.6875,
            4.45
          ],
          "texture": "#0"
        }
      }
    },
    {
      "from": [
        -2.95,
        7.49062,
        -0.48737
      ],
      "to": [
        1.95,
        17.49062,
        2.51263
      ],
      "rotation": {
        "angle": 22.5,
        "axis": "x",
        "origin": [
          7.95,
          9.9,
          7.4
        ]
      },
      "faces": {
        "north": {
          "uv": [
            3.575,
            3.75,
            4.1875,
            5
          ],
          "texture": "#0"
        },
        "east": {
          "uv": [
            4.1875,
            3.75,
            4.5625,
            5
          ],
          "texture": "#0"
        },
        "south": {
          "uv": [
            3.575,
            3.75,
            4.1875,
            5
          ],
          "texture": "#0"
        },
        "west": {
          "uv": [
            4.5625,
            3.75,
            4.1875,
            5
          ],
          "texture": "#0"
        },
        "up": {
          "uv": [
            4.8125,
            3.2,
            5.1875,
            3.8125
          ],
          "rotation": 90,
          "texture": "#0"
        },
        "down": {
          "uv": [
            4.5625,
            4.3875,
            4.9375,
            5
          ],
          "rotation": 90,
          "texture": "#0"
        }
      }
    },
    {
      "from": [
        -2.95,
        7.49062,
        13.48737
      ],
      "to": [
        1.95,
        17.49062,
        16.48737
      ],
      "rotation": {
        "angle": -22.5,
        "axis": "x",
        "origin": [
          7.95,
          9.9,
          8.6
        ]
      },
      "faces": {
        "north": {
          "uv": [
            4.1875,
            3.75,
            3.575,
            5
          ],
          "texture": "#0"
        },
        "east": {
          "uv": [
            4.5625,
            3.75,
            4.1875,
            5
          ],
          "texture": "#0"
        },
        "south": {
          "uv": [
            4.1875,
            3.75,
            3.575,
            5
          ],
          "texture": "#0"
        },
        "west": {
          "uv": [
            4.1875,
            3.75,
            4.5625,
            5
          ],
          "texture": "#0"
        },
        "up": {
          "uv": [
            5.1875,
            3.2,
            4.8125,
            3.8125
          ],
          "rotation": 90,
          "texture": "#0"
        },
        "down": {
          "uv": [
            4.9375,
            4.3875,
            4.5625,
            5
          ],
          "rotation": 90,
          "texture": "#0"
        }
      }
    },
    {
      "from": [
        13.95,
        16,
        4.5
      ],
      "to": [
        19.05,
        19,
        11.5
      ],
      "rotation": {
        "angle": 0,
        "axis": "y",
        "origin": [
          8.05,
          9.9,
          7
        ]
      },
      "faces": {
        "north": {
          "uv": [
            5.3125,
            4.25,
            5.6875,
            3.6125
          ],
          "rotation": 90,
          "texture": "#0"
        },
        "east": {
          "uv": [
            5.6875,
            4.45,
            6.0625,
            3.575
          ],
          "rotation": 270,
          "texture": "#0"
        },
        "south": {
          "uv": [
            5.3125,
            4.25,
            5.6875,
            3.6125
          ],
          "rotation": 90,
          "texture": "#0"
        },
        "west": {
          "uv": [
            5.6875,
            4.45,
            6.0625,
            3.575
          ],
          "rotation": 270,
          "texture": "#0"
        },
        "up": {
          "uv": [
            6.6875,
            3.575,
            6.05,
            4.45
          ],
          "texture": "#0"
        },
        "down": {
          "uv": [
            6.6875,
            3.575,
            6.05,
            4.45
          ],
          "texture": "#0"
        }
      }
    },
    {
      "from": [
        14.05,
        7.49062,
        -0.48737
      ],
      "to": [
        18.95,
        17.49062,
        2.51263
      ],
      "rotation": {
        "angle": 22.5,
        "axis": "x",
        "origin": [
          8.05,
          9.9,
          7.4
        ]
      },
      "faces": {
        "north": {
          "uv": [
            4.1875,
            3.75,
            3.575,
            5
          ],
          "texture": "#0"
        },
        "east": {
          "uv": [
            4.1875,
            3.75,
            4.5625,
            5
          ],
          "texture": "#0"
        },
        "south": {
          "uv": [
            4.1875,
            3.75,
            3.575,
            5
          ],
          "texture": "#0"
        },
        "west": {
          "uv": [
            4.5625,
            3.75,
            4.1875,
            5
          ],
          "texture": "#0"
        },
        "up": {
          "uv": [
            4.8125,
            3.8125,
            5.1875,
            3.2
          ],
          "rotation": 90,
          "texture": "#0"
        },
        "down": {
          "uv": [
            4.5625,
            5,
            4.9375,
            4.3875
          ],
          "rotation": 90,
          "texture": "#0"
        }
      }
    },
    {
      "from": [
        15.45,
        5.6,
        -0.1
      ],
      "to": [
        17.45,
        11.6,
        -0.1
      ],
      "rotation": {
        "angle": 0,
        "axis": "y",
        "origin": [
          8,
          -9.75,
          24
        ]
      },
      "faces": {
        "north": {
          "uv": [
            1.5625,
            1.5625,
            1.3125,
            2.3125
          ],
          "texture": "#0"
        },
        "east": {
          "uv": [
            1.0625,
            1.1875,
            1.0625,
            1.9375
          ],
          "texture": "#0"
        },
        "south": {
          "uv": [
            1.3125,
            1.5625,
            1.5625,
            2.3125
          ],
          "texture": "#0"
        },
        "west": {
          "uv": [
            1.0625,
            1.1875,
            1.0625,
            1.9375
          ],
          "texture": "#0"
        },
        "up": {
          "uv": [
            1.0625,
            1.4375,
            1.0625,
            1.1875
          ],
          "rotation": 90,
          "texture": "#0"
        },
        "down": {
          "uv": [
            1.0625,
            1.4375,
            1.0625,
            1.1875
          ],
          "rotation": 270,
          "texture": "#0"
        }
      }
    },
    {
      "from": [
        16.2,
        7.7,
        -0.6
      ],
      "to": [
        17.2,
        8.2,
        0.4
      ],
      "rotation": {
        "angle": 0,
        "axis": "y",
        "origin": [
          0,
          -2,
          16
        ]
      },
      "faces": {
        "north": {
          "uv": [
            2.1875,
            0.6875,
            2.0625,
            0.75
          ],
          "texture": "#0"
        },
        "east": {
          "uv": [
            2.0625,
            0.6875,
            2.1875,
            0.75
          ],
          "texture": "#0"
        },
        "south": {
          "uv": [
            2.1875,
            0.6875,
            2.0625,
            0.75
          ],
          "texture": "#0"
        },
        "west": {
          "uv": [
            2.0625,
            0.6875,
            2.1875,
            0.75
          ],
          "texture": "#0"
        },
        "up": {
          "uv": [
            2.0625,
            0.875,
            2.1875,
            0.75
          ],
          "rotation": 90,
          "texture": "#0"
        },
        "down": {
          "uv": [
            2.0625,
            0.875,
            2.1875,
            0.75
          ],
          "rotation": 270,
          "texture": "#0"
        }
      }
    },
    {
      "from": [
        16.2,
        8.6,
        -0.6
      ],
      "to": [
        17.2,
        9.6,
        0.4
      ],
      "rotation": {
        "angle": 0,
        "axis": "y",
        "origin": [
          0,
          -2,
          16
        ]
      },
      "faces": {
        "north": {
          "uv": [
            2.1875,
            1,
            2.0625,
            1.125
          ],
          "texture": "#0"
        },
        "east": {
          "uv": [
            2.0625,
            1,
            2.1875,
            1.125
          ],
          "texture": "#0"
        },
        "south": {
          "uv": [
            2.1875,
            1,
            2.0625,
            1.125
          ],
          "texture": "#0"
        },
        "west": {
          "uv": [
            2.0625,
            1,
            2.1875,
            1.125
          ],
          "texture": "#0"
        },
        "up": {
          "uv": [
            2.0625,
            1,
            2.1875,
            0.875
          ],
          "rotation": 90,
          "texture": "#0"
        },
        "down": {
          "uv": [
            2.0625,
            1,
            2.1875,
            0.875
          ],
          "rotation": 270,
          "texture": "#0"
        }
      }
    },
    {
      "from": [
        -1.2,
        7.9,
        -0.6
      ],
      "to": [
        -0.2,
        8.9,
        0.4
      ],
      "rotation": {
        "angle": 0,
        "axis": "y",
        "origin": [
          16,
          -2,
          16
        ]
      },
      "faces": {
        "north": {
          "uv": [
            2.0625,
            1,
            2.1875,
            1.125
          ],
          "texture": "#0"
        },
        "east": {
          "uv": [
            2.1875,
            1,
            2.0625,
            1.125
          ],
          "texture": "#0"
        },
        "south": {
          "uv": [
            2.0625,
            1,
            2.1875,
            1.125
          ],
          "texture": "#0"
        },
        "west": {
          "uv": [
            2.1875,
            1,
            2.0625,
            1.125
          ],
          "texture": "#0"
        },
        "up": {
          "uv": [
            2.0625,
            0.875,
            2.1875,
            1
          ],
          "rotation": 90,
          "texture": "#0"
        },
        "down": {
          "uv": [
            2.0625,
            0.875,
            2.1875,
            1
          ],
          "rotation": 270,
          "texture": "#0"
        }
      }
    },
    {
      "from": [
        -1.2,
        7,
        -0.6
      ],
      "to": [
        -0.2,
        7.5,
        0.4
      ],
      "rotation": {
        "angle": 0,
        "axis": "y",
        "origin": [
          16,
          -2,
          16
        ]
      },
      "faces": {
        "north": {
          "uv": [
            2.0625,
            0.6875,
            2.1875,
            0.75
          ],
          "texture": "#0"
        },
        "east": {
          "uv": [
            2.1875,
            0.6875,
            2.0625,
            0.75
          ],
          "texture": "#0"
        },
        "south": {
          "uv": [
            2.0625,
            0.6875,
            2.1875,
            0.75
          ],
          "texture": "#0"
        },
        "west": {
          "uv": [
            2.1875,
            0.6875,
            2.0625,
            0.75
          ],
          "texture": "#0"
        },
        "up": {
          "uv": [
            2.0625,
            0.75,
            2.1875,
            0.875
          ],
          "rotation": 90,
          "texture": "#0"
        },
        "down": {
          "uv": [
            2.0625,
            0.75,
            2.1875,
            0.875
          ],
          "rotation": 270,
          "texture": "#0"
        }
      }
    },
    {
      "from": [
        -1.45,
        4.9,
        -0.1
      ],
      "to": [
        0.55,
        10.9,
        -0.1
      ],
      "rotation": {
        "angle": 0,
        "axis": "y",
        "origin": [
          8,
          -9.75,
          24
        ]
      },
      "faces": {
        "north": {
          "uv": [
            1.3125,
            1.5625,
            1.5625,
            2.3125
          ],
          "texture": "#0"
        },
        "east": {
          "uv": [
            1.0625,
            1.1875,
            1.0625,
            1.9375
          ],
          "texture": "#0"
        },
        "south": {
          "uv": [
            1.5625,
            1.5625,
            1.3125,
            2.3125
          ],
          "texture": "#0"
        },
        "west": {
          "uv": [
            1.0625,
            1.1875,
            1.0625,
            1.9375
          ],
          "texture": "#0"
        },
        "up": {
          "uv": [
            1.0625,
            1.1875,
            1.0625,
            1.4375
          ],
          "rotation": 90,
          "texture": "#0"
        },
        "down": {
          "uv": [
            1.0625,
            1.1875,
            1.0625,
            1.4375
          ],
          "rotation": 270,
          "texture": "#0"
        }
      }
    },
    {
      "from": [
        14.05,
        7.49062,
        13.48737
      ],
      "to": [
        18.95,
        17.49062,
        16.48737
      ],
      "rotation": {
        "angle": -22.5,
        "axis": "x",
        "origin": [
          8.05,
          9.9,
          8.6
        ]
      },
      "faces": {
        "north": {
          "uv": [
            3.575,
            3.75,
            4.1875,
            5
          ],
          "texture": "#0"
        },
        "east": {
          "uv": [
            4.5625,
            3.75,
            4.1875,
            5
          ],
          "texture": "#0"
        },
        "south": {
          "uv": [
            3.575,
            3.75,
            4.1875,
            5
          ],
          "texture": "#0"
        },
        "west": {
          "uv": [
            4.1875,
            3.75,
            4.5625,
            5
          ],
          "texture": "#0"
        },
        "up": {
          "uv": [
            5.1875,
            3.8125,
            4.8125,
            3.2
          ],
          "rotation": 90,
          "texture": "#0"
        },
        "down": {
          "uv": [
            4.9375,
            5,
            4.5625,
            4.3875
          ],
          "rotation": 90,
          "texture": "#0"
        }
      }
    },
    {
      "from": [
        -2,
        10.6,
        3.25
      ],
      "to": [
        18,
        18.1,
        12.75
      ],
      "rotation": {
        "angle": 0,
        "axis": "y",
        "origin": [
          8.05,
          9.9,
          7
        ]
      },
      "faces": {
        "north": {
          "uv": [
            3.9375,
            5.75,
            6.4375,
            6.6875
          ],
          "texture": "#0"
        },
        "east": {
          "uv": [
            1.625,
            6.25,
            2.8125,
            7.1875
          ],
          "texture": "#0"
        },
        "south": {
          "uv": [
            3.9375,
            5.75,
            6.4375,
            6.6875
          ],
          "texture": "#0"
        },
        "west": {
          "uv": [
            1.625,
            6.25,
            2.8125,
            7.1875
          ],
          "texture": "#0"
        },
        "up": {
          "uv": [
            0.4375,
            6.25,
            1.625,
            8.75
          ],
          "rotation": 270,
          "texture": "#0"
        },
        "down": {
          "uv": [
            0.4375,
            6.25,
            1.625,
            8.75
          ],
          "rotation": 270,
          "texture": "#0"
        }
      }
    },
    {
      "from": [
        0,
        7.97435,
        0.3363
      ],
      "to": [
        16,
        16.97435,
        3.3363
      ],
      "rotation": {
        "angle": 22.5,
        "axis": "x",
        "origin": [
          8.05,
          9.9,
          7.4
        ]
      },
      "faces": {
        "north": {
          "uv": [
            1.125,
            5.125,
            3.125,
            6.25
          ],
          "texture": "#0"
        },
        "east": {
          "uv": [
            3.125,
            5.125,
            3.5,
            6.25
          ],
          "texture": "#0"
        },
        "south": {
          "uv": [
            1.125,
            5.125,
            3.125,
            6.25
          ],
          "texture": "#0"
        },
        "west": {
          "uv": [
            3.125,
            5.125,
            3.5,
            6.25
          ],
          "texture": "#0"
        },
        "up": {
          "uv": [
            0.0625,
            6,
            0.4375,
            8
          ],
          "rotation": 270,
          "texture": "#0"
        },
        "down": {
          "uv": [
            0.0625,
            6,
            0.4375,
            8
          ],
          "rotation": 270,
          "texture": "#0"
        }
      }
    },
    {
      "from": [
        0,
        7.97435,
        12.6637
      ],
      "to": [
        16,
        16.97435,
        15.6637
      ],
      "rotation": {
        "angle": -22.5,
        "axis": "x",
        "origin": [
          8.05,
          9.9,
          8.6
        ]
      },
      "faces": {
        "north": {
          "uv": [
            3.125,
            5.125,
            1.125,
            6.25
          ],
          "texture": "#0"
        },
        "east": {
          "uv": [
            3.5,
            5.125,
            3.125,
            6.25
          ],
          "texture": "#0"
        },
        "south": {
          "uv": [
            5.5,
            5.125,
            3.5,
            6.25
          ],
          "texture": "#0"
        },
        "west": {
          "uv": [
            3.5,
            5.125,
            3.125,
            6.25
          ],
          "texture": "#0"
        },
        "up": {
          "uv": [
            0.4375,
            6,
            0.0625,
            8
          ],
          "rotation": 270,
          "texture": "#0"
        },
        "down": {
          "uv": [
            0.4375,
            6,
            0.0625,
            8
          ],
          "rotation": 270,
          "texture": "#0"
        }
      }
    },
    {
      "from": [
        -4.5,
        16,
        6.4
      ],
      "to": [
        1.5,
        23,
        6.4
      ],
      "rotation": {
        "angle": 0,
        "axis": "y",
        "origin": [
          7.9,
          18.1,
          10.7
        ]
      },
      "faces": {
        "north": {
          "uv": [
            2.375,
            1.9375,
            1.625,
            2.8125
          ],
          "texture": "#0"
        },
        "east": {
          "uv": [
            0,
            0,
            0,
            0.5
          ],
          "texture": "#0"
        },
        "south": {
          "uv": [
            1.625,
            1.9375,
            2.375,
            2.8125
          ],
          "texture": "#0"
        },
        "west": {
          "uv": [
            0,
            0,
            0,
            0.5
          ],
          "texture": "#missing"
        },
        "up": {
          "uv": [
            0,
            0.5,
            0,
            0
          ],
          "rotation": 90,
          "texture": "#missing"
        },
        "down": {
          "uv": [
            0,
            0.5,
            0,
            0
          ],
          "rotation": 270,
          "texture": "#missing"
        }
      }
    },
    {
      "from": [
        -4.5,
        16,
        9.4
      ],
      "to": [
        1.5,
        23,
        9.4
      ],
      "rotation": {
        "angle": 0,
        "axis": "y",
        "origin": [
          7.9,
          18.1,
          10.7
        ]
      },
      "faces": {
        "north": {
          "uv": [
            2.375,
            1.9375,
            1.625,
            2.8125
          ],
          "texture": "#0"
        },
        "east": {
          "uv": [
            0,
            0,
            0,
            0.5
          ],
          "texture": "#0"
        },
        "south": {
          "uv": [
            1.625,
            1.9375,
            2.375,
            2.8125
          ],
          "texture": "#0"
        },
        "west": {
          "uv": [
            0,
            0,
            0,
            0.5
          ],
          "texture": "#missing"
        },
        "up": {
          "uv": [
            0,
            0.5,
            0,
            0
          ],
          "rotation": 90,
          "texture": "#missing"
        },
        "down": {
          "uv": [
            0,
            0.5,
            0,
            0
          ],
          "rotation": 270,
          "texture": "#missing"
        }
      }
    },
    {
      "from": [
        14.5,
        16,
        9.4
      ],
      "to": [
        20.5,
        23,
        9.4
      ],
      "rotation": {
        "angle": 0,
        "axis": "y",
        "origin": [
          8.1,
          18.1,
          10.7
        ]
      },
      "faces": {
        "north": {
          "uv": [
            1.625,
            1.9375,
            2.375,
            2.8125
          ],
          "texture": "#0"
        },
        "east": {
          "uv": [
            0,
            0,
            0,
            0.5
          ],
          "texture": "#missing"
        },
        "south": {
          "uv": [
            2.375,
            1.9375,
            1.625,
            2.8125
          ],
          "texture": "#0"
        },
        "west": {
          "uv": [
            0,
            0,
            0,
            0.5
          ],
          "texture": "#0"
        },
        "up": {
          "uv": [
            0,
            0,
            0,
            0.5
          ],
          "rotation": 90,
          "texture": "#missing"
        },
        "down": {
          "uv": [
            0,
            0,
            0,
            0.5
          ],
          "rotation": 270,
          "texture": "#missing"
        }
      }
    },
    {
      "from": [
        14.5,
        16,
        6.4
      ],
      "to": [
        20.5,
        23,
        6.4
      ],
      "rotation": {
        "angle": 0,
        "axis": "y",
        "origin": [
          8.1,
          18.1,
          10.7
        ]
      },
      "faces": {
        "north": {
          "uv": [
            1.625,
            1.9375,
            2.375,
            2.8125
          ],
          "texture": "#0"
        },
        "east": {
          "uv": [
            0,
            0,
            0,
            0.5
          ],
          "texture": "#missing"
        },
        "south": {
          "uv": [
            2.375,
            1.9375,
            1.625,
            2.8125
          ],
          "texture": "#0"
        },
        "west": {
          "uv": [
            0,
            0,
            0,
            0.5
          ],
          "texture": "#0"
        },
        "up": {
          "uv": [
            0,
            0,
            0,
            0.5
          ],
          "rotation": 90,
          "texture": "#missing"
        },
        "down": {
          "uv": [
            0,
            0,
            0,
            0.5
          ],
          "rotation": 270,
          "texture": "#missing"
        }
      }
    },
    {
      "from": [
        4,
        20,
        8
      ],
      "to": [
        8,
        24,
        8
      ],
      "rotation": {
        "angle": 0,
        "axis": "y",
        "origin": [
          2.6,
          0,
          2.8
        ]
      },
      "faces": {
        "north": {
          "uv": [
            2.125,
            1.4375,
            1.625,
            1.9375
          ],
          "texture": "#0"
        },
        "east": {
          "uv": [
            0,
            0,
            0,
            0.5
          ],
          "texture": "#0"
        },
        "south": {
          "uv": [
            1.625,
            1.4375,
            2.125,
            1.9375
          ],
          "texture": "#0"
        },
        "west": {
          "uv": [
            0,
            0,
            0,
            0.5
          ],
          "texture": "#missing"
        },
        "up": {
          "uv": [
            0,
            0.5,
            0,
            0
          ],
          "rotation": 90,
          "texture": "#missing"
        },
        "down": {
          "uv": [
            0,
            0.5,
            0,
            0
          ],
          "rotation": 270,
          "texture": "#missing"
        }
      }
    },
    {
      "from": [
        8,
        20,
        8
      ],
      "to": [
        12,
        24,
        8
      ],
      "rotation": {
        "angle": 0,
        "axis": "y",
        "origin": [
          18.6,
          0,
          2.8
        ]
      },
      "faces": {
        "north": {
          "uv": [
            1.625,
            1.4375,
            2.125,
            1.9375
          ],
          "texture": "#0"
        },
        "east": {
          "uv": [
            0,
            0,
            0,
            0.5
          ],
          "texture": "#missing"
        },
        "south": {
          "uv": [
            2.125,
            1.4375,
            1.625,
            1.9375
          ],
          "texture": "#0"
        },
        "west": {
          "uv": [
            0,
            0,
            0,
            0.5
          ],
          "texture": "#0"
        },
        "up": {
          "uv": [
            0,
            0,
            0,
            0.5
          ],
          "rotation": 90,
          "texture": "#missing"
        },
        "down": {
          "uv": [
            0,
            0,
            0,
            0.5
          ],
          "rotation": 270,
          "texture": "#missing"
        }
      }
    },
    {
      "from": [
        4,
        6,
        1.1
      ],
      "to": [
        8,
        10,
        1.1
      ],
      "rotation": {
        "angle": 0,
        "axis": "y",
        "origin": [
          2.6,
          16,
          2.8
        ]
      },
      "faces": {
        "north": {
          "uv": [
            2.125,
            1.9375,
            1.625,
            1.4375
          ],
          "texture": "#0"
        },
        "east": {
          "uv": [
            0,
            0.5,
            0,
            0
          ],
          "texture": "#0"
        },
        "south": {
          "uv": [
            1.625,
            1.9375,
            2.125,
            1.4375
          ],
          "texture": "#0"
        },
        "west": {
          "uv": [
            0,
            0.5,
            0,
            0
          ],
          "texture": "#missing"
        },
        "up": {
          "uv": [
            0,
            0.5,
            0,
            0
          ],
          "rotation": 270,
          "texture": "#missing"
        },
        "down": {
          "uv": [
            0,
            0.5,
            0,
            0
          ],
          "rotation": 90,
          "texture": "#missing"
        }
      }
    },
    {
      "from": [
        8,
        6,
        1.1
      ],
      "to": [
        12,
        10,
        1.1
      ],
      "rotation": {
        "angle": 0,
        "axis": "y",
        "origin": [
          18.6,
          16,
          2.8
        ]
      },
      "faces": {
        "north": {
          "uv": [
            1.625,
            1.9375,
            2.125,
            1.4375
          ],
          "texture": "#0"
        },
        "east": {
          "uv": [
            0,
            0.5,
            0,
            0
          ],
          "texture": "#missing"
        },
        "south": {
          "uv": [
            2.125,
            1.9375,
            1.625,
            1.4375
          ],
          "texture": "#0"
        },
        "west": {
          "uv": [
            0,
            0.5,
            0,
            0
          ],
          "texture": "#0"
        },
        "up": {
          "uv": [
            0,
            0,
            0,
            0.5
          ],
          "rotation": 270,
          "texture": "#missing"
        },
        "down": {
          "uv": [
            0,
            0,
            0,
            0.5
          ],
          "rotation": 90,
          "texture": "#missing"
        }
      }
    },
    {
      "from": [
        -4,
        22,
        11
      ],
      "to": [
        6,
        32,
        11
      ],
      "rotation": {
        "angle": 22.5,
        "axis": "y",
        "origin": [
          1,
          27,
          11
        ]
      },
      "faces": {
        "north": {
          "uv": [
            10.5,
            1,
            0.5,
            11
          ],
          "texture": "#2"
        },
        "east": {
          "uv": [
            0.5,
            1,
            0.5,
            11
          ],
          "texture": "#2"
        },
        "south": {
          "uv": [
            10.5,
            1,
            0.5,
            11
          ],
          "texture": "#2"
        },
        "west": {
          "uv": [
            0.5,
            1,
            0.5,
            11
          ],
          "texture": "#2"
        },
        "up": {
          "uv": [
            0.5,
            11,
            0.5,
            1
          ],
          "rotation": 90,
          "texture": "#2"
        },
        "down": {
          "uv": [
            0.5,
            1,
            0.5,
            11
          ],
          "rotation": 270,
          "texture": "#2"
        }
      }
    },
    {
      "from": [
        -10,
        11,
        3
      ],
      "to": [
        -2,
        19,
        3
      ],
      "rotation": {
        "angle": 22.5,
        "axis": "y",
        "origin": [
          -6,
          15,
          3
        ]
      },
      "faces": {
        "north": {
          "uv": [
            0,
            0,
            16,
            16
          ],
          "texture": "#3"
        },
        "east": {
          "uv": [
            0,
            0,
            0,
            16
          ],
          "texture": "#3"
        },
        "south": {
          "uv": [
            0,
            0,
            16,
            16
          ],
          "texture": "#3"
        },
        "west": {
          "uv": [
            0,
            0,
            0,
            16
          ],
          "texture": "#3"
        },
        "up": {
          "uv": [
            0,
            16,
            0,
            0
          ],
          "rotation": 90,
          "texture": "#3"
        },
        "down": {
          "uv": [
            0,
            0,
            0,
            16
          ],
          "rotation": 270,
          "texture": "#3"
        }
      }
    },
    {
      "from": [
        18,
        13,
        6
      ],
      "to": [
        28,
        23,
        6
      ],
      "rotation": {
        "angle": -22.5,
        "axis": "y",
        "origin": [
          23,
          18,
          6
        ]
      },
      "faces": {
        "north": {
          "uv": [
            0.5,
            1,
            10.5,
            11
          ],
          "texture": "#2"
        },
        "east": {
          "uv": [
            0,
            0,
            0,
            12
          ],
          "texture": "#2"
        },
        "south": {
          "uv": [
            0.5,
            1,
            10.5,
            11
          ],
          "texture": "#2"
        },
        "west": {
          "uv": [
            0,
            0,
            0,
            12
          ],
          "texture": "#2"
        },
        "up": {
          "uv": [
            0,
            12,
            0,
            0
          ],
          "rotation": 90,
          "texture": "#2"
        },
        "down": {
          "uv": [
            0,
            0,
            0,
            12
          ],
          "rotation": 270,
          "texture": "#2"
        }
      }
    },
    {
      "from": [
        8.82339,
        18.76052,
        7.25
      ],
      "to": [
        10.82339,
        21.26052,
        8.75
      ],
      "rotation": {
        "angle": -22.5,
        "axis": "z",
        "origin": [
          8,
          19.45,
          8
        ]
      },
      "faces": {
        "north": {
          "uv": [
            2.125,
            0.25,
            1.875,
            0.5625
          ],
          "texture": "#0"
        },
        "east": {
          "uv": [
            2.3125,
            0.25,
            2.125,
            0.5625
          ],
          "texture": "#0"
        },
        "south": {
          "uv": [
            2.125,
            0.25,
            1.875,
            0.5625
          ],
          "texture": "#0"
        },
        "west": {
          "uv": [
            2.3125,
            0.25,
            2.125,
            0.5625
          ],
          "texture": "#0"
        },
        "up": {
          "uv": [
            2.0625,
            0.25,
            2.25,
            0
          ],
          "rotation": 90,
          "texture": "#0"
        },
        "down": {
          "uv": [
            2.0625,
            0.25,
            2.25,
            0
          ],
          "rotation": 270,
          "texture": "#0"
        }
      }
    },
    {
      "from": [
        7.25,
        17.45,
        6.5
      ],
      "to": [
        8.75,
        19.55,
        9.5
      ],
      "rotation": {
        "angle": 0,
        "axis": "y",
        "origin": [
          8,
          19.45,
          8
        ]
      },
      "faces": {
        "north": {
          "uv": [
            0.75,
            1.375,
            0.9375,
            1.125
          ],
          "texture": "#0"
        },
        "east": {
          "uv": [
            0.9375,
            1.375,
            1.3125,
            1.125
          ],
          "texture": "#0"
        },
        "south": {
          "uv": [
            0.9375,
            1.375,
            0.75,
            1.125
          ],
          "texture": "#0"
        },
        "west": {
          "uv": [
            0.9375,
            1.375,
            1.3125,
            1.125
          ],
          "texture": "#0"
        },
        "up": {
          "uv": [
            0.875,
            1.125,
            1.25,
            0.9375
          ],
          "rotation": 90,
          "texture": "#0"
        },
        "down": {
          "uv": [
            0.875,
            1.125,
            1.25,
            0.9375
          ],
          "rotation": 270,
          "texture": "#0"
        }
      }
    },
    {
      "from": [
        6.40503,
        17.5,
        7.49497
      ],
      "to": [
        8.50503,
        19.5,
        9.59497
      ],
      "rotation": {
        "angle": -45,
        "axis": "y",
        "origin": [
          8,
          19.45,
          8
        ]
      },
      "faces": {
        "north": {
          "uv": [
            1.8125,
            0.25,
            2.0625,
            0
          ],
          "texture": "#0"
        },
        "east": {
          "uv": [
            1.3125,
            0.5625,
            1.5625,
            0.3125
          ],
          "texture": "#0"
        },
        "south": {
          "uv": [
            1.5625,
            0.5625,
            1.3125,
            0.3125
          ],
          "texture": "#0"
        },
        "west": {
          "uv": [
            1.3125,
            0.5625,
            1.5625,
            0.3125
          ],
          "texture": "#0"
        },
        "up": {
          "uv": [
            1.3125,
            0.8125,
            1.5625,
            0.5625
          ],
          "rotation": 90,
          "texture": "#0"
        },
        "down": {
          "uv": [
            1.3125,
            0.8125,
            1.5625,
            0.5625
          ],
          "rotation": 270,
          "texture": "#0"
        }
      }
    },
    {
      "from": [
        5.17661,
        18.76052,
        7.25
      ],
      "to": [
        7.17661,
        21.26052,
        8.75
      ],
      "rotation": {
        "angle": 22.5,
        "axis": "z",
        "origin": [
          8,
          19.45,
          8
        ]
      },
      "faces": {
        "north": {
          "uv": [
            1.875,
            0.25,
            2.125,
            0.5625
          ],
          "texture": "#0"
        },
        "east": {
          "uv": [
            2.125,
            0.25,
            2.3125,
            0.5625
          ],
          "texture": "#0"
        },
        "south": {
          "uv": [
            1.875,
            0.25,
            2.125,
            0.5625
          ],
          "texture": "#0"
        },
        "west": {
          "uv": [
            2.125,
            0.25,
            2.3125,
            0.5625
          ],
          "texture": "#0"
        },
        "up": {
          "uv": [
            2.0625,
            0,
            2.25,
            0.25
          ],
          "rotation": 90,
          "texture": "#0"
        },
        "down": {
          "uv": [
            2.0625,
            0,
            2.25,
            0.25
          ],
          "rotation": 270,
          "texture": "#0"
        }
      }
    },
    {
      "from": [
        7.49497,
        17.5,
        7.49497
      ],
      "to": [
        9.59497,
        19.5,
        9.59497
      ],
      "rotation": {
        "angle": 45,
        "axis": "y",
        "origin": [
          8,
          19.45,
          8
        ]
      },
      "faces": {
        "north": {
          "uv": [
            2.0625,
            0.25,
            1.8125,
            0
          ],
          "texture": "#0"
        },
        "east": {
          "uv": [
            1.5625,
            0.5625,
            1.3125,
            0.3125
          ],
          "texture": "#0"
        },
        "south": {
          "uv": [
            1.3125,
            0.5625,
            1.5625,
            0.3125
          ],
          "texture": "#0"
        },
        "west": {
          "uv": [
            1.5625,
            0.5625,
            1.3125,
            0.3125
          ],
          "texture": "#0"
        },
        "up": {
          "uv": [
            1.3125,
            0.5625,
            1.5625,
            0.8125
          ],
          "rotation": 90,
          "texture": "#0"
        },
        "down": {
          "uv": [
            1.3125,
            0.5625,
            1.5625,
            0.8125
          ],
          "rotation": 270,
          "texture": "#0"
        }
      }
    },
    {
      "from": [
        7,
        19.4,
        7
      ],
      "to": [
        9,
        21.4,
        9
      ],
      "rotation": {
        "angle": -45,
        "axis": "y",
        "origin": [
          8,
          19.45,
          8
        ]
      },
      "faces": {
        "north": {
          "uv": [
            1.3125,
            1.0625,
            1.5625,
            0.8125
          ],
          "texture": "#0"
        },
        "east": {
          "uv": [
            1.3125,
            1.0625,
            1.5625,
            0.8125
          ],
          "texture": "#0"
        },
        "south": {
          "uv": [
            1.3125,
            1.0625,
            1.5625,
            0.8125
          ],
          "texture": "#0"
        },
        "west": {
          "uv": [
            1.3125,
            1.0625,
            1.5625,
            0.8125
          ],
          "texture": "#0"
        },
        "up": {
          "uv": [
            1.3125,
            1.3125,
            1.5625,
            1.0625
          ],
          "rotation": 90,
          "texture": "#0"
        },
        "down": {
          "uv": [
            1.3125,
            1.3125,
            1.5625,
            1.0625
          ],
          "rotation": 270,
          "texture": "#0"
        }
      }
    }
  ],
  "gui_light": "front",
  "display": {
    "thirdperson_righthand": {
      "rotation": [
        60.75,
        0,
        0
      ],
      "scale": [
        0.42773,
        0.42773,
        0.42773
      ]
    },
    "thirdperson_lefthand": {
      "rotation": [
        60.75,
        0,
        0
      ],
      "scale": [
        0.42773,
        0.42773,
        0.42773
      ]
    },
    "firstperson_righthand": {
      "rotation": [
        -1,
        156,
        -6
      ],
      "translation": [
        8.75,
        -3.75,
        -14.5
      ],
      "scale": [
        0.80469,
        0.80469,
        0.80469
      ]
    },
    "firstperson_lefthand": {
      "rotation": [
        -1,
        156,
        -6
      ],
      "translation": [
        8.75,
        -3.75,
        -14.5
      ],
      "scale": [
        0.80469,
        0.80469,
        0.80469
      ]
    },
    "ground": {
      "translation": [
        0,
        0.25,
        0
      ],
      "scale": [
        0.54492,
        0.54492,
        0.54492
      ]
    },
    "gui": {
      "rotation": [
        16,
        159,
        0
      ],
      "translation": [
        0,
        -1.5,
        0
      ],
      "scale": [
        0.4707,
        0.4707,
        0.4707
      ]
    },
    "head": {
      "translation": [
        0,
        -34,
        -0.75
      ],
      "scale": [
        1.15625,
        1.15625,
        1.15625
      ]
    },
    "fixed": {
      "rotation": [
        -90,
        0,
        0
      ],
      "translation": [
        0,
        0,
        -9.75
      ],
      "scale": [
        1.36328,
        1.36328,
        1.36328
      ]
    }
  },
  "groups": [
    {
      "name": "group",
      "origin": [
        4,
        16.5,
        8
      ],
      "color": 0,
      "boneType": "",
      "children": []
    },
    0,
    1,
    2,
    3,
    4,
    5,
    6,
    7,
    8,
    9,
    10,
    11,
    12,
    13,
    14,
    15,
    16,
    17,
    18,
    19,
    20,
    21,
    22,
    23,
    24,
    25,
    26,
    27,
    28,
    29,
    30,
    31,
    32,
    33,
    34,
    35,
    36,
    37,
    38,
    39,
    40,
    41,
    42,
    43,
    44,
    45,
    46,
    47,
    48,
    49,
    50,
    51
  ]
}