{
  "credit": "Made by PolygonMC",
  "texture_size": [
    20,
    20
  ],
  "textures": {
    "3": "fiendskullset:key"
  },
  "elements": [
    {
      "from": [
        7.5,
        7.18015,
        8.0858
      ],
      "to": [
        8.5,
        8.18015,
        9.0858
      ],
      "rotation": {
        "angle": 0,
        "axis": "x",
        "origin": [
          8,
          7.68015,
          6.8358
        ]
      },
      "faces": {
        "north": {
          "uv": [
            8,
            4.8,
            8.8,
            5.6
          ],
          "texture": "#3"
        },
        "east": {
          "uv": [
            8,
            5.6,
            8.8,
            6.4
          ],
          "texture": "#3"
        },
        "west": {
          "uv": [
            8,
            6.4,
            8.8,
            7.2
          ],
          "texture": "#3"
        },
        "up": {
          "uv": [
            8,
            8.8,
            7.2,
            8
          ],
          "texture": "#3"
        },
        "down": {
          "uv": [
            8.8,
            7.2,
            8,
            8
          ],
          "texture": "#3"
        }
      }
    },
    {
      "from": [
        7.5,
        7.18015,
        3.5858
      ],
      "to": [
        8.5,
        8.18015,
        5.5858
      ],
      "rotation": {
        "angle": 0,
        "axis": "x",
        "origin": [
          8,
          7.68015,
          6.8358
        ]
      },
      "faces": {
        "north": {
          "uv": [
            8,
            8,
            8.8,
            8.8
          ],
          "texture": "#3"
        },
        "east": {
          "uv": [
            0,
            7.2,
            1.6,
            8
          ],
          "texture": "#3"
        },
        "south": {
          "uv": [
            8.8,
            0,
            9.6,
            0.8
          ],
          "texture": "#3"
        },
        "west": {
          "uv": [
            7.2,
            0,
            8.8,
            0.8
          ],
          "texture": "#3"
        },
        "up": {
          "uv": [
            2.4,
            8.8,
            1.6,
            7.2
          ],
          "texture": "#3"
        },
        "down": {
          "uv": [
            3.2,
            7.2,
            2.4,
            8.8
          ],
          "texture": "#3"
        }
      }
    },
    {
      "from": [
        7.6,
        7.28015,
        5.5858
      ],
      "to": [
        8.4,
        8.08015,
        8.0858
      ],
      "rotation": {
        "angle": 0,
        "axis": "x",
        "origin": [
          8,
          7.68015,
          6.8358
        ]
      },
      "faces": {
        "east": {
          "uv": [
            7.2,
            0.8,
            9.2,
            1.4
          ],
          "texture": "#3"
        },
        "west": {
          "uv": [
            7.2,
            3.2,
            9.2,
            3.8
          ],
          "texture": "#3"
        },
        "up": {
          "uv": [
            0.6,
            10,
            0,
            8
          ],
          "texture": "#3"
        },
        "down": {
          "uv": [
            1.4,
            8,
            0.8,
            10
          ],
          "texture": "#3"
        }
      }
    },
    {
      "from": [
        7,
        8.13015,
        8.2858
      ],
      "to": [
        9,
        10.13015,
        10.5358
      ],
      "rotation": {
        "angle": 22.5,
        "axis": "x",
        "origin": [
          8,
          8.29439,
          9.18767
        ]
      },
      "faces": {
        "north": {
          "uv": [
            4.8,
            1.6,
            6.4,
            3.2
          ],
          "texture": "#3"
        },
        "east": {
          "uv": [
            2.4,
            0,
            4.2,
            1.6
          ],
          "texture": "#3"
        },
        "south": {
          "uv": [
            3.2,
            4.8,
            4.8,
            6.4
          ],
          "texture": "#3"
        },
        "west": {
          "uv": [
            2.4,
            1.6,
            4.2,
            3.2
          ],
          "texture": "#3"
        },
        "up": {
          "uv": [
            1.6,
            5,
            0,
            3.2
          ],
          "texture": "#3"
        },
        "down": {
          "uv": [
            3.2,
            3.2,
            1.6,
            5
          ],
          "texture": "#3"
        }
      }
    },
    {
      "from": [
        7,
        7.67613,
        8.60462
      ],
      "to": [
        9,
        8.17613,
        8.63462
      ],
      "rotation": {
        "angle": 22.5,
        "axis": "x",
        "origin": [
          8,
          8.49037,
          9.10649
        ]
      },
      "faces": {
        "north": {
          "uv": [
            1.6,
            8.8,
            3.2,
            9.2
          ],
          "texture": "#3"
        },
        "south": {
          "uv": [
            4.8,
            8.8,
            6.4,
            9.2
          ],
          "texture": "#3"
        }
      }
    },
    {
      "from": [
        6.75,
        6.77603,
        8.5116
      ],
      "to": [
        7,
        7.27603,
        10.5116
      ],
      "rotation": {
        "angle": -22.5,
        "axis": "x",
        "origin": [
          8,
          7.27603,
          9.2616
        ]
      },
      "faces": {
        "north": {
          "uv": [
            12.8,
            0,
            13,
            0.4
          ],
          "texture": "#3"
        },
        "east": {
          "uv": [
            8.8,
            4.8,
            10.4,
            5.2
          ],
          "texture": "#3"
        },
        "south": {
          "uv": [
            0.8,
            12.8,
            1,
            13.2
          ],
          "texture": "#3"
        },
        "west": {
          "uv": [
            8.8,
            5.6,
            10.4,
            6
          ],
          "texture": "#3"
        },
        "up": {
          "uv": [
            10.6,
            11.2,
            10.4,
            9.6
          ],
          "texture": "#3"
        },
        "down": {
          "uv": [
            0.2,
            11.2,
            0,
            12.8
          ],
          "texture": "#3"
        }
      }
    },
    {
      "from": [
        7,
        6.77603,
        8.2616
      ],
      "to": [
        9,
        7.27603,
        8.7616
      ],
      "rotation": {
        "angle": -22.5,
        "axis": "x",
        "origin": [
          8,
          7.27603,
          9.2616
        ]
      },
      "faces": {
        "north": {
          "uv": [
            6.4,
            8.8,
            8,
            9.2
          ],
          "texture": "#3"
        },
        "east": {
          "uv": [
            11.2,
            7.2,
            11.6,
            7.6
          ],
          "texture": "#3"
        },
        "south": {
          "uv": [
            8.8,
            6.4,
            10.4,
            6.8
          ],
          "texture": "#3"
        },
        "west": {
          "uv": [
            8,
            11.2,
            8.4,
            11.6
          ],
          "texture": "#3"
        },
        "up": {
          "uv": [
            10.4,
            7.6,
            8.8,
            7.2
          ],
          "texture": "#3"
        },
        "down": {
          "uv": [
            9.6,
            8.8,
            8,
            9.2
          ],
          "texture": "#3"
        }
      }
    },
    {
      "from": [
        6.75,
        7.27603,
        9.5116
      ],
      "to": [
        7,
        7.77603,
        10.5116
      ],
      "rotation": {
        "angle": -22.5,
        "axis": "x",
        "origin": [
          8,
          7.27603,
          9.2616
        ]
      },
      "faces": {
        "north": {
          "uv": [
            12.8,
            0.8,
            13,
            1.2
          ],
          "texture": "#3"
        },
        "east": {
          "uv": [
            11.2,
            0,
            12,
            0.4
          ],
          "texture": "#3"
        },
        "south": {
          "uv": [
            1.6,
            12.8,
            1.8,
            13.2
          ],
          "texture": "#3"
        },
        "west": {
          "uv": [
            0.8,
            11.2,
            1.6,
            11.6
          ],
          "texture": "#3"
        },
        "up": {
          "uv": [
            11.4,
            8.8,
            11.2,
            8
          ],
          "texture": "#3"
        }
      }
    },
    {
      "from": [
        9,
        7.27603,
        9.5116
      ],
      "to": [
        9.25,
        7.77603,
        10.5116
      ],
      "rotation": {
        "angle": -22.5,
        "axis": "x",
        "origin": [
          8,
          7.27603,
          9.2616
        ]
      },
      "faces": {
        "north": {
          "uv": [
            12.8,
            1.6,
            13,
            2
          ],
          "texture": "#3"
        },
        "east": {
          "uv": [
            11.2,
            0.8,
            12,
            1.2
          ],
          "texture": "#3"
        },
        "south": {
          "uv": [
            2.4,
            12.8,
            2.6,
            13.2
          ],
          "texture": "#3"
        },
        "west": {
          "uv": [
            1.6,
            11.2,
            2.4,
            11.6
          ],
          "texture": "#3"
        },
        "up": {
          "uv": [
            9,
            12,
            8.8,
            11.2
          ],
          "texture": "#3"
        }
      }
    },
    {
      "from": [
        9.07,
        7.27603,
        8.6116
      ],
      "to": [
        9.1,
        7.77603,
        9.5116
      ],
      "rotation": {
        "angle": -22.5,
        "axis": "x",
        "origin": [
          8,
          7.27603,
          9.2616
        ]
      },
      "faces": {
        "east": {
          "uv": [
            11.2,
            1.6,
            12,
            2
          ],
          "texture": "#3"
        },
        "west": {
          "uv": [
            2.4,
            11.2,
            3.2,
            11.6
          ],
          "texture": "#3"
        }
      }
    },
    {
      "from": [
        6.9,
        7.27603,
        8.6116
      ],
      "to": [
        9.1,
        7.77603,
        8.6416
      ],
      "rotation": {
        "angle": -22.5,
        "axis": "x",
        "origin": [
          8,
          7.27603,
          9.2616
        ]
      },
      "faces": {
        "north": {
          "uv": [
            7.2,
            4,
            9,
            4.4
          ],
          "texture": "#3"
        },
        "south": {
          "uv": [
            4.8,
            8,
            6.6,
            8.4
          ],
          "texture": "#3"
        }
      }
    },
    {
      "from": [
        6.9,
        7.27603,
        8.6116
      ],
      "to": [
        6.93,
        7.77603,
        9.5116
      ],
      "rotation": {
        "angle": -22.5,
        "axis": "x",
        "origin": [
          8,
          7.27603,
          9.2616
        ]
      },
      "faces": {
        "east": {
          "uv": [
            11.2,
            2.4,
            12,
            2.8
          ],
          "texture": "#3"
        },
        "west": {
          "uv": [
            3.2,
            11.2,
            4,
            11.6
          ],
          "texture": "#3"
        }
      }
    },
    {
      "from": [
        9,
        6.77603,
        8.5116
      ],
      "to": [
        9.25,
        7.27603,
        10.5116
      ],
      "rotation": {
        "angle": -22.5,
        "axis": "x",
        "origin": [
          8,
          7.27603,
          9.2616
        ]
      },
      "faces": {
        "north": {
          "uv": [
            12.8,
            2.4,
            13,
            2.8
          ],
          "texture": "#3"
        },
        "east": {
          "uv": [
            8.8,
            8,
            10.4,
            8.4
          ],
          "texture": "#3"
        },
        "south": {
          "uv": [
            3.2,
            12.8,
            3.4,
            13.2
          ],
          "texture": "#3"
        },
        "west": {
          "uv": [
            9.6,
            0,
            11.2,
            0.4
          ],
          "texture": "#3"
        },
        "up": {
          "uv": [
            11.4,
            4.8,
            11.2,
            3.2
          ],
          "texture": "#3"
        },
        "down": {
          "uv": [
            4.2,
            11.2,
            4,
            12.8
          ],
          "texture": "#3"
        }
      }
    },
    {
      "from": [
        8.5,
        9.38015,
        8.1358
      ],
      "to": [
        9.25,
        9.63015,
        8.6358
      ],
      "rotation": {
        "angle": 22.5,
        "axis": "x",
        "origin": [
          8,
          8.29439,
          9.18767
        ]
      },
      "faces": {
        "north": {
          "uv": [
            11.2,
            12,
            11.8,
            12.2
          ],
          "texture": "#3"
        },
        "east": {
          "uv": [
            12.8,
            3.2,
            13.2,
            3.4
          ],
          "texture": "#3"
        },
        "south": {
          "uv": [
            12,
            11.2,
            12.6,
            11.4
          ],
          "texture": "#3"
        },
        "west": {
          "uv": [
            4,
            12.8,
            4.4,
            13
          ],
          "texture": "#3"
        },
        "up": {
          "uv": [
            11.8,
            6,
            11.2,
            5.6
          ],
          "texture": "#3"
        },
        "down": {
          "uv": [
            7,
            11.2,
            6.4,
            11.6
          ],
          "texture": "#3"
        }
      }
    },
    {
      "from": [
        6.75,
        9.38015,
        8.1358
      ],
      "to": [
        7.5,
        9.63015,
        8.6358
      ],
      "rotation": {
        "angle": 22.5,
        "axis": "x",
        "origin": [
          8,
          8.29439,
          9.18767
        ]
      },
      "faces": {
        "north": {
          "uv": [
            12,
            12,
            12.6,
            12.2
          ],
          "texture": "#3"
        },
        "east": {
          "uv": [
            12.8,
            4,
            13.2,
            4.2
          ],
          "texture": "#3"
        },
        "south": {
          "uv": [
            0,
            12.8,
            0.6,
            13
          ],
          "texture": "#3"
        },
        "west": {
          "uv": [
            4.8,
            12.8,
            5.2,
            13
          ],
          "texture": "#3"
        },
        "up": {
          "uv": [
            11.8,
            6.8,
            11.2,
            6.4
          ],
          "texture": "#3"
        },
        "down": {
          "uv": [
            7.8,
            11.2,
            7.2,
            11.6
          ],
          "texture": "#3"
        }
      }
    },
    {
      "from": [
        6.75,
        8.63015,
        8.7858
      ],
      "to": [
        9.25,
        10.38015,
        10.7858
      ],
      "rotation": {
        "angle": 22.5,
        "axis": "x",
        "origin": [
          8,
          8.29439,
          9.18767
        ]
      },
      "faces": {
        "north": {
          "uv": [
            3.2,
            3.2,
            5.2,
            4.6
          ],
          "texture": "#3"
        },
        "east": {
          "uv": [
            0,
            5.6,
            1.6,
            7
          ],
          "texture": "#3"
        },
        "south": {
          "uv": [
            4.8,
            0,
            6.8,
            1.4
          ],
          "texture": "#3"
        },
        "west": {
          "uv": [
            1.6,
            5.6,
            3.2,
            7
          ],
          "texture": "#3"
        },
        "up": {
          "uv": [
            2,
            1.6,
            0,
            0
          ],
          "texture": "#3"
        },
        "down": {
          "uv": [
            2,
            1.6,
            0,
            3.2
          ],
          "texture": "#3"
        }
      }
    },
    {
      "from": [
        7.49175,
        7.84572,
        10.53044
      ],
      "to": [
        8.50825,
        8.86222,
        11.54694
      ],
      "rotation": {
        "angle": 45,
        "axis": "x",
        "origin": [
          8,
          8.20948,
          11.61425
        ]
      },
      "faces": {
        "north": {
          "uv": [
            9.6,
            0.8,
            10.4,
            1.6
          ],
          "texture": "#3"
        },
        "east": {
          "uv": [
            1.6,
            9.6,
            2.4,
            10.4
          ],
          "texture": "#3"
        },
        "south": {
          "uv": [
            9.6,
            1.6,
            10.4,
            2.4
          ],
          "texture": "#3"
        },
        "west": {
          "uv": [
            2.4,
            9.6,
            3.2,
            10.4
          ],
          "texture": "#3"
        },
        "up": {
          "uv": [
            10.4,
            3.2,
            9.6,
            2.4
          ],
          "texture": "#3"
        },
        "down": {
          "uv": [
            4,
            9.6,
            3.2,
            10.4
          ],
          "texture": "#3"
        }
      }
    },
    {
      "from": [
        7.61881,
        7.73078,
        11.31983
      ],
      "to": [
        8.38119,
        8.49316,
        12.0822
      ],
      "rotation": {
        "angle": -22.5,
        "axis": "x",
        "origin": [
          8,
          8.20948,
          11.61425
        ]
      },
      "faces": {
        "north": {
          "uv": [
            1.4,
            10.4,
            0.8,
            11
          ],
          "rotation": 180,
          "texture": "#3"
        },
        "east": {
          "uv": [
            8.8,
            9.6,
            9.4,
            10.2
          ],
          "rotation": 270,
          "texture": "#3"
        },
        "south": {
          "uv": [
            0.6,
            11,
            0,
            10.4
          ],
          "texture": "#3"
        },
        "west": {
          "uv": [
            9.6,
            9.6,
            10.2,
            10.2
          ],
          "rotation": 90,
          "texture": "#3"
        },
        "down": {
          "uv": [
            9.6,
            8.8,
            10.2,
            9.4
          ],
          "texture": "#3"
        }
      }
    },
    {
      "from": [
        7.71792,
        7.4101,
        11.61733
      ],
      "to": [
        8.28208,
        7.97426,
        12.18149
      ],
      "rotation": {
        "angle": 0,
        "axis": "x",
        "origin": [
          8,
          8.20948,
          11.61425
        ]
      },
      "faces": {
        "north": {
          "uv": [
            11.6,
            10.4,
            11.2,
            10.8
          ],
          "rotation": 180,
          "texture": "#3"
        },
        "east": {
          "uv": [
            11.2,
            8.8,
            11.6,
            9.2
          ],
          "rotation": 270,
          "texture": "#3"
        },
        "south": {
          "uv": [
            10.8,
            11.6,
            10.4,
            11.2
          ],
          "texture": "#3"
        },
        "west": {
          "uv": [
            11.2,
            9.6,
            11.6,
            10
          ],
          "rotation": 90,
          "texture": "#3"
        },
        "down": {
          "uv": [
            9.6,
            11.2,
            10,
            11.6
          ],
          "texture": "#3"
        }
      }
    },
    {
      "from": [
        7.04719,
        7.35289,
        3.87577
      ],
      "to": [
        7.80571,
        8.11141,
        4.63428
      ],
      "rotation": {
        "angle": 22.5,
        "axis": "y",
        "origin": [
          7,
          7.73215,
          4.37018
        ]
      },
      "faces": {
        "north": {
          "uv": [
            11,
            9.4,
            10.4,
            8.8
          ],
          "rotation": 270,
          "texture": "#3"
        },
        "east": {
          "uv": [
            10.4,
            7.2,
            11,
            7.8
          ],
          "rotation": 90,
          "texture": "#3"
        },
        "south": {
          "uv": [
            10.2,
            10.4,
            9.6,
            11
          ],
          "rotation": 270,
          "texture": "#3"
        },
        "west": {
          "uv": [
            10.4,
            8,
            11,
            8.6
          ],
          "rotation": 270,
          "texture": "#3"
        },
        "up": {
          "uv": [
            8,
            10.4,
            8.6,
            11
          ],
          "texture": "#3"
        },
        "down": {
          "uv": [
            8.8,
            10.4,
            9.4,
            11
          ],
          "rotation": 180,
          "texture": "#3"
        }
      }
    },
    {
      "from": [
        6.6428,
        7.44771,
        4.01306
      ],
      "to": [
        7.21168,
        8.01659,
        4.58195
      ],
      "rotation": {
        "angle": 45,
        "axis": "y",
        "origin": [
          7,
          7.73215,
          4.37018
        ]
      },
      "faces": {
        "north": {
          "uv": [
            12,
            4.8,
            12.4,
            5.2
          ],
          "rotation": 270,
          "texture": "#3"
        },
        "south": {
          "uv": [
            12,
            4,
            12.4,
            4.4
          ],
          "rotation": 90,
          "texture": "#3"
        },
        "west": {
          "uv": [
            12.4,
            5.6,
            12,
            6
          ],
          "rotation": 270,
          "texture": "#3"
        },
        "up": {
          "uv": [
            4.8,
            12,
            5.2,
            12.4
          ],
          "rotation": 90,
          "texture": "#3"
        },
        "down": {
          "uv": [
            5.6,
            12,
            6,
            12.4
          ],
          "rotation": 90,
          "texture": "#3"
        }
      }
    },
    {
      "from": [
        6.5694,
        7.52166,
        4.54267
      ],
      "to": [
        6.99038,
        7.94264,
        4.96364
      ],
      "rotation": {
        "angle": -22.5,
        "axis": "y",
        "origin": [
          7,
          7.73215,
          4.37018
        ]
      },
      "faces": {
        "east": {
          "uv": [
            6.4,
            12,
            6.8,
            12.4
          ],
          "rotation": 90,
          "texture": "#3"
        },
        "south": {
          "uv": [
            8.4,
            12,
            8,
            12.4
          ],
          "rotation": 270,
          "texture": "#3"
        },
        "west": {
          "uv": [
            7.2,
            12,
            7.6,
            12.4
          ],
          "rotation": 270,
          "texture": "#3"
        },
        "up": {
          "uv": [
            12,
            6.4,
            12.4,
            6.8
          ],
          "texture": "#3"
        },
        "down": {
          "uv": [
            12,
            7.2,
            12.4,
            7.6
          ],
          "rotation": 180,
          "texture": "#3"
        }
      }
    },
    {
      "from": [
        8.19429,
        7.35289,
        3.87577
      ],
      "to": [
        8.95281,
        8.11141,
        4.63428
      ],
      "rotation": {
        "angle": -22.5,
        "axis": "y",
        "origin": [
          9,
          7.73215,
          4.37018
        ]
      },
      "faces": {
        "north": {
          "uv": [
            11,
            8.8,
            10.4,
            9.4
          ],
          "rotation": 270,
          "texture": "#3"
        },
        "east": {
          "uv": [
            10.4,
            8.6,
            11,
            8
          ],
          "rotation": 270,
          "texture": "#3"
        },
        "south": {
          "uv": [
            10.2,
            11,
            9.6,
            10.4
          ],
          "rotation": 270,
          "texture": "#3"
        },
        "west": {
          "uv": [
            10.4,
            7.8,
            11,
            7.2
          ],
          "rotation": 90,
          "texture": "#3"
        },
        "up": {
          "uv": [
            8.6,
            10.4,
            8,
            11
          ],
          "texture": "#3"
        },
        "down": {
          "uv": [
            9.4,
            10.4,
            8.8,
            11
          ],
          "rotation": 180,
          "texture": "#3"
        }
      }
    },
    {
      "from": [
        8.78832,
        7.44771,
        4.01306
      ],
      "to": [
        9.3572,
        8.01659,
        4.58195
      ],
      "rotation": {
        "angle": -45,
        "axis": "y",
        "origin": [
          9,
          7.73215,
          4.37018
        ]
      },
      "faces": {
        "north": {
          "uv": [
            12,
            5.2,
            12.4,
            4.8
          ],
          "rotation": 270,
          "texture": "#3"
        },
        "east": {
          "uv": [
            12.4,
            6,
            12,
            5.6
          ],
          "rotation": 270,
          "texture": "#3"
        },
        "south": {
          "uv": [
            12,
            4.4,
            12.4,
            4
          ],
          "rotation": 90,
          "texture": "#3"
        },
        "up": {
          "uv": [
            4.8,
            12.4,
            5.2,
            12
          ],
          "rotation": 90,
          "texture": "#3"
        },
        "down": {
          "uv": [
            5.6,
            12.4,
            6,
            12
          ],
          "rotation": 90,
          "texture": "#3"
        }
      }
    },
    {
      "from": [
        9.00962,
        7.52166,
        4.54267
      ],
      "to": [
        9.4306,
        7.94264,
        4.96364
      ],
      "rotation": {
        "angle": 22.5,
        "axis": "y",
        "origin": [
          9,
          7.73215,
          4.37018
        ]
      },
      "faces": {
        "east": {
          "uv": [
            7.2,
            12.4,
            7.6,
            12
          ],
          "rotation": 270,
          "texture": "#3"
        },
        "south": {
          "uv": [
            8.4,
            12.4,
            8,
            12
          ],
          "rotation": 270,
          "texture": "#3"
        },
        "west": {
          "uv": [
            6.4,
            12.4,
            6.8,
            12
          ],
          "rotation": 90,
          "texture": "#3"
        },
        "up": {
          "uv": [
            12.4,
            6.4,
            12,
            6.8
          ],
          "texture": "#3"
        },
        "down": {
          "uv": [
            12.4,
            7.2,
            12,
            7.6
          ],
          "rotation": 180,
          "texture": "#3"
        }
      }
    },
    {
      "from": [
        6.85,
        5.53015,
        8.6858
      ],
      "to": [
        6.88,
        7.03015,
        9.9358
      ],
      "rotation": {
        "angle": 0,
        "axis": "y",
        "origin": [
          0,
          -7.81985,
          1.3358
        ]
      },
      "faces": {
        "east": {
          "uv": [
            8,
            1.6,
            9,
            2.8
          ],
          "texture": "#3"
        },
        "west": {
          "uv": [
            3.2,
            8,
            4.2,
            9.2
          ],
          "texture": "#3"
        }
      }
    },
    {
      "from": [
        6.8,
        7.30515,
        8.6858
      ],
      "to": [
        6.8,
        9.30515,
        10.6858
      ],
      "rotation": {
        "angle": 0,
        "axis": "y",
        "origin": [
          8,
          -7.81985,
          1.3358
        ]
      },
      "faces": {
        "west": {
          "uv": [
            4.8,
            4.8,
            6.4,
            6.4
          ],
          "texture": "#3"
        }
      }
    },
    {
      "from": [
        7.4,
        6.79259,
        8.7108
      ],
      "to": [
        8.6,
        8.54259,
        10.4608
      ],
      "rotation": {
        "angle": 45,
        "axis": "x",
        "origin": [
          8,
          7.66759,
          9.5858
        ]
      },
      "faces": {
        "north": {
          "uv": [
            3.2,
            6.4,
            4.2,
            7.8
          ],
          "texture": "#3"
        },
        "east": {
          "uv": [
            5.6,
            3.2,
            7,
            4.6
          ],
          "texture": "#3"
        },
        "south": {
          "uv": [
            4.8,
            6.4,
            5.8,
            7.8
          ],
          "texture": "#3"
        },
        "west": {
          "uv": [
            6.4,
            1.6,
            7.8,
            3
          ],
          "texture": "#3"
        },
        "up": {
          "uv": [
            7.4,
            6.2,
            6.4,
            4.8
          ],
          "texture": "#3"
        },
        "down": {
          "uv": [
            7.4,
            6.4,
            6.4,
            7.8
          ],
          "texture": "#3"
        }
      }
    },
    {
      "from": [
        7.75,
        6.68015,
        4.0858
      ],
      "to": [
        8.25,
        7.18015,
        5.0858
      ],
      "rotation": {
        "angle": 0,
        "axis": "y",
        "origin": [
          7.75,
          6.68015,
          3.5858
        ]
      },
      "faces": {
        "north": {
          "uv": [
            12,
            8,
            12.4,
            8.4
          ],
          "texture": "#3"
        },
        "east": {
          "uv": [
            4.8,
            11.2,
            5.6,
            11.6
          ],
          "texture": "#3"
        },
        "south": {
          "uv": [
            8.8,
            12,
            9.2,
            12.4
          ],
          "texture": "#3"
        },
        "west": {
          "uv": [
            11.2,
            4.8,
            12,
            5.2
          ],
          "texture": "#3"
        },
        "down": {
          "uv": [
            6,
            11.2,
            5.6,
            12
          ],
          "texture": "#3"
        }
      }
    },
    {
      "from": [
        7.75,
        6.18015,
        4.0858
      ],
      "to": [
        8.25,
        6.68015,
        4.5858
      ],
      "rotation": {
        "angle": 0,
        "axis": "y",
        "origin": [
          7.75,
          6.18015,
          3.5858
        ]
      },
      "faces": {
        "north": {
          "uv": [
            12,
            8.8,
            12.4,
            9.2
          ],
          "texture": "#3"
        },
        "east": {
          "uv": [
            9.6,
            12,
            10,
            12.4
          ],
          "texture": "#3"
        },
        "south": {
          "uv": [
            12,
            9.6,
            12.4,
            10
          ],
          "texture": "#3"
        },
        "west": {
          "uv": [
            10.4,
            12,
            10.8,
            12.4
          ],
          "texture": "#3"
        },
        "down": {
          "uv": [
            12.4,
            10.4,
            12,
            10.8
          ],
          "texture": "#3"
        }
      }
    }
  ],
  "gui_light": "front",
  "display": {
    "thirdperson_righthand": {
      "rotation": [
        72,
        0,
        0
      ],
      "translation": [
        0,
        2,
        0
      ]
    },
    "thirdperson_lefthand": {
      "rotation": [
        72,
        0,
        0
      ],
      "translation": [
        0,
        2,
        0
      ]
    },
    "firstperson_righthand": {
      "rotation": [
        41,
        0,
        -5
      ],
      "translation": [
        -1,
        4.5,
        2.75
      ]
    },
    "firstperson_lefthand": {
      "rotation": [
        41,
        0,
        -5
      ],
      "translation": [
        -1,
        4.5,
        2.75
      ]
    },
    "ground": {
      "rotation": [
        35,
        0,
        0
      ],
      "translation": [
        0,
        2.75,
        0
      ],
      "scale": [
        1.5,
        1.5,
        1.5
      ]
    },
    "gui": {
      "rotation": [
        -90,
        135,
        90
      ],
      "translation": [
        0.5,
        -0.25,
        0
      ],
      "scale": [
        2.33594,
        2.33594,
        2.33594
      ]
    },
    "head": {
      "rotation": [
        90,
        -45,
        90
      ],
      "scale": [
        1.5,
        1.5,
        1.5
      ]
    },
    "fixed": {
      "rotation": [
        90,
        -45,
        90
      ],
      "translation": [
        -0.5,
        -0.25,
        -2.5
      ],
      "scale": [
        2.5,
        2.5,
        2.5
      ]
    }
  }
}