{
  "parent": "item/handheld_rod",
  "textures": {
    "layer0": "item/fishing_rod"
  },
  "overrides": [
    {
      "predicate": {
        "cast": 1
      },
      "model": "item/fishing_rod_cast"
    },
    {
      "predicate": {
        "custom_model_data": 10016
      },
      "model": "halloween:spider_web_fishing_rod"
    },
    {
      "predicate": {
        "cast": 1,
        "custom_model_data": 10016
      },
      "model": "halloween:spider_web_fishing_rod_cast"
    },
    {
      "predicate": {
        "custom_model_data": 10018
      },
      "model": "corn_items:corn_fishing_rod"
    },
    {
      "predicate": {
        "cast": 1,
        "custom_model_data": 10018
      },
      "model": "corn_items:corn_fishing_rod_cast"
    },
    {
      "predicate": {
        "custom_model_data": 10019
      },
      "model": "winterset:fishing_rod"
    },
    {
      "predicate": {
        "cast": 1,
        "custom_model_data": 10019
      },
      "model": "winterset:fishing_rod_cast"
    },
    {
      "predicate": {
        "custom_model_data": 10020
      },
      "model": "merry_christmasset:fishing_rod"
    },
    {
      "predicate": {
        "cast": 1,
        "custom_model_data": 10020
      },
      "model": "merry_christmasset:fishing_rod_cast"
    },
    {
      "predicate": {
        "custom_model_data": 10021
      },
      "model": "elitecreatures:christmas_holiday_2023/fishing_rod"
    },
    {
      "predicate": {
        "cast": 1,
        "custom_model_data": 10021
      },
      "model": "elitecreatures:christmas_holiday_2023/fishing_rod_cast"
    },
    {
      "predicate": {
        "custom_model_data": 10023
      },
      "model": "elitecreatures:newyear_2024_animated/fishing_rod"
    },
    {
      "predicate": {
        "cast": 1,
        "custom_model_data": 10023
      },
      "model": "elitecreatures:newyear_2024_animated/fishing_rod_cast"
    },
    {
      "predicate": {
        "custom_model_data": 10024
      },
      "model": "item/fishing_rod"
    }
  ]
}