{
  "parent": "minecraft:item/generated",
  "textures": {
    "layer0": "minecraft:item/kelp"
  },
  "overrides": [
    {
      "predicate": {
        "custom_model_data": 10000
      },
      "model": "elitecreatures:christmas_holiday_2023/hat"
    },
    {
      "predicate": {
        "custom_model_data": 10001
      },
      "model": "elitecreatures:newyear_2024_animated/backpack"
    },
    {
      "predicate": {
        "custom_model_data": 10002
      },
      "model": "elitecreatures:newyear_2024_animated/backpack_normal"
    },
    {
      "predicate": {
        "custom_model_data": 10003
      },
      "model": "elitecreatures:newyear_2024_animated/backpack_normal_2"
    },
    {
      "predicate": {
        "custom_model_data": 10004
      },
      "model": "elitecreatures:newyear_2024_animated/backpack_self"
    },
    {
      "predicate": {
        "custom_model_data": 10005
      },
      "model": "elitecreatures:newyear_2024_animated/backpack_self_2"
    },
    {
      "predicate": {
        "custom_model_data": 10006
      },
      "model": "elitecreatures:newyear_2024_animated/helmet"
    },
    {
      "predicate": {
        "custom_model_data": 10007
      },
      "model": "elitecreatures:newyear_2024_animated/key"
    },
    {
      "predicate": {
        "custom_model_data": 10008
      },
      "model": "elitecreatures:newyear_2024_animated/tail"
    },
    {
      "predicate": {
        "custom_model_data": 10009
      },
      "model": "elitecreatures:newyear_2024_animated/tail_self_2"
    },
    {
      "predicate": {
        "custom_model_data": 10010
      },
      "model": "elitecreatures:newyear_2024_animated/tail_normal"
    },
    {
      "predicate": {
        "custom_model_data": 10011
      },
      "model": "elitecreatures:newyear_2024_animated/tail_normal_2"
    },
    {
      "predicate": {
        "custom_model_data": 10012
      },
      "model": "elitecreatures:newyear_2024_animated/tail_self"
    },
    {
      "predicate": {
        "custom_model_data": 10013
      },
      "model": "item/kelp"
    }
  ]
}