{
  "parent": "item/generated",
  "textures": {
    "layer0": "item/leather_boots",
    "layer1": "item/leather_boots_overlay"
  },
  "overrides": [
    {
      "predicate": {
        "custom_model_data": 5000
      },
      "model": "lunar_studios:ia_auto_gen/darth_boots"
    },
    {
      "predicate": {
        "custom_model_data": 5001
      },
      "model": "lunar_studios:ia_auto_gen/obi_boots"
    },
    {
      "predicate": {
        "custom_model_data": 10019
      },
      "model": "winterset:ia_auto_gen/winterboots"
    },
    {
      "predicate": {
        "custom_model_data": 10020
      },
      "model": "merry_christmasset:ia_auto_gen/merry_christmasboots"
    },
    {
      "predicate": {
        "custom_model_data": 10021
      },
      "model": "elitecreatures:christmas_holiday_2023/boots"
    },
    {
      "predicate": {
        "custom_model_data": 10022
      },
      "model": "item/leather_boots"
    }
  ]
}