{
  "parent": "minecraft:item/generated",
  "textures": {
    "layer0": "minecraft:item/paper"
  },
  "overrides": [
    {
      "predicate": {
        "custom_model_data": 5000
      },
      "model": "lunar_studios:enderkariz/block_wars/r2d2_cosmetic"
    },
    {
      "predicate": {
        "custom_model_data": 5001
      },
      "model": "lunar_studios:enderkariz/block_wars/darth/darth_mask"
    },
    {
      "predicate": {
        "custom_model_data": 5003
      },
      "model": "lunar_studios:enderkariz/block_wars/darth/darth_cape"
    },
    {
      "predicate": {
        "custom_model_data": 10000
      },
      "model": "_iainternal:ia_auto_gen/icon_left_blue"
    },
    {
      "predicate": {
        "custom_model_data": 10001
      },
      "model": "_iainternal:ia_auto_gen/icon_right_blue"
    },
    {
      "predicate": {
        "custom_model_data": 10002
      },
      "model": "_iainternal:ia_auto_gen/icon_search"
    },
    {
      "predicate": {
        "custom_model_data": 10003
      },
      "model": "_iainternal:ia_auto_gen/icon_cancel"
    },
    {
      "predicate": {
        "custom_model_data": 10004
      },
      "model": "_iainternal:ia_auto_gen/icon_arrow_chest"
    },
    {
      "predicate": {
        "custom_model_data": 10005
      },
      "model": "_iainternal:ia_auto_gen/icon_back_orange"
    },
    {
      "predicate": {
        "custom_model_data": 10006
      },
      "model": "_iainternal:ia_auto_gen/icon_next_orange"
    },
    {
      "predicate": {
        "custom_model_data": 10127
      },
      "model": "thanksgiving:turkey_hat"
    },
    {
      "predicate": {
        "custom_model_data": 10128
      },
      "model": "winterset:key"
    },
    {
      "predicate": {
        "custom_model_data": 10129
      },
      "model": "winterset:backpack"
    },
    {
      "predicate": {
        "custom_model_data": 10130
      },
      "model": "winterset:wings"
    },
    {
      "predicate": {
        "custom_model_data": 10131
      },
      "model": "winterset:helmet"
    },
    {
      "predicate": {
        "custom_model_data": 10132
      },
      "model": "merry_christmasset:key"
    },
    {
      "predicate": {
        "custom_model_data": 10133
      },
      "model": "merry_christmasset:backpack"
    },
    {
      "predicate": {
        "custom_model_data": 10134
      },
      "model": "merry_christmasset:wings"
    },
    {
      "predicate": {
        "custom_model_data": 10135
      },
      "model": "merry_christmasset:helmet"
    },
    {
      "predicate": {
        "custom_model_data": 10136
      },
      "model": "elitecreatures:christmas_holiday_2023/chest"
    },
    {
      "predicate": {
        "custom_model_data": 10149
      },
      "model": "elitecreatures:newyear_2024_animated/chest"
    },
    {
      "predicate": {
        "custom_model_data": 10150
      },
      "model": "item/paper"
    }
  ]
}