{
  "parent": "item/generated",
  "textures": {
    "layer0": "item/leather_helmet",
    "layer1": "item/leather_helmet_overlay"
  },
  "overrides": [
    {
      "predicate": {
        "custom_model_data": 10015
      },
      "model": "winterset:ia_auto_gen/winterhelmet"
    },
    {
      "predicate": {
        "custom_model_data": 10016
      },
      "model": "merry_christmasset:ia_auto_gen/merry_christmashelmet"
    },
    {
      "predicate": {
        "custom_model_data": 10018
      },
      "model": "elitecreatures:ia_auto_gen/newyear_2024_animated-helmet"
    },
    {
      "predicate": {
        "custom_model_data": 10019
      },
      "model": "item/leather_helmet"
    }
  ]
}