{"credit":"Made by Wulfy","texture_size":[64,64],"textures":{"1":"thanksgiving:potato_spoon_shovel","particle":"thanksgiving:potato_spoon_shovel"},"elements":[{"from":[7,-3,7],"to":[9,21,9],"faces":{"north":{"uv":[3.5,0,4,6],"texture":"#1"},"east":{"uv":[4,0,4.5,6],"texture":"#1"},"south":{"uv":[0,4.25,0.5,10.25],"texture":"#1"},"west":{"uv":[0.5,4.25,1,10.25],"texture":"#1"},"up":{"uv":[3.5,4.75,3,4.25],"texture":"#1"},"down":{"uv":[5,1.5,4.5,2],"texture":"#1"}}},{"from":[4.5,21,6.975],"to":[11.5,31,9.025],"rotation":{"angle":0,"axis":"y","origin":[-4,-1,-5]},"faces":{"north":{"uv":[0,0,1.75,2.5],"texture":"#1"},"east":{"uv":[1,4.25,1.5,6.75],"texture":"#1"},"south":{"uv":[1.75,0,3.5,2.5],"texture":"#1"},"west":{"uv":[1.5,4.25,2,6.75],"texture":"#1"},"up":{"uv":[6.25,1,4.5,0.5],"texture":"#1"},"down":{"uv":[6.25,1,4.5,1.5],"texture":"#1"}}},{"from":[4.25,23.75,6.75],"to":[11.75,31.25,9.25],"rotation":{"angle":0,"axis":"y","origin":[-4,-1,-5]},"faces":{"north":{"uv":[0,2.5,1.75,4.25],"texture":"#1"},"east":{"uv":[2,4.25,2.5,6],"texture":"#1"},"south":{"uv":[1.75,2.5,3.5,4.25],"texture":"#1"},"west":{"uv":[2.5,4.25,3,6],"texture":"#1"},"up":{"uv":[6.25,0.5,4.5,0],"texture":"#1"}}}],"gui_light":"front","display":{"thirdperson_righthand":{"rotation":[0,90,0],"translation":[0,-3.5,1.5],"scale":[0.8,0.8,0.8]},"thirdperson_lefthand":{"rotation":[0,-90,0],"translation":[0,-3.5,1.5],"scale":[0.8,0.8,0.8]},"firstperson_righthand":{"rotation":[16,105,0],"translation":[1,0,0],"scale":[0.45,0.45,0.45]},"firstperson_lefthand":{"rotation":[16,105,0],"translation":[1,0,0],"scale":[0.45,0.45,0.45]},"ground":{"rotation":[45,45,0],"scale":[0.35,0.35,0.35]},"gui":{"rotation":[20,-180,45],"translation":[-3,-2.5,0],"scale":[0.55,0.55,0.55]},"head":{"rotation":[0,0,-125],"translation":[-7.5,17,0]},"fixed":{"rotation":[180,-180,-135],"translation":[4,-4,-0.5],"scale":[0.7,0.7,0.7]}}}