{
  "credit": "Made by Elo106",
  "texture_size": [
    32,
    32
  ],
  "textures": {
    "3": "voxelspawns_pirate:item/vs_piratesaber"
  },
  "elements": [
    {
      "from": [
        7.46804,
        -5.54016,
        7
      ],
      "to": [
        8.46804,
        0.45984,
        10
      ],
      "rotation": {
        "angle": -22.5,
        "axis": "x",
        "origin": [
          7.96804,
          1.95984,
          8.5
        ]
      },
      "faces": {
        "north": {
          "uv": [
            1.5,
            10.5,
            2,
            13.5
          ],
          "texture": "#3"
        },
        "east": {
          "uv": [
            7,
            0,
            8.5,
            3
          ],
          "texture": "#3"
        },
        "south": {
          "uv": [
            10.5,
            0,
            11,
            3
          ],
          "texture": "#3"
        },
        "west": {
          "uv": [
            7.5,
            3,
            9,
            6
          ],
          "texture": "#3"
        },
        "up": {
          "uv": [
            13.5,
            1.5,
            12,
            1
          ],
          "rotation": 90,
          "texture": "#3"
        },
        "down": {
          "uv": [
            13.5,
            1.5,
            12,
            2
          ],
          "rotation": 270,
          "texture": "#3"
        }
      }
    },
    {
      "from": [
        6.46704,
        -3.56802,
        7.89129
      ],
      "to": [
        9.46904,
        -1.56602,
        12.89329
      ],
      "rotation": {
        "angle": -22.5,
        "axis": "x",
        "origin": [
          6.96804,
          -3.56702,
          12.14229
        ]
      },
      "faces": {
        "north": {
          "uv": [
            11,
            0,
            12.5,
            1
          ],
          "texture": "#3"
        },
        "east": {
          "uv": [
            3,
            9,
            5.5,
            10
          ],
          "texture": "#3"
        },
        "south": {
          "uv": [
            9.5,
            10.5,
            11,
            11.5
          ],
          "texture": "#3"
        },
        "west": {
          "uv": [
            9,
            3,
            11.5,
            4
          ],
          "texture": "#3"
        },
        "up": {
          "uv": [
            10,
            7.5,
            7.5,
            6
          ],
          "rotation": 90,
          "texture": "#3"
        },
        "down": {
          "uv": [
            10,
            7.5,
            7.5,
            9
          ],
          "rotation": 270,
          "texture": "#3"
        }
      }
    },
    {
      "from": [
        7.46704,
        -0.001,
        7.68721
      ],
      "to": [
        8.46904,
        11.001,
        10.68921
      ],
      "rotation": {
        "angle": 0,
        "axis": "y",
        "origin": [
          13.46804,
          -4,
          2.68821
        ]
      },
      "faces": {
        "north": {
          "uv": [
            6.5,
            8,
            7,
            13.5
          ],
          "texture": "#3"
        },
        "east": {
          "uv": [
            0,
            0,
            1.5,
            5.5
          ],
          "texture": "#3"
        },
        "south": {
          "uv": [
            6,
            8,
            6.5,
            13.5
          ],
          "texture": "#3"
        },
        "west": {
          "uv": [
            1.5,
            0,
            3,
            5.5
          ],
          "texture": "#3"
        },
        "up": {
          "uv": [
            13.5,
            2.5,
            12,
            2
          ],
          "rotation": 90,
          "texture": "#3"
        },
        "down": {
          "uv": [
            13.5,
            9,
            12,
            9.5
          ],
          "rotation": 270,
          "texture": "#3"
        }
      }
    },
    {
      "from": [
        7.47004,
        13.252,
        6.69021
      ],
      "to": [
        8.46604,
        21.248,
        9.68621
      ],
      "rotation": {
        "angle": 0,
        "axis": "y",
        "origin": [
          13.46804,
          -4,
          2.68821
        ]
      },
      "faces": {
        "north": {
          "uv": [
            8.5,
            10,
            9,
            14
          ],
          "texture": "#3"
        },
        "east": {
          "uv": [
            6,
            5,
            4.5,
            9
          ],
          "texture": "#3"
        },
        "south": {
          "uv": [
            5.5,
            9,
            6,
            13
          ],
          "texture": "#3"
        },
        "west": {
          "uv": [
            4.5,
            5,
            6,
            9
          ],
          "texture": "#3"
        },
        "up": {
          "uv": [
            13.5,
            10,
            12,
            9.5
          ],
          "rotation": 90,
          "texture": "#3"
        },
        "down": {
          "uv": [
            13.5,
            10,
            12,
            10.5
          ],
          "rotation": 270,
          "texture": "#3"
        }
      }
    },
    {
      "from": [
        5.46804,
        4,
        6.68821
      ],
      "to": [
        10.46804,
        6,
        11.68821
      ],
      "rotation": {
        "angle": 0,
        "axis": "y",
        "origin": [
          13.46804,
          -7,
          2.68821
        ]
      },
      "faces": {
        "north": {
          "uv": [
            0,
            9.5,
            2.5,
            10.5
          ],
          "texture": "#3"
        },
        "east": {
          "uv": [
            9,
            4,
            11.5,
            5
          ],
          "texture": "#3"
        },
        "south": {
          "uv": [
            9,
            5,
            11.5,
            6
          ],
          "texture": "#3"
        },
        "west": {
          "uv": [
            7,
            9,
            9.5,
            10
          ],
          "texture": "#3"
        },
        "up": {
          "uv": [
            5.5,
            2.5,
            3,
            0
          ],
          "rotation": 90,
          "texture": "#3"
        },
        "down": {
          "uv": [
            5.5,
            2.5,
            3,
            5
          ],
          "rotation": 270,
          "texture": "#3"
        }
      }
    },
    {
      "from": [
        6.46804,
        6,
        7.18821
      ],
      "to": [
        9.46804,
        7,
        11.18821
      ],
      "rotation": {
        "angle": 0,
        "axis": "y",
        "origin": [
          13.46804,
          -7,
          2.68821
        ]
      },
      "faces": {
        "north": {
          "uv": [
            12,
            10.5,
            13.5,
            11
          ],
          "texture": "#3"
        },
        "east": {
          "uv": [
            11.5,
            7,
            13.5,
            7.5
          ],
          "texture": "#3"
        },
        "south": {
          "uv": [
            10.5,
            12,
            12,
            12.5
          ],
          "texture": "#3"
        },
        "west": {
          "uv": [
            11.5,
            7.5,
            13.5,
            8
          ],
          "texture": "#3"
        },
        "up": {
          "uv": [
            10.5,
            1.5,
            8.5,
            0
          ],
          "rotation": 90,
          "texture": "#3"
        },
        "down": {
          "uv": [
            10.5,
            1.5,
            8.5,
            3
          ],
          "rotation": 270,
          "texture": "#3"
        }
      }
    },
    {
      "from": [
        6.46804,
        1.46929,
        9.96549
      ],
      "to": [
        9.46804,
        2.46929,
        11.96549
      ],
      "rotation": {
        "angle": -22.5,
        "axis": "x",
        "origin": [
          13.46804,
          -9.53071,
          2.96549
        ]
      },
      "faces": {
        "north": {
          "uv": [
            12,
            11.5,
            13.5,
            12
          ],
          "texture": "#3"
        },
        "east": {
          "uv": [
            5,
            13,
            6,
            13.5
          ],
          "texture": "#3"
        },
        "south": {
          "uv": [
            12,
            11,
            13.5,
            11.5
          ],
          "texture": "#3"
        },
        "west": {
          "uv": [
            13,
            6.5,
            14,
            7
          ],
          "texture": "#3"
        },
        "up": {
          "uv": [
            12,
            2.5,
            11,
            1
          ],
          "rotation": 90,
          "texture": "#3"
        },
        "down": {
          "uv": [
            12,
            9,
            11,
            10.5
          ],
          "rotation": 270,
          "texture": "#3"
        }
      }
    },
    {
      "from": [
        6.46804,
        -1.24755,
        17.30699
      ],
      "to": [
        9.46804,
        -0.24755,
        19.30699
      ],
      "rotation": {
        "angle": -22.5,
        "axis": "x",
        "origin": [
          14.46804,
          -12.74755,
          1.30699
        ]
      },
      "faces": {
        "north": {
          "uv": [
            12.5,
            0,
            14,
            0.5
          ],
          "texture": "#3"
        },
        "east": {
          "uv": [
            7,
            13,
            8,
            13.5
          ],
          "texture": "#3"
        },
        "south": {
          "uv": [
            12,
            12,
            13.5,
            12.5
          ],
          "texture": "#3"
        },
        "west": {
          "uv": [
            11.5,
            13,
            12.5,
            13.5
          ],
          "texture": "#3"
        },
        "up": {
          "uv": [
            12,
            12,
            11,
            10.5
          ],
          "rotation": 90,
          "texture": "#3"
        },
        "down": {
          "uv": [
            3,
            11.5,
            2,
            13
          ],
          "rotation": 270,
          "texture": "#3"
        }
      }
    },
    {
      "from": [
        6.46904,
        3.91281,
        13.4763
      ],
      "to": [
        9.46704,
        4.91081,
        15.4743
      ],
      "rotation": {
        "angle": -45,
        "axis": "x",
        "origin": [
          7.96804,
          4.41181,
          12.4753
        ]
      },
      "faces": {
        "north": {
          "uv": [
            12.5,
            2.5,
            14,
            3
          ],
          "texture": "#3"
        },
        "east": {
          "uv": [
            12.5,
            13,
            13.5,
            13.5
          ],
          "texture": "#3"
        },
        "south": {
          "uv": [
            12.5,
            0.5,
            14,
            1
          ],
          "texture": "#3"
        },
        "west": {
          "uv": [
            13,
            12.5,
            14,
            13
          ],
          "texture": "#3"
        },
        "up": {
          "uv": [
            12.5,
            4,
            11.5,
            2.5
          ],
          "rotation": 90,
          "texture": "#3"
        },
        "down": {
          "uv": [
            4,
            11.5,
            3,
            13
          ],
          "rotation": 270,
          "texture": "#3"
        }
      }
    },
    {
      "from": [
        6.46904,
        2.32142,
        3.63434
      ],
      "to": [
        9.46704,
        3.31942,
        5.63234
      ],
      "rotation": {
        "angle": -45,
        "axis": "x",
        "origin": [
          7.96804,
          2.82042,
          4.13334
        ]
      },
      "faces": {
        "north": {
          "uv": [
            12.5,
            3.5,
            14,
            4
          ],
          "texture": "#3"
        },
        "east": {
          "uv": [
            13.5,
            1,
            14.5,
            1.5
          ],
          "texture": "#3"
        },
        "south": {
          "uv": [
            12.5,
            3,
            14,
            3.5
          ],
          "texture": "#3"
        },
        "west": {
          "uv": [
            1.5,
            13.5,
            2.5,
            14
          ],
          "texture": "#3"
        },
        "up": {
          "uv": [
            5,
            13,
            4,
            11.5
          ],
          "rotation": 90,
          "texture": "#3"
        },
        "down": {
          "uv": [
            12.5,
            4,
            11.5,
            5.5
          ],
          "rotation": 270,
          "texture": "#3"
        }
      }
    },
    {
      "from": [
        6.46804,
        -0.17958,
        3.42623
      ],
      "to": [
        9.46804,
        2.82042,
        4.42623
      ],
      "rotation": {
        "angle": 0,
        "axis": "y",
        "origin": [
          7.96804,
          4.32042,
          3.92623
        ]
      },
      "faces": {
        "north": {
          "uv": [
            2.5,
            10,
            4,
            11.5
          ],
          "texture": "#3"
        },
        "east": {
          "uv": [
            5,
            11.5,
            5.5,
            13
          ],
          "texture": "#3"
        },
        "south": {
          "uv": [
            9.5,
            9,
            11,
            10.5
          ],
          "texture": "#3"
        },
        "west": {
          "uv": [
            8,
            11.5,
            8.5,
            13
          ],
          "texture": "#3"
        },
        "up": {
          "uv": [
            13,
            5.5,
            12.5,
            4
          ],
          "rotation": 90,
          "texture": "#3"
        },
        "down": {
          "uv": [
            13,
            5.5,
            12.5,
            7
          ],
          "rotation": 270,
          "texture": "#3"
        }
      }
    },
    {
      "from": [
        6.46904,
        -2.87306,
        3.9632
      ],
      "to": [
        9.46704,
        0.12494,
        4.9612
      ],
      "rotation": {
        "angle": -22.5,
        "axis": "x",
        "origin": [
          7.96804,
          -1.37406,
          4.4622
        ]
      },
      "faces": {
        "north": {
          "uv": [
            10,
            6,
            11.5,
            7.5
          ],
          "texture": "#3"
        },
        "east": {
          "uv": [
            9.5,
            12.5,
            10,
            14
          ],
          "texture": "#3"
        },
        "south": {
          "uv": [
            4,
            10,
            5.5,
            11.5
          ],
          "texture": "#3"
        },
        "west": {
          "uv": [
            10,
            12.5,
            10.5,
            14
          ],
          "texture": "#3"
        },
        "up": {
          "uv": [
            11,
            14,
            10.5,
            12.5
          ],
          "rotation": 90,
          "texture": "#3"
        },
        "down": {
          "uv": [
            11.5,
            12.5,
            11,
            14
          ],
          "rotation": 270,
          "texture": "#3"
        }
      }
    },
    {
      "from": [
        6.46804,
        -3.5633,
        4.65144
      ],
      "to": [
        9.46804,
        -2.5633,
        7.65144
      ],
      "rotation": {
        "angle": 22.5,
        "axis": "x",
        "origin": [
          7.96804,
          -3.0633,
          6.15144
        ]
      },
      "faces": {
        "north": {
          "uv": [
            2,
            13,
            3.5,
            13.5
          ],
          "texture": "#3"
        },
        "east": {
          "uv": [
            12.5,
            8,
            14,
            8.5
          ],
          "texture": "#3"
        },
        "south": {
          "uv": [
            12.5,
            8.5,
            14,
            9
          ],
          "texture": "#3"
        },
        "west": {
          "uv": [
            11.5,
            12.5,
            13,
            13
          ],
          "texture": "#3"
        },
        "up": {
          "uv": [
            8.5,
            11.5,
            7,
            10
          ],
          "rotation": 90,
          "texture": "#3"
        },
        "down": {
          "uv": [
            11.5,
            7.5,
            10,
            9
          ],
          "rotation": 270,
          "texture": "#3"
        }
      }
    },
    {
      "from": [
        6.46904,
        -4.09827,
        7.34692
      ],
      "to": [
        9.46704,
        -3.10027,
        9.34492
      ],
      "rotation": {
        "angle": 0,
        "axis": "y",
        "origin": [
          7.96804,
          -3.59927,
          8.84592
        ]
      },
      "faces": {
        "north": {
          "uv": [
            13,
            4,
            14.5,
            4.5
          ],
          "texture": "#3"
        },
        "east": {
          "uv": [
            13.5,
            1.5,
            14.5,
            2
          ],
          "texture": "#3"
        },
        "south": {
          "uv": [
            3.5,
            13,
            5,
            13.5
          ],
          "texture": "#3"
        },
        "west": {
          "uv": [
            13.5,
            2,
            14.5,
            2.5
          ],
          "texture": "#3"
        },
        "up": {
          "uv": [
            12.5,
            7,
            11.5,
            5.5
          ],
          "rotation": 90,
          "texture": "#3"
        },
        "down": {
          "uv": [
            8,
            11.5,
            7,
            13
          ],
          "rotation": 270,
          "texture": "#3"
        }
      }
    },
    {
      "from": [
        7.46804,
        10.12149,
        6.27165
      ],
      "to": [
        8.46804,
        18.12149,
        9.27165
      ],
      "rotation": {
        "angle": -22.5,
        "axis": "x",
        "origin": [
          7.96804,
          14.12149,
          7.77165
        ]
      },
      "faces": {
        "north": {
          "uv": [
            0,
            10.5,
            0.5,
            14.5
          ],
          "texture": "#3"
        },
        "east": {
          "uv": [
            7,
            0,
            5.5,
            4
          ],
          "texture": "#3"
        },
        "south": {
          "uv": [
            9,
            10,
            9.5,
            14
          ],
          "texture": "#3"
        },
        "west": {
          "uv": [
            5.5,
            0,
            7,
            4
          ],
          "texture": "#3"
        },
        "up": {
          "uv": [
            14.5,
            5,
            13,
            4.5
          ],
          "rotation": 90,
          "texture": "#3"
        },
        "down": {
          "uv": [
            14.5,
            5,
            13,
            5.5
          ],
          "rotation": 270,
          "texture": "#3"
        }
      }
    },
    {
      "from": [
        7.46904,
        16.36548,
        6.27265
      ],
      "to": [
        8.46704,
        24.36348,
        9.27065
      ],
      "rotation": {
        "angle": 22.5,
        "axis": "x",
        "origin": [
          7.96804,
          20.36448,
          7.77165
        ]
      },
      "faces": {
        "north": {
          "uv": [
            1,
            10.5,
            1.5,
            14.5
          ],
          "texture": "#3"
        },
        "east": {
          "uv": [
            7.5,
            4,
            6,
            8
          ],
          "texture": "#3"
        },
        "south": {
          "uv": [
            0.5,
            10.5,
            1,
            14.5
          ],
          "texture": "#3"
        },
        "west": {
          "uv": [
            6,
            4,
            7.5,
            8
          ],
          "texture": "#3"
        },
        "up": {
          "uv": [
            14.5,
            6,
            13,
            5.5
          ],
          "rotation": 90,
          "texture": "#3"
        },
        "down": {
          "uv": [
            14.5,
            6,
            13,
            6.5
          ],
          "rotation": 270,
          "texture": "#3"
        }
      }
    },
    {
      "from": [
        7.47004,
        23.02917,
        8.25864
      ],
      "to": [
        8.46604,
        25.14517,
        10.37964
      ],
      "rotation": {
        "angle": -22.5,
        "axis": "x",
        "origin": [
          7.96804,
          24.02717,
          9.38164
        ]
      },
      "faces": {
        "north": {
          "uv": [
            7,
            3,
            7.5,
            4
          ],
          "texture": "#3"
        },
        "east": {
          "uv": [
            11.5,
            8,
            12.5,
            9
          ],
          "texture": "#3"
        },
        "south": {
          "uv": [
            5.5,
            4,
            6,
            5
          ],
          "texture": "#3"
        },
        "west": {
          "uv": [
            9.5,
            11.5,
            10.5,
            12.5
          ],
          "texture": "#3"
        },
        "up": {
          "uv": [
            3.5,
            14,
            2.5,
            13.5
          ],
          "rotation": 90,
          "texture": "#3"
        },
        "down": {
          "uv": [
            4.5,
            13.5,
            3.5,
            14
          ],
          "rotation": 270,
          "texture": "#3"
        }
      }
    }
  ],
  "gui_light": "front",
  "display": {
    "thirdperson_righthand": {
      "translation": [
        0,
        5,
        -0.75
      ]
    },
    "thirdperson_lefthand": {
      "translation": [
        0,
        5,
        -0.75
      ]
    },
    "firstperson_righthand": {
      "rotation": [
        -37,
        -5,
        -22
      ],
      "translation": [
        1.5,
        4,
        1.5
      ],
      "scale": [
        0.5,
        0.5,
        0.5
      ]
    },
    "firstperson_lefthand": {
      "rotation": [
        -37,
        -5,
        -22
      ],
      "translation": [
        1.5,
        4,
        1.5
      ],
      "scale": [
        0.5,
        0.5,
        0.5
      ]
    },
    "ground": {
      "rotation": [
        0,
        -45,
        -110
      ],
      "translation": [
        -1.25,
        -0.75,
        -0.25
      ],
      "scale": [
        0.42,
        0.42,
        0.42
      ]
    },
    "gui": {
      "rotation": [
        -90,
        -45,
        -90
      ],
      "translation": [
        0.25,
        -1,
        0
      ],
      "scale": [
        0.64,
        0.64,
        0.64
      ]
    },
    "fixed": {
      "rotation": [
        -90,
        45,
        90
      ],
      "translation": [
        -0.25,
        -1.25,
        -1.5
      ]
    }
  },
  "groups": [
    {
      "name": "sword",
      "origin": [
        8,
        8,
        8
      ],
      "color": 0,
      "children": [
        0,
        1,
        2,
        3,
        4,
        5,
        6,
        7,
        8,
        9,
        10,
        11,
        12,
        13,
        14,
        15,
        16
      ]
    }
  ]
}