{
  "credit": "MadewithBlockbench",
  "textures": {
    "0": "elitecreatures:summer_cosmetic/ice_cream",
    "1": "elitecreatures:summer_cosmetic/ice_cream_animate",
    "particle": "elitecreatures:summer_cosmetic/ice_cream"
  },
  "elements": [
    {
      "from": [
        7.5,
        0,
        6.5
      ],
      "to": [
        8.5,
        5,
        8.5
      ],
      "faces": {
        "north": {
          "uv": [
            5,
            6.5,
            5.5,
            9
          ],
          "texture": "#0"
        },
        "east": {
          "uv": [
            4,
            6.5,
            5,
            9
          ],
          "texture": "#0"
        },
        "south": {
          "uv": [
            5,
            6.5,
            5.5,
            9
          ],
          "texture": "#0"
        },
        "west": {
          "uv": [
            4,
            6.5,
            5,
            9
          ],
          "texture": "#0"
        },
        "down": {
          "uv": [
            4.5,
            9,
            4,
            10
          ],
          "texture": "#0"
        }
      }
    },
    {
      "from": [
        6,
        5,
        4
      ],
      "to": [
        10,
        18,
        11
      ],
      "faces": {
        "north": {
          "uv": [
            3.5,
            0,
            5.5,
            6.5
          ],
          "texture": "#0"
        },
        "east": {
          "uv": [
            0,
            0,
            3.5,
            6.5
          ],
          "texture": "#0"
        },
        "south": {
          "uv": [
            3.5,
            0,
            5.5,
            6.5
          ],
          "texture": "#0"
        },
        "west": {
          "uv": [
            0,
            0,
            3.5,
            6.5
          ],
          "texture": "#0"
        },
        "up": {
          "uv": [
            2,
            10,
            0,
            6.5
          ],
          "texture": "#0"
        },
        "down": {
          "uv": [
            4,
            6.5,
            2,
            10
          ],
          "texture": "#0"
        }
      }
    },
    {
      "from": [
        7.899,
        5.37437,
        -13.09619
      ],
      "to": [
        7.899,
        11.37437,
        -0.09619
      ],
      "rotation": {
        "angle": -45,
        "axis": "x",
        "origin": [
          11.999,
          17.37437,
          -0.59619
        ]
      },
      "faces": {
        "north": {
          "uv": [
            0,
            0,
            0,
            6
          ],
          "texture": "#1"
        },
        "east": {
          "uv": [
            0,
            0,
            13,
            6
          ],
          "texture": "#1"
        },
        "south": {
          "uv": [
            0,
            0,
            0,
            6
          ],
          "texture": "#1"
        },
        "west": {
          "uv": [
            13,
            0,
            0,
            6
          ],
          "texture": "#1"
        },
        "up": {
          "uv": [
            0,
            13,
            0,
            0
          ],
          "texture": "#1"
        },
        "down": {
          "uv": [
            0,
            0,
            0,
            13
          ],
          "texture": "#1"
        }
      }
    },
    {
      "from": [
        8.099,
        7.12437,
        -8.09619
      ],
      "to": [
        8.099,
        13.12437,
        4.90381
      ],
      "rotation": {
        "angle": -45,
        "axis": "x",
        "origin": [
          11.999,
          17.37437,
          -0.59619
        ]
      },
      "faces": {
        "north": {
          "uv": [
            0,
            0,
            0,
            6
          ],
          "texture": "#1"
        },
        "east": {
          "uv": [
            0,
            0,
            13,
            6
          ],
          "texture": "#1"
        },
        "south": {
          "uv": [
            0,
            0,
            0,
            6
          ],
          "texture": "#1"
        },
        "west": {
          "uv": [
            13,
            0,
            0,
            6
          ],
          "texture": "#1"
        },
        "up": {
          "uv": [
            0,
            13,
            0,
            0
          ],
          "texture": "#1"
        },
        "down": {
          "uv": [
            0,
            0,
            0,
            13
          ],
          "texture": "#1"
        }
      }
    }
  ],
  "gui_light": "front",
  "display": {
    "thirdperson_righthand": {
      "translation": [
        0,
        3,
        2
      ],
      "scale": [
        0.5,
        0.5,
        0.5
      ]
    },
    "thirdperson_lefthand": {
      "translation": [
        0,
        3,
        2
      ],
      "scale": [
        0.5,
        0.5,
        0.5
      ]
    },
    "firstperson_righthand": {
      "rotation": [
        0,
        90,
        0
      ],
      "translation": [
        -1.5,
        5,
        3.25
      ],
      "scale": [
        0.4082,
        0.4082,
        0.4082
      ]
    },
    "firstperson_lefthand": {
      "rotation": [
        0,
        90,
        0
      ],
      "translation": [
        -1.5,
        5,
        3.25
      ],
      "scale": [
        0.4082,
        0.4082,
        0.4082
      ]
    },
    "ground": {
      "translation": [
        0,
        4.5,
        0
      ],
      "scale": [
        0.75391,
        0.75391,
        0.75391
      ]
    },
    "gui": {
      "rotation": [
        0,
        90,
        0
      ],
      "translation": [
        1,
        -0.75,
        0
      ],
      "scale": [
        0.83789,
        0.83789,
        0.83789
      ]
    },
    "head": {
      "rotation": [
        -144.25,
        0,
        0
      ],
      "translation": [
        0,
        12.25,
        5
      ],
      "scale": [
        0,
        0,
        0
      ]
    },
    "fixed": {
      "rotation": [
        0,
        -90,
        0
      ],
      "translation": [
        -1,
        -1.75,
        -3
      ],
      "scale": [
        1.4375,
        1.4375,
        1.4375
      ]
    }
  }
}