{
	"credit": "Made with Blockbench",
	"textures": {
		"0": "lunar_studios:enderkariz/angel_set/angel_armor_leggings",
		"particle": "lunar_studios:enderkariz/angel_set/angel_armor_leggings"
	},
	"elements": [
		{
			"name": "angel_armor_leggings_0",
			"from": [3, 8.75, 7.75],
			"to": [13, 13.75, 8.75],
			"rotation": {"angle": 0, "axis": "x", "origin": [8, 6.5, 8.25]},
			"faces": {
				"north": {"uv": [3, 6, 13, 1], "rotation": 180, "texture": "#0"},
				"east": {"uv": [12, 1, 13, 6], "texture": "#0"},
				"south": {"uv": [3, 1, 13, 6], "texture": "#0"},
				"west": {"uv": [3, 1, 4, 6], "texture": "#0"},
				"up": {"uv": [13, 1, 3, 2], "rotation": 180, "texture": "#0"},
				"down": {"uv": [3, 5, 13, 6], "texture": "#0"}
			}
		},
		{
			"name": "angel_armor_leggings_1",
			"from": [2, 9.75, 7.75],
			"to": [3, 12.75, 8.75],
			"rotation": {"angle": 0, "axis": "x", "origin": [8, 6.5, 8.25]},
			"faces": {
				"north": {"uv": [2, 5, 3, 2], "rotation": 180, "texture": "#0"},
				"east": {"uv": [2, 2, 3, 5], "texture": "#0"},
				"south": {"uv": [2, 2, 3, 5], "texture": "#0"},
				"west": {"uv": [2, 2, 3, 5], "texture": "#0"},
				"up": {"uv": [3, 2, 2, 3], "rotation": 180, "texture": "#0"},
				"down": {"uv": [2, 4, 3, 5], "texture": "#0"}
			}
		},
		{
			"name": "angel_armor_leggings_2",
			"from": [13, 9.75, 7.75],
			"to": [14, 12.75, 8.75],
			"rotation": {"angle": 0, "axis": "x", "origin": [8, 6.5, 8.25]},
			"faces": {
				"north": {"uv": [13, 5, 14, 2], "rotation": 180, "texture": "#0"},
				"east": {"uv": [13, 2, 14, 5], "texture": "#0"},
				"south": {"uv": [13, 2, 14, 5], "texture": "#0"},
				"west": {"uv": [13, 2, 14, 5], "texture": "#0"},
				"up": {"uv": [14, 2, 13, 3], "rotation": 180, "texture": "#0"},
				"down": {"uv": [13, 4, 14, 5], "texture": "#0"}
			}
		},
		{
			"name": "angel_armor_leggings_3",
			"from": [3, -0.25, 7.75],
			"to": [7, 8.75, 8.75],
			"rotation": {"angle": 0, "axis": "x", "origin": [8, 6.5, 8.25]},
			"faces": {
				"north": {"uv": [3, 15, 7, 6], "rotation": 180, "texture": "#0"},
				"east": {"uv": [6, 6, 7, 15], "texture": "#0"},
				"south": {"uv": [3, 6, 7, 15], "texture": "#0"},
				"west": {"uv": [3, 6, 4, 15], "texture": "#0"},
				"up": {"uv": [7, 6, 3, 7], "rotation": 180, "texture": "#0"},
				"down": {"uv": [3, 14, 7, 15], "texture": "#0"}
			}
		},
		{
			"name": "angel_armor_leggings_4",
			"from": [9, -0.25, 7.75],
			"to": [13, 8.75, 8.75],
			"rotation": {"angle": 0, "axis": "x", "origin": [8, 6.5, 8.25]},
			"faces": {
				"north": {"uv": [9, 15, 13, 6], "rotation": 180, "texture": "#0"},
				"east": {"uv": [12, 6, 13, 15], "texture": "#0"},
				"south": {"uv": [9, 6, 13, 15], "texture": "#0"},
				"west": {"uv": [9, 6, 10, 15], "texture": "#0"},
				"up": {"uv": [13, 6, 9, 7], "rotation": 180, "texture": "#0"},
				"down": {"uv": [9, 14, 13, 15], "texture": "#0"}
			}
		},
		{
			"name": "angel_armor_leggings_5",
			"from": [2, 3.75, 7.75],
			"to": [3, 6.75, 8.75],
			"rotation": {"angle": 0, "axis": "x", "origin": [8, 6.5, 8.25]},
			"faces": {
				"north": {"uv": [2, 11, 3, 8], "rotation": 180, "texture": "#0"},
				"east": {"uv": [2, 8, 3, 11], "texture": "#0"},
				"south": {"uv": [2, 8, 3, 11], "texture": "#0"},
				"west": {"uv": [2, 8, 3, 11], "texture": "#0"},
				"up": {"uv": [3, 8, 2, 9], "rotation": 180, "texture": "#0"},
				"down": {"uv": [2, 10, 3, 11], "texture": "#0"}
			}
		},
		{
			"name": "angel_armor_leggings_6",
			"from": [13, 3.75, 7.75],
			"to": [14, 6.75, 8.75],
			"rotation": {"angle": 0, "axis": "x", "origin": [8, 6.5, 8.25]},
			"faces": {
				"north": {"uv": [13, 11, 14, 8], "rotation": 180, "texture": "#0"},
				"east": {"uv": [13, 8, 14, 11], "texture": "#0"},
				"south": {"uv": [13, 8, 14, 11], "texture": "#0"},
				"west": {"uv": [13, 8, 14, 11], "texture": "#0"},
				"up": {"uv": [14, 8, 13, 9], "rotation": 180, "texture": "#0"},
				"down": {"uv": [13, 10, 14, 11], "texture": "#0"}
			}
		},
		{
			"name": "angel_armor_leggings_7",
			"from": [2, 0.75, 7.75],
			"to": [3, 2.75, 8.75],
			"rotation": {"angle": 0, "axis": "x", "origin": [8, 6.5, 8.25]},
			"faces": {
				"north": {"uv": [2, 14, 3, 12], "rotation": 180, "texture": "#0"},
				"east": {"uv": [2, 12, 3, 14], "texture": "#0"},
				"south": {"uv": [2, 12, 3, 14], "texture": "#0"},
				"west": {"uv": [2, 12, 3, 14], "texture": "#0"},
				"up": {"uv": [3, 12, 2, 13], "rotation": 180, "texture": "#0"},
				"down": {"uv": [2, 13, 3, 14], "texture": "#0"}
			}
		},
		{
			"name": "angel_armor_leggings_8",
			"from": [13, 0.75, 7.75],
			"to": [14, 2.75, 8.75],
			"rotation": {"angle": 0, "axis": "x", "origin": [8, 6.5, 8.25]},
			"faces": {
				"north": {"uv": [13, 14, 14, 12], "rotation": 180, "texture": "#0"},
				"east": {"uv": [13, 12, 14, 14], "texture": "#0"},
				"south": {"uv": [13, 12, 14, 14], "texture": "#0"},
				"west": {"uv": [13, 12, 14, 14], "texture": "#0"},
				"up": {"uv": [14, 12, 13, 13], "rotation": 180, "texture": "#0"},
				"down": {"uv": [13, 13, 14, 14], "texture": "#0"}
			}
		}
	],
	"gui_light": "front",
	"display": {
		"thirdperson_righthand": {
			"translation": [0, 0, -0.5],
			"scale": [0.40039, 0.40039, 0.40039]
		},
		"thirdperson_lefthand": {
			"translation": [0, 0, -0.5],
			"scale": [0.40039, 0.40039, 0.40039]
		},
		"firstperson_righthand": {
			"translation": [3.25, 1.5, 0]
		},
		"firstperson_lefthand": {
			"translation": [3.25, 1.5, 0]
		},
		"ground": {
			"translation": [0, 2.25, 0],
			"scale": [0.67773, 0.67773, 0.67773]
		},
		"gui": {
			"translation": [0, 1.25, 0],
			"scale": [0.80664, 0.80664, 0.80664]
		},
		"fixed": {
			"translation": [0, 0, -1.5]
		}
	},
	"groups": [
		{
			"name": "angel_armor_leggings",
			"origin": [8, 8, 8],
			"color": 0,
			"children": [0, 1, 2, 3, 4, 5, 6, 7, 8]
		}
	]
}