{"credit":"Made with Blockbench","texture_size":[64,64],"textures":{"0":"modelengine:entity/r2d2"},"elements":[{"from":[11,7,8],"to":[12,10,11],"rotation":{"angle":45,"axis":"x","origin":[11.5,8.5,9.5]},"color":9,"faces":{"north":{"uv":[0,0,0.25,0.75],"texture":"#missing"},"east":{"uv":[0,0,0.75,0.75],"texture":"#missing"},"south":{"uv":[0,0,0.25,0.75],"texture":"#missing"},"west":{"uv":[0,0,0.75,0.75],"texture":"#missing"},"up":{"uv":[0,0,0.25,0.75],"texture":"#missing"},"down":{"uv":[0,0,0.25,0.75],"texture":"#missing"}}},{"from":[4,7,8],"to":[5,10,11],"rotation":{"angle":45,"axis":"x","origin":[4.5,8.5,9.5]},"color":9,"faces":{"north":{"uv":[1,0,1.25,0.75],"texture":"#missing"},"east":{"uv":[3,0,3.75,0.75],"texture":"#missing"},"south":{"uv":[1,0,1.25,0.75],"texture":"#missing"},"west":{"uv":[3,0,3.75,0.75],"texture":"#missing"},"up":{"uv":[1,0,1.25,0.75],"texture":"#missing"},"down":{"uv":[1,0,1.25,0.75],"texture":"#missing"}}},{"from":[4.5,4,5.5],"to":[11.5,12,12.5],"rotation":{"angle":0,"axis":"y","origin":[13,1,10]},"faces":{"north":{"uv":[0,0,1.75,2],"texture":"#0"},"east":{"uv":[3.5,0,1.75,2],"texture":"#0"},"south":{"uv":[3.5,0,5.25,2],"texture":"#0"},"west":{"uv":[1.75,0,3.5,2],"texture":"#0"},"up":{"uv":[1.75,2,3.5,3.75],"texture":"#0"},"down":{"uv":[0,3.75,1.75,2],"texture":"#0"}}},{"from":[4.25,3.75,5.25],"to":[11.75,12.25,12.75],"rotation":{"angle":0,"axis":"y","origin":[13,1,10]},"faces":{"north":{"uv":[5.25,0,7,2],"texture":"#0"},"east":{"uv":[8.75,0,7,2],"texture":"#0"},"south":{"uv":[8.75,0,10.5,2],"texture":"#0"},"west":{"uv":[7,0,8.75,2],"texture":"#0"},"up":{"uv":[7,2,8.75,3.75],"texture":"#0"},"down":{"uv":[5.25,3.75,7,2],"texture":"#0"}}},{"from":[5,3,6],"to":[11,4,12],"rotation":{"angle":0,"axis":"y","origin":[13,1,10]},"faces":{"north":{"uv":[0,7.75,1.5,8],"texture":"#0"},"east":{"uv":[0,7.75,1.5,8],"texture":"#0"},"south":{"uv":[0,7.75,1.5,8],"texture":"#0"},"west":{"uv":[0,7.75,1.5,8],"texture":"#0"},"up":{"uv":[0,6.25,1.5,7.75],"texture":"#0"},"down":{"uv":[0,6.25,1.5,7.75],"texture":"#0"}}},{"from":[4.5,12,5.5],"to":[11.5,15,12.5],"rotation":{"angle":0,"axis":"y","origin":[13,1,10]},"faces":{"north":{"uv":[0,3.75,1.75,4.5],"texture":"#0"},"east":{"uv":[1.75,3.75,3.5,4.5],"texture":"#0"},"south":{"uv":[0,3.75,1.75,4.5],"texture":"#0"},"west":{"uv":[1.75,3.75,3.5,4.5],"texture":"#0"},"up":{"uv":[0,4.5,1.75,6.25],"texture":"#0"},"down":{"uv":[0,0,7,7],"texture":"#missing"}}},{"from":[6.5,11.5,4.5],"to":[9.5,14.5,5.5],"rotation":{"angle":0,"axis":"y","origin":[13,1,10]},"faces":{"north":{"uv":[3.5,2,4.25,2.75],"texture":"#0"},"east":{"uv":[3.5,2,3.75,2.75],"texture":"#0"},"south":{"uv":[3.5,2,4.25,2.75],"texture":"#0"},"west":{"uv":[4,2,4.25,2.75],"texture":"#0"},"up":{"uv":[4.25,2,3.5,2.25],"texture":"#0"},"down":{"uv":[4.25,2.5,3.5,2.75],"texture":"#0"}}},{"from":[6.35,11.35,4.35],"to":[9.65,14.65,5.65],"rotation":{"angle":0,"axis":"y","origin":[13,1,10]},"faces":{"north":{"uv":[4.25,2,5,2.75],"texture":"#0"},"east":{"uv":[4.25,2,4.5,2.75],"texture":"#0"},"south":{"uv":[4.25,2,5,2.75],"texture":"#0"},"west":{"uv":[4.75,2,5,2.75],"texture":"#0"},"up":{"uv":[5,2,4.25,2.25],"texture":"#0"},"down":{"uv":[5,2.5,4.25,2.75],"texture":"#0"}}},{"from":[4.24,11.74,5.24],"to":[11.76,15.26,12.76],"rotation":{"angle":0,"axis":"y","origin":[13,1,10]},"faces":{"north":{"uv":[3.5,3.75,5.25,4.5],"texture":"#0"},"east":{"uv":[5.25,3.75,7,4.5],"texture":"#0"},"south":{"uv":[3.5,3.75,5.25,4.5],"texture":"#0"},"west":{"uv":[5.25,3.75,7,4.5],"texture":"#0"},"up":{"uv":[3.5,4.5,5.25,6.25],"texture":"#0"},"down":{"uv":[3.5,0,10.5,7],"texture":"#missing"}}},{"from":[5,14.5,6],"to":[11,15.5,12],"rotation":{"angle":0,"axis":"y","origin":[13,1,10]},"faces":{"north":{"uv":[3.25,4.5,1.75,4.75],"texture":"#0"},"east":{"uv":[1.75,6,2,4.5],"rotation":90,"texture":"#0"},"south":{"uv":[1.75,5.75,3.25,6],"texture":"#0"},"west":{"uv":[3,4.5,3.25,6],"rotation":90,"texture":"#0"},"up":{"uv":[1.75,4.5,3.25,6],"texture":"#0"},"down":{"uv":[1.75,4.5,3.25,6],"texture":"#0"}}},{"from":[4.75,14.25,5.75],"to":[11.25,15.75,12.25],"rotation":{"angle":0,"axis":"y","origin":[13,1,10]},"faces":{"north":{"uv":[6.75,4.5,5.25,4.75],"texture":"#0"},"east":{"uv":[5.25,6,5.5,4.5],"rotation":90,"texture":"#0"},"south":{"uv":[5.25,5.75,6.75,6],"texture":"#0"},"west":{"uv":[6.5,4.5,6.75,6],"rotation":90,"texture":"#0"},"up":{"uv":[5.25,4.5,6.75,6],"texture":"#0"},"down":{"uv":[5.25,4.5,6.75,6],"texture":"#0"}}},{"from":[7.5,1.5,4.5],"to":[8.5,6.5,6.5],"rotation":{"angle":0,"axis":"x","origin":[8,3,5.5]},"color":9,"faces":{"north":{"uv":[1,0,1.25,1.25],"texture":"#missing"},"east":{"uv":[2,0,2.5,1.25],"texture":"#missing"},"south":{"uv":[1,0,1.25,1.25],"texture":"#missing"},"west":{"uv":[2,0,2.5,1.25],"texture":"#missing"},"up":{"uv":[1,0,1.25,0.5],"texture":"#missing"},"down":{"uv":[1,0,1.25,0.5],"texture":"#missing"}}},{"from":[8.4,1.9,3.4],"to":[9.6,3.1,6.6],"rotation":{"angle":45,"axis":"z","origin":[9,2.5,5]},"faces":{"north":{"uv":[11.75,0.5,12,0.75],"texture":"#0"},"east":{"uv":[11.25,0.5,12,0.75],"texture":"#0"},"south":{"uv":[11.25,0.5,11.5,0.75],"texture":"#0"},"west":{"uv":[12,0.5,11.25,0.75],"texture":"#0"},"up":{"uv":[12,0.5,11.25,0.75],"rotation":90,"texture":"#0"},"down":{"uv":[11.25,0.5,12,0.75],"rotation":90,"texture":"#0"}}},{"from":[8.5,2,3.5],"to":[9.5,3,6.5],"rotation":{"angle":45,"axis":"z","origin":[9,2.5,5]},"faces":{"north":{"uv":[11.75,0.25,12,0.5],"texture":"#0"},"east":{"uv":[11.25,0.25,12,0.5],"texture":"#0"},"south":{"uv":[11.25,0.25,11.5,0.5],"texture":"#0"},"west":{"uv":[12,0.25,11.25,0.5],"texture":"#0"},"up":{"uv":[12,0.25,11.25,0.5],"rotation":90,"texture":"#0"},"down":{"uv":[11.25,0.25,12,0.5],"rotation":90,"texture":"#0"}}},{"from":[6.4,1.9,3.4],"to":[7.6,3.1,6.6],"rotation":{"angle":45,"axis":"z","origin":[7,2.5,5]},"faces":{"north":{"uv":[11.75,0.5,12,0.75],"texture":"#0"},"east":{"uv":[11.25,0.5,12,0.75],"texture":"#0"},"south":{"uv":[11.25,0.5,11.5,0.75],"texture":"#0"},"west":{"uv":[12,0.5,11.25,0.75],"texture":"#0"},"up":{"uv":[12,0.5,11.25,0.75],"rotation":90,"texture":"#0"},"down":{"uv":[11.25,0.5,12,0.75],"rotation":90,"texture":"#0"}}},{"from":[6.5,2,3.5],"to":[7.5,3,6.5],"rotation":{"angle":45,"axis":"z","origin":[7,2.5,5]},"faces":{"north":{"uv":[11.75,0.25,12,0.5],"texture":"#0"},"east":{"uv":[11.25,0.25,12,0.5],"texture":"#0"},"south":{"uv":[11.25,0.25,11.5,0.5],"texture":"#0"},"west":{"uv":[12,0.25,11.25,0.5],"texture":"#0"},"up":{"uv":[12,0.25,11.25,0.5],"rotation":90,"texture":"#0"},"down":{"uv":[11.25,0.25,12,0.5],"rotation":90,"texture":"#0"}}},{"from":[6,0,2.5],"to":[10,1,7.5],"rotation":{"angle":0,"axis":"y","origin":[8.5,0,5.5]},"faces":{"north":{"uv":[10.25,0,11.25,0.25],"texture":"#0"},"east":{"uv":[11.25,0,12.5,0.25],"texture":"#0"},"south":{"uv":[10.25,0,11.25,0.25],"texture":"#0"},"west":{"uv":[12.5,0,11.25,0.25],"texture":"#0"},"up":{"uv":[10.25,1.5,11.25,0.25],"texture":"#0"},"down":{"uv":[10.25,0.25,11.25,1.5],"texture":"#0"}}},{"from":[6.5,1,3],"to":[9.5,2,7],"rotation":{"angle":0,"axis":"y","origin":[7.5,0,5.5]},"faces":{"north":{"uv":[1.75,6.25,2.5,6.5],"texture":"#0"},"east":{"uv":[2.25,6.25,2.5,7.25],"rotation":90,"texture":"#0"},"south":{"uv":[1.75,7,2.5,7.25],"texture":"#0"},"west":{"uv":[2.25,7.25,2.5,6.25],"rotation":90,"texture":"#0"},"up":{"uv":[1.75,6.25,2.5,7.25],"texture":"#0"},"down":{"uv":[1.75,7.25,2.5,6.25],"texture":"#0"}}},{"from":[3,2,8.5],"to":[4,7,10.5],"rotation":{"angle":0,"axis":"y","origin":[3,0,10]},"faces":{"north":{"uv":[13,0,12.75,1.25],"texture":"#0"},"east":{"uv":[12.5,0,13,1.25],"texture":"#0"},"south":{"uv":[12.75,0,12.5,1.25],"texture":"#0"},"west":{"uv":[13,0,12.5,1.25],"texture":"#0"},"up":{"uv":[13,0.25,12.5,0],"rotation":90,"texture":"#0"},"down":{"uv":[12.5,1.25,13,1],"rotation":90,"texture":"#0"}}},{"from":[1.9,5.9,7.9],"to":[3.1,7.1,11.1],"rotation":{"angle":-45,"axis":"z","origin":[2.5,6.5,9.5]},"faces":{"north":{"uv":[12,0.5,11.75,0.75],"texture":"#0"},"east":{"uv":[11.25,0.5,12,0.75],"texture":"#0"},"south":{"uv":[11.5,0.5,11.25,0.75],"texture":"#0"},"west":{"uv":[12,0.5,11.25,0.75],"texture":"#0"},"up":{"uv":[12,0.75,11.25,0.5],"rotation":90,"texture":"#0"},"down":{"uv":[11.25,0.75,12,0.5],"rotation":90,"texture":"#0"}}},{"from":[1.75,6.75,7.25],"to":[4.25,11.25,11.75],"rotation":{"angle":-45,"axis":"x","origin":[8,9,9.5]},"faces":{"north":{"uv":[11.5,3.75,12.5,4.25],"rotation":90,"texture":"#0"},"east":{"uv":[12.5,2.75,11.5,1.75],"texture":"#0"},"south":{"uv":[12.75,2.75,13.25,1.75],"texture":"#0"},"west":{"uv":[12.5,2.75,11.5,1.75],"texture":"#0"},"up":{"uv":[12.5,3.5,11.5,3],"rotation":90,"texture":"#0"},"down":{"uv":[10.75,3.75,11.25,2.75],"texture":"#0"}}},{"from":[2,7,7.5],"to":[4,11,11.5],"rotation":{"angle":-45,"axis":"x","origin":[8,9,9.5]},"faces":{"north":{"uv":[14,2,15,2.5],"rotation":90,"texture":"#0"},"east":{"uv":[15,1,14,0],"texture":"#0"},"south":{"uv":[15.25,1,15.75,0],"texture":"#0"},"west":{"uv":[15,1,14,0],"texture":"#0"},"up":{"uv":[15,1.75,14,1.25],"rotation":90,"texture":"#0"},"down":{"uv":[13.25,2,13.75,1],"texture":"#0"}}},{"from":[2,6,8],"to":[3,7,11],"rotation":{"angle":-45,"axis":"z","origin":[2.5,6.5,9.5]},"faces":{"north":{"uv":[12,0.25,11.75,0.5],"texture":"#0"},"east":{"uv":[11.25,0.25,12,0.5],"texture":"#0"},"south":{"uv":[11.5,0.25,11.25,0.5],"texture":"#0"},"west":{"uv":[12,0.25,11.25,0.5],"texture":"#0"},"up":{"uv":[12,0.5,11.25,0.25],"rotation":90,"texture":"#0"},"down":{"uv":[11.25,0.5,12,0.25],"rotation":90,"texture":"#0"}}},{"from":[1.5,0,7],"to":[5.5,1,12],"rotation":{"angle":0,"axis":"y","origin":[3,0,10]},"faces":{"north":{"uv":[11.25,0,10.25,0.25],"texture":"#0"},"east":{"uv":[11.25,0,12.5,0.25],"texture":"#0"},"south":{"uv":[11.25,0,10.25,0.25],"texture":"#0"},"west":{"uv":[12.5,0,11.25,0.25],"texture":"#0"},"up":{"uv":[11.25,1.5,10.25,0.25],"texture":"#0"},"down":{"uv":[11.25,0.25,10.25,1.5],"texture":"#0"}}},{"from":[1.9,1.9,7.9],"to":[3.1,3.1,11.1],"rotation":{"angle":-45,"axis":"z","origin":[2.5,2.5,9.5]},"faces":{"north":{"uv":[12,0.5,11.75,0.75],"texture":"#0"},"east":{"uv":[11.25,0.5,12,0.75],"texture":"#0"},"south":{"uv":[11.5,0.5,11.25,0.75],"texture":"#0"},"west":{"uv":[12,0.5,11.25,0.75],"texture":"#0"},"up":{"uv":[12,0.75,11.25,0.5],"rotation":90,"texture":"#0"},"down":{"uv":[11.25,0.75,12,0.5],"rotation":90,"texture":"#0"}}},{"from":[2,2,8],"to":[3,3,11],"rotation":{"angle":-45,"axis":"z","origin":[2.5,2.5,9.5]},"faces":{"north":{"uv":[12,0.25,11.75,0.5],"texture":"#0"},"east":{"uv":[11.25,0.25,12,0.5],"texture":"#0"},"south":{"uv":[11.5,0.25,11.25,0.5],"texture":"#0"},"west":{"uv":[12,0.25,11.25,0.5],"texture":"#0"},"up":{"uv":[12,0.5,11.25,0.25],"rotation":90,"texture":"#0"},"down":{"uv":[11.25,0.5,12,0.25],"rotation":90,"texture":"#0"}}},{"from":[2,1,7.5],"to":[4,2,11.5],"rotation":{"angle":0,"axis":"y","origin":[3,0,10]},"faces":{"north":{"uv":[10.25,1.5,10.75,1.75],"texture":"#0"},"east":{"uv":[12.75,1.5,11.75,1.75],"texture":"#0"},"south":{"uv":[10.25,1.5,10.75,1.75],"texture":"#0"},"west":{"uv":[10.75,1.5,11.75,1.75],"texture":"#0"},"up":{"uv":[10.75,1.75,10.25,2.75],"texture":"#0"},"down":{"uv":[10.25,1.75,10.75,2.75],"texture":"#0"}}},{"from":[4,1,8],"to":[5,4,10],"rotation":{"angle":-22.5,"axis":"z","origin":[4.5,2.5,9]},"faces":{"north":{"uv":[13.75,0.75,13.5,0],"texture":"#0"},"east":{"uv":[13.25,0.75,13.75,0],"texture":"#0"},"south":{"uv":[13.5,0.75,13.25,0],"texture":"#0"},"west":{"uv":[13.75,0.75,13.25,0],"texture":"#0"},"up":{"uv":[13.75,0.75,13.25,0.5],"rotation":90,"texture":"#0"},"down":{"uv":[13.25,0.25,13.75,0],"rotation":90,"texture":"#0"}}},{"from":[12,2,8.5],"to":[13,7,10.5],"rotation":{"angle":0,"axis":"y","origin":[13,0,10]},"faces":{"north":{"uv":[12.75,0,13,1.25],"texture":"#0"},"east":{"uv":[12.5,0,13,1.25],"texture":"#0"},"south":{"uv":[12.5,0,12.75,1.25],"texture":"#0"},"west":{"uv":[13,0,12.5,1.25],"texture":"#0"},"up":{"uv":[13,0,12.5,0.25],"rotation":90,"texture":"#0"},"down":{"uv":[12.5,1,13,1.25],"rotation":90,"texture":"#0"}}},{"from":[12,7,7.5],"to":[14,11,11.5],"rotation":{"angle":-45,"axis":"x","origin":[8,9,9.5]},"faces":{"north":{"uv":[14,2.5,15,2],"rotation":90,"texture":"#0"},"east":{"uv":[14,1,15,0],"texture":"#0"},"south":{"uv":[15.75,1,15.25,0],"texture":"#0"},"west":{"uv":[14,1,15,0],"texture":"#0"},"up":{"uv":[15,1.25,14,1.75],"rotation":90,"texture":"#0"},"down":{"uv":[13.75,2,13.25,1],"texture":"#0"}}},{"from":[11.75,6.75,7.25],"to":[14.25,11.25,11.75],"rotation":{"angle":-45,"axis":"x","origin":[8,9,9.5]},"faces":{"north":{"uv":[11.5,4.25,12.5,3.75],"rotation":90,"texture":"#0"},"east":{"uv":[11.5,2.75,12.5,1.75],"texture":"#0"},"south":{"uv":[13.25,2.75,12.75,1.75],"texture":"#0"},"west":{"uv":[11.5,2.75,12.5,1.75],"texture":"#0"},"up":{"uv":[12.5,3,11.5,3.5],"rotation":90,"texture":"#0"},"down":{"uv":[11.25,3.75,10.75,2.75],"texture":"#0"}}},{"from":[13,6,8],"to":[14,7,11],"rotation":{"angle":45,"axis":"z","origin":[13.5,6.5,9.5]},"faces":{"north":{"uv":[11.75,0.25,12,0.5],"texture":"#0"},"east":{"uv":[11.25,0.25,12,0.5],"texture":"#0"},"south":{"uv":[11.25,0.25,11.5,0.5],"texture":"#0"},"west":{"uv":[12,0.25,11.25,0.5],"texture":"#0"},"up":{"uv":[12,0.25,11.25,0.5],"rotation":90,"texture":"#0"},"down":{"uv":[11.25,0.25,12,0.5],"rotation":90,"texture":"#0"}}},{"from":[12.9,5.9,7.9],"to":[14.1,7.1,11.1],"rotation":{"angle":45,"axis":"z","origin":[13.5,6.5,9.5]},"faces":{"north":{"uv":[11.75,0.5,12,0.75],"texture":"#0"},"east":{"uv":[11.25,0.5,12,0.75],"texture":"#0"},"south":{"uv":[11.25,0.5,11.5,0.75],"texture":"#0"},"west":{"uv":[12,0.5,11.25,0.75],"texture":"#0"},"up":{"uv":[12,0.5,11.25,0.75],"rotation":90,"texture":"#0"},"down":{"uv":[11.25,0.5,12,0.75],"rotation":90,"texture":"#0"}}},{"from":[11,1,8],"to":[12,4,10],"rotation":{"angle":-22.5,"axis":"z","origin":[11.5,2.5,9]},"faces":{"north":{"uv":[13.5,0.75,13.75,0],"texture":"#0"},"east":{"uv":[13.25,0.75,13.75,0],"texture":"#0"},"south":{"uv":[13.25,0.75,13.5,0],"texture":"#0"},"west":{"uv":[13.75,0.75,13.25,0],"texture":"#0"},"up":{"uv":[13.75,0.5,13.25,0.75],"rotation":90,"texture":"#0"},"down":{"uv":[13.25,0,13.75,0.25],"rotation":90,"texture":"#0"}}},{"from":[12,1,7.5],"to":[14,2,11.5],"rotation":{"angle":0,"axis":"y","origin":[13,0,10]},"faces":{"north":{"uv":[10.75,1.5,10.25,1.75],"texture":"#0"},"east":{"uv":[11.75,1.5,10.75,1.75],"texture":"#0"},"south":{"uv":[10.75,1.5,10.25,1.75],"texture":"#0"},"west":{"uv":[11.75,1.5,12.75,1.75],"texture":"#0"},"up":{"uv":[10.25,1.75,10.75,2.75],"texture":"#0"},"down":{"uv":[10.75,1.75,10.25,2.75],"texture":"#0"}}},{"from":[13,2,8],"to":[14,3,11],"rotation":{"angle":45,"axis":"z","origin":[13.5,2.5,9.5]},"faces":{"north":{"uv":[11.75,0.25,12,0.5],"texture":"#0"},"east":{"uv":[11.25,0.25,12,0.5],"texture":"#0"},"south":{"uv":[11.25,0.25,11.5,0.5],"texture":"#0"},"west":{"uv":[12,0.25,11.25,0.5],"texture":"#0"},"up":{"uv":[12,0.25,11.25,0.5],"rotation":90,"texture":"#0"},"down":{"uv":[11.25,0.25,12,0.5],"rotation":90,"texture":"#0"}}},{"from":[12.9,1.9,7.9],"to":[14.1,3.1,11.1],"rotation":{"angle":45,"axis":"z","origin":[13.5,2.5,9.5]},"faces":{"north":{"uv":[11.75,0.5,12,0.75],"texture":"#0"},"east":{"uv":[11.25,0.5,12,0.75],"texture":"#0"},"south":{"uv":[11.25,0.5,11.5,0.75],"texture":"#0"},"west":{"uv":[12,0.5,11.25,0.75],"texture":"#0"},"up":{"uv":[12,0.5,11.25,0.75],"rotation":90,"texture":"#0"},"down":{"uv":[11.25,0.5,12,0.75],"rotation":90,"texture":"#0"}}},{"from":[10.5,0,7],"to":[14.5,1,12],"rotation":{"angle":0,"axis":"y","origin":[13,0,10]},"faces":{"north":{"uv":[10.25,0,11.25,0.25],"texture":"#0"},"east":{"uv":[11.25,0,12.5,0.25],"texture":"#0"},"south":{"uv":[10.25,0,11.25,0.25],"texture":"#0"},"west":{"uv":[12.5,0,11.25,0.25],"texture":"#0"},"up":{"uv":[10.25,1.5,11.25,0.25],"texture":"#0"},"down":{"uv":[10.25,0.25,11.25,1.5],"texture":"#0"}}}],"display":{"thirdperson_righthand":{"translation":[0.75,0,0],"scale":[0.42969,0.42969,0.42969]},"thirdperson_lefthand":{"translation":[0.75,0,0],"scale":[0.42969,0.42969,0.42969]},"firstperson_righthand":{"translation":[0.75,0,0],"scale":[0.42969,0.42969,0.42969]},"firstperson_lefthand":{"translation":[0.75,0,0],"scale":[0.42969,0.42969,0.42969]},"ground":{"translation":[0.75,4.5,0],"scale":[0.42969,0.42969,0.42969]},"gui":{"rotation":[25.25,25.75,0],"translation":[-0.75,0.5,0],"scale":[0.77539,0.77539,0.77539]},"head":{"rotation":[0,0,-24.25],"translation":[12.75,0,0]}},"groups":[{"name":"bone6","origin":[0,0,0],"color":0,"children":[{"name":"bone7","origin":[0,9.625,-0.5],"color":0,"children":[{"name":"bone2","origin":[0,9.625,-0.5],"color":0,"children":[0,1,2,3,4,{"name":"bone4","origin":[0,12.25,-0.5],"color":0,"children":[5,6,7,8,9,10]}]},{"name":"bone5","origin":[0,4.5,-3.5],"color":0,"children":[11,{"name":"bone10","origin":[0,4.5,-4],"color":0,"children":[12,13,14,15,16,17]}]}]},{"name":"bone3","origin":[-3.5,8.5,-1],"color":0,"children":[18,19,20,21,22,{"name":"bone8","origin":[-4.625,2.05,-0.625],"color":0,"children":[23,24,25,26,27]}]},{"name":"bone","origin":[3.5,8.5,-1],"color":0,"children":[28,29,30,31,32,{"name":"bone9","origin":[4.625,2.05,-0.625],"color":0,"children":[33,34,35,36,37]}]}]}]}