{"credit":"Made with Blockbench","texture_size":[64,64],"textures":{"0":"lunar_studios:enderkariz/block_wars/darth/darth_mask","particle":"lunar_studios:enderkariz/block_wars/darth/darth_mask"},"elements":[{"from":[3,1,3],"to":[13,7,13],"rotation":{"angle":0,"axis":"y","origin":[8,5.75,8.2844]},"faces":{"north":{"uv":[2.75,8.25,5.25,9.75],"texture":"#0"},"east":{"uv":[2.5,9.75,0,11.25],"texture":"#0"},"south":{"uv":[0,9.75,0.25,10],"texture":"#0"},"west":{"uv":[0,9.75,2.5,11.25],"texture":"#0"},"up":{"uv":[0,9.75,0.25,10],"texture":"#0"},"down":{"uv":[0,9.75,0.25,10],"texture":"#0"}}},{"from":[2,4.72305,1.64911],"to":[14,9.72305,11.64911],"rotation":{"angle":22.5,"axis":"x","origin":[8,5.75,8.2844]},"faces":{"north":{"uv":[0,0,3,1.25],"texture":"#0"},"east":{"uv":[5.5,0,3,1.25],"texture":"#0"},"south":{"uv":[0,1.25,0.25,1.5],"texture":"#0"},"west":{"uv":[3,0,5.5,1.25],"texture":"#0"},"up":{"uv":[3,4,6,1.5],"texture":"#0"},"down":{"uv":[6.25,0,9.25,2.5],"texture":"#0"}}},{"from":[1.75,4.47305,1.39911],"to":[14.25,9.97305,11.89911],"rotation":{"angle":22.5,"axis":"x","origin":[8,5.75,8.2844]},"faces":{"north":{"uv":[9.5,0,12.5,1.25],"texture":"#0"},"east":{"uv":[15,0,12.5,1.25],"texture":"#0"},"south":{"uv":[9.5,1.25,9.75,1.5],"texture":"#0"},"west":{"uv":[12.5,0,15,1.25],"texture":"#0"},"up":{"uv":[2.75,1.5,3,1.25],"texture":"#0"},"down":{"uv":[6.25,0,9.25,2.5],"texture":"#0"}}},{"from":[2.5,8,3.5],"to":[13.5,13,13.5],"rotation":{"angle":0,"axis":"y","origin":[8,5.75,8.2844]},"faces":{"north":{"uv":[0,4.25,2.75,5.5],"texture":"#0"},"east":{"uv":[2.5,5.75,0,7],"texture":"#0"},"south":{"uv":[3,4.25,5.75,5.5],"texture":"#0"},"west":{"uv":[0,5.75,2.5,7],"texture":"#0"},"up":{"uv":[0,4,2.75,1.5],"texture":"#0"},"down":{"uv":[0,0,11,10],"texture":"#missing"}}},{"from":[2.25,7.75,3.25],"to":[13.75,13.25,13.75],"rotation":{"angle":0,"axis":"y","origin":[8,5.75,8.2844]},"faces":{"north":{"uv":[9.5,1.75,12.25,3],"texture":"#0"},"east":{"uv":[2.75,1.5,3,1.25],"texture":"#0"},"south":{"uv":[12.5,1.75,15.25,3],"texture":"#0"},"west":{"uv":[2.75,1.5,3,1.25],"texture":"#0"},"up":{"uv":[6.25,5.25,9,2.75],"texture":"#0"},"down":{"uv":[0,9.75,0.25,10],"texture":"#0"}}},{"from":[1.40434,-1.50543,3.4],"to":[2.40434,7.49457,13.4],"rotation":{"angle":-22.5,"axis":"z","origin":[8,5.75,8.2844]},"faces":{"north":{"uv":[0,7.25,0.25,9.5],"texture":"#0"},"east":{"uv":[2.5,7.25,0,9.5],"texture":"#0"},"south":{"uv":[2.25,7.25,2.5,9.5],"texture":"#0"},"west":{"uv":[0,7.25,2.5,9.5],"texture":"#0"},"up":{"uv":[0,7.25,2.5,7.5],"rotation":90,"texture":"#0"},"down":{"uv":[2.5,9.25,0,9.5],"rotation":90,"texture":"#0"}}},{"from":[1.15434,-1.75543,3.15],"to":[2.65434,7.74457,13.65],"rotation":{"angle":-22.5,"axis":"z","origin":[8,5.75,8.2844]},"faces":{"north":{"uv":[2.75,5.75,3,8],"texture":"#0"},"east":{"uv":[5.25,5.75,2.75,8],"texture":"#0"},"south":{"uv":[5,5.75,5.25,8],"texture":"#0"},"west":{"uv":[2.75,5.75,5.25,8],"texture":"#0"},"up":{"uv":[2.75,5.75,5.25,6],"rotation":90,"texture":"#0"},"down":{"uv":[5.25,7.75,2.75,8],"rotation":90,"texture":"#0"}}},{"from":[13.34566,-1.75543,3.15],"to":[14.84566,7.74457,13.65],"rotation":{"angle":22.5,"axis":"z","origin":[8,5.75,8.2844]},"faces":{"north":{"uv":[3,5.75,2.75,8],"texture":"#0"},"east":{"uv":[5.25,5.75,2.75,8],"texture":"#0"},"south":{"uv":[5.25,5.75,5,8],"texture":"#0"},"west":{"uv":[2.75,5.75,5.25,8],"texture":"#0"},"up":{"uv":[2.75,6,5.25,5.75],"rotation":90,"texture":"#0"},"down":{"uv":[5.25,8,2.75,7.75],"rotation":90,"texture":"#0"}}},{"from":[13.59566,-1.50543,3.4],"to":[14.59566,7.49457,13.4],"rotation":{"angle":22.5,"axis":"z","origin":[8,5.75,8.2844]},"faces":{"north":{"uv":[0.25,7.25,0,9.5],"texture":"#0"},"east":{"uv":[2.5,7.25,0,9.5],"texture":"#0"},"south":{"uv":[2.5,7.25,2.25,9.5],"texture":"#0"},"west":{"uv":[0,7.25,2.5,9.5],"texture":"#0"},"up":{"uv":[0,7.5,2.5,7.25],"rotation":90,"texture":"#0"},"down":{"uv":[2.5,9.5,0,9.25],"rotation":90,"texture":"#0"}}},{"from":[2.1,-2.1672,12.96402],"to":[13.9,5.8328,13.96402],"rotation":{"angle":-22.5,"axis":"x","origin":[8,5.75,8.2844]},"faces":{"north":{"uv":[3.25,13.75,6.2,11.75],"texture":"#0"},"east":{"uv":[6,11.75,6.2,13.75],"texture":"#0"},"south":{"uv":[3.25,11.75,6.2,13.75],"texture":"#0"},"west":{"uv":[3.25,11.75,3.45,13.75],"texture":"#0"},"up":{"uv":[3.25,12,6.2,11.75],"texture":"#0"},"down":{"uv":[3.25,13.75,6.2,13.5],"texture":"#0"}}},{"from":[1.85,-2.4172,12.71402],"to":[14.15,6.0828,14.21402],"rotation":{"angle":-22.5,"axis":"x","origin":[8,5.75,8.2844]},"faces":{"north":{"uv":[3.25,16,6.2,14],"texture":"#0"},"east":{"uv":[6,14,6.2,16],"texture":"#0"},"south":{"uv":[3.25,14,6.2,16],"texture":"#0"},"west":{"uv":[3.25,14,3.45,16],"texture":"#0"},"up":{"uv":[3.25,14.25,6.2,14],"texture":"#0"},"down":{"uv":[3.25,16,6.2,15.75],"texture":"#0"}}},{"from":[5.5,0.5,1],"to":[10.5,3.5,3],"rotation":{"angle":0,"axis":"y","origin":[8,5.75,8.2844]},"faces":{"north":{"uv":[4.75,10,3.5,10.75],"texture":"#0"},"east":{"uv":[3.75,10,3.5,10.75],"texture":"#0"},"south":{"uv":[4.75,10,3.5,10.75],"texture":"#0"},"west":{"uv":[4.75,10,4.5,10.75],"texture":"#0"},"up":{"uv":[4.75,10,3.5,10.25],"texture":"#0"},"down":{"uv":[4.75,10.5,3.5,10.75],"texture":"#0"}}},{"from":[8.23744,-0.73008,3.5],"to":[10.23744,1.26992,13.5],"rotation":{"angle":-45,"axis":"z","origin":[8,5.75,7.7844]},"faces":{"north":{"uv":[5.5,10,5,10.5],"texture":"#0"},"east":{"uv":[2.75,11,5.25,11.5],"texture":"#0"},"south":{"uv":[2.75,11.5,3.25,11],"rotation":90,"texture":"#0"},"west":{"uv":[5.25,11.5,2.75,11],"texture":"#0"},"up":{"uv":[5.25,11,2.75,11.5],"rotation":90,"texture":"#0"},"down":{"uv":[2.75,11.5,5.25,11],"rotation":90,"texture":"#0"}}},{"from":[5.76256,-0.73008,3.5],"to":[7.76256,1.26992,13.5],"rotation":{"angle":45,"axis":"z","origin":[8,5.75,7.7844]},"faces":{"north":{"uv":[5,10,5.5,10.5],"texture":"#0"},"east":{"uv":[2.75,11.5,5.25,11],"texture":"#0"},"south":{"uv":[2.75,11,3.25,11.5],"rotation":90,"texture":"#0"},"west":{"uv":[5.25,11,2.75,11.5],"texture":"#0"},"up":{"uv":[5.25,11.5,2.75,11],"rotation":90,"texture":"#0"},"down":{"uv":[2.75,11,5.25,11.5],"rotation":90,"texture":"#0"}}},{"from":[8.73744,-0.23008,0.5],"to":[9.73744,0.76992,3.5],"rotation":{"angle":-45,"axis":"z","origin":[8,5.75,7.7844]},"faces":{"north":{"uv":[2.75,12,3,11.75],"texture":"#0"},"east":{"uv":[3,11.75,2.75,12.5],"rotation":90,"texture":"#0"},"south":{"uv":[2.75,12.5,3,12.25],"texture":"#0"},"west":{"uv":[3,12.5,2.75,11.75],"rotation":90,"texture":"#0"},"up":{"uv":[2.75,11.75,3,12.5],"texture":"#0"},"down":{"uv":[2.75,12.5,3,11.75],"texture":"#0"}}},{"from":[6.26256,-0.23008,0.5],"to":[7.26256,0.76992,3.5],"rotation":{"angle":45,"axis":"z","origin":[8,5.75,7.7844]},"faces":{"north":{"uv":[3,12,2.75,11.75],"texture":"#0"},"east":{"uv":[3,11.75,2.75,12.5],"rotation":90,"texture":"#0"},"south":{"uv":[3,12.5,2.75,12.25],"texture":"#0"},"west":{"uv":[3,12.5,2.75,11.75],"rotation":90,"texture":"#0"},"up":{"uv":[3,11.75,2.75,12.5],"texture":"#0"},"down":{"uv":[3,12.5,2.75,11.75],"texture":"#0"}}},{"from":[3,1.5,2],"to":[13,4.5,3],"rotation":{"angle":0,"axis":"y","origin":[8,5.75,8.2844]},"faces":{"north":{"uv":[0,11.5,2.5,12.25],"texture":"#0"},"east":{"uv":[0,11.5,0.25,12.25],"texture":"#0"},"south":{"uv":[0,11.5,2.5,12.25],"texture":"#0"},"west":{"uv":[2.5,11.5,2.25,12.25],"texture":"#0"},"up":{"uv":[0,11.5,2.5,11.75],"texture":"#0"},"down":{"uv":[0,12,2.5,12.25],"texture":"#0"}}},{"from":[2.75,1.25,1.75],"to":[13.25,4.75,3.25],"rotation":{"angle":0,"axis":"y","origin":[8,5.75,8.2844]},"faces":{"north":{"uv":[0,12.5,2.5,13.25],"texture":"#0"},"east":{"uv":[0,12.5,0.25,13.25],"texture":"#0"},"south":{"uv":[0,12.5,2.5,13.25],"texture":"#0"},"west":{"uv":[2.5,12.5,2.25,13.25],"texture":"#0"},"up":{"uv":[0,12.5,2.5,12.75],"texture":"#0"},"down":{"uv":[0,13,2.5,13.25],"texture":"#0"}}},{"from":[7,4.5,2],"to":[9,7.5,3],"rotation":{"angle":0,"axis":"y","origin":[8,5.75,8.2844]},"faces":{"north":{"uv":[2.75,10,3.25,10.75],"texture":"#0"},"east":{"uv":[2.75,10,3,10.75],"texture":"#0"},"south":{"uv":[2.75,10,3.25,10.75],"texture":"#0"},"west":{"uv":[3,10,3.25,10.75],"texture":"#0"},"up":{"uv":[2.75,10,3.25,10.25],"texture":"#0"},"down":{"uv":[3.25,10.5,2.75,10.75],"texture":"#0"}}}],"display":{"thirdperson_righthand":{"translation":[0.75,1.5,0],"scale":[0.5,0.5,0.5]},"thirdperson_lefthand":{"translation":[0.75,1.5,0],"scale":[0.5,0.5,0.5]},"firstperson_righthand":{"translation":[0,4.25,0],"scale":[0.5,0.5,0.5]},"firstperson_lefthand":{"translation":[0,4.25,0],"scale":[0.5,0.5,0.5]},"ground":{"translation":[0,8,0]},"gui":{"rotation":[8,-144,0],"translation":[0,1.5,0],"scale":[0.64453,0.64453,0.64453]},"head":{"translation":[0,2.75,0],"scale":[1.4,1.4,1.4]},"fixed":{"rotation":[-67.5,0,0],"translation":[0.25,4.25,-14.25],"scale":[2,2,2]}}}