{
  "credit": "Made with Blockbench",
  "texture_size": [
    64,
    64
  ],
  "textures": {
    "0": "lunar_studios:enderkariz/block_wars/darth/darth_cape",
    "particle": "lunar_studios:enderkariz/block_wars/darth/darth_cape"
  },
  "elements": [
    {
      "from": [
        3.5,
        11.9,
        5.5
      ],
      "to": [
        12.5,
        13.9,
        12.5
      ],
      "faces": {
        "north": {
          "uv": [
            15.5,
            15.5,
            16,
            16
          ],
          "texture": "#0"
        },
        "east": {
          "uv": [
            3.25,
            3.25,
            5,
            3.75
          ],
          "texture": "#0"
        },
        "south": {
          "uv": [
            3.25,
            4,
            5.5,
            4.5
          ],
          "texture": "#0"
        },
        "west": {
          "uv": [
            5,
            3.25,
            3.25,
            3.75
          ],
          "texture": "#0"
        },
        "up": {
          "uv": [
            15.5,
            15.5,
            16,
            16
          ],
          "texture": "#0"
        },
        "down": {
          "uv": [
            3.75,
            4.25,
            3.875,
            4.375
          ],
          "texture": "#0"
        }
      }
    },
    {
      "from": [
        2,
        8.1,
        5
      ],
      "to": [
        14,
        12.1,
        11
      ],
      "faces": {
        "north": {
          "uv": [
            3.25,
            0,
            6.25,
            1
          ],
          "texture": "#0"
        },
        "east": {
          "uv": [
            15.5,
            15.5,
            16,
            16
          ],
          "texture": "#0"
        },
        "south": {
          "uv": [
            9.75,
            0,
            12.75,
            1
          ],
          "texture": "#0"
        },
        "west": {
          "uv": [
            15.5,
            15.5,
            16,
            16
          ],
          "texture": "#0"
        },
        "up": {
          "uv": [
            3.25,
            1,
            6.25,
            2.5
          ],
          "texture": "#0"
        },
        "down": {
          "uv": [
            15.5,
            15.5,
            16,
            16
          ],
          "texture": "#0"
        }
      }
    },
    {
      "from": [
        2.5,
        -10,
        11
      ],
      "to": [
        13.5,
        12,
        12
      ],
      "rotation": {
        "angle": 0,
        "axis": "y",
        "origin": [
          8,
          12,
          10.5
        ]
      },
      "faces": {
        "north": {
          "uv": [
            15.5,
            15.5,
            16,
            16
          ],
          "texture": "#0"
        },
        "east": {
          "uv": [
            2.75,
            0,
            3,
            5.5
          ],
          "texture": "#0"
        },
        "south": {
          "uv": [
            0,
            0,
            2.75,
            5.5
          ],
          "texture": "#0"
        },
        "west": {
          "uv": [
            2.75,
            0,
            3,
            5.5
          ],
          "texture": "#0"
        },
        "up": {
          "uv": [
            0,
            0,
            2.75,
            0.25
          ],
          "texture": "#0"
        },
        "down": {
          "uv": [
            15.5,
            15.5,
            16,
            16
          ],
          "texture": "#0"
        }
      }
    },
    {
      "from": [
        2.25,
        -10.25,
        10.75
      ],
      "to": [
        13.75,
        12.25,
        12.25
      ],
      "rotation": {
        "angle": 0,
        "axis": "y",
        "origin": [
          8,
          12,
          10.5
        ]
      },
      "faces": {
        "north": {
          "uv": [
            15.5,
            15.5,
            16,
            16
          ],
          "texture": "#0"
        },
        "east": {
          "uv": [
            2.75,
            0,
            3,
            5.5
          ],
          "texture": "#0"
        },
        "south": {
          "uv": [
            0,
            5.75,
            2.75,
            11.25
          ],
          "texture": "#0"
        },
        "west": {
          "uv": [
            2.75,
            0,
            3,
            5.5
          ],
          "texture": "#0"
        },
        "up": {
          "uv": [
            0,
            0,
            2.75,
            0.25
          ],
          "texture": "#0"
        },
        "down": {
          "uv": [
            15.5,
            15.5,
            16,
            16
          ],
          "texture": "#0"
        }
      }
    },
    {
      "from": [
        3.25,
        11.65,
        5.25
      ],
      "to": [
        12.75,
        14.15,
        12.75
      ],
      "faces": {
        "north": {
          "uv": [
            15.5,
            15.5,
            16,
            16
          ],
          "texture": "#0"
        },
        "east": {
          "uv": [
            5.75,
            3.25,
            7.5,
            3.75
          ],
          "texture": "#0"
        },
        "south": {
          "uv": [
            5.75,
            4,
            8,
            4.5
          ],
          "texture": "#0"
        },
        "west": {
          "uv": [
            7.5,
            3.25,
            5.75,
            3.75
          ],
          "texture": "#0"
        },
        "up": {
          "uv": [
            15.5,
            15.5,
            16,
            16
          ],
          "texture": "#0"
        },
        "down": {
          "uv": [
            3.75,
            4.25,
            3.875,
            4.375
          ],
          "texture": "#0"
        }
      }
    },
    {
      "from": [
        1.75,
        7.85,
        4.75
      ],
      "to": [
        14.25,
        12.35,
        11.25
      ],
      "faces": {
        "north": {
          "uv": [
            6.5,
            0,
            9.5,
            1
          ],
          "texture": "#0"
        },
        "east": {
          "uv": [
            15.5,
            15.5,
            16,
            16
          ],
          "texture": "#0"
        },
        "south": {
          "uv": [
            13,
            0,
            16,
            1
          ],
          "texture": "#0"
        },
        "west": {
          "uv": [
            15.5,
            15.5,
            16,
            16
          ],
          "texture": "#0"
        },
        "up": {
          "uv": [
            6.5,
            1,
            9.5,
            2.5
          ],
          "texture": "#0"
        },
        "down": {
          "uv": [
            15.5,
            15.5,
            16,
            16
          ],
          "texture": "#0"
        }
      }
    },
    {
      "from": [
        13.5,
        -10,
        11
      ],
      "to": [
        2.5,
        12,
        12
      ],
      "rotation": {
        "angle": 0,
        "axis": "y",
        "origin": [
          8,
          12,
          10.5
        ]
      },
      "faces": {
        "north": {
          "uv": [
            15.5,
            15.5,
            16,
            16
          ],
          "texture": "#0"
        },
        "east": {
          "uv": [
            2.75,
            0,
            3,
            5.5
          ],
          "texture": "#0"
        },
        "south": {
          "uv": [
            0,
            0,
            2.75,
            5.5
          ],
          "texture": "#0"
        },
        "west": {
          "uv": [
            2.75,
            0,
            3,
            5.5
          ],
          "texture": "#0"
        },
        "up": {
          "uv": [
            0,
            0,
            2.75,
            0.25
          ],
          "texture": "#0"
        },
        "down": {
          "uv": [
            15.5,
            15.5,
            16,
            16
          ],
          "texture": "#0"
        }
      }
    },
    {
      "from": [
        12.5,
        11.9,
        5.5
      ],
      "to": [
        3.5,
        13.9,
        12.5
      ],
      "faces": {
        "north": {
          "uv": [
            15.5,
            15.5,
            16,
            16
          ],
          "texture": "#0"
        },
        "east": {
          "uv": [
            3.25,
            3.25,
            5,
            3.75
          ],
          "texture": "#0"
        },
        "south": {
          "uv": [
            3.25,
            4,
            5.5,
            4.5
          ],
          "texture": "#0"
        },
        "west": {
          "uv": [
            5,
            3.25,
            3.25,
            3.75
          ],
          "texture": "#0"
        },
        "up": {
          "uv": [
            15.5,
            15.5,
            16,
            16
          ],
          "texture": "#0"
        },
        "down": {
          "uv": [
            3.75,
            4.25,
            3.875,
            4.375
          ],
          "texture": "#0"
        }
      }
    }
  ],
  "display": {
    "thirdperson_righthand": {
      "rotation": [
        50.25,
        0,
        0
      ],
      "translation": [
        0,
        1.75,
        -0.75
      ],
      "scale": [
        0.5,
        0.5,
        0.5
      ]
    },
    "thirdperson_lefthand": {
      "rotation": [
        72.5,
        0,
        0
      ],
      "translation": [
        -6,
        -3.25,
        8.25
      ],
      "scale": [
        0.92578,
        0.92578,
        0.92578
      ]
    },
    "firstperson_righthand": {
      "rotation": [
        79.55,
        72.45,
        -79.06
      ],
      "translation": [
        0.25,
        4.25,
        0.5
      ],
      "scale": [
        0.5,
        0.5,
        0.5
      ]
    },
    "firstperson_lefthand": {
      "rotation": [
        79.55,
        72.45,
        -79.06
      ],
      "translation": [
        15.5,
        4.25,
        0.5
      ],
      "scale": [
        0.5,
        0.5,
        0.5
      ]
    },
    "ground": {
      "translation": [
        0,
        15.5,
        0
      ]
    },
    "gui": {
      "rotation": [
        22,
        -142,
        0
      ],
      "translation": [
        0,
        2.25,
        0
      ],
      "scale": [
        0.56641,
        0.56641,
        0.56641
      ]
    },
    "head": {
      "translation": [
        0,
        -12.75,
        -0.25
      ],
      "scale": [
        1.6,
        1.6,
        1.6
      ]
    }
  },
  "groups": [
    {
      "name": "group",
      "origin": [
        0,
        0,
        0
      ],
      "color": 0,
      "children": [
        0,
        1,
        2,
        3,
        4,
        5,
        6,
        7
      ]
    }
  ]
}