{"credit":"by w11shes","texture_size":[32,32],"textures":{"1":"elitecreatures:valentine_assortment/valentines_axe","2":"elitecreatures:valentine_assortment/valentines_particle","particle":"elitecreatures:valentine_assortment/valentines_particle"},"elements":[{"from":[5.11038,11.77059,3.4571],"to":[10.11038,14.77059,8.4571],"rotation":{"angle":45,"axis":"x","origin":[7.61538,3.52398,8.005]},"faces":{"north":{"uv":[11.5,0,14,1.5],"texture":"#1"},"east":{"uv":[13,11,10.5,12.5],"texture":"#1"},"south":{"uv":[4,11.5,6.5,13],"texture":"#1"},"west":{"uv":[10.5,11,13,12.5],"texture":"#1"},"up":{"uv":[11.5,2.5,9,0],"rotation":270,"texture":"#1"}}},{"from":[10.11038,14.77059,8.4571],"to":[5.11038,11.77059,3.4571],"rotation":{"angle":45,"axis":"x","origin":[7.61538,3.52398,8.005]},"faces":{"north":{"uv":[4,13,6.5,11.5],"texture":"#1"},"east":{"uv":[10.5,12.5,13,11],"texture":"#1"},"south":{"uv":[11.5,1.5,14,0],"texture":"#1"},"west":{"uv":[13,12.5,10.5,11],"texture":"#1"},"down":{"uv":[9,2.5,11.5,0],"rotation":90,"texture":"#1"}}},{"from":[6.09038,11.77059,3.4571],"to":[9.14038,14.77059,8.4571],"rotation":{"angle":45,"axis":"x","origin":[7.61538,3.52398,8.005]},"faces":{"east":{"uv":[14.5,4.5,12,6],"texture":"#1"},"west":{"uv":[12,4.5,14.5,6],"texture":"#1"}}},{"from":[5.11038,6.77059,0.4571],"to":[10.11038,11.77059,8.4571],"rotation":{"angle":45,"axis":"x","origin":[7.61538,3.52398,8.005]},"faces":{"north":{"uv":[8,9,10.5,11.5],"texture":"#1"},"east":{"uv":[8,4.5,4,7],"texture":"#1"},"south":{"uv":[0,9.5,2.5,12],"texture":"#1"},"west":{"uv":[4,4.5,8,7],"texture":"#1"},"up":{"uv":[4,9.5,0,7],"rotation":270,"texture":"#1"},"down":{"uv":[8,7,4,9.5],"rotation":90,"texture":"#1"}}},{"from":[10.11038,11.77059,8.4571],"to":[5.11038,6.77059,0.4571],"rotation":{"angle":45,"axis":"x","origin":[7.61538,3.52398,8.005]},"faces":{"north":{"uv":[0,12,2.5,9.5],"texture":"#1"},"east":{"uv":[4,7,8,4.5],"texture":"#1"},"south":{"uv":[8,11.5,10.5,9],"texture":"#1"},"west":{"uv":[8,7,4,4.5],"texture":"#1"},"up":{"uv":[4,7,8,9.5],"rotation":270,"texture":"#1"},"down":{"uv":[0,9.5,4,7],"rotation":90,"texture":"#1"}}},{"from":[6.09038,6.77059,0.4571],"to":[9.13038,11.77059,8.4571],"rotation":{"angle":45,"axis":"x","origin":[7.61538,3.52398,8.005]},"faces":{"east":{"uv":[12,4.5,8,7],"texture":"#1"},"west":{"uv":[8,4.5,12,7],"texture":"#1"}}},{"from":[4.76249,-3,8.85082],"to":[6.76249,3,10.85082],"rotation":{"angle":45,"axis":"y","origin":[7.61538,3.52398,8.005]},"faces":{"north":{"uv":[10,11.5,9,14.5],"texture":"#1"},"east":{"uv":[9,11.5,10,14.5],"texture":"#1"},"south":{"uv":[10,11.5,9,14.5],"texture":"#1"},"west":{"uv":[9,11.5,10,14.5],"texture":"#1"}}},{"from":[3.76249,-5,7.85082],"to":[7.76249,-3,11.85082],"rotation":{"angle":45,"axis":"y","origin":[7.61538,3.52398,8.005]},"faces":{"north":{"uv":[14,6,12,7],"texture":"#1"},"east":{"uv":[14,6,12,7],"texture":"#1"},"south":{"uv":[12,6,14,7],"texture":"#1"},"west":{"uv":[12,6,14,7],"texture":"#1"},"up":{"uv":[11,4.5,9,2.5],"rotation":270,"texture":"#1"},"down":{"uv":[6,9.5,4,11.5],"rotation":90,"texture":"#1"}}},{"from":[3.76249,3,7.85082],"to":[7.76249,5,11.85082],"rotation":{"angle":45,"axis":"y","origin":[7.61538,3.52398,8.005]},"faces":{"north":{"uv":[9,13,7,14],"texture":"#1"},"east":{"uv":[7,13,9,14],"texture":"#1"},"south":{"uv":[9,13,7,14],"texture":"#1"},"west":{"uv":[7,13,9,14],"texture":"#1"},"up":{"uv":[8,11.5,6,9.5],"rotation":270,"texture":"#1"},"down":{"uv":[12.5,9,10.5,11],"rotation":90,"texture":"#1"}}},{"from":[6.11038,5,9.12038],"to":[9.11038,7,12.12038],"rotation":{"angle":0,"axis":"y","origin":[7.61538,3.52398,8.005]},"faces":{"north":{"uv":[0,13.5,1.5,14.5],"texture":"#1"},"east":{"uv":[0,13.5,1.5,14.5],"texture":"#1"},"south":{"uv":[0,13.5,1.5,14.5],"texture":"#1"},"west":{"uv":[0,13.5,1.5,14.5],"texture":"#1"},"down":{"uv":[7,13,5.5,14.5],"rotation":90,"texture":"#1"}}},{"from":[6.11038,-8.17596,2.00377],"to":[9.11038,-6.17596,5.00377],"rotation":{"angle":-45,"axis":"x","origin":[7.61538,3.52398,8.005]},"faces":{"north":{"uv":[13,10.5,14.5,11.5],"texture":"#1"},"east":{"uv":[13,1.5,11.5,2.5],"texture":"#1"},"south":{"uv":[13,11.5,14.5,12.5],"texture":"#1"},"west":{"uv":[11.5,1.5,13,2.5],"texture":"#1"},"down":{"uv":[14.5,1.5,13,3],"rotation":90,"texture":"#1"}}},{"from":[6.11038,-6.17596,0.00377],"to":[9.11038,-3.17596,5.00377],"rotation":{"angle":-45,"axis":"x","origin":[7.61538,3.52398,8.005]},"faces":{"north":{"uv":[13,3,14.5,4.5],"texture":"#1"},"east":{"uv":[9,11.5,6.5,13],"texture":"#1"},"south":{"uv":[4,13,5.5,14.5],"texture":"#1"},"west":{"uv":[6.5,11.5,9,13],"texture":"#1"},"up":{"uv":[14,8.5,11.5,7],"rotation":270,"texture":"#1"},"down":{"uv":[2.5,12,0,13.5],"rotation":90,"texture":"#1"}}},{"from":[9.48693,-12.92709,9.12038],"to":[9.53693,-4.92709,12.12038],"rotation":{"angle":-22.5,"axis":"z","origin":[7.61538,3.52398,8.005]},"faces":{"east":{"uv":[2.5,9.5,4,13.5],"texture":"#1"},"west":{"uv":[2.5,9.5,4,13.5],"texture":"#1"}}},{"from":[5.68459,-12.92326,9.12038],"to":[5.73459,-4.92326,12.12038],"rotation":{"angle":22.5,"axis":"z","origin":[7.61538,3.52398,8.005]},"faces":{"east":{"uv":[4,9.5,2.5,13.5],"texture":"#1"},"west":{"uv":[4,9.5,2.5,13.5],"texture":"#1"}}},{"from":[7.61038,-4.66942,15.2109],"to":[7.66038,-0.66942,22.2109],"rotation":{"angle":22.5,"axis":"x","origin":[7.61538,3.52398,8.005]},"faces":{"east":{"uv":[11.5,7,8,9],"texture":"#1"},"west":{"uv":[8,7,11.5,9],"texture":"#1"}}},{"from":[7.61038,-6.67115,-1.36831],"to":[7.66038,-2.67115,5.63169],"rotation":{"angle":-22.5,"axis":"x","origin":[7.61538,3.52398,8.005]},"faces":{"east":{"uv":[8,7,11.5,9],"texture":"#1"},"west":{"uv":[11.5,7,8,9],"texture":"#1"}}},{"from":[6.11038,8.1,3.97038],"to":[9.11038,12.1,7.97038],"rotation":{"angle":0,"axis":"y","origin":[7.61538,3.52398,8.005]},"faces":{"north":{"uv":[12.5,8.5,14,10.5],"texture":"#1"},"east":{"uv":[13,2.5,11,4.5],"texture":"#1"},"west":{"uv":[11,2.5,13,4.5],"texture":"#1"},"up":{"uv":[12,14,10,12.5],"rotation":270,"texture":"#1"},"down":{"uv":[14,12.5,12,14],"rotation":90,"texture":"#1"}}},{"from":[7.61038,1.1,-3.02962],"to":[7.66038,15.1,4.97038],"rotation":{"angle":0,"axis":"y","origin":[7.61538,3.52398,8.005]},"faces":{"east":{"uv":[4,0,0,7],"texture":"#1"},"west":{"uv":[0,0,4,7],"texture":"#1"}}},{"from":[7.56038,9.07188,10.25161],"to":[7.61038,18.07188,20.25161],"rotation":{"angle":-45,"axis":"x","origin":[7.61538,3.52398,8.005]},"faces":{"east":{"uv":[9,0,4,4.5],"texture":"#1"},"west":{"uv":[4,0,9,4.5],"texture":"#1"}}},{"from":[7.56038,12.77059,-0.5429],"to":[7.61038,21.77059,9.4571],"rotation":{"angle":45,"axis":"x","origin":[7.61538,3.52398,8.005]},"faces":{"east":{"uv":[4,0,9,4.5],"texture":"#1"},"west":{"uv":[9,0,4,4.5],"texture":"#1"}}},{"from":[7.11038,8.1,-2.02962],"to":[8.11038,12.1,3.97038],"rotation":{"angle":0,"axis":"y","origin":[7.61538,3.52398,8.005]},"faces":{"north":{"uv":[0.5,1.5,1,3.5],"texture":"#1"},"east":{"uv":[3.5,1.5,0.5,3.5],"texture":"#1"},"west":{"uv":[0.5,1.5,3.5,3.5],"texture":"#1"},"up":{"uv":[3.5,1.5,0.5,2],"rotation":270,"texture":"#1"},"down":{"uv":[3.5,3,0.5,3.5],"rotation":90,"texture":"#1"}}},{"from":[7.11038,5.1,-2.02962],"to":[8.11038,8.1,2.97038],"rotation":{"angle":0,"axis":"y","origin":[7.61538,3.52398,8.005]},"faces":{"north":{"uv":[0.5,3.5,1,5],"texture":"#1"},"east":{"uv":[3,3.5,0.5,5],"texture":"#1"},"south":{"uv":[2.5,3.5,3,5],"texture":"#1"},"west":{"uv":[0.5,3.5,3,5],"texture":"#1"},"down":{"uv":[3,4.5,0.5,5],"rotation":90,"texture":"#1"}}},{"from":[11.91038,13.37389,9.11065],"to":[10.31038,11.77389,6.51065],"rotation":{"angle":45,"axis":"x","origin":[7.61538,3.52398,8.005]},"faces":{"north":{"uv":[1,15,2,16],"texture":"#2"},"east":{"uv":[1,15,2,16],"texture":"#2"},"south":{"uv":[1,15,2,16],"texture":"#2"},"west":{"uv":[1,15,2,16],"texture":"#2"},"up":{"uv":[1,15,2,16],"rotation":270,"texture":"#2"},"down":{"uv":[1,15,3.6,16],"rotation":90,"texture":"#2"}}},{"from":[10.71038,12.97389,7.91065],"to":[11.51038,13.77389,8.71065],"rotation":{"angle":45,"axis":"x","origin":[7.61538,3.52398,8.005]},"faces":{"north":{"uv":[0,15,1,16],"texture":"#2"},"east":{"uv":[0,15,1,16],"texture":"#2"},"south":{"uv":[0,15,1,16],"texture":"#2"},"west":{"uv":[0,15,1,16],"texture":"#2"},"up":{"uv":[0,15,1,16],"rotation":270,"texture":"#2"},"down":{"uv":[0,15,1,16],"rotation":90,"texture":"#2"}}},{"from":[11.91038,14.37389,9.11065],"to":[10.31038,13.37389,7.51065],"rotation":{"angle":45,"axis":"x","origin":[7.61538,3.52398,8.005]},"faces":{"north":{"uv":[1,15,2,16],"texture":"#2"},"east":{"uv":[1,15,2,16],"texture":"#2"},"south":{"uv":[1,15,2,16],"texture":"#2"},"west":{"uv":[1,15,2,16],"texture":"#2"},"down":{"uv":[1,15,2,16],"rotation":90,"texture":"#2"}}},{"from":[10.71038,12.17389,7.11065],"to":[11.51038,12.97389,8.71065],"rotation":{"angle":45,"axis":"x","origin":[7.61538,3.52398,8.005]},"faces":{"north":{"uv":[0,15,1,16],"texture":"#2"},"east":{"uv":[0,15,1,16],"texture":"#2"},"south":{"uv":[0,15,1,16],"texture":"#2"},"west":{"uv":[0,15,1,16],"texture":"#2"},"up":{"uv":[0,15,1,16],"rotation":270,"texture":"#2"},"down":{"uv":[0,15,1,16],"rotation":90,"texture":"#2"}}},{"from":[11.91038,13.72744,8.7571],"to":[10.31038,12.12744,6.1571],"rotation":{"angle":45,"axis":"x","origin":[7.61538,3.52398,8.005]},"faces":{"north":{"uv":[1,14,2,15],"texture":"#2"},"east":{"uv":[1,14,2,15],"texture":"#2"},"south":{"uv":[1,14,2,15],"texture":"#2"},"west":{"uv":[1,14,2,15],"texture":"#2"},"up":{"uv":[1,14,2,15],"rotation":270,"texture":"#2"},"down":{"uv":[1,14,3.6,15],"rotation":90,"texture":"#2"}}},{"from":[10.67038,13.39209,7.49245],"to":[11.57038,14.39209,8.39245],"rotation":{"angle":45,"axis":"x","origin":[7.61538,3.52398,8.005]},"faces":{"north":{"uv":[0,14,1,15],"texture":"#2"},"east":{"uv":[0,14,1,15],"texture":"#2"},"south":{"uv":[0,14,1,15],"texture":"#2"},"west":{"uv":[0,14,1,15],"texture":"#2"},"up":{"uv":[0,14,1,15],"rotation":270,"texture":"#2"},"down":{"uv":[0,14,1,15],"rotation":90,"texture":"#2"}}},{"from":[11.91038,14.72744,8.7571],"to":[10.31038,13.72744,7.1571],"rotation":{"angle":45,"axis":"x","origin":[7.61538,3.52398,8.005]},"faces":{"north":{"uv":[1,14,2,15],"texture":"#2"},"east":{"uv":[1,14,2,15],"texture":"#2"},"south":{"uv":[1,14,2,15],"texture":"#2"},"west":{"uv":[1,14,2,15],"texture":"#2"},"down":{"uv":[1,14,2,15],"rotation":90,"texture":"#2"}}},{"from":[10.67038,12.49209,6.59245],"to":[11.57038,13.39209,8.39245],"rotation":{"angle":45,"axis":"x","origin":[7.61538,3.52398,8.005]},"faces":{"north":{"uv":[0,14,1,15],"texture":"#2"},"east":{"uv":[0,14,1,15],"texture":"#2"},"south":{"uv":[0,14,1,15],"texture":"#2"},"west":{"uv":[0,14,1,15],"texture":"#2"},"up":{"uv":[0,14,1,15],"rotation":270,"texture":"#2"},"down":{"uv":[0,14,1,15],"rotation":90,"texture":"#2"}}},{"from":[11.91038,14.081,8.40354],"to":[10.31038,12.481,5.80354],"rotation":{"angle":45,"axis":"x","origin":[7.61538,3.52398,8.005]},"faces":{"north":{"uv":[1,13,2,14],"texture":"#2"},"east":{"uv":[1,13,2,14],"texture":"#2"},"south":{"uv":[1,13,2,14],"texture":"#2"},"west":{"uv":[1,13,2,14],"texture":"#2"},"up":{"uv":[1,13,2,14],"rotation":270,"texture":"#2"},"down":{"uv":[1,13,3.6,14],"rotation":90,"texture":"#2"}}},{"from":[10.61038,13.781,7.10354],"to":[11.61038,14.781,8.10354],"rotation":{"angle":45,"axis":"x","origin":[7.61538,3.52398,8.005]},"faces":{"north":{"uv":[0,13,1,14],"texture":"#2"},"east":{"uv":[0,13,1,14],"texture":"#2"},"south":{"uv":[0,13,1,14],"texture":"#2"},"west":{"uv":[0,13,1,14],"texture":"#2"},"up":{"uv":[0,13,1,14],"rotation":270,"texture":"#2"},"down":{"uv":[0,13,1,14],"rotation":90,"texture":"#2"}}},{"from":[11.91038,15.081,8.40354],"to":[10.31038,14.081,6.80354],"rotation":{"angle":45,"axis":"x","origin":[7.61538,3.52398,8.005]},"faces":{"north":{"uv":[1,13,2,14],"texture":"#2"},"east":{"uv":[1,13,2,14],"texture":"#2"},"south":{"uv":[1,13,2,14],"texture":"#2"},"west":{"uv":[1,13,2,14],"texture":"#2"},"down":{"uv":[1,13,2,14],"rotation":90,"texture":"#2"}}},{"from":[10.61038,12.781,6.10354],"to":[11.61038,13.781,8.10354],"rotation":{"angle":45,"axis":"x","origin":[7.61538,3.52398,8.005]},"faces":{"north":{"uv":[0,13,1,14],"texture":"#2"},"east":{"uv":[0,13,1,14],"texture":"#2"},"south":{"uv":[0,13,1,14],"texture":"#2"},"west":{"uv":[0,13,1,14],"texture":"#2"},"up":{"uv":[0,13,1,14],"rotation":270,"texture":"#2"},"down":{"uv":[0,13,1,14],"rotation":90,"texture":"#2"}}},{"from":[11.91038,14.43455,8.04999],"to":[10.31038,12.83455,5.44999],"rotation":{"angle":45,"axis":"x","origin":[7.61538,3.52398,8.005]},"faces":{"north":{"uv":[1,12,2,13],"texture":"#2"},"east":{"uv":[1,12,2,13],"texture":"#2"},"south":{"uv":[1,12,2,13],"texture":"#2"},"west":{"uv":[1,12,2,13],"texture":"#2"},"up":{"uv":[1,12,2,13],"rotation":270,"texture":"#2"},"down":{"uv":[1,12,3.6,13],"rotation":90,"texture":"#2"}}},{"from":[10.61038,14.13455,6.74999],"to":[11.61038,15.13455,7.74999],"rotation":{"angle":45,"axis":"x","origin":[7.61538,3.52398,8.005]},"faces":{"north":{"uv":[0,12,1,13],"texture":"#2"},"east":{"uv":[0,12,1,13],"texture":"#2"},"south":{"uv":[0,12,1,13],"texture":"#2"},"west":{"uv":[0,12,1,13],"texture":"#2"},"up":{"uv":[0,12,1,13],"rotation":270,"texture":"#2"},"down":{"uv":[0,12,1,13],"rotation":90,"texture":"#2"}}},{"from":[11.91038,15.43455,8.04999],"to":[10.31038,14.43455,6.44999],"rotation":{"angle":45,"axis":"x","origin":[7.61538,3.52398,8.005]},"faces":{"north":{"uv":[1,12,2,13],"texture":"#2"},"east":{"uv":[1,12,2,13],"texture":"#2"},"south":{"uv":[1,12,2,13],"texture":"#2"},"west":{"uv":[1,12,2,13],"texture":"#2"},"down":{"uv":[1,12,2,13],"rotation":90,"texture":"#2"}}},{"from":[10.61038,13.13455,5.74999],"to":[11.61038,14.13455,7.74999],"rotation":{"angle":45,"axis":"x","origin":[7.61538,3.52398,8.005]},"faces":{"north":{"uv":[0,12,1,13],"texture":"#2"},"east":{"uv":[0,12,1,13],"texture":"#2"},"south":{"uv":[0,12,1,13],"texture":"#2"},"west":{"uv":[0,12,1,13],"texture":"#2"},"up":{"uv":[0,12,1,13],"rotation":270,"texture":"#2"},"down":{"uv":[0,12,1,13],"rotation":90,"texture":"#2"}}},{"from":[11.91038,14.7881,7.69644],"to":[10.31038,13.1881,5.09644],"rotation":{"angle":45,"axis":"x","origin":[7.61538,3.52398,8.005]},"faces":{"north":{"uv":[1,11,2,12],"texture":"#2"},"east":{"uv":[1,11,2,12],"texture":"#2"},"south":{"uv":[1,11,2,12],"texture":"#2"},"west":{"uv":[1,11,2,12],"texture":"#2"},"up":{"uv":[1,11,2,12],"rotation":270,"texture":"#2"},"down":{"uv":[1,11,3.6,12],"rotation":90,"texture":"#2"}}},{"from":[10.61038,14.4881,6.39644],"to":[11.61038,15.4881,7.39644],"rotation":{"angle":45,"axis":"x","origin":[7.61538,3.52398,8.005]},"faces":{"north":{"uv":[0,11,1,12],"texture":"#2"},"east":{"uv":[0,11,1,12],"texture":"#2"},"south":{"uv":[0,11,1,12],"texture":"#2"},"west":{"uv":[0,11,1,12],"texture":"#2"},"up":{"uv":[0,11,1,12],"rotation":270,"texture":"#2"},"down":{"uv":[0,11,1,12],"rotation":90,"texture":"#2"}}},{"from":[11.91038,15.7881,7.69644],"to":[10.31038,14.7881,6.09644],"rotation":{"angle":45,"axis":"x","origin":[7.61538,3.52398,8.005]},"faces":{"north":{"uv":[1,11,2,12],"texture":"#2"},"east":{"uv":[1,11,2,12],"texture":"#2"},"south":{"uv":[1,11,2,12],"texture":"#2"},"west":{"uv":[1,11,2,12],"texture":"#2"},"down":{"uv":[1,11,2,12],"rotation":90,"texture":"#2"}}},{"from":[10.61038,13.4881,5.39644],"to":[11.61038,14.4881,7.39644],"rotation":{"angle":45,"axis":"x","origin":[7.61538,3.52398,8.005]},"faces":{"north":{"uv":[0,11,1,12],"texture":"#2"},"east":{"uv":[0,11,1,12],"texture":"#2"},"south":{"uv":[0,11,1,12],"texture":"#2"},"west":{"uv":[0,11,1,12],"texture":"#2"},"up":{"uv":[0,11,1,12],"rotation":270,"texture":"#2"},"down":{"uv":[0,11,1,12],"rotation":90,"texture":"#2"}}},{"from":[11.91038,15.14166,7.34288],"to":[10.31038,13.54166,4.74288],"rotation":{"angle":45,"axis":"x","origin":[7.61538,3.52398,8.005]},"faces":{"north":{"uv":[1,10,2,11],"texture":"#2"},"east":{"uv":[1,10,2,11],"texture":"#2"},"south":{"uv":[1,10,2,11],"texture":"#2"},"west":{"uv":[1,10,2,11],"texture":"#2"},"up":{"uv":[1,10,2,11],"rotation":270,"texture":"#2"},"down":{"uv":[1,10,3.6,11],"rotation":90,"texture":"#2"}}},{"from":[10.66038,14.84166,6.09288],"to":[11.56038,15.74166,6.99288],"rotation":{"angle":45,"axis":"x","origin":[7.61538,3.52398,8.005]},"faces":{"north":{"uv":[0,10,1,11],"texture":"#2"},"east":{"uv":[0,10,1,11],"texture":"#2"},"south":{"uv":[0,10,1,11],"texture":"#2"},"west":{"uv":[0,10,1,11],"texture":"#2"},"up":{"uv":[0,10,1,11],"rotation":270,"texture":"#2"},"down":{"uv":[0,10,1,11],"rotation":90,"texture":"#2"}}},{"from":[11.91038,16.14166,7.34288],"to":[10.31038,15.14166,5.74288],"rotation":{"angle":45,"axis":"x","origin":[7.61538,3.52398,8.005]},"faces":{"north":{"uv":[1,10,2,11],"texture":"#2"},"east":{"uv":[1,10,2,11],"texture":"#2"},"south":{"uv":[1,10,2,11],"texture":"#2"},"west":{"uv":[1,10,2,11],"texture":"#2"},"down":{"uv":[1,10,2,11],"rotation":90,"texture":"#2"}}},{"from":[10.66038,13.94166,5.19288],"to":[11.56038,14.84166,6.99288],"rotation":{"angle":45,"axis":"x","origin":[7.61538,3.52398,8.005]},"faces":{"north":{"uv":[0,10,1,11],"texture":"#2"},"east":{"uv":[0,10,1,11],"texture":"#2"},"south":{"uv":[0,10,1,11],"texture":"#2"},"west":{"uv":[0,10,1,11],"texture":"#2"},"up":{"uv":[0,10,1,11],"rotation":270,"texture":"#2"},"down":{"uv":[0,10,1,11],"rotation":90,"texture":"#2"}}},{"from":[11.91038,15.49521,6.98933],"to":[10.31038,13.89521,4.38933],"rotation":{"angle":45,"axis":"x","origin":[7.61538,3.52398,8.005]},"faces":{"north":{"uv":[1,9,2,10],"texture":"#2"},"east":{"uv":[1,9,2,10],"texture":"#2"},"south":{"uv":[1,9,2,10],"texture":"#2"},"west":{"uv":[1,9,2,10],"texture":"#2"},"up":{"uv":[1,9,2,10],"rotation":270,"texture":"#2"},"down":{"uv":[1,9,3.6,10],"rotation":90,"texture":"#2"}}},{"from":[10.71038,15.09521,5.78933],"to":[11.51038,15.89521,6.58933],"rotation":{"angle":45,"axis":"x","origin":[7.61538,3.52398,8.005]},"faces":{"north":{"uv":[0,9,1,10],"texture":"#2"},"east":{"uv":[0,9,1,10],"texture":"#2"},"south":{"uv":[0,9,1,10],"texture":"#2"},"west":{"uv":[0,9,1,10],"texture":"#2"},"up":{"uv":[0,9,1,10],"rotation":270,"texture":"#2"},"down":{"uv":[0,9,1,10],"rotation":90,"texture":"#2"}}},{"from":[11.91038,16.49521,6.98933],"to":[10.31038,15.49521,5.38933],"rotation":{"angle":45,"axis":"x","origin":[7.61538,3.52398,8.005]},"faces":{"north":{"uv":[1,9,2,10],"texture":"#2"},"east":{"uv":[1,9,2,10],"texture":"#2"},"south":{"uv":[1,9,2,10],"texture":"#2"},"west":{"uv":[1,9,2,10],"texture":"#2"},"down":{"uv":[1,9,2,10],"rotation":90,"texture":"#2"}}},{"from":[10.71038,14.29521,4.98933],"to":[11.51038,15.09521,6.58933],"rotation":{"angle":45,"axis":"x","origin":[7.61538,3.52398,8.005]},"faces":{"north":{"uv":[0,9,1,10],"texture":"#2"},"east":{"uv":[0,9,1,10],"texture":"#2"},"south":{"uv":[0,9,1,10],"texture":"#2"},"west":{"uv":[0,9,1,10],"texture":"#2"},"up":{"uv":[0,9,1,10],"rotation":270,"texture":"#2"},"down":{"uv":[0,9,1,10],"rotation":90,"texture":"#2"}}},{"from":[4.91038,7.00993,4.1609],"to":[3.31038,5.40993,1.5609],"rotation":{"angle":45,"axis":"x","origin":[7.61538,3.52398,8.005]},"faces":{"north":{"uv":[5,15,6,16],"texture":"#2"},"east":{"uv":[5,15,6,16],"texture":"#2"},"south":{"uv":[5,15,6,16],"texture":"#2"},"west":{"uv":[5,15,6,16],"texture":"#2"},"up":{"uv":[5,15,6,16],"rotation":270,"texture":"#2"},"down":{"uv":[5,15,7.6,16],"rotation":90,"texture":"#2"}}},{"from":[3.71038,6.60993,2.9609],"to":[4.51038,7.40993,3.7609],"rotation":{"angle":45,"axis":"x","origin":[7.61538,3.52398,8.005]},"faces":{"north":{"uv":[4,15,5,16],"texture":"#2"},"east":{"uv":[4,15,5,16],"texture":"#2"},"south":{"uv":[4,15,5,16],"texture":"#2"},"west":{"uv":[4,15,5,16],"texture":"#2"},"up":{"uv":[4,15,5,16],"rotation":270,"texture":"#2"},"down":{"uv":[4,15,5,16],"rotation":90,"texture":"#2"}}},{"from":[4.91038,8.00993,4.1609],"to":[3.31038,7.00993,2.5609],"rotation":{"angle":45,"axis":"x","origin":[7.61538,3.52398,8.005]},"faces":{"north":{"uv":[5,15,6,16],"texture":"#2"},"east":{"uv":[5,15,6,16],"texture":"#2"},"south":{"uv":[5,15,6,16],"texture":"#2"},"west":{"uv":[5,15,6,16],"texture":"#2"},"down":{"uv":[5,15,6,16],"rotation":90,"texture":"#2"}}},{"from":[3.71038,5.80993,2.1609],"to":[4.51038,6.60993,3.7609],"rotation":{"angle":45,"axis":"x","origin":[7.61538,3.52398,8.005]},"faces":{"north":{"uv":[4,15,5,16],"texture":"#2"},"east":{"uv":[4,15,5,16],"texture":"#2"},"south":{"uv":[4,15,5,16],"texture":"#2"},"west":{"uv":[4,15,5,16],"texture":"#2"},"up":{"uv":[4,15,5,16],"rotation":270,"texture":"#2"},"down":{"uv":[4,15,5,16],"rotation":90,"texture":"#2"}}},{"from":[4.91038,7.36348,3.80735],"to":[3.31038,5.76348,1.20735],"rotation":{"angle":45,"axis":"x","origin":[7.61538,3.52398,8.005]},"faces":{"north":{"uv":[5,14,6,15],"texture":"#2"},"east":{"uv":[5,14,6,15],"texture":"#2"},"south":{"uv":[5,14,6,15],"texture":"#2"},"west":{"uv":[5,14,6,15],"texture":"#2"},"up":{"uv":[5,14,6,15],"rotation":270,"texture":"#2"},"down":{"uv":[5,14,7.6,15],"rotation":90,"texture":"#2"}}},{"from":[3.67038,7.02813,2.5427],"to":[4.57038,8.02813,3.4427],"rotation":{"angle":45,"axis":"x","origin":[7.61538,3.52398,8.005]},"faces":{"north":{"uv":[4,14,5,15],"texture":"#2"},"east":{"uv":[4,14,5,15],"texture":"#2"},"south":{"uv":[4,14,5,15],"texture":"#2"},"west":{"uv":[4,14,5,15],"texture":"#2"},"up":{"uv":[4,14,5,15],"rotation":270,"texture":"#2"},"down":{"uv":[4,14,5,15],"rotation":90,"texture":"#2"}}},{"from":[4.91038,8.36348,3.80735],"to":[3.31038,7.36348,2.20735],"rotation":{"angle":45,"axis":"x","origin":[7.61538,3.52398,8.005]},"faces":{"north":{"uv":[5,14,6,15],"texture":"#2"},"east":{"uv":[5,14,6,15],"texture":"#2"},"south":{"uv":[5,14,6,15],"texture":"#2"},"west":{"uv":[5,14,6,15],"texture":"#2"},"down":{"uv":[5,14,6,15],"rotation":90,"texture":"#2"}}},{"from":[3.67038,6.12813,1.6427],"to":[4.57038,7.02813,3.4427],"rotation":{"angle":45,"axis":"x","origin":[7.61538,3.52398,8.005]},"faces":{"north":{"uv":[4,14,5,15],"texture":"#2"},"east":{"uv":[4,14,5,15],"texture":"#2"},"south":{"uv":[4,14,5,15],"texture":"#2"},"west":{"uv":[4,14,5,15],"texture":"#2"},"up":{"uv":[4,14,5,15],"rotation":270,"texture":"#2"},"down":{"uv":[4,14,5,15],"rotation":90,"texture":"#2"}}},{"from":[4.91038,7.71704,3.45379],"to":[3.31038,6.11704,0.85379],"rotation":{"angle":45,"axis":"x","origin":[7.61538,3.52398,8.005]},"faces":{"north":{"uv":[5,13,6,14],"texture":"#2"},"east":{"uv":[5,13,6,14],"texture":"#2"},"south":{"uv":[5,13,6,14],"texture":"#2"},"west":{"uv":[5,13,6,14],"texture":"#2"},"up":{"uv":[5,13,6,14],"rotation":270,"texture":"#2"},"down":{"uv":[5,13,7.6,14],"rotation":90,"texture":"#2"}}},{"from":[3.61038,7.41704,2.15379],"to":[4.61038,8.41704,3.15379],"rotation":{"angle":45,"axis":"x","origin":[7.61538,3.52398,8.005]},"faces":{"north":{"uv":[4,13,5,14],"texture":"#2"},"east":{"uv":[4,13,5,14],"texture":"#2"},"south":{"uv":[4,13,5,14],"texture":"#2"},"west":{"uv":[4,13,5,14],"texture":"#2"},"up":{"uv":[4,13,5,14],"rotation":270,"texture":"#2"},"down":{"uv":[4,13,5,14],"rotation":90,"texture":"#2"}}},{"from":[4.91038,8.71704,3.45379],"to":[3.31038,7.71704,1.85379],"rotation":{"angle":45,"axis":"x","origin":[7.61538,3.52398,8.005]},"faces":{"north":{"uv":[5,13,6,14],"texture":"#2"},"east":{"uv":[5,13,6,14],"texture":"#2"},"south":{"uv":[5,13,6,14],"texture":"#2"},"west":{"uv":[5,13,6,14],"texture":"#2"},"down":{"uv":[5,13,6,14],"rotation":90,"texture":"#2"}}},{"from":[3.61038,6.41704,1.15379],"to":[4.61038,7.41704,3.15379],"rotation":{"angle":45,"axis":"x","origin":[7.61538,3.52398,8.005]},"faces":{"north":{"uv":[4,13,5,14],"texture":"#2"},"east":{"uv":[4,13,5,14],"texture":"#2"},"south":{"uv":[4,13,5,14],"texture":"#2"},"west":{"uv":[4,13,5,14],"texture":"#2"},"up":{"uv":[4,13,5,14],"rotation":270,"texture":"#2"},"down":{"uv":[4,13,5,14],"rotation":90,"texture":"#2"}}},{"from":[4.91038,8.07059,3.10024],"to":[3.31038,6.47059,0.50024],"rotation":{"angle":45,"axis":"x","origin":[7.61538,3.52398,8.005]},"faces":{"north":{"uv":[5,12,6,13],"texture":"#2"},"east":{"uv":[5,12,6,13],"texture":"#2"},"south":{"uv":[5,12,6,13],"texture":"#2"},"west":{"uv":[5,12,6,13],"texture":"#2"},"up":{"uv":[5,12,6,13],"rotation":270,"texture":"#2"},"down":{"uv":[5,12,7.6,13],"rotation":90,"texture":"#2"}}},{"from":[3.61038,7.77059,1.80024],"to":[4.61038,8.77059,2.80024],"rotation":{"angle":45,"axis":"x","origin":[7.61538,3.52398,8.005]},"faces":{"north":{"uv":[4,12,5,13],"texture":"#2"},"east":{"uv":[4,12,5,13],"texture":"#2"},"south":{"uv":[4,12,5,13],"texture":"#2"},"west":{"uv":[4,12,5,13],"texture":"#2"},"up":{"uv":[4,12,5,13],"rotation":270,"texture":"#2"},"down":{"uv":[4,12,5,13],"rotation":90,"texture":"#2"}}},{"from":[4.91038,9.07059,3.10024],"to":[3.31038,8.07059,1.50024],"rotation":{"angle":45,"axis":"x","origin":[7.61538,3.52398,8.005]},"faces":{"north":{"uv":[5,12,6,13],"texture":"#2"},"east":{"uv":[5,12,6,13],"texture":"#2"},"south":{"uv":[5,12,6,13],"texture":"#2"},"west":{"uv":[5,12,6,13],"texture":"#2"},"down":{"uv":[5,12,6,13],"rotation":90,"texture":"#2"}}},{"from":[3.61038,6.77059,0.80024],"to":[4.61038,7.77059,2.80024],"rotation":{"angle":45,"axis":"x","origin":[7.61538,3.52398,8.005]},"faces":{"north":{"uv":[4,12,5,13],"texture":"#2"},"east":{"uv":[4,12,5,13],"texture":"#2"},"south":{"uv":[4,12,5,13],"texture":"#2"},"west":{"uv":[4,12,5,13],"texture":"#2"},"up":{"uv":[4,12,5,13],"rotation":270,"texture":"#2"},"down":{"uv":[4,12,5,13],"rotation":90,"texture":"#2"}}},{"from":[4.91038,8.42414,2.74669],"to":[3.31038,6.82414,0.14669],"rotation":{"angle":45,"axis":"x","origin":[7.61538,3.52398,8.005]},"faces":{"north":{"uv":[5,11,6,12],"texture":"#2"},"east":{"uv":[5,11,6,12],"texture":"#2"},"south":{"uv":[5,11,6,12],"texture":"#2"},"west":{"uv":[5,11,6,12],"texture":"#2"},"up":{"uv":[5,11,6,12],"rotation":270,"texture":"#2"},"down":{"uv":[5,11,7.6,12],"rotation":90,"texture":"#2"}}},{"from":[3.61038,8.12414,1.44669],"to":[4.61038,9.12414,2.44669],"rotation":{"angle":45,"axis":"x","origin":[7.61538,3.52398,8.005]},"faces":{"north":{"uv":[4,11,5,12],"texture":"#2"},"east":{"uv":[4,11,5,12],"texture":"#2"},"south":{"uv":[4,11,5,12],"texture":"#2"},"west":{"uv":[4,11,5,12],"texture":"#2"},"up":{"uv":[4,11,5,12],"rotation":270,"texture":"#2"},"down":{"uv":[4,11,5,12],"rotation":90,"texture":"#2"}}},{"from":[4.91038,9.42414,2.74669],"to":[3.31038,8.42414,1.14669],"rotation":{"angle":45,"axis":"x","origin":[7.61538,3.52398,8.005]},"faces":{"north":{"uv":[5,11,6,12],"texture":"#2"},"east":{"uv":[5,11,6,12],"texture":"#2"},"south":{"uv":[5,11,6,12],"texture":"#2"},"west":{"uv":[5,11,6,12],"texture":"#2"},"down":{"uv":[5,11,6,12],"rotation":90,"texture":"#2"}}},{"from":[3.61038,7.12414,0.44669],"to":[4.61038,8.12414,2.44669],"rotation":{"angle":45,"axis":"x","origin":[7.61538,3.52398,8.005]},"faces":{"north":{"uv":[4,11,5,12],"texture":"#2"},"east":{"uv":[4,11,5,12],"texture":"#2"},"south":{"uv":[4,11,5,12],"texture":"#2"},"west":{"uv":[4,11,5,12],"texture":"#2"},"up":{"uv":[4,11,5,12],"rotation":270,"texture":"#2"},"down":{"uv":[4,11,5,12],"rotation":90,"texture":"#2"}}},{"from":[4.91038,8.7777,2.39313],"to":[3.31038,7.1777,-0.20687],"rotation":{"angle":45,"axis":"x","origin":[7.61538,3.52398,8.005]},"faces":{"north":{"uv":[5,10,6,11],"texture":"#2"},"east":{"uv":[5,10,6,11],"texture":"#2"},"south":{"uv":[5,10,6,11],"texture":"#2"},"west":{"uv":[5,10,6,11],"texture":"#2"},"up":{"uv":[5,10,6,11],"rotation":270,"texture":"#2"},"down":{"uv":[5,10,7.6,11],"rotation":90,"texture":"#2"}}},{"from":[3.66038,8.4777,1.14313],"to":[4.56038,9.3777,2.04313],"rotation":{"angle":45,"axis":"x","origin":[7.61538,3.52398,8.005]},"faces":{"north":{"uv":[4,10,5,11],"texture":"#2"},"east":{"uv":[4,10,5,11],"texture":"#2"},"south":{"uv":[4,10,5,11],"texture":"#2"},"west":{"uv":[4,10,5,11],"texture":"#2"},"up":{"uv":[4,10,5,11],"rotation":270,"texture":"#2"},"down":{"uv":[4,10,5,11],"rotation":90,"texture":"#2"}}},{"from":[4.91038,9.7777,2.39313],"to":[3.31038,8.7777,0.79313],"rotation":{"angle":45,"axis":"x","origin":[7.61538,3.52398,8.005]},"faces":{"north":{"uv":[5,10,6,11],"texture":"#2"},"east":{"uv":[5,10,6,11],"texture":"#2"},"south":{"uv":[5,10,6,11],"texture":"#2"},"west":{"uv":[5,10,6,11],"texture":"#2"},"down":{"uv":[5,10,6,11],"rotation":90,"texture":"#2"}}},{"from":[3.66038,7.5777,0.24313],"to":[4.56038,8.4777,2.04313],"rotation":{"angle":45,"axis":"x","origin":[7.61538,3.52398,8.005]},"faces":{"north":{"uv":[4,10,5,11],"texture":"#2"},"east":{"uv":[4,10,5,11],"texture":"#2"},"south":{"uv":[4,10,5,11],"texture":"#2"},"west":{"uv":[4,10,5,11],"texture":"#2"},"up":{"uv":[4,10,5,11],"rotation":270,"texture":"#2"},"down":{"uv":[4,10,5,11],"rotation":90,"texture":"#2"}}},{"from":[4.91038,9.13125,2.03958],"to":[3.31038,7.53125,-0.56042],"rotation":{"angle":45,"axis":"x","origin":[7.61538,3.52398,8.005]},"faces":{"north":{"uv":[5,9,6,10],"texture":"#2"},"east":{"uv":[5,9,6,10],"texture":"#2"},"south":{"uv":[5,9,6,10],"texture":"#2"},"west":{"uv":[5,9,6,10],"texture":"#2"},"up":{"uv":[5,9,6,10],"rotation":270,"texture":"#2"},"down":{"uv":[5,9,7.6,10],"rotation":90,"texture":"#2"}}},{"from":[3.71038,8.73125,0.83958],"to":[4.51038,9.53125,1.63958],"rotation":{"angle":45,"axis":"x","origin":[7.61538,3.52398,8.005]},"faces":{"north":{"uv":[4,9,5,10],"texture":"#2"},"east":{"uv":[4,9,5,10],"texture":"#2"},"south":{"uv":[4,9,5,10],"texture":"#2"},"west":{"uv":[4,9,5,10],"texture":"#2"},"up":{"uv":[4,9,5,10],"rotation":270,"texture":"#2"},"down":{"uv":[4,9,5,10],"rotation":90,"texture":"#2"}}},{"from":[4.91038,10.13125,2.03958],"to":[3.31038,9.13125,0.43958],"rotation":{"angle":45,"axis":"x","origin":[7.61538,3.52398,8.005]},"faces":{"north":{"uv":[5,9,6,10],"texture":"#2"},"east":{"uv":[5,9,6,10],"texture":"#2"},"south":{"uv":[5,9,6,10],"texture":"#2"},"west":{"uv":[5,9,6,10],"texture":"#2"},"down":{"uv":[5,9,6,10],"rotation":90,"texture":"#2"}}},{"from":[3.71038,7.93125,0.03958],"to":[4.51038,8.73125,1.63958],"rotation":{"angle":45,"axis":"x","origin":[7.61538,3.52398,8.005]},"faces":{"north":{"uv":[4,9,5,10],"texture":"#2"},"east":{"uv":[4,9,5,10],"texture":"#2"},"south":{"uv":[4,9,5,10],"texture":"#2"},"west":{"uv":[4,9,5,10],"texture":"#2"},"up":{"uv":[4,9,5,10],"rotation":270,"texture":"#2"},"down":{"uv":[4,9,5,10],"rotation":90,"texture":"#2"}}},{"from":[4.91038,14.081,8.40354],"to":[3.31038,12.481,5.80354],"rotation":{"angle":45,"axis":"x","origin":[7.61538,3.52398,8.005]},"faces":{"north":{"uv":[9,15,10,16],"texture":"#2"},"east":{"uv":[9,15,10,16],"texture":"#2"},"south":{"uv":[9,15,10,16],"texture":"#2"},"west":{"uv":[9,15,10,16],"texture":"#2"},"up":{"uv":[9,15,10,16],"rotation":270,"texture":"#2"},"down":{"uv":[9,15,11.6,16],"rotation":90,"texture":"#2"}}},{"from":[3.71038,13.681,7.20354],"to":[4.51038,14.481,8.00354],"rotation":{"angle":45,"axis":"x","origin":[7.61538,3.52398,8.005]},"faces":{"north":{"uv":[8,15,9,16],"texture":"#2"},"east":{"uv":[8,15,9,16],"texture":"#2"},"south":{"uv":[8,15,9,16],"texture":"#2"},"west":{"uv":[8,15,9,16],"texture":"#2"},"up":{"uv":[8,15,9,16],"rotation":270,"texture":"#2"},"down":{"uv":[8,15,9,16],"rotation":90,"texture":"#2"}}},{"from":[4.91038,15.081,8.40354],"to":[3.31038,14.081,6.80354],"rotation":{"angle":45,"axis":"x","origin":[7.61538,3.52398,8.005]},"faces":{"north":{"uv":[9,15,10,16],"texture":"#2"},"east":{"uv":[9,15,10,16],"texture":"#2"},"south":{"uv":[9,15,10,16],"texture":"#2"},"west":{"uv":[9,15,10,16],"texture":"#2"},"down":{"uv":[9,15,10,16],"rotation":90,"texture":"#2"}}},{"from":[3.71038,12.881,6.40354],"to":[4.51038,13.681,8.00354],"rotation":{"angle":45,"axis":"x","origin":[7.61538,3.52398,8.005]},"faces":{"north":{"uv":[8,15,9,16],"texture":"#2"},"east":{"uv":[8,15,9,16],"texture":"#2"},"south":{"uv":[8,15,9,16],"texture":"#2"},"west":{"uv":[8,15,9,16],"texture":"#2"},"up":{"uv":[8,15,9,16],"rotation":270,"texture":"#2"},"down":{"uv":[8,15,9,16],"rotation":90,"texture":"#2"}}},{"from":[4.91038,14.43455,8.04999],"to":[3.31038,12.83455,5.44999],"rotation":{"angle":45,"axis":"x","origin":[7.61538,3.52398,8.005]},"faces":{"north":{"uv":[9,14,10,15],"texture":"#2"},"east":{"uv":[9,14,10,15],"texture":"#2"},"south":{"uv":[9,14,10,15],"texture":"#2"},"west":{"uv":[9,14,10,15],"texture":"#2"},"up":{"uv":[9,14,10,15],"rotation":270,"texture":"#2"},"down":{"uv":[9,14,11.6,15],"rotation":90,"texture":"#2"}}},{"from":[3.67038,14.0992,6.78534],"to":[4.57038,15.0992,7.68534],"rotation":{"angle":45,"axis":"x","origin":[7.61538,3.52398,8.005]},"faces":{"north":{"uv":[8,14,9,15],"texture":"#2"},"east":{"uv":[8,14,9,15],"texture":"#2"},"south":{"uv":[8,14,9,15],"texture":"#2"},"west":{"uv":[8,14,9,15],"texture":"#2"},"up":{"uv":[8,14,9,15],"rotation":270,"texture":"#2"},"down":{"uv":[8,14,9,15],"rotation":90,"texture":"#2"}}},{"from":[4.91038,15.43455,8.04999],"to":[3.31038,14.43455,6.44999],"rotation":{"angle":45,"axis":"x","origin":[7.61538,3.52398,8.005]},"faces":{"north":{"uv":[9,14,10,15],"texture":"#2"},"east":{"uv":[9,14,10,15],"texture":"#2"},"south":{"uv":[9,14,10,15],"texture":"#2"},"west":{"uv":[9,14,10,15],"texture":"#2"},"down":{"uv":[9,14,10,15],"rotation":90,"texture":"#2"}}},{"from":[3.67038,13.1992,5.88534],"to":[4.57038,14.0992,7.68534],"rotation":{"angle":45,"axis":"x","origin":[7.61538,3.52398,8.005]},"faces":{"north":{"uv":[8,14,9,15],"texture":"#2"},"east":{"uv":[8,14,9,15],"texture":"#2"},"south":{"uv":[8,14,9,15],"texture":"#2"},"west":{"uv":[8,14,9,15],"texture":"#2"},"up":{"uv":[8,14,9,15],"rotation":270,"texture":"#2"},"down":{"uv":[8,14,9,15],"rotation":90,"texture":"#2"}}},{"from":[4.91038,14.7881,7.69644],"to":[3.31038,13.1881,5.09644],"rotation":{"angle":45,"axis":"x","origin":[7.61538,3.52398,8.005]},"faces":{"north":{"uv":[9,13,10,14],"texture":"#2"},"east":{"uv":[9,13,10,14],"texture":"#2"},"south":{"uv":[9,13,10,14],"texture":"#2"},"west":{"uv":[9,13,10,14],"texture":"#2"},"up":{"uv":[9,13,10,14],"rotation":270,"texture":"#2"},"down":{"uv":[9,13,11.6,14],"rotation":90,"texture":"#2"}}},{"from":[3.61038,14.4881,6.39644],"to":[4.61038,15.4881,7.39644],"rotation":{"angle":45,"axis":"x","origin":[7.61538,3.52398,8.005]},"faces":{"north":{"uv":[8,13,9,14],"texture":"#2"},"east":{"uv":[8,13,9,14],"texture":"#2"},"south":{"uv":[8,13,9,14],"texture":"#2"},"west":{"uv":[8,13,9,14],"texture":"#2"},"up":{"uv":[8,13,9,14],"rotation":270,"texture":"#2"},"down":{"uv":[8,13,9,14],"rotation":90,"texture":"#2"}}},{"from":[4.91038,15.7881,7.69644],"to":[3.31038,14.7881,6.09644],"rotation":{"angle":45,"axis":"x","origin":[7.61538,3.52398,8.005]},"faces":{"north":{"uv":[9,13,10,14],"texture":"#2"},"east":{"uv":[9,13,10,14],"texture":"#2"},"south":{"uv":[9,13,10,14],"texture":"#2"},"west":{"uv":[9,13,10,14],"texture":"#2"},"down":{"uv":[9,13,10,14],"rotation":90,"texture":"#2"}}},{"from":[3.61038,13.4881,5.39644],"to":[4.61038,14.4881,7.39644],"rotation":{"angle":45,"axis":"x","origin":[7.61538,3.52398,8.005]},"faces":{"north":{"uv":[8,13,9,14],"texture":"#2"},"east":{"uv":[8,13,9,14],"texture":"#2"},"south":{"uv":[8,13,9,14],"texture":"#2"},"west":{"uv":[8,13,9,14],"texture":"#2"},"up":{"uv":[8,13,9,14],"rotation":270,"texture":"#2"},"down":{"uv":[8,13,9,14],"rotation":90,"texture":"#2"}}},{"from":[4.91038,15.14166,7.34288],"to":[3.31038,13.54166,4.74288],"rotation":{"angle":45,"axis":"x","origin":[7.61538,3.52398,8.005]},"faces":{"north":{"uv":[9,12,10,13],"texture":"#2"},"east":{"uv":[9,12,10,13],"texture":"#2"},"south":{"uv":[9,12,10,13],"texture":"#2"},"west":{"uv":[9,12,10,13],"texture":"#2"},"up":{"uv":[9,12,10,13],"rotation":270,"texture":"#2"},"down":{"uv":[9,12,11.6,13],"rotation":90,"texture":"#2"}}},{"from":[3.61038,14.84166,6.04288],"to":[4.61038,15.84166,7.04288],"rotation":{"angle":45,"axis":"x","origin":[7.61538,3.52398,8.005]},"faces":{"north":{"uv":[8,12,9,13],"texture":"#2"},"east":{"uv":[8,12,9,13],"texture":"#2"},"south":{"uv":[8,12,9,13],"texture":"#2"},"west":{"uv":[8,12,9,13],"texture":"#2"},"up":{"uv":[8,12,9,13],"rotation":270,"texture":"#2"},"down":{"uv":[8,12,9,13],"rotation":90,"texture":"#2"}}},{"from":[4.91038,16.14166,7.34288],"to":[3.31038,15.14166,5.74288],"rotation":{"angle":45,"axis":"x","origin":[7.61538,3.52398,8.005]},"faces":{"north":{"uv":[9,12,10,13],"texture":"#2"},"east":{"uv":[9,12,10,13],"texture":"#2"},"south":{"uv":[9,12,10,13],"texture":"#2"},"west":{"uv":[9,12,10,13],"texture":"#2"},"down":{"uv":[9,12,10,13],"rotation":90,"texture":"#2"}}},{"from":[3.61038,13.84166,5.04288],"to":[4.61038,14.84166,7.04288],"rotation":{"angle":45,"axis":"x","origin":[7.61538,3.52398,8.005]},"faces":{"north":{"uv":[8,12,9,13],"texture":"#2"},"east":{"uv":[8,12,9,13],"texture":"#2"},"south":{"uv":[8,12,9,13],"texture":"#2"},"west":{"uv":[8,12,9,13],"texture":"#2"},"up":{"uv":[8,12,9,13],"rotation":270,"texture":"#2"},"down":{"uv":[8,12,9,13],"rotation":90,"texture":"#2"}}},{"from":[4.91038,15.49521,6.98933],"to":[3.31038,13.89521,4.38933],"rotation":{"angle":45,"axis":"x","origin":[7.61538,3.52398,8.005]},"faces":{"north":{"uv":[9,11,10,12],"texture":"#2"},"east":{"uv":[9,11,10,12],"texture":"#2"},"south":{"uv":[9,11,10,12],"texture":"#2"},"west":{"uv":[9,11,10,12],"texture":"#2"},"up":{"uv":[9,11,10,12],"rotation":270,"texture":"#2"},"down":{"uv":[9,11,11.6,12],"rotation":90,"texture":"#2"}}},{"from":[3.61038,15.19521,5.68933],"to":[4.61038,16.19521,6.68933],"rotation":{"angle":45,"axis":"x","origin":[7.61538,3.52398,8.005]},"faces":{"north":{"uv":[8,11,9,12],"texture":"#2"},"east":{"uv":[8,11,9,12],"texture":"#2"},"south":{"uv":[8,11,9,12],"texture":"#2"},"west":{"uv":[8,11,9,12],"texture":"#2"},"up":{"uv":[8,11,9,12],"rotation":270,"texture":"#2"},"down":{"uv":[8,11,9,12],"rotation":90,"texture":"#2"}}},{"from":[4.91038,16.49521,6.98933],"to":[3.31038,15.49521,5.38933],"rotation":{"angle":45,"axis":"x","origin":[7.61538,3.52398,8.005]},"faces":{"north":{"uv":[9,11,10,12],"texture":"#2"},"east":{"uv":[9,11,10,12],"texture":"#2"},"south":{"uv":[9,11,10,12],"texture":"#2"},"west":{"uv":[9,11,10,12],"texture":"#2"},"down":{"uv":[9,11,10,12],"rotation":90,"texture":"#2"}}},{"from":[3.61038,14.19521,4.68933],"to":[4.61038,15.19521,6.68933],"rotation":{"angle":45,"axis":"x","origin":[7.61538,3.52398,8.005]},"faces":{"north":{"uv":[8,11,9,12],"texture":"#2"},"east":{"uv":[8,11,9,12],"texture":"#2"},"south":{"uv":[8,11,9,12],"texture":"#2"},"west":{"uv":[8,11,9,12],"texture":"#2"},"up":{"uv":[8,11,9,12],"rotation":270,"texture":"#2"},"down":{"uv":[8,11,9,12],"rotation":90,"texture":"#2"}}},{"from":[4.91038,15.84876,6.63578],"to":[3.31038,14.24876,4.03578],"rotation":{"angle":45,"axis":"x","origin":[7.61538,3.52398,8.005]},"faces":{"north":{"uv":[9,10,10,11],"texture":"#2"},"east":{"uv":[9,10,10,11],"texture":"#2"},"south":{"uv":[9,10,10,11],"texture":"#2"},"west":{"uv":[9,10,10,11],"texture":"#2"},"up":{"uv":[9,10,10,11],"rotation":270,"texture":"#2"},"down":{"uv":[9,10,11.6,11],"rotation":90,"texture":"#2"}}},{"from":[3.66038,15.54876,5.38578],"to":[4.56038,16.44876,6.28578],"rotation":{"angle":45,"axis":"x","origin":[7.61538,3.52398,8.005]},"faces":{"north":{"uv":[8,10,9,11],"texture":"#2"},"east":{"uv":[8,10,9,11],"texture":"#2"},"south":{"uv":[8,10,9,11],"texture":"#2"},"west":{"uv":[8,10,9,11],"texture":"#2"},"up":{"uv":[8,10,9,11],"rotation":270,"texture":"#2"},"down":{"uv":[8,10,9,11],"rotation":90,"texture":"#2"}}},{"from":[4.91038,16.84876,6.63578],"to":[3.31038,15.84876,5.03578],"rotation":{"angle":45,"axis":"x","origin":[7.61538,3.52398,8.005]},"faces":{"north":{"uv":[9,10,10,11],"texture":"#2"},"east":{"uv":[9,10,10,11],"texture":"#2"},"south":{"uv":[9,10,10,11],"texture":"#2"},"west":{"uv":[9,10,10,11],"texture":"#2"},"down":{"uv":[9,10,10,11],"rotation":90,"texture":"#2"}}},{"from":[3.66038,14.64876,4.48578],"to":[4.56038,15.54876,6.28578],"rotation":{"angle":45,"axis":"x","origin":[7.61538,3.52398,8.005]},"faces":{"north":{"uv":[8,10,9,11],"texture":"#2"},"east":{"uv":[8,10,9,11],"texture":"#2"},"south":{"uv":[8,10,9,11],"texture":"#2"},"west":{"uv":[8,10,9,11],"texture":"#2"},"up":{"uv":[8,10,9,11],"rotation":270,"texture":"#2"},"down":{"uv":[8,10,9,11],"rotation":90,"texture":"#2"}}},{"from":[4.91038,16.20232,6.28222],"to":[3.31038,14.60232,3.68222],"rotation":{"angle":45,"axis":"x","origin":[7.61538,3.52398,8.005]},"faces":{"north":{"uv":[9,9,10,10],"texture":"#2"},"east":{"uv":[9,9,10,10],"texture":"#2"},"south":{"uv":[9,9,10,10],"texture":"#2"},"west":{"uv":[9,9,10,10],"texture":"#2"},"up":{"uv":[9,9,10,10],"rotation":270,"texture":"#2"},"down":{"uv":[9,9,11.6,10],"rotation":90,"texture":"#2"}}},{"from":[3.71038,15.80232,5.08222],"to":[4.51038,16.60232,5.88222],"rotation":{"angle":45,"axis":"x","origin":[7.61538,3.52398,8.005]},"faces":{"north":{"uv":[8,9,9,10],"texture":"#2"},"east":{"uv":[8,9,9,10],"texture":"#2"},"south":{"uv":[8,9,9,10],"texture":"#2"},"west":{"uv":[8,9,9,10],"texture":"#2"},"up":{"uv":[8,9,9,10],"rotation":270,"texture":"#2"},"down":{"uv":[8,9,9,10],"rotation":90,"texture":"#2"}}},{"from":[4.91038,17.20232,6.28222],"to":[3.31038,16.20232,4.68222],"rotation":{"angle":45,"axis":"x","origin":[7.61538,3.52398,8.005]},"faces":{"north":{"uv":[9,9,10,10],"texture":"#2"},"east":{"uv":[9,9,10,10],"texture":"#2"},"south":{"uv":[9,9,10,10],"texture":"#2"},"west":{"uv":[9,9,10,10],"texture":"#2"},"down":{"uv":[9,9,10,10],"rotation":90,"texture":"#2"}}},{"from":[3.71038,15.00232,4.28222],"to":[4.51038,15.80232,5.88222],"rotation":{"angle":45,"axis":"x","origin":[7.61538,3.52398,8.005]},"faces":{"north":{"uv":[8,9,9,10],"texture":"#2"},"east":{"uv":[8,9,9,10],"texture":"#2"},"south":{"uv":[8,9,9,10],"texture":"#2"},"west":{"uv":[8,9,9,10],"texture":"#2"},"up":{"uv":[8,9,9,10],"rotation":270,"texture":"#2"},"down":{"uv":[8,9,9,10],"rotation":90,"texture":"#2"}}},{"from":[11.91038,6.30282,4.86801],"to":[10.31038,4.70282,2.26801],"rotation":{"angle":45,"axis":"x","origin":[7.61538,3.52398,8.005]},"faces":{"north":{"uv":[13,15,14,16],"texture":"#2"},"east":{"uv":[13,15,14,16],"texture":"#2"},"south":{"uv":[13,15,14,16],"texture":"#2"},"west":{"uv":[13,15,14,16],"texture":"#2"},"up":{"uv":[13,15,14,16],"rotation":270,"texture":"#2"},"down":{"uv":[13,15,15.6,16],"rotation":90,"texture":"#2"}}},{"from":[10.71038,5.90282,3.66801],"to":[11.51038,6.70282,4.46801],"rotation":{"angle":45,"axis":"x","origin":[7.61538,3.52398,8.005]},"faces":{"north":{"uv":[12,15,13,16],"texture":"#2"},"east":{"uv":[12,15,13,16],"texture":"#2"},"south":{"uv":[12,15,13,16],"texture":"#2"},"west":{"uv":[12,15,13,16],"texture":"#2"},"up":{"uv":[12,15,13,16],"rotation":270,"texture":"#2"},"down":{"uv":[12,15,13,16],"rotation":90,"texture":"#2"}}},{"from":[11.91038,7.30282,4.86801],"to":[10.31038,6.30282,3.26801],"rotation":{"angle":45,"axis":"x","origin":[7.61538,3.52398,8.005]},"faces":{"north":{"uv":[13,15,14,16],"texture":"#2"},"east":{"uv":[13,15,14,16],"texture":"#2"},"south":{"uv":[13,15,14,16],"texture":"#2"},"west":{"uv":[13,15,14,16],"texture":"#2"},"down":{"uv":[13,15,14,16],"rotation":90,"texture":"#2"}}},{"from":[10.71038,5.10282,2.86801],"to":[11.51038,5.90282,4.46801],"rotation":{"angle":45,"axis":"x","origin":[7.61538,3.52398,8.005]},"faces":{"north":{"uv":[12,15,13,16],"texture":"#2"},"east":{"uv":[12,15,13,16],"texture":"#2"},"south":{"uv":[12,15,13,16],"texture":"#2"},"west":{"uv":[12,15,13,16],"texture":"#2"},"up":{"uv":[12,15,13,16],"rotation":270,"texture":"#2"},"down":{"uv":[12,15,13,16],"rotation":90,"texture":"#2"}}},{"from":[11.91038,6.65638,4.51446],"to":[10.31038,5.05638,1.91446],"rotation":{"angle":45,"axis":"x","origin":[7.61538,3.52398,8.005]},"faces":{"north":{"uv":[13,14,14,15],"texture":"#2"},"east":{"uv":[13,14,14,15],"texture":"#2"},"south":{"uv":[13,14,14,15],"texture":"#2"},"west":{"uv":[13,14,14,15],"texture":"#2"},"up":{"uv":[13,14,14,15],"rotation":270,"texture":"#2"},"down":{"uv":[13,14,15.6,15],"rotation":90,"texture":"#2"}}},{"from":[10.67038,6.32102,3.24981],"to":[11.57038,7.32102,4.14981],"rotation":{"angle":45,"axis":"x","origin":[7.61538,3.52398,8.005]},"faces":{"north":{"uv":[12,14,13,15],"texture":"#2"},"east":{"uv":[12,14,13,15],"texture":"#2"},"south":{"uv":[12,14,13,15],"texture":"#2"},"west":{"uv":[12,14,13,15],"texture":"#2"},"up":{"uv":[12,14,13,15],"rotation":270,"texture":"#2"},"down":{"uv":[12,14,13,15],"rotation":90,"texture":"#2"}}},{"from":[11.91038,7.65638,4.51446],"to":[10.31038,6.65638,2.91446],"rotation":{"angle":45,"axis":"x","origin":[7.61538,3.52398,8.005]},"faces":{"north":{"uv":[13,14,14,15],"texture":"#2"},"east":{"uv":[13,14,14,15],"texture":"#2"},"south":{"uv":[13,14,14,15],"texture":"#2"},"west":{"uv":[13,14,14,15],"texture":"#2"},"down":{"uv":[13,14,14,15],"rotation":90,"texture":"#2"}}},{"from":[10.67038,5.42102,2.34981],"to":[11.57038,6.32102,4.14981],"rotation":{"angle":45,"axis":"x","origin":[7.61538,3.52398,8.005]},"faces":{"north":{"uv":[12,14,13,15],"texture":"#2"},"east":{"uv":[12,14,13,15],"texture":"#2"},"south":{"uv":[12,14,13,15],"texture":"#2"},"west":{"uv":[12,14,13,15],"texture":"#2"},"up":{"uv":[12,14,13,15],"rotation":270,"texture":"#2"},"down":{"uv":[12,14,13,15],"rotation":90,"texture":"#2"}}},{"from":[11.91038,7.00993,4.1609],"to":[10.31038,5.40993,1.5609],"rotation":{"angle":45,"axis":"x","origin":[7.61538,3.52398,8.005]},"faces":{"north":{"uv":[13,13,14,14],"texture":"#2"},"east":{"uv":[13,13,14,14],"texture":"#2"},"south":{"uv":[13,13,14,14],"texture":"#2"},"west":{"uv":[13,13,14,14],"texture":"#2"},"up":{"uv":[13,13,14,14],"rotation":270,"texture":"#2"},"down":{"uv":[13,13,15.6,14],"rotation":90,"texture":"#2"}}},{"from":[10.61038,6.70993,2.8609],"to":[11.61038,7.70993,3.8609],"rotation":{"angle":45,"axis":"x","origin":[7.61538,3.52398,8.005]},"faces":{"north":{"uv":[12,13,13,14],"texture":"#2"},"east":{"uv":[12,13,13,14],"texture":"#2"},"south":{"uv":[12,13,13,14],"texture":"#2"},"west":{"uv":[12,13,13,14],"texture":"#2"},"up":{"uv":[12,13,13,14],"rotation":270,"texture":"#2"},"down":{"uv":[12,13,13,14],"rotation":90,"texture":"#2"}}},{"from":[11.91038,8.00993,4.1609],"to":[10.31038,7.00993,2.5609],"rotation":{"angle":45,"axis":"x","origin":[7.61538,3.52398,8.005]},"faces":{"north":{"uv":[13,13,14,14],"texture":"#2"},"east":{"uv":[13,13,14,14],"texture":"#2"},"south":{"uv":[13,13,14,14],"texture":"#2"},"west":{"uv":[13,13,14,14],"texture":"#2"},"down":{"uv":[13,13,14,14],"rotation":90,"texture":"#2"}}},{"from":[10.61038,5.70993,1.8609],"to":[11.61038,6.70993,3.8609],"rotation":{"angle":45,"axis":"x","origin":[7.61538,3.52398,8.005]},"faces":{"north":{"uv":[12,13,13,14],"texture":"#2"},"east":{"uv":[12,13,13,14],"texture":"#2"},"south":{"uv":[12,13,13,14],"texture":"#2"},"west":{"uv":[12,13,13,14],"texture":"#2"},"up":{"uv":[12,13,13,14],"rotation":270,"texture":"#2"},"down":{"uv":[12,13,13,14],"rotation":90,"texture":"#2"}}},{"from":[11.91038,7.36348,3.80735],"to":[10.31038,5.76348,1.20735],"rotation":{"angle":45,"axis":"x","origin":[7.61538,3.52398,8.005]},"faces":{"north":{"uv":[13,12,14,13],"texture":"#2"},"east":{"uv":[13,12,14,13],"texture":"#2"},"south":{"uv":[13,12,14,13],"texture":"#2"},"west":{"uv":[13,12,14,13],"texture":"#2"},"up":{"uv":[13,12,14,13],"rotation":270,"texture":"#2"},"down":{"uv":[13,12,15.6,13],"rotation":90,"texture":"#2"}}},{"from":[10.61038,7.06348,2.50735],"to":[11.61038,8.06348,3.50735],"rotation":{"angle":45,"axis":"x","origin":[7.61538,3.52398,8.005]},"faces":{"north":{"uv":[12,12,13,13],"texture":"#2"},"east":{"uv":[12,12,13,13],"texture":"#2"},"south":{"uv":[12,12,13,13],"texture":"#2"},"west":{"uv":[12,12,13,13],"texture":"#2"},"up":{"uv":[12,12,13,13],"rotation":270,"texture":"#2"},"down":{"uv":[12,12,13,13],"rotation":90,"texture":"#2"}}},{"from":[11.91038,8.36348,3.80735],"to":[10.31038,7.36348,2.20735],"rotation":{"angle":45,"axis":"x","origin":[7.61538,3.52398,8.005]},"faces":{"north":{"uv":[13,12,14,13],"texture":"#2"},"east":{"uv":[13,12,14,13],"texture":"#2"},"south":{"uv":[13,12,14,13],"texture":"#2"},"west":{"uv":[13,12,14,13],"texture":"#2"},"down":{"uv":[13,12,14,13],"rotation":90,"texture":"#2"}}},{"from":[10.61038,6.06348,1.50735],"to":[11.61038,7.06348,3.50735],"rotation":{"angle":45,"axis":"x","origin":[7.61538,3.52398,8.005]},"faces":{"north":{"uv":[12,12,13,13],"texture":"#2"},"east":{"uv":[12,12,13,13],"texture":"#2"},"south":{"uv":[12,12,13,13],"texture":"#2"},"west":{"uv":[12,12,13,13],"texture":"#2"},"up":{"uv":[12,12,13,13],"rotation":270,"texture":"#2"},"down":{"uv":[12,12,13,13],"rotation":90,"texture":"#2"}}},{"from":[11.91038,7.71704,3.45379],"to":[10.31038,6.11704,0.85379],"rotation":{"angle":45,"axis":"x","origin":[7.61538,3.52398,8.005]},"faces":{"north":{"uv":[13,11,14,12],"texture":"#2"},"east":{"uv":[13,11,14,12],"texture":"#2"},"south":{"uv":[13,11,14,12],"texture":"#2"},"west":{"uv":[13,11,14,12],"texture":"#2"},"up":{"uv":[13,11,14,12],"rotation":270,"texture":"#2"},"down":{"uv":[13,11,15.6,12],"rotation":90,"texture":"#2"}}},{"from":[10.61038,7.41704,2.15379],"to":[11.61038,8.41704,3.15379],"rotation":{"angle":45,"axis":"x","origin":[7.61538,3.52398,8.005]},"faces":{"north":{"uv":[12,11,13,12],"texture":"#2"},"east":{"uv":[12,11,13,12],"texture":"#2"},"south":{"uv":[12,11,13,12],"texture":"#2"},"west":{"uv":[12,11,13,12],"texture":"#2"},"up":{"uv":[12,11,13,12],"rotation":270,"texture":"#2"},"down":{"uv":[12,11,13,12],"rotation":90,"texture":"#2"}}},{"from":[11.91038,8.71704,3.45379],"to":[10.31038,7.71704,1.85379],"rotation":{"angle":45,"axis":"x","origin":[7.61538,3.52398,8.005]},"faces":{"north":{"uv":[13,11,14,12],"texture":"#2"},"east":{"uv":[13,11,14,12],"texture":"#2"},"south":{"uv":[13,11,14,12],"texture":"#2"},"west":{"uv":[13,11,14,12],"texture":"#2"},"down":{"uv":[13,11,14,12],"rotation":90,"texture":"#2"}}},{"from":[10.61038,6.41704,1.15379],"to":[11.61038,7.41704,3.15379],"rotation":{"angle":45,"axis":"x","origin":[7.61538,3.52398,8.005]},"faces":{"north":{"uv":[12,11,13,12],"texture":"#2"},"east":{"uv":[12,11,13,12],"texture":"#2"},"south":{"uv":[12,11,13,12],"texture":"#2"},"west":{"uv":[12,11,13,12],"texture":"#2"},"up":{"uv":[12,11,13,12],"rotation":270,"texture":"#2"},"down":{"uv":[12,11,13,12],"rotation":90,"texture":"#2"}}},{"from":[11.91038,8.07059,3.10024],"to":[10.31038,6.47059,0.50024],"rotation":{"angle":45,"axis":"x","origin":[7.61538,3.52398,8.005]},"faces":{"north":{"uv":[13,10,14,11],"texture":"#2"},"east":{"uv":[13,10,14,11],"texture":"#2"},"south":{"uv":[13,10,14,11],"texture":"#2"},"west":{"uv":[13,10,14,11],"texture":"#2"},"up":{"uv":[13,10,14,11],"rotation":270,"texture":"#2"},"down":{"uv":[13,10,15.6,11],"rotation":90,"texture":"#2"}}},{"from":[10.66038,7.77059,1.85024],"to":[11.56038,8.67059,2.75024],"rotation":{"angle":45,"axis":"x","origin":[7.61538,3.52398,8.005]},"faces":{"north":{"uv":[12,10,13,11],"texture":"#2"},"east":{"uv":[12,10,13,11],"texture":"#2"},"south":{"uv":[12,10,13,11],"texture":"#2"},"west":{"uv":[12,10,13,11],"texture":"#2"},"up":{"uv":[12,10,13,11],"rotation":270,"texture":"#2"},"down":{"uv":[12,10,13,11],"rotation":90,"texture":"#2"}}},{"from":[11.91038,9.07059,3.10024],"to":[10.31038,8.07059,1.50024],"rotation":{"angle":45,"axis":"x","origin":[7.61538,3.52398,8.005]},"faces":{"north":{"uv":[13,10,14,11],"texture":"#2"},"east":{"uv":[13,10,14,11],"texture":"#2"},"south":{"uv":[13,10,14,11],"texture":"#2"},"west":{"uv":[13,10,14,11],"texture":"#2"},"down":{"uv":[13,10,14,11],"rotation":90,"texture":"#2"}}},{"from":[10.66038,6.87059,0.95024],"to":[11.56038,7.77059,2.75024],"rotation":{"angle":45,"axis":"x","origin":[7.61538,3.52398,8.005]},"faces":{"north":{"uv":[12,10,13,11],"texture":"#2"},"east":{"uv":[12,10,13,11],"texture":"#2"},"south":{"uv":[12,10,13,11],"texture":"#2"},"west":{"uv":[12,10,13,11],"texture":"#2"},"up":{"uv":[12,10,13,11],"rotation":270,"texture":"#2"},"down":{"uv":[12,10,13,11],"rotation":90,"texture":"#2"}}},{"from":[11.91038,8.42414,2.74669],"to":[10.31038,6.82414,0.14669],"rotation":{"angle":45,"axis":"x","origin":[7.61538,3.52398,8.005]},"faces":{"north":{"uv":[13,9,14,10],"texture":"#2"},"east":{"uv":[13,9,14,10],"texture":"#2"},"south":{"uv":[13,9,14,10],"texture":"#2"},"west":{"uv":[13,9,14,10],"texture":"#2"},"up":{"uv":[13,9,14,10],"rotation":270,"texture":"#2"},"down":{"uv":[13,9,15.6,10],"rotation":90,"texture":"#2"}}},{"from":[10.71038,8.02414,1.54669],"to":[11.51038,8.82414,2.34669],"rotation":{"angle":45,"axis":"x","origin":[7.61538,3.52398,8.005]},"faces":{"north":{"uv":[12,9,13,10],"texture":"#2"},"east":{"uv":[12,9,13,10],"texture":"#2"},"south":{"uv":[12,9,13,10],"texture":"#2"},"west":{"uv":[12,9,13,10],"texture":"#2"},"up":{"uv":[12,9,13,10],"rotation":270,"texture":"#2"},"down":{"uv":[12,9,13,10],"rotation":90,"texture":"#2"}}},{"from":[11.91038,9.42414,2.74669],"to":[10.31038,8.42414,1.14669],"rotation":{"angle":45,"axis":"x","origin":[7.61538,3.52398,8.005]},"faces":{"north":{"uv":[13,9,14,10],"texture":"#2"},"east":{"uv":[13,9,14,10],"texture":"#2"},"south":{"uv":[13,9,14,10],"texture":"#2"},"west":{"uv":[13,9,14,10],"texture":"#2"},"down":{"uv":[13,9,14,10],"rotation":90,"texture":"#2"}}},{"from":[10.71038,7.22414,0.74669],"to":[11.51038,8.02414,2.34669],"rotation":{"angle":45,"axis":"x","origin":[7.61538,3.52398,8.005]},"faces":{"north":{"uv":[12,9,13,10],"texture":"#2"},"east":{"uv":[12,9,13,10],"texture":"#2"},"south":{"uv":[12,9,13,10],"texture":"#2"},"west":{"uv":[12,9,13,10],"texture":"#2"},"up":{"uv":[12,9,13,10],"rotation":270,"texture":"#2"},"down":{"uv":[12,9,13,10],"rotation":90,"texture":"#2"}}}],"gui_light":"front","display":{"thirdperson_righthand":{"translation":[0.75,3.75,0],"scale":[0.75,0.75,0.75]},"thirdperson_lefthand":{"translation":[0.75,3.75,0],"scale":[0.75,0.75,0.75]},"firstperson_righthand":{"rotation":[0,22,0],"translation":[2.75,3.75,-2.5],"scale":[0.54883,0.54883,0.54883]},"firstperson_lefthand":{"rotation":[0,22,0],"translation":[2.75,3.75,-2.5],"scale":[0.54883,0.54883,0.54883]},"ground":{"rotation":[94,85,0],"translation":[0,0.25,-0.75],"scale":[0.5,0.5,0.5]},"gui":{"rotation":[-90,45,88],"translation":[-1.5,-0.75,0],"scale":[0.515,0.515,0.515]},"head":{"rotation":[90,-171,90],"translation":[-2.25,9.25,0.25],"scale":[0.7,0.7,0.7]},"fixed":{"rotation":[0,90,0],"translation":[1.5,4.75,-1.25],"scale":[1.42109,1.42109,1.42109]}},"groups":[0,1,2,3,4,5,6,7,8,9,10,11,12,13,14,15,16,17,18,19,20,21,{"name":"particles","origin":[8,8,8],"color":0,"boneType":"","children":[{"name":"particle1","origin":[8,8,8],"color":0,"boneType":"","children":[{"name":"heart1","origin":[0,0,0],"color":0,"boneType":"","children":[22,23,24,25]},{"name":"heart2","origin":[0,0,0],"color":0,"boneType":"","children":[26,27,28,29]},{"name":"heart3","origin":[0,0,0],"color":0,"boneType":"","children":[30,31,32,33]},{"name":"heart4","origin":[0,0,0],"color":0,"boneType":"","children":[34,35,36,37]},{"name":"heart5","origin":[0,0,0],"color":0,"boneType":"","children":[38,39,40,41]},{"name":"heart6","origin":[0,0,0],"color":0,"boneType":"","children":[42,43,44,45]},{"name":"heart7","origin":[0,0,0],"color":0,"boneType":"","children":[46,47,48,49]}]},{"name":"particle2","origin":[8,8,8],"color":0,"boneType":"","children":[{"name":"heart1","origin":[0,0,0],"color":0,"boneType":"","children":[50,51,52,53]},{"name":"heart2","origin":[0,0,0],"color":0,"boneType":"","children":[54,55,56,57]},{"name":"heart3","origin":[0,0,0],"color":0,"boneType":"","children":[58,59,60,61]},{"name":"heart4","origin":[0,0,0],"color":0,"boneType":"","children":[62,63,64,65]},{"name":"heart5","origin":[0,0,0],"color":0,"boneType":"","children":[66,67,68,69]},{"name":"heart6","origin":[0,0,0],"color":0,"boneType":"","children":[70,71,72,73]},{"name":"heart7","origin":[0,0,0],"color":0,"boneType":"","children":[74,75,76,77]}]},{"name":"particle3","origin":[8,8,8],"color":0,"boneType":"","children":[{"name":"heart1","origin":[0,0,0],"color":0,"boneType":"","children":[78,79,80,81]},{"name":"heart2","origin":[0,0,0],"color":0,"boneType":"","children":[82,83,84,85]},{"name":"heart3","origin":[0,0,0],"color":0,"boneType":"","children":[86,87,88,89]},{"name":"heart4","origin":[0,0,0],"color":0,"boneType":"","children":[90,91,92,93]},{"name":"heart5","origin":[0,0,0],"color":0,"boneType":"","children":[94,95,96,97]},{"name":"heart6","origin":[0,0,0],"color":0,"boneType":"","children":[98,99,100,101]},{"name":"heart7","origin":[0,0,0],"color":0,"boneType":"","children":[102,103,104,105]}]},{"name":"particle4","origin":[8,8,8],"color":0,"boneType":"","children":[{"name":"heart1","origin":[0,0,0],"color":0,"boneType":"","children":[106,107,108,109]},{"name":"heart2","origin":[0,0,0],"color":0,"boneType":"","children":[110,111,112,113]},{"name":"heart3","origin":[0,0,0],"color":0,"boneType":"","children":[114,115,116,117]},{"name":"heart4","origin":[0,0,0],"color":0,"boneType":"","children":[118,119,120,121]},{"name":"heart5","origin":[0,0,0],"color":0,"boneType":"","children":[122,123,124,125]},{"name":"heart6","origin":[0,0,0],"color":0,"boneType":"","children":[126,127,128,129]},{"name":"heart7","origin":[0,0,0],"color":0,"boneType":"","children":[130,131,132,133]}]}]}]}