{"credit":"by w11shes","textures":{"0":"elitecreatures:valentine_assortment/valentines_battle_axe","1":"elitecreatures:valentine_assortment/valentines_particle","particle":"elitecreatures:valentine_assortment/valentines_battle_axe_e"},"elements":[{"from":[6.495,-5.25442,-2.43406],"to":[9.495,-3.25442,0.56594],"rotation":{"angle":-45,"axis":"x","origin":[8,7.18464,8.005]},"faces":{"north":{"uv":[13,13,14.5,14],"texture":"#0"},"east":{"uv":[0,13.5,1.5,14.5],"texture":"#0"},"south":{"uv":[1.5,13.5,3,14.5],"texture":"#0"},"west":{"uv":[1.5,13.5,0,14.5],"texture":"#0"},"down":{"uv":[1.5,14.5,0,16],"rotation":90,"texture":"#0"}}},{"from":[6.495,-3.25442,-4.43406],"to":[9.495,-0.25442,0.56594],"rotation":{"angle":-45,"axis":"x","origin":[8,7.18464,8.005]},"faces":{"north":{"uv":[1.5,14.5,3,16],"texture":"#0"},"east":{"uv":[10,2,12.5,3.5],"texture":"#0"},"south":{"uv":[6,14.5,7.5,16],"texture":"#0"},"west":{"uv":[12.5,2,10,3.5],"texture":"#0"},"up":{"uv":[12.5,5,10,3.5],"rotation":270,"texture":"#0"},"down":{"uv":[12.5,5,10,6.5],"rotation":90,"texture":"#0"}}},{"from":[5.99646,-5,6.00146],"to":[9.99646,-3,10.00146],"rotation":{"angle":45,"axis":"y","origin":[8,7.18464,8.005]},"faces":{"north":{"uv":[15,9,13,10],"texture":"#0"},"east":{"uv":[13,9,15,10],"texture":"#0"},"south":{"uv":[15,9,13,10],"texture":"#0"},"west":{"uv":[13,9,15,10],"texture":"#0"},"up":{"uv":[11,2,9,0],"rotation":270,"texture":"#0"},"down":{"uv":[2,9.5,0,11.5],"rotation":90,"texture":"#0"}}},{"from":[5.99646,5,6.00146],"to":[9.99646,7,10.00146],"rotation":{"angle":45,"axis":"y","origin":[8,7.18464,8.005]},"faces":{"north":{"uv":[15,10,13,11],"texture":"#0"},"east":{"uv":[13,10,15,11],"texture":"#0"},"south":{"uv":[15,10,13,11],"texture":"#0"},"west":{"uv":[13,10,15,11],"texture":"#0"},"up":{"uv":[5,11.5,3,9.5],"rotation":270,"texture":"#0"},"down":{"uv":[7,9.5,5,11.5],"rotation":90,"texture":"#0"}}},{"from":[6.99646,-3,7.00146],"to":[8.99646,5,9.00146],"rotation":{"angle":45,"axis":"y","origin":[8,7.18464,8.005]},"faces":{"north":{"uv":[3,9.5,2,13.5],"texture":"#0"},"east":{"uv":[2,9.5,3,13.5],"texture":"#0"},"south":{"uv":[3,9.5,2,13.5],"texture":"#0"},"west":{"uv":[2,9.5,3,13.5],"texture":"#0"}}},{"from":[5.495,9.67037,-2.48074],"to":[10.495,14.67037,5.51926],"rotation":{"angle":45,"axis":"x","origin":[8,7.18464,8.005]},"faces":{"north":{"uv":[0,7,2.5,9.5],"texture":"#0"},"east":{"uv":[0,4.5,4,7],"texture":"#0"},"south":{"uv":[2.5,7,5,9.5],"texture":"#0"},"west":{"uv":[4,4.5,0,7],"texture":"#0"},"up":{"uv":[8,7,4,4.5],"rotation":270,"texture":"#0"},"down":{"uv":[9,0,5,2.5],"rotation":90,"texture":"#0"}}},{"from":[10.495,14.67037,5.51926],"to":[5.495,9.67037,-2.48074],"rotation":{"angle":45,"axis":"x","origin":[8,7.18464,8.005]},"faces":{"north":{"uv":[2.5,9.5,5,7],"texture":"#0"},"east":{"uv":[4,7,0,4.5],"texture":"#0"},"south":{"uv":[0,9.5,2.5,7],"texture":"#0"},"west":{"uv":[0,7,4,4.5],"texture":"#0"},"up":{"uv":[5,0,9,2.5],"rotation":270,"texture":"#0"},"down":{"uv":[4,7,8,4.5],"rotation":90,"texture":"#0"}}},{"from":[6.475,9.67037,-2.48074],"to":[9.515,14.67037,5.51926],"rotation":{"angle":45,"axis":"x","origin":[8,7.18464,8.005]},"faces":{"east":{"uv":[13.5,0,16,4],"rotation":90,"texture":"#0"},"west":{"uv":[13.5,4,16,0],"rotation":90,"texture":"#0"}}},{"from":[6.475,9.67037,8.49074],"to":[9.515,13.67037,10.49074],"rotation":{"angle":-45,"axis":"x","origin":[8,7.18464,8.005]},"faces":{"north":{"uv":[11,0,12.5,2],"texture":"#0"},"east":{"uv":[13,11,14,13],"texture":"#0"},"west":{"uv":[14,11,13,13],"texture":"#0"},"up":{"uv":[4,15,3,13.5],"rotation":270,"texture":"#0"}}},{"from":[6.475,9.67037,5.51926],"to":[9.515,13.67037,7.51926],"rotation":{"angle":45,"axis":"x","origin":[8,7.18464,8.005]},"faces":{"east":{"uv":[14,11,13,13],"texture":"#0"},"south":{"uv":[12.5,0,11,2],"texture":"#0"},"west":{"uv":[13,11,14,13],"texture":"#0"},"up":{"uv":[3,15,4,13.5],"rotation":270,"texture":"#0"}}},{"from":[5.495,14.67037,0.51926],"to":[10.495,17.67037,5.51926],"rotation":{"angle":45,"axis":"x","origin":[8,7.18464,8.005]},"faces":{"north":{"uv":[10.5,6.5,13,8],"texture":"#0"},"east":{"uv":[10.5,8,13,9.5],"texture":"#0"},"south":{"uv":[9,10.5,11.5,12],"texture":"#0"},"west":{"uv":[13,8,10.5,9.5],"texture":"#0"},"up":{"uv":[7.5,9.5,5,7],"rotation":270,"texture":"#0"}}},{"from":[10.495,17.67038,5.51926],"to":[5.495,14.67038,0.51926],"rotation":{"angle":45,"axis":"x","origin":[8,7.18464,8.005]},"faces":{"north":{"uv":[9,12,11.5,10.5],"texture":"#0"},"east":{"uv":[13,9.5,10.5,8],"texture":"#0"},"south":{"uv":[10.5,8,13,6.5],"texture":"#0"},"west":{"uv":[10.5,9.5,13,8],"texture":"#0"},"down":{"uv":[5,9.5,7.5,7],"rotation":90,"texture":"#0"}}},{"from":[6.475,14.67037,0.51926],"to":[9.515,17.67037,5.51926],"rotation":{"angle":45,"axis":"x","origin":[8,7.18464,8.005]},"faces":{"east":{"uv":[13.5,4,16,5.5],"texture":"#0"},"west":{"uv":[16,4,13.5,5.5],"texture":"#0"}}},{"from":[7.945,16.67037,-4.48073],"to":[7.995,26.67037,4.51927],"rotation":{"angle":45,"axis":"x","origin":[8,7.18464,8.005]},"faces":{"east":{"uv":[0,4.5,5,0],"rotation":270,"texture":"#0"},"west":{"uv":[5,4.5,0,0],"rotation":90,"texture":"#0"}}},{"from":[7.945,16.67037,11.49073],"to":[7.995,26.67037,20.49073],"rotation":{"angle":-45,"axis":"x","origin":[8,7.18464,8.005]},"faces":{"east":{"uv":[0,0,5,4.5],"rotation":270,"texture":"#0"},"west":{"uv":[5,0,0,4.5],"rotation":90,"texture":"#0"}}},{"from":[6.495,7,6.505],"to":[9.495,11,9.505],"rotation":{"angle":0,"axis":"y","origin":[8,7.18464,8.005]},"faces":{"north":{"uv":[7,11,8.5,13],"texture":"#0"},"east":{"uv":[7,11,8.5,13],"texture":"#0"},"south":{"uv":[7,11,8.5,13],"texture":"#0"},"west":{"uv":[7,11,8.5,13],"texture":"#0"},"down":{"uv":[9,14.5,7.5,16],"rotation":90,"texture":"#0"}}},{"from":[6.475,12.0696,-3.75994],"to":[9.515,16.0696,-0.75994],"rotation":{"angle":22.5,"axis":"x","origin":[8,7.18464,8.005]},"faces":{"north":{"uv":[11.5,9.5,13,11.5],"texture":"#0"},"east":{"uv":[11.5,11.5,13,13.5],"texture":"#0"},"south":{"uv":[8.5,12,10,14],"texture":"#0"},"west":{"uv":[13,11.5,11.5,13.5],"texture":"#0"},"up":{"uv":[14.5,9,13,7.5],"rotation":270,"texture":"#0"}}},{"from":[6.455,14.9579,3.14011],"to":[9.535,18.9579,6.14011],"rotation":{"angle":-22.5,"axis":"x","origin":[8,7.18464,8.005]},"faces":{"north":{"uv":[0,11.5,1.5,13.5],"texture":"#0"},"east":{"uv":[3,11.5,4.5,13.5],"texture":"#0"},"south":{"uv":[4.5,11.5,6,13.5],"texture":"#0"},"west":{"uv":[4.5,11.5,3,13.5],"texture":"#0"},"down":{"uv":[8.5,13,7,14.5],"rotation":90,"texture":"#0"}}},{"from":[7.985,10.48289,-7.76215],"to":[8.005,18.48289,-4.76215],"rotation":{"angle":22.5,"axis":"x","origin":[8,7.18464,8.005]},"faces":{"east":{"uv":[8.5,2.5,10,6.5],"texture":"#0"},"west":{"uv":[10,2.5,8.5,6.5],"texture":"#0"}}},{"from":[7.955,12.66592,-0.81184],"to":[8.035,20.66592,2.18816],"rotation":{"angle":-22.5,"axis":"x","origin":[8,7.18464,8.005]},"faces":{"east":{"uv":[7.5,7,9,11],"texture":"#0"},"west":{"uv":[9,7,7.5,11],"texture":"#0"}}},{"from":[7.495,15.00643,1.16022],"to":[8.495,19.80643,3.16022],"rotation":{"angle":-22.5,"axis":"x","origin":[8,7.18464,8.005]},"faces":{"north":{"uv":[12,13.5,12.5,16],"texture":"#0"},"east":{"uv":[10,12,11,14.5],"texture":"#0"},"south":{"uv":[12.5,13.5,13,16],"texture":"#0"},"west":{"uv":[11,12,10,14.5],"texture":"#0"},"down":{"uv":[11.5,9.5,10.5,10],"rotation":90,"texture":"#0"}}},{"from":[7.475,11.2696,-5.75994],"to":[8.515,16.0696,-3.75994],"rotation":{"angle":22.5,"axis":"x","origin":[8,7.18464,8.005]},"faces":{"north":{"uv":[8,4.5,8.5,7],"texture":"#0"},"east":{"uv":[6,11.5,7,13.9],"texture":"#0"},"west":{"uv":[7,11.5,6,13.9],"texture":"#0"},"up":{"uv":[10,2.5,9,2],"rotation":270,"texture":"#0"}}},{"from":[6.495,14.7,1.005],"to":[9.495,17.7,4.005],"rotation":{"angle":0,"axis":"y","origin":[8,7.18464,8.005]},"faces":{"east":{"uv":[4,13.5,5.5,15],"texture":"#0"},"west":{"uv":[5.5,13.5,4,15],"texture":"#0"},"up":{"uv":[10.5,16,9,14.5],"rotation":270,"texture":"#0"},"down":{"uv":[14.5,14,13,15.5],"rotation":90,"texture":"#0"}}},{"from":[6.475,12.0696,16.76994],"to":[9.515,16.0696,19.76994],"rotation":{"angle":-22.5,"axis":"x","origin":[8,7.18464,8.005]},"faces":{"north":{"uv":[10,12,8.5,14],"texture":"#0"},"east":{"uv":[13,11.5,11.5,13.5],"texture":"#0"},"south":{"uv":[13,9.5,11.5,11.5],"texture":"#0"},"west":{"uv":[11.5,11.5,13,13.5],"texture":"#0"},"up":{"uv":[13,9,14.5,7.5],"rotation":270,"texture":"#0"}}},{"from":[6.495,14.7,12.005],"to":[9.495,17.7,15.005],"rotation":{"angle":0,"axis":"y","origin":[8,7.18464,8.005]},"faces":{"east":{"uv":[5.5,13.5,4,15],"texture":"#0"},"west":{"uv":[4,13.5,5.5,15],"texture":"#0"},"up":{"uv":[9,16,10.5,14.5],"rotation":270,"texture":"#0"},"down":{"uv":[13,14,14.5,15.5],"rotation":90,"texture":"#0"}}},{"from":[6.455,14.9579,9.86989],"to":[9.535,18.9579,12.86989],"rotation":{"angle":22.5,"axis":"x","origin":[8,7.18464,8.005]},"faces":{"north":{"uv":[6,11.5,4.5,13.5],"texture":"#0"},"east":{"uv":[4.5,11.5,3,13.5],"texture":"#0"},"south":{"uv":[1.5,11.5,0,13.5],"texture":"#0"},"west":{"uv":[3,11.5,4.5,13.5],"texture":"#0"},"down":{"uv":[7,13,8.5,14.5],"rotation":90,"texture":"#0"}}},{"from":[7.495,15.00643,12.84978],"to":[8.495,19.80643,14.84978],"rotation":{"angle":22.5,"axis":"x","origin":[8,7.18464,8.005]},"faces":{"north":{"uv":[13,13.5,12.5,16],"texture":"#0"},"east":{"uv":[11,12,10,14.5],"texture":"#0"},"south":{"uv":[12.5,13.5,12,16],"texture":"#0"},"west":{"uv":[10,12,11,14.5],"texture":"#0"},"down":{"uv":[10.5,9.5,11.5,10],"rotation":90,"texture":"#0"}}},{"from":[7.475,11.2696,19.76994],"to":[8.515,16.0696,21.76994],"rotation":{"angle":-22.5,"axis":"x","origin":[8,7.18464,8.005]},"faces":{"east":{"uv":[7,11.5,6,13.9],"texture":"#0"},"south":{"uv":[8.5,4.5,8,7],"texture":"#0"},"west":{"uv":[6,11.5,7,13.9],"texture":"#0"},"up":{"uv":[9,2.5,10,2],"rotation":270,"texture":"#0"}}},{"from":[7.985,10.48289,20.77215],"to":[8.005,18.48289,23.77215],"rotation":{"angle":-22.5,"axis":"x","origin":[8,7.18464,8.005]},"faces":{"east":{"uv":[10,2.5,8.5,6.5],"texture":"#0"},"west":{"uv":[8.5,2.5,10,6.5],"texture":"#0"}}},{"from":[7.955,12.66592,13.82184],"to":[8.035,20.66592,16.82184],"rotation":{"angle":22.5,"axis":"x","origin":[8,7.18464,8.005]},"faces":{"east":{"uv":[9,7,7.5,11],"texture":"#0"},"west":{"uv":[7.5,7,9,11],"texture":"#0"}}},{"from":[4.66834,-12.64461,6.505],"to":[4.71834,-4.64461,9.505],"rotation":{"angle":22.5,"axis":"z","origin":[8,7.18464,8.005]},"faces":{"east":{"uv":[9,6.5,10.5,10.5],"texture":"#0"},"west":{"uv":[9,6.5,10.5,10.5],"texture":"#0"}}},{"from":[11.27242,-12.64844,6.505],"to":[11.32242,-4.64844,9.505],"rotation":{"angle":-22.5,"axis":"z","origin":[8,7.18464,8.005]},"faces":{"east":{"uv":[10.5,6.5,9,10.5],"texture":"#0"},"west":{"uv":[10.5,6.5,9,10.5],"texture":"#0"}}},{"from":[7.995,-5.39163,-5.18548],"to":[8.045,-1.39163,1.81452],"rotation":{"angle":-22.5,"axis":"x","origin":[8,7.18464,8.005]},"faces":{"east":{"uv":[5,2.5,8.5,4.5],"texture":"#0"},"west":{"uv":[8.5,2.5,5,4.5],"texture":"#0"}}},{"from":[7.995,-5.39163,14.19548],"to":[8.045,-1.39163,21.19548],"rotation":{"angle":22.5,"axis":"x","origin":[8,7.18464,8.005]},"faces":{"east":{"uv":[8.5,2.5,5,4.5],"texture":"#0"},"west":{"uv":[5,2.5,8.5,4.5],"texture":"#0"}}},{"from":[12.295,15.42515,7.02135],"to":[10.695,13.82515,4.42135],"rotation":{"angle":45,"axis":"x","origin":[8,7.18464,8.005]},"faces":{"north":{"uv":[1,15,2,16],"texture":"#1"},"east":{"uv":[1,15,2,16],"texture":"#1"},"south":{"uv":[1,15,2,16],"texture":"#1"},"west":{"uv":[1,15,2,16],"texture":"#1"},"up":{"uv":[1,15,2,16],"rotation":270,"texture":"#1"},"down":{"uv":[1,15,3.6,16],"rotation":90,"texture":"#1"}}},{"from":[11.095,15.02515,5.82135],"to":[11.895,15.82515,6.62135],"rotation":{"angle":45,"axis":"x","origin":[8,7.18464,8.005]},"faces":{"north":{"uv":[0,15,1,16],"texture":"#1"},"east":{"uv":[0,15,1,16],"texture":"#1"},"south":{"uv":[0,15,1,16],"texture":"#1"},"west":{"uv":[0,15,1,16],"texture":"#1"},"up":{"uv":[0,15,1,16],"rotation":270,"texture":"#1"},"down":{"uv":[0,15,1,16],"rotation":90,"texture":"#1"}}},{"from":[12.295,16.42515,7.02135],"to":[10.695,15.42515,5.42135],"rotation":{"angle":45,"axis":"x","origin":[8,7.18464,8.005]},"faces":{"north":{"uv":[1,15,2,16],"texture":"#1"},"east":{"uv":[1,15,2,16],"texture":"#1"},"south":{"uv":[1,15,2,16],"texture":"#1"},"west":{"uv":[1,15,2,16],"texture":"#1"},"down":{"uv":[1,15,2,16],"rotation":90,"texture":"#1"}}},{"from":[11.095,14.22515,5.02135],"to":[11.895,15.02515,6.62135],"rotation":{"angle":45,"axis":"x","origin":[8,7.18464,8.005]},"faces":{"north":{"uv":[0,15,1,16],"texture":"#1"},"east":{"uv":[0,15,1,16],"texture":"#1"},"south":{"uv":[0,15,1,16],"texture":"#1"},"west":{"uv":[0,15,1,16],"texture":"#1"},"up":{"uv":[0,15,1,16],"rotation":270,"texture":"#1"},"down":{"uv":[0,15,1,16],"rotation":90,"texture":"#1"}}},{"from":[12.295,15.7787,6.66779],"to":[10.695,14.1787,4.06779],"rotation":{"angle":45,"axis":"x","origin":[8,7.18464,8.005]},"faces":{"north":{"uv":[1,14,2,15],"texture":"#1"},"east":{"uv":[1,14,2,15],"texture":"#1"},"south":{"uv":[1,14,2,15],"texture":"#1"},"west":{"uv":[1,14,2,15],"texture":"#1"},"up":{"uv":[1,14,2,15],"rotation":270,"texture":"#1"},"down":{"uv":[1,14,3.6,15],"rotation":90,"texture":"#1"}}},{"from":[11.055,15.44335,5.40315],"to":[11.955,16.44335,6.30315],"rotation":{"angle":45,"axis":"x","origin":[8,7.18464,8.005]},"faces":{"north":{"uv":[0,14,1,15],"texture":"#1"},"east":{"uv":[0,14,1,15],"texture":"#1"},"south":{"uv":[0,14,1,15],"texture":"#1"},"west":{"uv":[0,14,1,15],"texture":"#1"},"up":{"uv":[0,14,1,15],"rotation":270,"texture":"#1"},"down":{"uv":[0,14,1,15],"rotation":90,"texture":"#1"}}},{"from":[12.295,16.7787,6.66779],"to":[10.695,15.7787,5.06779],"rotation":{"angle":45,"axis":"x","origin":[8,7.18464,8.005]},"faces":{"north":{"uv":[1,14,2,15],"texture":"#1"},"east":{"uv":[1,14,2,15],"texture":"#1"},"south":{"uv":[1,14,2,15],"texture":"#1"},"west":{"uv":[1,14,2,15],"texture":"#1"},"down":{"uv":[1,14,2,15],"rotation":90,"texture":"#1"}}},{"from":[11.055,14.54335,4.50315],"to":[11.955,15.44335,6.30315],"rotation":{"angle":45,"axis":"x","origin":[8,7.18464,8.005]},"faces":{"north":{"uv":[0,14,1,15],"texture":"#1"},"east":{"uv":[0,14,1,15],"texture":"#1"},"south":{"uv":[0,14,1,15],"texture":"#1"},"west":{"uv":[0,14,1,15],"texture":"#1"},"up":{"uv":[0,14,1,15],"rotation":270,"texture":"#1"},"down":{"uv":[0,14,1,15],"rotation":90,"texture":"#1"}}},{"from":[12.295,16.13225,6.31424],"to":[10.695,14.53225,3.71424],"rotation":{"angle":45,"axis":"x","origin":[8,7.18464,8.005]},"faces":{"north":{"uv":[1,13,2,14],"texture":"#1"},"east":{"uv":[1,13,2,14],"texture":"#1"},"south":{"uv":[1,13,2,14],"texture":"#1"},"west":{"uv":[1,13,2,14],"texture":"#1"},"up":{"uv":[1,13,2,14],"rotation":270,"texture":"#1"},"down":{"uv":[1,13,3.6,14],"rotation":90,"texture":"#1"}}},{"from":[10.995,15.83225,5.01424],"to":[11.995,16.83225,6.01424],"rotation":{"angle":45,"axis":"x","origin":[8,7.18464,8.005]},"faces":{"north":{"uv":[0,13,1,14],"texture":"#1"},"east":{"uv":[0,13,1,14],"texture":"#1"},"south":{"uv":[0,13,1,14],"texture":"#1"},"west":{"uv":[0,13,1,14],"texture":"#1"},"up":{"uv":[0,13,1,14],"rotation":270,"texture":"#1"},"down":{"uv":[0,13,1,14],"rotation":90,"texture":"#1"}}},{"from":[12.295,17.13225,6.31424],"to":[10.695,16.13225,4.71424],"rotation":{"angle":45,"axis":"x","origin":[8,7.18464,8.005]},"faces":{"north":{"uv":[1,13,2,14],"texture":"#1"},"east":{"uv":[1,13,2,14],"texture":"#1"},"south":{"uv":[1,13,2,14],"texture":"#1"},"west":{"uv":[1,13,2,14],"texture":"#1"},"down":{"uv":[1,13,2,14],"rotation":90,"texture":"#1"}}},{"from":[10.995,14.83225,4.01424],"to":[11.995,15.83225,6.01424],"rotation":{"angle":45,"axis":"x","origin":[8,7.18464,8.005]},"faces":{"north":{"uv":[0,13,1,14],"texture":"#1"},"east":{"uv":[0,13,1,14],"texture":"#1"},"south":{"uv":[0,13,1,14],"texture":"#1"},"west":{"uv":[0,13,1,14],"texture":"#1"},"up":{"uv":[0,13,1,14],"rotation":270,"texture":"#1"},"down":{"uv":[0,13,1,14],"rotation":90,"texture":"#1"}}},{"from":[12.295,16.48581,5.96069],"to":[10.695,14.88581,3.36069],"rotation":{"angle":45,"axis":"x","origin":[8,7.18464,8.005]},"faces":{"north":{"uv":[1,12,2,13],"texture":"#1"},"east":{"uv":[1,12,2,13],"texture":"#1"},"south":{"uv":[1,12,2,13],"texture":"#1"},"west":{"uv":[1,12,2,13],"texture":"#1"},"up":{"uv":[1,12,2,13],"rotation":270,"texture":"#1"},"down":{"uv":[1,12,3.6,13],"rotation":90,"texture":"#1"}}},{"from":[10.995,16.18581,4.66069],"to":[11.995,17.18581,5.66069],"rotation":{"angle":45,"axis":"x","origin":[8,7.18464,8.005]},"faces":{"north":{"uv":[0,12,1,13],"texture":"#1"},"east":{"uv":[0,12,1,13],"texture":"#1"},"south":{"uv":[0,12,1,13],"texture":"#1"},"west":{"uv":[0,12,1,13],"texture":"#1"},"up":{"uv":[0,12,1,13],"rotation":270,"texture":"#1"},"down":{"uv":[0,12,1,13],"rotation":90,"texture":"#1"}}},{"from":[12.295,17.48581,5.96069],"to":[10.695,16.48581,4.36069],"rotation":{"angle":45,"axis":"x","origin":[8,7.18464,8.005]},"faces":{"north":{"uv":[1,12,2,13],"texture":"#1"},"east":{"uv":[1,12,2,13],"texture":"#1"},"south":{"uv":[1,12,2,13],"texture":"#1"},"west":{"uv":[1,12,2,13],"texture":"#1"},"down":{"uv":[1,12,2,13],"rotation":90,"texture":"#1"}}},{"from":[10.995,15.18581,3.66069],"to":[11.995,16.18581,5.66069],"rotation":{"angle":45,"axis":"x","origin":[8,7.18464,8.005]},"faces":{"north":{"uv":[0,12,1,13],"texture":"#1"},"east":{"uv":[0,12,1,13],"texture":"#1"},"south":{"uv":[0,12,1,13],"texture":"#1"},"west":{"uv":[0,12,1,13],"texture":"#1"},"up":{"uv":[0,12,1,13],"rotation":270,"texture":"#1"},"down":{"uv":[0,12,1,13],"rotation":90,"texture":"#1"}}},{"from":[12.295,16.83936,5.60713],"to":[10.695,15.23936,3.00713],"rotation":{"angle":45,"axis":"x","origin":[8,7.18464,8.005]},"faces":{"north":{"uv":[1,11,2,12],"texture":"#1"},"east":{"uv":[1,11,2,12],"texture":"#1"},"south":{"uv":[1,11,2,12],"texture":"#1"},"west":{"uv":[1,11,2,12],"texture":"#1"},"up":{"uv":[1,11,2,12],"rotation":270,"texture":"#1"},"down":{"uv":[1,11,3.6,12],"rotation":90,"texture":"#1"}}},{"from":[10.995,16.53936,4.30713],"to":[11.995,17.53936,5.30713],"rotation":{"angle":45,"axis":"x","origin":[8,7.18464,8.005]},"faces":{"north":{"uv":[0,11,1,12],"texture":"#1"},"east":{"uv":[0,11,1,12],"texture":"#1"},"south":{"uv":[0,11,1,12],"texture":"#1"},"west":{"uv":[0,11,1,12],"texture":"#1"},"up":{"uv":[0,11,1,12],"rotation":270,"texture":"#1"},"down":{"uv":[0,11,1,12],"rotation":90,"texture":"#1"}}},{"from":[12.295,17.83936,5.60713],"to":[10.695,16.83936,4.00713],"rotation":{"angle":45,"axis":"x","origin":[8,7.18464,8.005]},"faces":{"north":{"uv":[1,11,2,12],"texture":"#1"},"east":{"uv":[1,11,2,12],"texture":"#1"},"south":{"uv":[1,11,2,12],"texture":"#1"},"west":{"uv":[1,11,2,12],"texture":"#1"},"down":{"uv":[1,11,2,12],"rotation":90,"texture":"#1"}}},{"from":[10.995,15.53936,3.30713],"to":[11.995,16.53936,5.30713],"rotation":{"angle":45,"axis":"x","origin":[8,7.18464,8.005]},"faces":{"north":{"uv":[0,11,1,12],"texture":"#1"},"east":{"uv":[0,11,1,12],"texture":"#1"},"south":{"uv":[0,11,1,12],"texture":"#1"},"west":{"uv":[0,11,1,12],"texture":"#1"},"up":{"uv":[0,11,1,12],"rotation":270,"texture":"#1"},"down":{"uv":[0,11,1,12],"rotation":90,"texture":"#1"}}},{"from":[12.295,17.19291,5.25358],"to":[10.695,15.59291,2.65358],"rotation":{"angle":45,"axis":"x","origin":[8,7.18464,8.005]},"faces":{"north":{"uv":[1,10,2,11],"texture":"#1"},"east":{"uv":[1,10,2,11],"texture":"#1"},"south":{"uv":[1,10,2,11],"texture":"#1"},"west":{"uv":[1,10,2,11],"texture":"#1"},"up":{"uv":[1,10,2,11],"rotation":270,"texture":"#1"},"down":{"uv":[1,10,3.6,11],"rotation":90,"texture":"#1"}}},{"from":[11.045,16.89291,4.00358],"to":[11.945,17.79291,4.90358],"rotation":{"angle":45,"axis":"x","origin":[8,7.18464,8.005]},"faces":{"north":{"uv":[0,10,1,11],"texture":"#1"},"east":{"uv":[0,10,1,11],"texture":"#1"},"south":{"uv":[0,10,1,11],"texture":"#1"},"west":{"uv":[0,10,1,11],"texture":"#1"},"up":{"uv":[0,10,1,11],"rotation":270,"texture":"#1"},"down":{"uv":[0,10,1,11],"rotation":90,"texture":"#1"}}},{"from":[12.295,18.19291,5.25358],"to":[10.695,17.19291,3.65358],"rotation":{"angle":45,"axis":"x","origin":[8,7.18464,8.005]},"faces":{"north":{"uv":[1,10,2,11],"texture":"#1"},"east":{"uv":[1,10,2,11],"texture":"#1"},"south":{"uv":[1,10,2,11],"texture":"#1"},"west":{"uv":[1,10,2,11],"texture":"#1"},"down":{"uv":[1,10,2,11],"rotation":90,"texture":"#1"}}},{"from":[11.045,15.99291,3.10358],"to":[11.945,16.89291,4.90358],"rotation":{"angle":45,"axis":"x","origin":[8,7.18464,8.005]},"faces":{"north":{"uv":[0,10,1,11],"texture":"#1"},"east":{"uv":[0,10,1,11],"texture":"#1"},"south":{"uv":[0,10,1,11],"texture":"#1"},"west":{"uv":[0,10,1,11],"texture":"#1"},"up":{"uv":[0,10,1,11],"rotation":270,"texture":"#1"},"down":{"uv":[0,10,1,11],"rotation":90,"texture":"#1"}}},{"from":[12.295,17.54647,4.90003],"to":[10.695,15.94647,2.30003],"rotation":{"angle":45,"axis":"x","origin":[8,7.18464,8.005]},"faces":{"north":{"uv":[1,9,2,10],"texture":"#1"},"east":{"uv":[1,9,2,10],"texture":"#1"},"south":{"uv":[1,9,2,10],"texture":"#1"},"west":{"uv":[1,9,2,10],"texture":"#1"},"up":{"uv":[1,9,2,10],"rotation":270,"texture":"#1"},"down":{"uv":[1,9,3.6,10],"rotation":90,"texture":"#1"}}},{"from":[11.095,17.14647,3.70003],"to":[11.895,17.94647,4.50003],"rotation":{"angle":45,"axis":"x","origin":[8,7.18464,8.005]},"faces":{"north":{"uv":[0,9,1,10],"texture":"#1"},"east":{"uv":[0,9,1,10],"texture":"#1"},"south":{"uv":[0,9,1,10],"texture":"#1"},"west":{"uv":[0,9,1,10],"texture":"#1"},"up":{"uv":[0,9,1,10],"rotation":270,"texture":"#1"},"down":{"uv":[0,9,1,10],"rotation":90,"texture":"#1"}}},{"from":[12.295,18.54647,4.90003],"to":[10.695,17.54647,3.30003],"rotation":{"angle":45,"axis":"x","origin":[8,7.18464,8.005]},"faces":{"north":{"uv":[1,9,2,10],"texture":"#1"},"east":{"uv":[1,9,2,10],"texture":"#1"},"south":{"uv":[1,9,2,10],"texture":"#1"},"west":{"uv":[1,9,2,10],"texture":"#1"},"down":{"uv":[1,9,2,10],"rotation":90,"texture":"#1"}}},{"from":[11.095,16.34647,2.90003],"to":[11.895,17.14647,4.50003],"rotation":{"angle":45,"axis":"x","origin":[8,7.18464,8.005]},"faces":{"north":{"uv":[0,9,1,10],"texture":"#1"},"east":{"uv":[0,9,1,10],"texture":"#1"},"south":{"uv":[0,9,1,10],"texture":"#1"},"west":{"uv":[0,9,1,10],"texture":"#1"},"up":{"uv":[0,9,1,10],"rotation":270,"texture":"#1"},"down":{"uv":[0,9,1,10],"rotation":90,"texture":"#1"}}},{"from":[5.295,11.18251,-0.04972],"to":[3.695,9.58251,-2.64972],"rotation":{"angle":45,"axis":"x","origin":[8,7.18464,8.005]},"faces":{"north":{"uv":[5,15,6,16],"texture":"#1"},"east":{"uv":[5,15,6,16],"texture":"#1"},"south":{"uv":[5,15,6,16],"texture":"#1"},"west":{"uv":[5,15,6,16],"texture":"#1"},"up":{"uv":[5,15,6,16],"rotation":270,"texture":"#1"},"down":{"uv":[5,15,7.6,16],"rotation":90,"texture":"#1"}}},{"from":[4.095,10.78251,-1.24972],"to":[4.895,11.58251,-0.44972],"rotation":{"angle":45,"axis":"x","origin":[8,7.18464,8.005]},"faces":{"north":{"uv":[4,15,5,16],"texture":"#1"},"east":{"uv":[4,15,5,16],"texture":"#1"},"south":{"uv":[4,15,5,16],"texture":"#1"},"west":{"uv":[4,15,5,16],"texture":"#1"},"up":{"uv":[4,15,5,16],"rotation":270,"texture":"#1"},"down":{"uv":[4,15,5,16],"rotation":90,"texture":"#1"}}},{"from":[5.295,12.18251,-0.04972],"to":[3.695,11.18251,-1.64972],"rotation":{"angle":45,"axis":"x","origin":[8,7.18464,8.005]},"faces":{"north":{"uv":[5,15,6,16],"texture":"#1"},"east":{"uv":[5,15,6,16],"texture":"#1"},"south":{"uv":[5,15,6,16],"texture":"#1"},"west":{"uv":[5,15,6,16],"texture":"#1"},"down":{"uv":[5,15,6,16],"rotation":90,"texture":"#1"}}},{"from":[4.095,9.98251,-2.04972],"to":[4.895,10.78251,-0.44972],"rotation":{"angle":45,"axis":"x","origin":[8,7.18464,8.005]},"faces":{"north":{"uv":[4,15,5,16],"texture":"#1"},"east":{"uv":[4,15,5,16],"texture":"#1"},"south":{"uv":[4,15,5,16],"texture":"#1"},"west":{"uv":[4,15,5,16],"texture":"#1"},"up":{"uv":[4,15,5,16],"rotation":270,"texture":"#1"},"down":{"uv":[4,15,5,16],"rotation":90,"texture":"#1"}}},{"from":[5.295,11.53606,-0.40327],"to":[3.695,9.93606,-3.00327],"rotation":{"angle":45,"axis":"x","origin":[8,7.18464,8.005]},"faces":{"north":{"uv":[5,14,6,15],"texture":"#1"},"east":{"uv":[5,14,6,15],"texture":"#1"},"south":{"uv":[5,14,6,15],"texture":"#1"},"west":{"uv":[5,14,6,15],"texture":"#1"},"up":{"uv":[5,14,6,15],"rotation":270,"texture":"#1"},"down":{"uv":[5,14,7.6,15],"rotation":90,"texture":"#1"}}},{"from":[4.055,11.2007,-1.66792],"to":[4.955,12.2007,-0.76792],"rotation":{"angle":45,"axis":"x","origin":[8,7.18464,8.005]},"faces":{"north":{"uv":[4,14,5,15],"texture":"#1"},"east":{"uv":[4,14,5,15],"texture":"#1"},"south":{"uv":[4,14,5,15],"texture":"#1"},"west":{"uv":[4,14,5,15],"texture":"#1"},"up":{"uv":[4,14,5,15],"rotation":270,"texture":"#1"},"down":{"uv":[4,14,5,15],"rotation":90,"texture":"#1"}}},{"from":[5.295,12.53606,-0.40327],"to":[3.695,11.53606,-2.00327],"rotation":{"angle":45,"axis":"x","origin":[8,7.18464,8.005]},"faces":{"north":{"uv":[5,14,6,15],"texture":"#1"},"east":{"uv":[5,14,6,15],"texture":"#1"},"south":{"uv":[5,14,6,15],"texture":"#1"},"west":{"uv":[5,14,6,15],"texture":"#1"},"down":{"uv":[5,14,6,15],"rotation":90,"texture":"#1"}}},{"from":[4.055,10.3007,-2.56792],"to":[4.955,11.2007,-0.76792],"rotation":{"angle":45,"axis":"x","origin":[8,7.18464,8.005]},"faces":{"north":{"uv":[4,14,5,15],"texture":"#1"},"east":{"uv":[4,14,5,15],"texture":"#1"},"south":{"uv":[4,14,5,15],"texture":"#1"},"west":{"uv":[4,14,5,15],"texture":"#1"},"up":{"uv":[4,14,5,15],"rotation":270,"texture":"#1"},"down":{"uv":[4,14,5,15],"rotation":90,"texture":"#1"}}},{"from":[5.295,11.88961,-0.75683],"to":[3.695,10.28961,-3.35683],"rotation":{"angle":45,"axis":"x","origin":[8,7.18464,8.005]},"faces":{"north":{"uv":[5,13,6,14],"texture":"#1"},"east":{"uv":[5,13,6,14],"texture":"#1"},"south":{"uv":[5,13,6,14],"texture":"#1"},"west":{"uv":[5,13,6,14],"texture":"#1"},"up":{"uv":[5,13,6,14],"rotation":270,"texture":"#1"},"down":{"uv":[5,13,7.6,14],"rotation":90,"texture":"#1"}}},{"from":[3.995,11.58961,-2.05683],"to":[4.995,12.58961,-1.05683],"rotation":{"angle":45,"axis":"x","origin":[8,7.18464,8.005]},"faces":{"north":{"uv":[4,13,5,14],"texture":"#1"},"east":{"uv":[4,13,5,14],"texture":"#1"},"south":{"uv":[4,13,5,14],"texture":"#1"},"west":{"uv":[4,13,5,14],"texture":"#1"},"up":{"uv":[4,13,5,14],"rotation":270,"texture":"#1"},"down":{"uv":[4,13,5,14],"rotation":90,"texture":"#1"}}},{"from":[5.295,12.88961,-0.75683],"to":[3.695,11.88961,-2.35683],"rotation":{"angle":45,"axis":"x","origin":[8,7.18464,8.005]},"faces":{"north":{"uv":[5,13,6,14],"texture":"#1"},"east":{"uv":[5,13,6,14],"texture":"#1"},"south":{"uv":[5,13,6,14],"texture":"#1"},"west":{"uv":[5,13,6,14],"texture":"#1"},"down":{"uv":[5,13,6,14],"rotation":90,"texture":"#1"}}},{"from":[3.995,10.58961,-3.05683],"to":[4.995,11.58961,-1.05683],"rotation":{"angle":45,"axis":"x","origin":[8,7.18464,8.005]},"faces":{"north":{"uv":[4,13,5,14],"texture":"#1"},"east":{"uv":[4,13,5,14],"texture":"#1"},"south":{"uv":[4,13,5,14],"texture":"#1"},"west":{"uv":[4,13,5,14],"texture":"#1"},"up":{"uv":[4,13,5,14],"rotation":270,"texture":"#1"},"down":{"uv":[4,13,5,14],"rotation":90,"texture":"#1"}}},{"from":[5.295,12.24317,-1.11038],"to":[3.695,10.64317,-3.71038],"rotation":{"angle":45,"axis":"x","origin":[8,7.18464,8.005]},"faces":{"north":{"uv":[5,12,6,13],"texture":"#1"},"east":{"uv":[5,12,6,13],"texture":"#1"},"south":{"uv":[5,12,6,13],"texture":"#1"},"west":{"uv":[5,12,6,13],"texture":"#1"},"up":{"uv":[5,12,6,13],"rotation":270,"texture":"#1"},"down":{"uv":[5,12,7.6,13],"rotation":90,"texture":"#1"}}},{"from":[3.995,11.94317,-2.41038],"to":[4.995,12.94317,-1.41038],"rotation":{"angle":45,"axis":"x","origin":[8,7.18464,8.005]},"faces":{"north":{"uv":[4,12,5,13],"texture":"#1"},"east":{"uv":[4,12,5,13],"texture":"#1"},"south":{"uv":[4,12,5,13],"texture":"#1"},"west":{"uv":[4,12,5,13],"texture":"#1"},"up":{"uv":[4,12,5,13],"rotation":270,"texture":"#1"},"down":{"uv":[4,12,5,13],"rotation":90,"texture":"#1"}}},{"from":[5.295,13.24317,-1.11038],"to":[3.695,12.24317,-2.71038],"rotation":{"angle":45,"axis":"x","origin":[8,7.18464,8.005]},"faces":{"north":{"uv":[5,12,6,13],"texture":"#1"},"east":{"uv":[5,12,6,13],"texture":"#1"},"south":{"uv":[5,12,6,13],"texture":"#1"},"west":{"uv":[5,12,6,13],"texture":"#1"},"down":{"uv":[5,12,6,13],"rotation":90,"texture":"#1"}}},{"from":[3.995,10.94317,-3.41038],"to":[4.995,11.94317,-1.41038],"rotation":{"angle":45,"axis":"x","origin":[8,7.18464,8.005]},"faces":{"north":{"uv":[4,12,5,13],"texture":"#1"},"east":{"uv":[4,12,5,13],"texture":"#1"},"south":{"uv":[4,12,5,13],"texture":"#1"},"west":{"uv":[4,12,5,13],"texture":"#1"},"up":{"uv":[4,12,5,13],"rotation":270,"texture":"#1"},"down":{"uv":[4,12,5,13],"rotation":90,"texture":"#1"}}},{"from":[5.295,12.59672,-1.46394],"to":[3.695,10.99672,-4.06394],"rotation":{"angle":45,"axis":"x","origin":[8,7.18464,8.005]},"faces":{"north":{"uv":[5,11,6,12],"texture":"#1"},"east":{"uv":[5,11,6,12],"texture":"#1"},"south":{"uv":[5,11,6,12],"texture":"#1"},"west":{"uv":[5,11,6,12],"texture":"#1"},"up":{"uv":[5,11,6,12],"rotation":270,"texture":"#1"},"down":{"uv":[5,11,7.6,12],"rotation":90,"texture":"#1"}}},{"from":[3.995,12.29672,-2.76394],"to":[4.995,13.29672,-1.76394],"rotation":{"angle":45,"axis":"x","origin":[8,7.18464,8.005]},"faces":{"north":{"uv":[4,11,5,12],"texture":"#1"},"east":{"uv":[4,11,5,12],"texture":"#1"},"south":{"uv":[4,11,5,12],"texture":"#1"},"west":{"uv":[4,11,5,12],"texture":"#1"},"up":{"uv":[4,11,5,12],"rotation":270,"texture":"#1"},"down":{"uv":[4,11,5,12],"rotation":90,"texture":"#1"}}},{"from":[5.295,13.59672,-1.46394],"to":[3.695,12.59672,-3.06394],"rotation":{"angle":45,"axis":"x","origin":[8,7.18464,8.005]},"faces":{"north":{"uv":[5,11,6,12],"texture":"#1"},"east":{"uv":[5,11,6,12],"texture":"#1"},"south":{"uv":[5,11,6,12],"texture":"#1"},"west":{"uv":[5,11,6,12],"texture":"#1"},"down":{"uv":[5,11,6,12],"rotation":90,"texture":"#1"}}},{"from":[3.995,11.29672,-3.76394],"to":[4.995,12.29672,-1.76394],"rotation":{"angle":45,"axis":"x","origin":[8,7.18464,8.005]},"faces":{"north":{"uv":[4,11,5,12],"texture":"#1"},"east":{"uv":[4,11,5,12],"texture":"#1"},"south":{"uv":[4,11,5,12],"texture":"#1"},"west":{"uv":[4,11,5,12],"texture":"#1"},"up":{"uv":[4,11,5,12],"rotation":270,"texture":"#1"},"down":{"uv":[4,11,5,12],"rotation":90,"texture":"#1"}}},{"from":[5.295,12.95027,-1.81749],"to":[3.695,11.35027,-4.41749],"rotation":{"angle":45,"axis":"x","origin":[8,7.18464,8.005]},"faces":{"north":{"uv":[5,10,6,11],"texture":"#1"},"east":{"uv":[5,10,6,11],"texture":"#1"},"south":{"uv":[5,10,6,11],"texture":"#1"},"west":{"uv":[5,10,6,11],"texture":"#1"},"up":{"uv":[5,10,6,11],"rotation":270,"texture":"#1"},"down":{"uv":[5,10,7.6,11],"rotation":90,"texture":"#1"}}},{"from":[4.045,12.65027,-3.06749],"to":[4.945,13.55027,-2.16749],"rotation":{"angle":45,"axis":"x","origin":[8,7.18464,8.005]},"faces":{"north":{"uv":[4,10,5,11],"texture":"#1"},"east":{"uv":[4,10,5,11],"texture":"#1"},"south":{"uv":[4,10,5,11],"texture":"#1"},"west":{"uv":[4,10,5,11],"texture":"#1"},"up":{"uv":[4,10,5,11],"rotation":270,"texture":"#1"},"down":{"uv":[4,10,5,11],"rotation":90,"texture":"#1"}}},{"from":[5.295,13.95027,-1.81749],"to":[3.695,12.95027,-3.41749],"rotation":{"angle":45,"axis":"x","origin":[8,7.18464,8.005]},"faces":{"north":{"uv":[5,10,6,11],"texture":"#1"},"east":{"uv":[5,10,6,11],"texture":"#1"},"south":{"uv":[5,10,6,11],"texture":"#1"},"west":{"uv":[5,10,6,11],"texture":"#1"},"down":{"uv":[5,10,6,11],"rotation":90,"texture":"#1"}}},{"from":[4.045,11.75027,-3.96749],"to":[4.945,12.65027,-2.16749],"rotation":{"angle":45,"axis":"x","origin":[8,7.18464,8.005]},"faces":{"north":{"uv":[4,10,5,11],"texture":"#1"},"east":{"uv":[4,10,5,11],"texture":"#1"},"south":{"uv":[4,10,5,11],"texture":"#1"},"west":{"uv":[4,10,5,11],"texture":"#1"},"up":{"uv":[4,10,5,11],"rotation":270,"texture":"#1"},"down":{"uv":[4,10,5,11],"rotation":90,"texture":"#1"}}},{"from":[5.295,13.30383,-2.17104],"to":[3.695,11.70383,-4.77104],"rotation":{"angle":45,"axis":"x","origin":[8,7.18464,8.005]},"faces":{"north":{"uv":[5,9,6,10],"texture":"#1"},"east":{"uv":[5,9,6,10],"texture":"#1"},"south":{"uv":[5,9,6,10],"texture":"#1"},"west":{"uv":[5,9,6,10],"texture":"#1"},"up":{"uv":[5,9,6,10],"rotation":270,"texture":"#1"},"down":{"uv":[5,9,7.6,10],"rotation":90,"texture":"#1"}}},{"from":[4.095,12.90383,-3.37104],"to":[4.895,13.70383,-2.57104],"rotation":{"angle":45,"axis":"x","origin":[8,7.18464,8.005]},"faces":{"north":{"uv":[4,9,5,10],"texture":"#1"},"east":{"uv":[4,9,5,10],"texture":"#1"},"south":{"uv":[4,9,5,10],"texture":"#1"},"west":{"uv":[4,9,5,10],"texture":"#1"},"up":{"uv":[4,9,5,10],"rotation":270,"texture":"#1"},"down":{"uv":[4,9,5,10],"rotation":90,"texture":"#1"}}},{"from":[5.295,14.30383,-2.17104],"to":[3.695,13.30383,-3.77104],"rotation":{"angle":45,"axis":"x","origin":[8,7.18464,8.005]},"faces":{"north":{"uv":[5,9,6,10],"texture":"#1"},"east":{"uv":[5,9,6,10],"texture":"#1"},"south":{"uv":[5,9,6,10],"texture":"#1"},"west":{"uv":[5,9,6,10],"texture":"#1"},"down":{"uv":[5,9,6,10],"rotation":90,"texture":"#1"}}},{"from":[4.095,12.10383,-4.17104],"to":[4.895,12.90383,-2.57104],"rotation":{"angle":45,"axis":"x","origin":[8,7.18464,8.005]},"faces":{"north":{"uv":[4,9,5,10],"texture":"#1"},"east":{"uv":[4,9,5,10],"texture":"#1"},"south":{"uv":[4,9,5,10],"texture":"#1"},"west":{"uv":[4,9,5,10],"texture":"#1"},"up":{"uv":[4,9,5,10],"rotation":270,"texture":"#1"},"down":{"uv":[4,9,5,10],"rotation":90,"texture":"#1"}}},{"from":[5.295,16.83936,5.60713],"to":[3.695,15.23936,3.00713],"rotation":{"angle":45,"axis":"x","origin":[8,7.18464,8.005]},"faces":{"north":{"uv":[9,15,10,16],"texture":"#1"},"east":{"uv":[9,15,10,16],"texture":"#1"},"south":{"uv":[9,15,10,16],"texture":"#1"},"west":{"uv":[9,15,10,16],"texture":"#1"},"up":{"uv":[9,15,10,16],"rotation":270,"texture":"#1"},"down":{"uv":[9,15,11.6,16],"rotation":90,"texture":"#1"}}},{"from":[4.095,16.43936,4.40713],"to":[4.895,17.23936,5.20713],"rotation":{"angle":45,"axis":"x","origin":[8,7.18464,8.005]},"faces":{"north":{"uv":[8,15,9,16],"texture":"#1"},"east":{"uv":[8,15,9,16],"texture":"#1"},"south":{"uv":[8,15,9,16],"texture":"#1"},"west":{"uv":[8,15,9,16],"texture":"#1"},"up":{"uv":[8,15,9,16],"rotation":270,"texture":"#1"},"down":{"uv":[8,15,9,16],"rotation":90,"texture":"#1"}}},{"from":[5.295,17.83936,5.60713],"to":[3.695,16.83936,4.00713],"rotation":{"angle":45,"axis":"x","origin":[8,7.18464,8.005]},"faces":{"north":{"uv":[9,15,10,16],"texture":"#1"},"east":{"uv":[9,15,10,16],"texture":"#1"},"south":{"uv":[9,15,10,16],"texture":"#1"},"west":{"uv":[9,15,10,16],"texture":"#1"},"down":{"uv":[9,15,10,16],"rotation":90,"texture":"#1"}}},{"from":[4.095,15.63936,3.60713],"to":[4.895,16.43936,5.20713],"rotation":{"angle":45,"axis":"x","origin":[8,7.18464,8.005]},"faces":{"north":{"uv":[8,15,9,16],"texture":"#1"},"east":{"uv":[8,15,9,16],"texture":"#1"},"south":{"uv":[8,15,9,16],"texture":"#1"},"west":{"uv":[8,15,9,16],"texture":"#1"},"up":{"uv":[8,15,9,16],"rotation":270,"texture":"#1"},"down":{"uv":[8,15,9,16],"rotation":90,"texture":"#1"}}},{"from":[5.295,17.19291,5.25358],"to":[3.695,15.59291,2.65358],"rotation":{"angle":45,"axis":"x","origin":[8,7.18464,8.005]},"faces":{"north":{"uv":[9,14,10,15],"texture":"#1"},"east":{"uv":[9,14,10,15],"texture":"#1"},"south":{"uv":[9,14,10,15],"texture":"#1"},"west":{"uv":[9,14,10,15],"texture":"#1"},"up":{"uv":[9,14,10,15],"rotation":270,"texture":"#1"},"down":{"uv":[9,14,11.6,15],"rotation":90,"texture":"#1"}}},{"from":[4.055,16.85756,3.98893],"to":[4.955,17.85756,4.88893],"rotation":{"angle":45,"axis":"x","origin":[8,7.18464,8.005]},"faces":{"north":{"uv":[8,14,9,15],"texture":"#1"},"east":{"uv":[8,14,9,15],"texture":"#1"},"south":{"uv":[8,14,9,15],"texture":"#1"},"west":{"uv":[8,14,9,15],"texture":"#1"},"up":{"uv":[8,14,9,15],"rotation":270,"texture":"#1"},"down":{"uv":[8,14,9,15],"rotation":90,"texture":"#1"}}},{"from":[5.295,18.19291,5.25358],"to":[3.695,17.19291,3.65358],"rotation":{"angle":45,"axis":"x","origin":[8,7.18464,8.005]},"faces":{"north":{"uv":[9,14,10,15],"texture":"#1"},"east":{"uv":[9,14,10,15],"texture":"#1"},"south":{"uv":[9,14,10,15],"texture":"#1"},"west":{"uv":[9,14,10,15],"texture":"#1"},"down":{"uv":[9,14,10,15],"rotation":90,"texture":"#1"}}},{"from":[4.055,15.95756,3.08893],"to":[4.955,16.85756,4.88893],"rotation":{"angle":45,"axis":"x","origin":[8,7.18464,8.005]},"faces":{"north":{"uv":[8,14,9,15],"texture":"#1"},"east":{"uv":[8,14,9,15],"texture":"#1"},"south":{"uv":[8,14,9,15],"texture":"#1"},"west":{"uv":[8,14,9,15],"texture":"#1"},"up":{"uv":[8,14,9,15],"rotation":270,"texture":"#1"},"down":{"uv":[8,14,9,15],"rotation":90,"texture":"#1"}}},{"from":[5.295,17.54647,4.90003],"to":[3.695,15.94647,2.30003],"rotation":{"angle":45,"axis":"x","origin":[8,7.18464,8.005]},"faces":{"north":{"uv":[9,13,10,14],"texture":"#1"},"east":{"uv":[9,13,10,14],"texture":"#1"},"south":{"uv":[9,13,10,14],"texture":"#1"},"west":{"uv":[9,13,10,14],"texture":"#1"},"up":{"uv":[9,13,10,14],"rotation":270,"texture":"#1"},"down":{"uv":[9,13,11.6,14],"rotation":90,"texture":"#1"}}},{"from":[3.995,17.24647,3.60003],"to":[4.995,18.24647,4.60003],"rotation":{"angle":45,"axis":"x","origin":[8,7.18464,8.005]},"faces":{"north":{"uv":[8,13,9,14],"texture":"#1"},"east":{"uv":[8,13,9,14],"texture":"#1"},"south":{"uv":[8,13,9,14],"texture":"#1"},"west":{"uv":[8,13,9,14],"texture":"#1"},"up":{"uv":[8,13,9,14],"rotation":270,"texture":"#1"},"down":{"uv":[8,13,9,14],"rotation":90,"texture":"#1"}}},{"from":[5.295,18.54647,4.90003],"to":[3.695,17.54647,3.30003],"rotation":{"angle":45,"axis":"x","origin":[8,7.18464,8.005]},"faces":{"north":{"uv":[9,13,10,14],"texture":"#1"},"east":{"uv":[9,13,10,14],"texture":"#1"},"south":{"uv":[9,13,10,14],"texture":"#1"},"west":{"uv":[9,13,10,14],"texture":"#1"},"down":{"uv":[9,13,10,14],"rotation":90,"texture":"#1"}}},{"from":[3.995,16.24647,2.60003],"to":[4.995,17.24647,4.60003],"rotation":{"angle":45,"axis":"x","origin":[8,7.18464,8.005]},"faces":{"north":{"uv":[8,13,9,14],"texture":"#1"},"east":{"uv":[8,13,9,14],"texture":"#1"},"south":{"uv":[8,13,9,14],"texture":"#1"},"west":{"uv":[8,13,9,14],"texture":"#1"},"up":{"uv":[8,13,9,14],"rotation":270,"texture":"#1"},"down":{"uv":[8,13,9,14],"rotation":90,"texture":"#1"}}},{"from":[5.295,17.90002,4.54647],"to":[3.695,16.30002,1.94647],"rotation":{"angle":45,"axis":"x","origin":[8,7.18464,8.005]},"faces":{"north":{"uv":[9,12,10,13],"texture":"#1"},"east":{"uv":[9,12,10,13],"texture":"#1"},"south":{"uv":[9,12,10,13],"texture":"#1"},"west":{"uv":[9,12,10,13],"texture":"#1"},"up":{"uv":[9,12,10,13],"rotation":270,"texture":"#1"},"down":{"uv":[9,12,11.6,13],"rotation":90,"texture":"#1"}}},{"from":[3.995,17.60002,3.24647],"to":[4.995,18.60002,4.24647],"rotation":{"angle":45,"axis":"x","origin":[8,7.18464,8.005]},"faces":{"north":{"uv":[8,12,9,13],"texture":"#1"},"east":{"uv":[8,12,9,13],"texture":"#1"},"south":{"uv":[8,12,9,13],"texture":"#1"},"west":{"uv":[8,12,9,13],"texture":"#1"},"up":{"uv":[8,12,9,13],"rotation":270,"texture":"#1"},"down":{"uv":[8,12,9,13],"rotation":90,"texture":"#1"}}},{"from":[5.295,18.90002,4.54647],"to":[3.695,17.90002,2.94647],"rotation":{"angle":45,"axis":"x","origin":[8,7.18464,8.005]},"faces":{"north":{"uv":[9,12,10,13],"texture":"#1"},"east":{"uv":[9,12,10,13],"texture":"#1"},"south":{"uv":[9,12,10,13],"texture":"#1"},"west":{"uv":[9,12,10,13],"texture":"#1"},"down":{"uv":[9,12,10,13],"rotation":90,"texture":"#1"}}},{"from":[3.995,16.60002,2.24647],"to":[4.995,17.60002,4.24647],"rotation":{"angle":45,"axis":"x","origin":[8,7.18464,8.005]},"faces":{"north":{"uv":[8,12,9,13],"texture":"#1"},"east":{"uv":[8,12,9,13],"texture":"#1"},"south":{"uv":[8,12,9,13],"texture":"#1"},"west":{"uv":[8,12,9,13],"texture":"#1"},"up":{"uv":[8,12,9,13],"rotation":270,"texture":"#1"},"down":{"uv":[8,12,9,13],"rotation":90,"texture":"#1"}}},{"from":[5.295,18.25357,4.19292],"to":[3.695,16.65357,1.59292],"rotation":{"angle":45,"axis":"x","origin":[8,7.18464,8.005]},"faces":{"north":{"uv":[9,11,10,12],"texture":"#1"},"east":{"uv":[9,11,10,12],"texture":"#1"},"south":{"uv":[9,11,10,12],"texture":"#1"},"west":{"uv":[9,11,10,12],"texture":"#1"},"up":{"uv":[9,11,10,12],"rotation":270,"texture":"#1"},"down":{"uv":[9,11,11.6,12],"rotation":90,"texture":"#1"}}},{"from":[3.995,17.95357,2.89292],"to":[4.995,18.95357,3.89292],"rotation":{"angle":45,"axis":"x","origin":[8,7.18464,8.005]},"faces":{"north":{"uv":[8,11,9,12],"texture":"#1"},"east":{"uv":[8,11,9,12],"texture":"#1"},"south":{"uv":[8,11,9,12],"texture":"#1"},"west":{"uv":[8,11,9,12],"texture":"#1"},"up":{"uv":[8,11,9,12],"rotation":270,"texture":"#1"},"down":{"uv":[8,11,9,12],"rotation":90,"texture":"#1"}}},{"from":[5.295,19.25357,4.19292],"to":[3.695,18.25357,2.59292],"rotation":{"angle":45,"axis":"x","origin":[8,7.18464,8.005]},"faces":{"north":{"uv":[9,11,10,12],"texture":"#1"},"east":{"uv":[9,11,10,12],"texture":"#1"},"south":{"uv":[9,11,10,12],"texture":"#1"},"west":{"uv":[9,11,10,12],"texture":"#1"},"down":{"uv":[9,11,10,12],"rotation":90,"texture":"#1"}}},{"from":[3.995,16.95357,1.89292],"to":[4.995,17.95357,3.89292],"rotation":{"angle":45,"axis":"x","origin":[8,7.18464,8.005]},"faces":{"north":{"uv":[8,11,9,12],"texture":"#1"},"east":{"uv":[8,11,9,12],"texture":"#1"},"south":{"uv":[8,11,9,12],"texture":"#1"},"west":{"uv":[8,11,9,12],"texture":"#1"},"up":{"uv":[8,11,9,12],"rotation":270,"texture":"#1"},"down":{"uv":[8,11,9,12],"rotation":90,"texture":"#1"}}},{"from":[5.295,18.60713,3.83937],"to":[3.695,17.00713,1.23937],"rotation":{"angle":45,"axis":"x","origin":[8,7.18464,8.005]},"faces":{"north":{"uv":[9,10,10,11],"texture":"#1"},"east":{"uv":[9,10,10,11],"texture":"#1"},"south":{"uv":[9,10,10,11],"texture":"#1"},"west":{"uv":[9,10,10,11],"texture":"#1"},"up":{"uv":[9,10,10,11],"rotation":270,"texture":"#1"},"down":{"uv":[9,10,11.6,11],"rotation":90,"texture":"#1"}}},{"from":[4.045,18.30713,2.58937],"to":[4.945,19.20713,3.48937],"rotation":{"angle":45,"axis":"x","origin":[8,7.18464,8.005]},"faces":{"north":{"uv":[8,10,9,11],"texture":"#1"},"east":{"uv":[8,10,9,11],"texture":"#1"},"south":{"uv":[8,10,9,11],"texture":"#1"},"west":{"uv":[8,10,9,11],"texture":"#1"},"up":{"uv":[8,10,9,11],"rotation":270,"texture":"#1"},"down":{"uv":[8,10,9,11],"rotation":90,"texture":"#1"}}},{"from":[5.295,19.60713,3.83937],"to":[3.695,18.60713,2.23937],"rotation":{"angle":45,"axis":"x","origin":[8,7.18464,8.005]},"faces":{"north":{"uv":[9,10,10,11],"texture":"#1"},"east":{"uv":[9,10,10,11],"texture":"#1"},"south":{"uv":[9,10,10,11],"texture":"#1"},"west":{"uv":[9,10,10,11],"texture":"#1"},"down":{"uv":[9,10,10,11],"rotation":90,"texture":"#1"}}},{"from":[4.045,17.40713,1.68937],"to":[4.945,18.30713,3.48937],"rotation":{"angle":45,"axis":"x","origin":[8,7.18464,8.005]},"faces":{"north":{"uv":[8,10,9,11],"texture":"#1"},"east":{"uv":[8,10,9,11],"texture":"#1"},"south":{"uv":[8,10,9,11],"texture":"#1"},"west":{"uv":[8,10,9,11],"texture":"#1"},"up":{"uv":[8,10,9,11],"rotation":270,"texture":"#1"},"down":{"uv":[8,10,9,11],"rotation":90,"texture":"#1"}}},{"from":[5.295,18.96068,3.48581],"to":[3.695,17.36068,0.88581],"rotation":{"angle":45,"axis":"x","origin":[8,7.18464,8.005]},"faces":{"north":{"uv":[9,9,10,10],"texture":"#1"},"east":{"uv":[9,9,10,10],"texture":"#1"},"south":{"uv":[9,9,10,10],"texture":"#1"},"west":{"uv":[9,9,10,10],"texture":"#1"},"up":{"uv":[9,9,10,10],"rotation":270,"texture":"#1"},"down":{"uv":[9,9,11.6,10],"rotation":90,"texture":"#1"}}},{"from":[4.095,18.56068,2.28581],"to":[4.895,19.36068,3.08581],"rotation":{"angle":45,"axis":"x","origin":[8,7.18464,8.005]},"faces":{"north":{"uv":[8,9,9,10],"texture":"#1"},"east":{"uv":[8,9,9,10],"texture":"#1"},"south":{"uv":[8,9,9,10],"texture":"#1"},"west":{"uv":[8,9,9,10],"texture":"#1"},"up":{"uv":[8,9,9,10],"rotation":270,"texture":"#1"},"down":{"uv":[8,9,9,10],"rotation":90,"texture":"#1"}}},{"from":[5.295,19.96068,3.48581],"to":[3.695,18.96068,1.88581],"rotation":{"angle":45,"axis":"x","origin":[8,7.18464,8.005]},"faces":{"north":{"uv":[9,9,10,10],"texture":"#1"},"east":{"uv":[9,9,10,10],"texture":"#1"},"south":{"uv":[9,9,10,10],"texture":"#1"},"west":{"uv":[9,9,10,10],"texture":"#1"},"down":{"uv":[9,9,10,10],"rotation":90,"texture":"#1"}}},{"from":[4.095,17.76068,1.48581],"to":[4.895,18.56068,3.08581],"rotation":{"angle":45,"axis":"x","origin":[8,7.18464,8.005]},"faces":{"north":{"uv":[8,9,9,10],"texture":"#1"},"east":{"uv":[8,9,9,10],"texture":"#1"},"south":{"uv":[8,9,9,10],"texture":"#1"},"west":{"uv":[8,9,9,10],"texture":"#1"},"up":{"uv":[8,9,9,10],"rotation":270,"texture":"#1"},"down":{"uv":[8,9,9,10],"rotation":90,"texture":"#1"}}},{"from":[12.295,9.06119,2.0716],"to":[10.695,7.46119,-0.5284],"rotation":{"angle":45,"axis":"x","origin":[8,7.18464,8.005]},"faces":{"north":{"uv":[13,15,14,16],"texture":"#1"},"east":{"uv":[13,15,14,16],"texture":"#1"},"south":{"uv":[13,15,14,16],"texture":"#1"},"west":{"uv":[13,15,14,16],"texture":"#1"},"up":{"uv":[13,15,14,16],"rotation":270,"texture":"#1"},"down":{"uv":[13,15,15.6,16],"rotation":90,"texture":"#1"}}},{"from":[11.095,8.66119,0.8716],"to":[11.895,9.46119,1.6716],"rotation":{"angle":45,"axis":"x","origin":[8,7.18464,8.005]},"faces":{"north":{"uv":[12,15,13,16],"texture":"#1"},"east":{"uv":[12,15,13,16],"texture":"#1"},"south":{"uv":[12,15,13,16],"texture":"#1"},"west":{"uv":[12,15,13,16],"texture":"#1"},"up":{"uv":[12,15,13,16],"rotation":270,"texture":"#1"},"down":{"uv":[12,15,13,16],"rotation":90,"texture":"#1"}}},{"from":[12.295,10.06119,2.0716],"to":[10.695,9.06119,0.4716],"rotation":{"angle":45,"axis":"x","origin":[8,7.18464,8.005]},"faces":{"north":{"uv":[13,15,14,16],"texture":"#1"},"east":{"uv":[13,15,14,16],"texture":"#1"},"south":{"uv":[13,15,14,16],"texture":"#1"},"west":{"uv":[13,15,14,16],"texture":"#1"},"down":{"uv":[13,15,14,16],"rotation":90,"texture":"#1"}}},{"from":[11.095,7.86119,0.0716],"to":[11.895,8.66119,1.6716],"rotation":{"angle":45,"axis":"x","origin":[8,7.18464,8.005]},"faces":{"north":{"uv":[12,15,13,16],"texture":"#1"},"east":{"uv":[12,15,13,16],"texture":"#1"},"south":{"uv":[12,15,13,16],"texture":"#1"},"west":{"uv":[12,15,13,16],"texture":"#1"},"up":{"uv":[12,15,13,16],"rotation":270,"texture":"#1"},"down":{"uv":[12,15,13,16],"rotation":90,"texture":"#1"}}},{"from":[12.295,9.41474,1.71805],"to":[10.695,7.81474,-0.88195],"rotation":{"angle":45,"axis":"x","origin":[8,7.18464,8.005]},"faces":{"north":{"uv":[13,14,14,15],"texture":"#1"},"east":{"uv":[13,14,14,15],"texture":"#1"},"south":{"uv":[13,14,14,15],"texture":"#1"},"west":{"uv":[13,14,14,15],"texture":"#1"},"up":{"uv":[13,14,14,15],"rotation":270,"texture":"#1"},"down":{"uv":[13,14,15.6,15],"rotation":90,"texture":"#1"}}},{"from":[11.055,9.07938,0.4534],"to":[11.955,10.07938,1.3534],"rotation":{"angle":45,"axis":"x","origin":[8,7.18464,8.005]},"faces":{"north":{"uv":[12,14,13,15],"texture":"#1"},"east":{"uv":[12,14,13,15],"texture":"#1"},"south":{"uv":[12,14,13,15],"texture":"#1"},"west":{"uv":[12,14,13,15],"texture":"#1"},"up":{"uv":[12,14,13,15],"rotation":270,"texture":"#1"},"down":{"uv":[12,14,13,15],"rotation":90,"texture":"#1"}}},{"from":[12.295,10.41474,1.71805],"to":[10.695,9.41474,0.11805],"rotation":{"angle":45,"axis":"x","origin":[8,7.18464,8.005]},"faces":{"north":{"uv":[13,14,14,15],"texture":"#1"},"east":{"uv":[13,14,14,15],"texture":"#1"},"south":{"uv":[13,14,14,15],"texture":"#1"},"west":{"uv":[13,14,14,15],"texture":"#1"},"down":{"uv":[13,14,14,15],"rotation":90,"texture":"#1"}}},{"from":[11.055,8.17938,-0.4466],"to":[11.955,9.07938,1.3534],"rotation":{"angle":45,"axis":"x","origin":[8,7.18464,8.005]},"faces":{"north":{"uv":[12,14,13,15],"texture":"#1"},"east":{"uv":[12,14,13,15],"texture":"#1"},"south":{"uv":[12,14,13,15],"texture":"#1"},"west":{"uv":[12,14,13,15],"texture":"#1"},"up":{"uv":[12,14,13,15],"rotation":270,"texture":"#1"},"down":{"uv":[12,14,13,15],"rotation":90,"texture":"#1"}}},{"from":[12.295,9.76829,1.36449],"to":[10.695,8.16829,-1.23551],"rotation":{"angle":45,"axis":"x","origin":[8,7.18464,8.005]},"faces":{"north":{"uv":[13,13,14,14],"texture":"#1"},"east":{"uv":[13,13,14,14],"texture":"#1"},"south":{"uv":[13,13,14,14],"texture":"#1"},"west":{"uv":[13,13,14,14],"texture":"#1"},"up":{"uv":[13,13,14,14],"rotation":270,"texture":"#1"},"down":{"uv":[13,13,15.6,14],"rotation":90,"texture":"#1"}}},{"from":[10.995,9.46829,0.06449],"to":[11.995,10.46829,1.06449],"rotation":{"angle":45,"axis":"x","origin":[8,7.18464,8.005]},"faces":{"north":{"uv":[12,13,13,14],"texture":"#1"},"east":{"uv":[12,13,13,14],"texture":"#1"},"south":{"uv":[12,13,13,14],"texture":"#1"},"west":{"uv":[12,13,13,14],"texture":"#1"},"up":{"uv":[12,13,13,14],"rotation":270,"texture":"#1"},"down":{"uv":[12,13,13,14],"rotation":90,"texture":"#1"}}},{"from":[12.295,10.76829,1.36449],"to":[10.695,9.76829,-0.23551],"rotation":{"angle":45,"axis":"x","origin":[8,7.18464,8.005]},"faces":{"north":{"uv":[13,13,14,14],"texture":"#1"},"east":{"uv":[13,13,14,14],"texture":"#1"},"south":{"uv":[13,13,14,14],"texture":"#1"},"west":{"uv":[13,13,14,14],"texture":"#1"},"down":{"uv":[13,13,14,14],"rotation":90,"texture":"#1"}}},{"from":[10.995,8.46829,-0.93551],"to":[11.995,9.46829,1.06449],"rotation":{"angle":45,"axis":"x","origin":[8,7.18464,8.005]},"faces":{"north":{"uv":[12,13,13,14],"texture":"#1"},"east":{"uv":[12,13,13,14],"texture":"#1"},"south":{"uv":[12,13,13,14],"texture":"#1"},"west":{"uv":[12,13,13,14],"texture":"#1"},"up":{"uv":[12,13,13,14],"rotation":270,"texture":"#1"},"down":{"uv":[12,13,13,14],"rotation":90,"texture":"#1"}}},{"from":[12.295,10.12185,1.01094],"to":[10.695,8.52185,-1.58906],"rotation":{"angle":45,"axis":"x","origin":[8,7.18464,8.005]},"faces":{"north":{"uv":[13,12,14,13],"texture":"#1"},"east":{"uv":[13,12,14,13],"texture":"#1"},"south":{"uv":[13,12,14,13],"texture":"#1"},"west":{"uv":[13,12,14,13],"texture":"#1"},"up":{"uv":[13,12,14,13],"rotation":270,"texture":"#1"},"down":{"uv":[13,12,15.6,13],"rotation":90,"texture":"#1"}}},{"from":[10.995,9.82185,-0.28906],"to":[11.995,10.82185,0.71094],"rotation":{"angle":45,"axis":"x","origin":[8,7.18464,8.005]},"faces":{"north":{"uv":[12,12,13,13],"texture":"#1"},"east":{"uv":[12,12,13,13],"texture":"#1"},"south":{"uv":[12,12,13,13],"texture":"#1"},"west":{"uv":[12,12,13,13],"texture":"#1"},"up":{"uv":[12,12,13,13],"rotation":270,"texture":"#1"},"down":{"uv":[12,12,13,13],"rotation":90,"texture":"#1"}}},{"from":[12.295,11.12185,1.01094],"to":[10.695,10.12185,-0.58906],"rotation":{"angle":45,"axis":"x","origin":[8,7.18464,8.005]},"faces":{"north":{"uv":[13,12,14,13],"texture":"#1"},"east":{"uv":[13,12,14,13],"texture":"#1"},"south":{"uv":[13,12,14,13],"texture":"#1"},"west":{"uv":[13,12,14,13],"texture":"#1"},"down":{"uv":[13,12,14,13],"rotation":90,"texture":"#1"}}},{"from":[10.995,8.82185,-1.28906],"to":[11.995,9.82185,0.71094],"rotation":{"angle":45,"axis":"x","origin":[8,7.18464,8.005]},"faces":{"north":{"uv":[12,12,13,13],"texture":"#1"},"east":{"uv":[12,12,13,13],"texture":"#1"},"south":{"uv":[12,12,13,13],"texture":"#1"},"west":{"uv":[12,12,13,13],"texture":"#1"},"up":{"uv":[12,12,13,13],"rotation":270,"texture":"#1"},"down":{"uv":[12,12,13,13],"rotation":90,"texture":"#1"}}},{"from":[12.295,10.4754,0.65739],"to":[10.695,8.8754,-1.94261],"rotation":{"angle":45,"axis":"x","origin":[8,7.18464,8.005]},"faces":{"north":{"uv":[13,11,14,12],"texture":"#1"},"east":{"uv":[13,11,14,12],"texture":"#1"},"south":{"uv":[13,11,14,12],"texture":"#1"},"west":{"uv":[13,11,14,12],"texture":"#1"},"up":{"uv":[13,11,14,12],"rotation":270,"texture":"#1"},"down":{"uv":[13,11,15.6,12],"rotation":90,"texture":"#1"}}},{"from":[10.995,10.1754,-0.64261],"to":[11.995,11.1754,0.35739],"rotation":{"angle":45,"axis":"x","origin":[8,7.18464,8.005]},"faces":{"north":{"uv":[12,11,13,12],"texture":"#1"},"east":{"uv":[12,11,13,12],"texture":"#1"},"south":{"uv":[12,11,13,12],"texture":"#1"},"west":{"uv":[12,11,13,12],"texture":"#1"},"up":{"uv":[12,11,13,12],"rotation":270,"texture":"#1"},"down":{"uv":[12,11,13,12],"rotation":90,"texture":"#1"}}},{"from":[12.295,11.4754,0.65739],"to":[10.695,10.4754,-0.94261],"rotation":{"angle":45,"axis":"x","origin":[8,7.18464,8.005]},"faces":{"north":{"uv":[13,11,14,12],"texture":"#1"},"east":{"uv":[13,11,14,12],"texture":"#1"},"south":{"uv":[13,11,14,12],"texture":"#1"},"west":{"uv":[13,11,14,12],"texture":"#1"},"down":{"uv":[13,11,14,12],"rotation":90,"texture":"#1"}}},{"from":[10.995,9.1754,-1.64261],"to":[11.995,10.1754,0.35739],"rotation":{"angle":45,"axis":"x","origin":[8,7.18464,8.005]},"faces":{"north":{"uv":[12,11,13,12],"texture":"#1"},"east":{"uv":[12,11,13,12],"texture":"#1"},"south":{"uv":[12,11,13,12],"texture":"#1"},"west":{"uv":[12,11,13,12],"texture":"#1"},"up":{"uv":[12,11,13,12],"rotation":270,"texture":"#1"},"down":{"uv":[12,11,13,12],"rotation":90,"texture":"#1"}}},{"from":[12.295,10.82895,0.30383],"to":[10.695,9.22895,-2.29617],"rotation":{"angle":45,"axis":"x","origin":[8,7.18464,8.005]},"faces":{"north":{"uv":[13,10,14,11],"texture":"#1"},"east":{"uv":[13,10,14,11],"texture":"#1"},"south":{"uv":[13,10,14,11],"texture":"#1"},"west":{"uv":[13,10,14,11],"texture":"#1"},"up":{"uv":[13,10,14,11],"rotation":270,"texture":"#1"},"down":{"uv":[13,10,15.6,11],"rotation":90,"texture":"#1"}}},{"from":[11.045,10.52895,-0.94617],"to":[11.945,11.42895,-0.04617],"rotation":{"angle":45,"axis":"x","origin":[8,7.18464,8.005]},"faces":{"north":{"uv":[12,10,13,11],"texture":"#1"},"east":{"uv":[12,10,13,11],"texture":"#1"},"south":{"uv":[12,10,13,11],"texture":"#1"},"west":{"uv":[12,10,13,11],"texture":"#1"},"up":{"uv":[12,10,13,11],"rotation":270,"texture":"#1"},"down":{"uv":[12,10,13,11],"rotation":90,"texture":"#1"}}},{"from":[12.295,11.82895,0.30383],"to":[10.695,10.82895,-1.29617],"rotation":{"angle":45,"axis":"x","origin":[8,7.18464,8.005]},"faces":{"north":{"uv":[13,10,14,11],"texture":"#1"},"east":{"uv":[13,10,14,11],"texture":"#1"},"south":{"uv":[13,10,14,11],"texture":"#1"},"west":{"uv":[13,10,14,11],"texture":"#1"},"down":{"uv":[13,10,14,11],"rotation":90,"texture":"#1"}}},{"from":[11.045,9.62895,-1.84617],"to":[11.945,10.52895,-0.04617],"rotation":{"angle":45,"axis":"x","origin":[8,7.18464,8.005]},"faces":{"north":{"uv":[12,10,13,11],"texture":"#1"},"east":{"uv":[12,10,13,11],"texture":"#1"},"south":{"uv":[12,10,13,11],"texture":"#1"},"west":{"uv":[12,10,13,11],"texture":"#1"},"up":{"uv":[12,10,13,11],"rotation":270,"texture":"#1"},"down":{"uv":[12,10,13,11],"rotation":90,"texture":"#1"}}},{"from":[12.295,11.18251,-0.04972],"to":[10.695,9.58251,-2.64972],"rotation":{"angle":45,"axis":"x","origin":[8,7.18464,8.005]},"faces":{"north":{"uv":[13,9,14,10],"texture":"#1"},"east":{"uv":[13,9,14,10],"texture":"#1"},"south":{"uv":[13,9,14,10],"texture":"#1"},"west":{"uv":[13,9,14,10],"texture":"#1"},"up":{"uv":[13,9,14,10],"rotation":270,"texture":"#1"},"down":{"uv":[13,9,15.6,10],"rotation":90,"texture":"#1"}}},{"from":[11.095,10.78251,-1.24972],"to":[11.895,11.58251,-0.44972],"rotation":{"angle":45,"axis":"x","origin":[8,7.18464,8.005]},"faces":{"north":{"uv":[12,9,13,10],"texture":"#1"},"east":{"uv":[12,9,13,10],"texture":"#1"},"south":{"uv":[12,9,13,10],"texture":"#1"},"west":{"uv":[12,9,13,10],"texture":"#1"},"up":{"uv":[12,9,13,10],"rotation":270,"texture":"#1"},"down":{"uv":[12,9,13,10],"rotation":90,"texture":"#1"}}},{"from":[12.295,12.18251,-0.04972],"to":[10.695,11.18251,-1.64972],"rotation":{"angle":45,"axis":"x","origin":[8,7.18464,8.005]},"faces":{"north":{"uv":[13,9,14,10],"texture":"#1"},"east":{"uv":[13,9,14,10],"texture":"#1"},"south":{"uv":[13,9,14,10],"texture":"#1"},"west":{"uv":[13,9,14,10],"texture":"#1"},"down":{"uv":[13,9,14,10],"rotation":90,"texture":"#1"}}},{"from":[11.095,9.98251,-2.04972],"to":[11.895,10.78251,-0.44972],"rotation":{"angle":45,"axis":"x","origin":[8,7.18464,8.005]},"faces":{"north":{"uv":[12,9,13,10],"texture":"#1"},"east":{"uv":[12,9,13,10],"texture":"#1"},"south":{"uv":[12,9,13,10],"texture":"#1"},"west":{"uv":[12,9,13,10],"texture":"#1"},"up":{"uv":[12,9,13,10],"rotation":270,"texture":"#1"},"down":{"uv":[12,9,13,10],"rotation":90,"texture":"#1"}}}],"gui_light":"front","display":{"thirdperson_righthand":{"translation":[-0.25,2.75,1],"scale":[0.75,0.75,0.75]},"thirdperson_lefthand":{"translation":[-0.25,2.75,1],"scale":[0.75,0.75,0.75]},"firstperson_righthand":{"rotation":[-3,20,4],"translation":[1.75,2,-2.5],"scale":[0.54883,0.54883,0.54883]},"firstperson_lefthand":{"rotation":[-3,20,4],"translation":[1.75,2,-2.5],"scale":[0.54883,0.54883,0.54883]},"ground":{"rotation":[94,85,0],"translation":[0,0.25,-0.75],"scale":[0.5,0.5,0.5]},"gui":{"rotation":[-90,45,88],"translation":[0.25,-0.75,0],"scale":[0.515,0.515,0.515]},"head":{"rotation":[90,-171,90],"translation":[-2.25,9.25,0.25],"scale":[0.7,0.7,0.7]},"fixed":{"rotation":[0,90,0],"translation":[-0.75,0.5,-1.25],"scale":[1.42109,1.42109,1.42109]}},"groups":[0,1,2,3,4,5,6,7,8,9,10,11,12,13,14,15,16,17,18,19,20,21,22,23,24,25,26,27,28,29,30,31,32,33,{"name":"particles","origin":[8,8,8],"color":0,"boneType":"","children":[{"name":"particle1","origin":[8,8,8],"color":0,"boneType":"","children":[{"name":"heart1","origin":[0,0,0],"color":0,"boneType":"","children":[34,35,36,37]},{"name":"heart2","origin":[0,0,0],"color":0,"boneType":"","children":[38,39,40,41]},{"name":"heart3","origin":[0,0,0],"color":0,"boneType":"","children":[42,43,44,45]},{"name":"heart4","origin":[0,0,0],"color":0,"boneType":"","children":[46,47,48,49]},{"name":"heart5","origin":[0,0,0],"color":0,"boneType":"","children":[50,51,52,53]},{"name":"heart6","origin":[0,0,0],"color":0,"boneType":"","children":[54,55,56,57]},{"name":"heart7","origin":[0,0,0],"color":0,"boneType":"","children":[58,59,60,61]}]},{"name":"particle2","origin":[8,8,8],"color":0,"boneType":"","children":[{"name":"heart1","origin":[0,0,0],"color":0,"boneType":"","children":[62,63,64,65]},{"name":"heart2","origin":[0,0,0],"color":0,"boneType":"","children":[66,67,68,69]},{"name":"heart3","origin":[0,0,0],"color":0,"boneType":"","children":[70,71,72,73]},{"name":"heart4","origin":[0,0,0],"color":0,"boneType":"","children":[74,75,76,77]},{"name":"heart5","origin":[0,0,0],"color":0,"boneType":"","children":[78,79,80,81]},{"name":"heart6","origin":[0,0,0],"color":0,"boneType":"","children":[82,83,84,85]},{"name":"heart7","origin":[0,0,0],"color":0,"boneType":"","children":[86,87,88,89]}]},{"name":"particle3","origin":[8,8,8],"color":0,"boneType":"","children":[{"name":"heart1","origin":[0,0,0],"color":0,"boneType":"","children":[90,91,92,93]},{"name":"heart2","origin":[0,0,0],"color":0,"boneType":"","children":[94,95,96,97]},{"name":"heart3","origin":[0,0,0],"color":0,"boneType":"","children":[98,99,100,101]},{"name":"heart4","origin":[0,0,0],"color":0,"boneType":"","children":[102,103,104,105]},{"name":"heart5","origin":[0,0,0],"color":0,"boneType":"","children":[106,107,108,109]},{"name":"heart6","origin":[0,0,0],"color":0,"boneType":"","children":[110,111,112,113]},{"name":"heart7","origin":[0,0,0],"color":0,"boneType":"","children":[114,115,116,117]}]},{"name":"particle4","origin":[8,8,8],"color":0,"boneType":"","children":[{"name":"heart1","origin":[0,0,0],"color":0,"boneType":"","children":[118,119,120,121]},{"name":"heart2","origin":[0,0,0],"color":0,"boneType":"","children":[122,123,124,125]},{"name":"heart3","origin":[0,0,0],"color":0,"boneType":"","children":[126,127,128,129]},{"name":"heart4","origin":[0,0,0],"color":0,"boneType":"","children":[130,131,132,133]},{"name":"heart5","origin":[0,0,0],"color":0,"boneType":"","children":[134,135,136,137]},{"name":"heart6","origin":[0,0,0],"color":0,"boneType":"","children":[138,139,140,141]},{"name":"heart7","origin":[0,0,0],"color":0,"boneType":"","children":[142,143,144,145]}]}]}]}