{"credit":"by w11shes","textures":{"1":"elitecreatures:valentine_assortment/valentines_hoe","2":"elitecreatures:valentine_assortment/valentines_particle","particle":"elitecreatures:valentine_assortment/valentines_particle"},"elements":[{"from":[5.02633,14.83248,4.10477],"to":[10.02633,17.83248,9.10477],"rotation":{"angle":45,"axis":"x","origin":[7.53133,4.52398,8.005]},"faces":{"north":{"uv":[2.5,11,5,12.5],"texture":"#1"},"east":{"uv":[2.5,11,0,12.5],"texture":"#1"},"south":{"uv":[11,6,13.5,7.5],"texture":"#1"},"west":{"uv":[0,11,2.5,12.5],"texture":"#1"},"up":{"uv":[6.5,9.5,4,7],"rotation":270,"texture":"#1"}}},{"from":[10.02633,17.83248,9.10477],"to":[5.02633,14.83248,4.10477],"rotation":{"angle":45,"axis":"x","origin":[7.53133,4.52398,8.005]},"faces":{"north":{"uv":[11,7.5,13.5,6],"texture":"#1"},"east":{"uv":[0,12.5,2.5,11],"texture":"#1"},"south":{"uv":[2.5,12.5,5,11],"texture":"#1"},"west":{"uv":[2.5,12.5,0,11],"texture":"#1"},"down":{"uv":[4,9.5,6.5,7],"rotation":90,"texture":"#1"}}},{"from":[6.00633,14.83248,4.10477],"to":[9.05633,17.83248,9.10477],"rotation":{"angle":45,"axis":"x","origin":[7.53133,4.52398,8.005]},"faces":{"east":{"uv":[9.5,11.5,7,13],"texture":"#1"},"west":{"uv":[7,11.5,9.5,13],"texture":"#1"}}},{"from":[5.02633,9.83248,1.10477],"to":[10.02633,14.83248,9.10477],"rotation":{"angle":45,"axis":"x","origin":[7.53133,4.52398,8.005]},"faces":{"north":{"uv":[6.5,7,9,9.5],"texture":"#1"},"east":{"uv":[4,4.5,0,7],"texture":"#1"},"south":{"uv":[8,4.5,10.5,7],"texture":"#1"},"west":{"uv":[0,4.5,4,7],"texture":"#1"},"up":{"uv":[8,7,4,4.5],"rotation":270,"texture":"#1"},"down":{"uv":[9,0,5,2.5],"rotation":90,"texture":"#1"}}},{"from":[10.02633,14.83248,9.10477],"to":[5.02633,9.83248,1.10477],"rotation":{"angle":45,"axis":"x","origin":[7.53133,4.52398,8.005]},"faces":{"north":{"uv":[8,7,10.5,4.5],"texture":"#1"},"east":{"uv":[0,7,4,4.5],"texture":"#1"},"south":{"uv":[6.5,9.5,9,7],"texture":"#1"},"west":{"uv":[4,7,0,4.5],"texture":"#1"},"up":{"uv":[5,0,9,2.5],"rotation":270,"texture":"#1"},"down":{"uv":[4,7,8,4.5],"rotation":90,"texture":"#1"}}},{"from":[6.00633,9.83248,1.10477],"to":[9.04633,14.83248,9.10477],"rotation":{"angle":45,"axis":"x","origin":[7.53133,4.52398,8.005]},"faces":{"east":{"uv":[4,7,0,9.5],"texture":"#1"},"west":{"uv":[0,7,4,9.5],"texture":"#1"}}},{"from":[3.32366,-3,10.2056],"to":[5.32366,5,12.2056],"rotation":{"angle":45,"axis":"y","origin":[7.53133,4.52398,8.005]},"faces":{"north":{"uv":[7,9.5,6,13.5],"texture":"#1"},"east":{"uv":[6,9.5,7,13.5],"texture":"#1"},"south":{"uv":[7,9.5,6,13.5],"texture":"#1"},"west":{"uv":[6,9.5,7,13.5],"texture":"#1"}}},{"from":[2.32366,-5,9.2056],"to":[6.32366,-3,13.2056],"rotation":{"angle":45,"axis":"y","origin":[7.53133,4.52398,8.005]},"faces":{"north":{"uv":[14.5,4,12.5,5],"texture":"#1"},"east":{"uv":[12.5,4,14.5,5],"texture":"#1"},"south":{"uv":[14.5,4,12.5,5],"texture":"#1"},"west":{"uv":[12.5,4,14.5,5],"texture":"#1"},"up":{"uv":[9,11.5,7,9.5],"rotation":270,"texture":"#1"},"down":{"uv":[11,9.5,9,11.5],"rotation":90,"texture":"#1"}}},{"from":[2.32366,5,9.2056],"to":[6.32366,7,13.2056],"rotation":{"angle":45,"axis":"y","origin":[7.53133,4.52398,8.005]},"faces":{"north":{"uv":[14.5,5,12.5,6],"texture":"#1"},"east":{"uv":[12.5,5,14.5,6],"texture":"#1"},"south":{"uv":[14.5,5,12.5,6],"texture":"#1"},"west":{"uv":[12.5,5,14.5,6],"texture":"#1"},"up":{"uv":[12.5,2,10.5,0],"rotation":270,"texture":"#1"},"down":{"uv":[12.5,2,10.5,4],"rotation":90,"texture":"#1"}}},{"from":[6.02633,7,11.03633],"to":[9.02633,9,14.03633],"rotation":{"angle":0,"axis":"y","origin":[7.53133,4.52398,8.005]},"faces":{"north":{"uv":[5,13.5,6.5,14.5],"texture":"#1"},"east":{"uv":[5,13.5,6.5,14.5],"texture":"#1"},"south":{"uv":[5,13.5,6.5,14.5],"texture":"#1"},"west":{"uv":[5,13.5,6.5,14.5],"texture":"#1"},"down":{"uv":[5,12.5,3.5,14],"rotation":90,"texture":"#1"}}},{"from":[6.02633,-9.23785,2.65144],"to":[9.02633,-7.23785,5.65144],"rotation":{"angle":-45,"axis":"x","origin":[7.53133,4.52398,8.005]},"faces":{"north":{"uv":[13,12,14.5,13],"texture":"#1"},"east":{"uv":[8.5,13,7,14],"texture":"#1"},"south":{"uv":[13,13,14.5,14],"texture":"#1"},"west":{"uv":[7,13,8.5,14],"texture":"#1"},"down":{"uv":[14,1,12.5,2.5],"rotation":90,"texture":"#1"}}},{"from":[6.02633,-7.23785,0.65144],"to":[9.02633,-4.23785,5.65144],"rotation":{"angle":-45,"axis":"x","origin":[7.53133,4.52398,8.005]},"faces":{"north":{"uv":[2,12.5,3.5,14],"texture":"#1"},"east":{"uv":[13.5,7.5,11,9],"texture":"#1"},"south":{"uv":[12.5,2.5,14,4],"texture":"#1"},"west":{"uv":[11,7.5,13.5,9],"texture":"#1"},"up":{"uv":[13.5,10.5,11,9],"rotation":270,"texture":"#1"},"down":{"uv":[13.5,10.5,11,12],"rotation":90,"texture":"#1"}}},{"from":[5.21786,-12.84714,11.03633],"to":[5.26786,-4.84714,14.03633],"rotation":{"angle":22.5,"axis":"z","origin":[7.53133,4.52398,8.005]},"faces":{"east":{"uv":[9,0,10.5,4],"texture":"#1"},"west":{"uv":[9,0,10.5,4],"texture":"#1"}}},{"from":[9.78556,-12.85097,11.03633],"to":[9.83556,-4.85097,14.03633],"rotation":{"angle":-22.5,"axis":"z","origin":[7.53133,4.52398,8.005]},"faces":{"east":{"uv":[10.5,0,9,4],"texture":"#1"},"west":{"uv":[10.5,0,9,4],"texture":"#1"}}},{"from":[7.52633,-3.8601,17.36369],"to":[7.57633,0.1399,24.36369],"rotation":{"angle":22.5,"axis":"x","origin":[7.53133,4.52398,8.005]},"faces":{"east":{"uv":[8.5,2.5,5,4.5],"texture":"#1"},"west":{"uv":[5,2.5,8.5,4.5],"texture":"#1"}}},{"from":[7.52633,-7.32823,0.01911],"to":[7.57633,-3.32823,7.01911],"rotation":{"angle":-22.5,"axis":"x","origin":[7.53133,4.52398,8.005]},"faces":{"east":{"uv":[5,2.5,8.5,4.5],"texture":"#1"},"west":{"uv":[8.5,2.5,5,4.5],"texture":"#1"}}},{"from":[6.02633,12.1,-0.01367],"to":[9.02633,14.1,5.98633],"rotation":{"angle":0,"axis":"y","origin":[7.53133,4.52398,8.005]},"faces":{"north":{"uv":[13.5,6,15,7],"texture":"#1"},"east":{"uv":[15.5,0,12.5,1],"texture":"#1"},"west":{"uv":[12.5,0,15.5,1],"texture":"#1"},"up":{"uv":[3,11,0,9.5],"rotation":270,"texture":"#1"},"down":{"uv":[6,9.5,3,11],"rotation":90,"texture":"#1"}}},{"from":[5.02633,16.2582,4.3991],"to":[10.02633,16.3082,8.3991],"rotation":{"angle":-45,"axis":"x","origin":[7.53133,4.52398,8.005]},"faces":{"up":{"uv":[11,9.5,9,7],"rotation":270,"texture":"#1"},"down":{"uv":[11,9.5,9,7],"rotation":90,"texture":"#1"}}},{"from":[6.02633,11.1,5.98633],"to":[9.02633,15.1,9.98633],"rotation":{"angle":0,"axis":"y","origin":[7.53133,4.52398,8.005]},"faces":{"north":{"uv":[9.5,11.5,11,13.5],"texture":"#1"},"east":{"uv":[12.5,4,10.5,6],"texture":"#1"},"west":{"uv":[10.5,4,12.5,6],"texture":"#1"},"up":{"uv":[13,13.5,11,12],"rotation":270,"texture":"#1"},"down":{"uv":[2,12.5,0,14],"rotation":90,"texture":"#1"}}},{"from":[7.47633,9.42421,12.31349],"to":[7.52633,18.42421,22.31349],"rotation":{"angle":-45,"axis":"x","origin":[7.53133,4.52398,8.005]},"faces":{"east":{"uv":[5,0,0,4.5],"texture":"#1"},"west":{"uv":[0,0,5,4.5],"texture":"#1"}}},{"from":[7.47633,15.83247,0.10477],"to":[7.52633,24.83247,10.10477],"rotation":{"angle":45,"axis":"x","origin":[7.53133,4.52398,8.005]},"faces":{"east":{"uv":[0,0,5,4.5],"texture":"#1"},"west":{"uv":[5,0,0,4.5],"texture":"#1"}}},{"from":[11.82633,16.43578,9.75832],"to":[10.22633,14.83578,7.15832],"rotation":{"angle":45,"axis":"x","origin":[7.53133,4.52398,8.005]},"faces":{"north":{"uv":[1,15,2,16],"texture":"#2"},"east":{"uv":[1,15,2,16],"texture":"#2"},"south":{"uv":[1,15,2,16],"texture":"#2"},"west":{"uv":[1,15,2,16],"texture":"#2"},"up":{"uv":[1,15,2,16],"rotation":270,"texture":"#2"},"down":{"uv":[1,15,3.6,16],"rotation":90,"texture":"#2"}}},{"from":[10.62633,16.03578,8.55832],"to":[11.42633,16.83578,9.35832],"rotation":{"angle":45,"axis":"x","origin":[7.53133,4.52398,8.005]},"faces":{"north":{"uv":[0,15,1,16],"texture":"#2"},"east":{"uv":[0,15,1,16],"texture":"#2"},"south":{"uv":[0,15,1,16],"texture":"#2"},"west":{"uv":[0,15,1,16],"texture":"#2"},"up":{"uv":[0,15,1,16],"rotation":270,"texture":"#2"},"down":{"uv":[0,15,1,16],"rotation":90,"texture":"#2"}}},{"from":[11.82633,17.43578,9.75832],"to":[10.22633,16.43578,8.15832],"rotation":{"angle":45,"axis":"x","origin":[7.53133,4.52398,8.005]},"faces":{"north":{"uv":[1,15,2,16],"texture":"#2"},"east":{"uv":[1,15,2,16],"texture":"#2"},"south":{"uv":[1,15,2,16],"texture":"#2"},"west":{"uv":[1,15,2,16],"texture":"#2"},"down":{"uv":[1,15,2,16],"rotation":90,"texture":"#2"}}},{"from":[10.62633,15.23578,7.75832],"to":[11.42633,16.03578,9.35832],"rotation":{"angle":45,"axis":"x","origin":[7.53133,4.52398,8.005]},"faces":{"north":{"uv":[0,15,1,16],"texture":"#2"},"east":{"uv":[0,15,1,16],"texture":"#2"},"south":{"uv":[0,15,1,16],"texture":"#2"},"west":{"uv":[0,15,1,16],"texture":"#2"},"up":{"uv":[0,15,1,16],"rotation":270,"texture":"#2"},"down":{"uv":[0,15,1,16],"rotation":90,"texture":"#2"}}},{"from":[11.82633,16.78933,9.40477],"to":[10.22633,15.18933,6.80477],"rotation":{"angle":45,"axis":"x","origin":[7.53133,4.52398,8.005]},"faces":{"north":{"uv":[1,14,2,15],"texture":"#2"},"east":{"uv":[1,14,2,15],"texture":"#2"},"south":{"uv":[1,14,2,15],"texture":"#2"},"west":{"uv":[1,14,2,15],"texture":"#2"},"up":{"uv":[1,14,2,15],"rotation":270,"texture":"#2"},"down":{"uv":[1,14,3.6,15],"rotation":90,"texture":"#2"}}},{"from":[10.58633,16.45397,8.14012],"to":[11.48633,17.45397,9.04012],"rotation":{"angle":45,"axis":"x","origin":[7.53133,4.52398,8.005]},"faces":{"north":{"uv":[0,14,1,15],"texture":"#2"},"east":{"uv":[0,14,1,15],"texture":"#2"},"south":{"uv":[0,14,1,15],"texture":"#2"},"west":{"uv":[0,14,1,15],"texture":"#2"},"up":{"uv":[0,14,1,15],"rotation":270,"texture":"#2"},"down":{"uv":[0,14,1,15],"rotation":90,"texture":"#2"}}},{"from":[11.82633,17.78933,9.40477],"to":[10.22633,16.78933,7.80477],"rotation":{"angle":45,"axis":"x","origin":[7.53133,4.52398,8.005]},"faces":{"north":{"uv":[1,14,2,15],"texture":"#2"},"east":{"uv":[1,14,2,15],"texture":"#2"},"south":{"uv":[1,14,2,15],"texture":"#2"},"west":{"uv":[1,14,2,15],"texture":"#2"},"down":{"uv":[1,14,2,15],"rotation":90,"texture":"#2"}}},{"from":[10.58633,15.55397,7.24012],"to":[11.48633,16.45397,9.04012],"rotation":{"angle":45,"axis":"x","origin":[7.53133,4.52398,8.005]},"faces":{"north":{"uv":[0,14,1,15],"texture":"#2"},"east":{"uv":[0,14,1,15],"texture":"#2"},"south":{"uv":[0,14,1,15],"texture":"#2"},"west":{"uv":[0,14,1,15],"texture":"#2"},"up":{"uv":[0,14,1,15],"rotation":270,"texture":"#2"},"down":{"uv":[0,14,1,15],"rotation":90,"texture":"#2"}}},{"from":[11.82633,17.14288,9.05121],"to":[10.22633,15.54288,6.45121],"rotation":{"angle":45,"axis":"x","origin":[7.53133,4.52398,8.005]},"faces":{"north":{"uv":[1,13,2,14],"texture":"#2"},"east":{"uv":[1,13,2,14],"texture":"#2"},"south":{"uv":[1,13,2,14],"texture":"#2"},"west":{"uv":[1,13,2,14],"texture":"#2"},"up":{"uv":[1,13,2,14],"rotation":270,"texture":"#2"},"down":{"uv":[1,13,3.6,14],"rotation":90,"texture":"#2"}}},{"from":[10.52633,16.84288,7.75121],"to":[11.52633,17.84288,8.75121],"rotation":{"angle":45,"axis":"x","origin":[7.53133,4.52398,8.005]},"faces":{"north":{"uv":[0,13,1,14],"texture":"#2"},"east":{"uv":[0,13,1,14],"texture":"#2"},"south":{"uv":[0,13,1,14],"texture":"#2"},"west":{"uv":[0,13,1,14],"texture":"#2"},"up":{"uv":[0,13,1,14],"rotation":270,"texture":"#2"},"down":{"uv":[0,13,1,14],"rotation":90,"texture":"#2"}}},{"from":[11.82633,18.14288,9.05121],"to":[10.22633,17.14288,7.45121],"rotation":{"angle":45,"axis":"x","origin":[7.53133,4.52398,8.005]},"faces":{"north":{"uv":[1,13,2,14],"texture":"#2"},"east":{"uv":[1,13,2,14],"texture":"#2"},"south":{"uv":[1,13,2,14],"texture":"#2"},"west":{"uv":[1,13,2,14],"texture":"#2"},"down":{"uv":[1,13,2,14],"rotation":90,"texture":"#2"}}},{"from":[10.52633,15.84288,6.75121],"to":[11.52633,16.84288,8.75121],"rotation":{"angle":45,"axis":"x","origin":[7.53133,4.52398,8.005]},"faces":{"north":{"uv":[0,13,1,14],"texture":"#2"},"east":{"uv":[0,13,1,14],"texture":"#2"},"south":{"uv":[0,13,1,14],"texture":"#2"},"west":{"uv":[0,13,1,14],"texture":"#2"},"up":{"uv":[0,13,1,14],"rotation":270,"texture":"#2"},"down":{"uv":[0,13,1,14],"rotation":90,"texture":"#2"}}},{"from":[11.82633,17.49644,8.69766],"to":[10.22633,15.89644,6.09766],"rotation":{"angle":45,"axis":"x","origin":[7.53133,4.52398,8.005]},"faces":{"north":{"uv":[1,12,2,13],"texture":"#2"},"east":{"uv":[1,12,2,13],"texture":"#2"},"south":{"uv":[1,12,2,13],"texture":"#2"},"west":{"uv":[1,12,2,13],"texture":"#2"},"up":{"uv":[1,12,2,13],"rotation":270,"texture":"#2"},"down":{"uv":[1,12,3.6,13],"rotation":90,"texture":"#2"}}},{"from":[10.52633,17.19644,7.39766],"to":[11.52633,18.19644,8.39766],"rotation":{"angle":45,"axis":"x","origin":[7.53133,4.52398,8.005]},"faces":{"north":{"uv":[0,12,1,13],"texture":"#2"},"east":{"uv":[0,12,1,13],"texture":"#2"},"south":{"uv":[0,12,1,13],"texture":"#2"},"west":{"uv":[0,12,1,13],"texture":"#2"},"up":{"uv":[0,12,1,13],"rotation":270,"texture":"#2"},"down":{"uv":[0,12,1,13],"rotation":90,"texture":"#2"}}},{"from":[11.82633,18.49644,8.69766],"to":[10.22633,17.49644,7.09766],"rotation":{"angle":45,"axis":"x","origin":[7.53133,4.52398,8.005]},"faces":{"north":{"uv":[1,12,2,13],"texture":"#2"},"east":{"uv":[1,12,2,13],"texture":"#2"},"south":{"uv":[1,12,2,13],"texture":"#2"},"west":{"uv":[1,12,2,13],"texture":"#2"},"down":{"uv":[1,12,2,13],"rotation":90,"texture":"#2"}}},{"from":[10.52633,16.19644,6.39766],"to":[11.52633,17.19644,8.39766],"rotation":{"angle":45,"axis":"x","origin":[7.53133,4.52398,8.005]},"faces":{"north":{"uv":[0,12,1,13],"texture":"#2"},"east":{"uv":[0,12,1,13],"texture":"#2"},"south":{"uv":[0,12,1,13],"texture":"#2"},"west":{"uv":[0,12,1,13],"texture":"#2"},"up":{"uv":[0,12,1,13],"rotation":270,"texture":"#2"},"down":{"uv":[0,12,1,13],"rotation":90,"texture":"#2"}}},{"from":[11.82633,17.84999,8.34411],"to":[10.22633,16.24999,5.74411],"rotation":{"angle":45,"axis":"x","origin":[7.53133,4.52398,8.005]},"faces":{"north":{"uv":[1,11,2,12],"texture":"#2"},"east":{"uv":[1,11,2,12],"texture":"#2"},"south":{"uv":[1,11,2,12],"texture":"#2"},"west":{"uv":[1,11,2,12],"texture":"#2"},"up":{"uv":[1,11,2,12],"rotation":270,"texture":"#2"},"down":{"uv":[1,11,3.6,12],"rotation":90,"texture":"#2"}}},{"from":[10.52633,17.54999,7.04411],"to":[11.52633,18.54999,8.04411],"rotation":{"angle":45,"axis":"x","origin":[7.53133,4.52398,8.005]},"faces":{"north":{"uv":[0,11,1,12],"texture":"#2"},"east":{"uv":[0,11,1,12],"texture":"#2"},"south":{"uv":[0,11,1,12],"texture":"#2"},"west":{"uv":[0,11,1,12],"texture":"#2"},"up":{"uv":[0,11,1,12],"rotation":270,"texture":"#2"},"down":{"uv":[0,11,1,12],"rotation":90,"texture":"#2"}}},{"from":[11.82633,18.84999,8.34411],"to":[10.22633,17.84999,6.74411],"rotation":{"angle":45,"axis":"x","origin":[7.53133,4.52398,8.005]},"faces":{"north":{"uv":[1,11,2,12],"texture":"#2"},"east":{"uv":[1,11,2,12],"texture":"#2"},"south":{"uv":[1,11,2,12],"texture":"#2"},"west":{"uv":[1,11,2,12],"texture":"#2"},"down":{"uv":[1,11,2,12],"rotation":90,"texture":"#2"}}},{"from":[10.52633,16.54999,6.04411],"to":[11.52633,17.54999,8.04411],"rotation":{"angle":45,"axis":"x","origin":[7.53133,4.52398,8.005]},"faces":{"north":{"uv":[0,11,1,12],"texture":"#2"},"east":{"uv":[0,11,1,12],"texture":"#2"},"south":{"uv":[0,11,1,12],"texture":"#2"},"west":{"uv":[0,11,1,12],"texture":"#2"},"up":{"uv":[0,11,1,12],"rotation":270,"texture":"#2"},"down":{"uv":[0,11,1,12],"rotation":90,"texture":"#2"}}},{"from":[11.82633,18.20354,7.99055],"to":[10.22633,16.60354,5.39055],"rotation":{"angle":45,"axis":"x","origin":[7.53133,4.52398,8.005]},"faces":{"north":{"uv":[1,10,2,11],"texture":"#2"},"east":{"uv":[1,10,2,11],"texture":"#2"},"south":{"uv":[1,10,2,11],"texture":"#2"},"west":{"uv":[1,10,2,11],"texture":"#2"},"up":{"uv":[1,10,2,11],"rotation":270,"texture":"#2"},"down":{"uv":[1,10,3.6,11],"rotation":90,"texture":"#2"}}},{"from":[10.57633,17.90354,6.74055],"to":[11.47633,18.80354,7.64055],"rotation":{"angle":45,"axis":"x","origin":[7.53133,4.52398,8.005]},"faces":{"north":{"uv":[0,10,1,11],"texture":"#2"},"east":{"uv":[0,10,1,11],"texture":"#2"},"south":{"uv":[0,10,1,11],"texture":"#2"},"west":{"uv":[0,10,1,11],"texture":"#2"},"up":{"uv":[0,10,1,11],"rotation":270,"texture":"#2"},"down":{"uv":[0,10,1,11],"rotation":90,"texture":"#2"}}},{"from":[11.82633,19.20354,7.99055],"to":[10.22633,18.20354,6.39055],"rotation":{"angle":45,"axis":"x","origin":[7.53133,4.52398,8.005]},"faces":{"north":{"uv":[1,10,2,11],"texture":"#2"},"east":{"uv":[1,10,2,11],"texture":"#2"},"south":{"uv":[1,10,2,11],"texture":"#2"},"west":{"uv":[1,10,2,11],"texture":"#2"},"down":{"uv":[1,10,2,11],"rotation":90,"texture":"#2"}}},{"from":[10.57633,17.00354,5.84055],"to":[11.47633,17.90354,7.64055],"rotation":{"angle":45,"axis":"x","origin":[7.53133,4.52398,8.005]},"faces":{"north":{"uv":[0,10,1,11],"texture":"#2"},"east":{"uv":[0,10,1,11],"texture":"#2"},"south":{"uv":[0,10,1,11],"texture":"#2"},"west":{"uv":[0,10,1,11],"texture":"#2"},"up":{"uv":[0,10,1,11],"rotation":270,"texture":"#2"},"down":{"uv":[0,10,1,11],"rotation":90,"texture":"#2"}}},{"from":[11.82633,18.5571,7.637],"to":[10.22633,16.9571,5.037],"rotation":{"angle":45,"axis":"x","origin":[7.53133,4.52398,8.005]},"faces":{"north":{"uv":[1,9,2,10],"texture":"#2"},"east":{"uv":[1,9,2,10],"texture":"#2"},"south":{"uv":[1,9,2,10],"texture":"#2"},"west":{"uv":[1,9,2,10],"texture":"#2"},"up":{"uv":[1,9,2,10],"rotation":270,"texture":"#2"},"down":{"uv":[1,9,3.6,10],"rotation":90,"texture":"#2"}}},{"from":[10.62633,18.1571,6.437],"to":[11.42633,18.9571,7.237],"rotation":{"angle":45,"axis":"x","origin":[7.53133,4.52398,8.005]},"faces":{"north":{"uv":[0,9,1,10],"texture":"#2"},"east":{"uv":[0,9,1,10],"texture":"#2"},"south":{"uv":[0,9,1,10],"texture":"#2"},"west":{"uv":[0,9,1,10],"texture":"#2"},"up":{"uv":[0,9,1,10],"rotation":270,"texture":"#2"},"down":{"uv":[0,9,1,10],"rotation":90,"texture":"#2"}}},{"from":[11.82633,19.5571,7.637],"to":[10.22633,18.5571,6.037],"rotation":{"angle":45,"axis":"x","origin":[7.53133,4.52398,8.005]},"faces":{"north":{"uv":[1,9,2,10],"texture":"#2"},"east":{"uv":[1,9,2,10],"texture":"#2"},"south":{"uv":[1,9,2,10],"texture":"#2"},"west":{"uv":[1,9,2,10],"texture":"#2"},"down":{"uv":[1,9,2,10],"rotation":90,"texture":"#2"}}},{"from":[10.62633,17.3571,5.637],"to":[11.42633,18.1571,7.237],"rotation":{"angle":45,"axis":"x","origin":[7.53133,4.52398,8.005]},"faces":{"north":{"uv":[0,9,1,10],"texture":"#2"},"east":{"uv":[0,9,1,10],"texture":"#2"},"south":{"uv":[0,9,1,10],"texture":"#2"},"west":{"uv":[0,9,1,10],"texture":"#2"},"up":{"uv":[0,9,1,10],"rotation":270,"texture":"#2"},"down":{"uv":[0,9,1,10],"rotation":90,"texture":"#2"}}},{"from":[4.82633,10.07182,4.80857],"to":[3.22633,8.47182,2.20857],"rotation":{"angle":45,"axis":"x","origin":[7.53133,4.52398,8.005]},"faces":{"north":{"uv":[5,15,6,16],"texture":"#2"},"east":{"uv":[5,15,6,16],"texture":"#2"},"south":{"uv":[5,15,6,16],"texture":"#2"},"west":{"uv":[5,15,6,16],"texture":"#2"},"up":{"uv":[5,15,6,16],"rotation":270,"texture":"#2"},"down":{"uv":[5,15,7.6,16],"rotation":90,"texture":"#2"}}},{"from":[3.62633,9.67182,3.60857],"to":[4.42633,10.47182,4.40857],"rotation":{"angle":45,"axis":"x","origin":[7.53133,4.52398,8.005]},"faces":{"north":{"uv":[4,15,5,16],"texture":"#2"},"east":{"uv":[4,15,5,16],"texture":"#2"},"south":{"uv":[4,15,5,16],"texture":"#2"},"west":{"uv":[4,15,5,16],"texture":"#2"},"up":{"uv":[4,15,5,16],"rotation":270,"texture":"#2"},"down":{"uv":[4,15,5,16],"rotation":90,"texture":"#2"}}},{"from":[4.82633,11.07182,4.80857],"to":[3.22633,10.07182,3.20857],"rotation":{"angle":45,"axis":"x","origin":[7.53133,4.52398,8.005]},"faces":{"north":{"uv":[5,15,6,16],"texture":"#2"},"east":{"uv":[5,15,6,16],"texture":"#2"},"south":{"uv":[5,15,6,16],"texture":"#2"},"west":{"uv":[5,15,6,16],"texture":"#2"},"down":{"uv":[5,15,6,16],"rotation":90,"texture":"#2"}}},{"from":[3.62633,8.87182,2.80857],"to":[4.42633,9.67182,4.40857],"rotation":{"angle":45,"axis":"x","origin":[7.53133,4.52398,8.005]},"faces":{"north":{"uv":[4,15,5,16],"texture":"#2"},"east":{"uv":[4,15,5,16],"texture":"#2"},"south":{"uv":[4,15,5,16],"texture":"#2"},"west":{"uv":[4,15,5,16],"texture":"#2"},"up":{"uv":[4,15,5,16],"rotation":270,"texture":"#2"},"down":{"uv":[4,15,5,16],"rotation":90,"texture":"#2"}}},{"from":[4.82633,10.42537,4.45502],"to":[3.22633,8.82537,1.85502],"rotation":{"angle":45,"axis":"x","origin":[7.53133,4.52398,8.005]},"faces":{"north":{"uv":[5,14,6,15],"texture":"#2"},"east":{"uv":[5,14,6,15],"texture":"#2"},"south":{"uv":[5,14,6,15],"texture":"#2"},"west":{"uv":[5,14,6,15],"texture":"#2"},"up":{"uv":[5,14,6,15],"rotation":270,"texture":"#2"},"down":{"uv":[5,14,7.6,15],"rotation":90,"texture":"#2"}}},{"from":[3.58633,10.09001,3.19038],"to":[4.48633,11.09001,4.09038],"rotation":{"angle":45,"axis":"x","origin":[7.53133,4.52398,8.005]},"faces":{"north":{"uv":[4,14,5,15],"texture":"#2"},"east":{"uv":[4,14,5,15],"texture":"#2"},"south":{"uv":[4,14,5,15],"texture":"#2"},"west":{"uv":[4,14,5,15],"texture":"#2"},"up":{"uv":[4,14,5,15],"rotation":270,"texture":"#2"},"down":{"uv":[4,14,5,15],"rotation":90,"texture":"#2"}}},{"from":[4.82633,11.42537,4.45502],"to":[3.22633,10.42537,2.85502],"rotation":{"angle":45,"axis":"x","origin":[7.53133,4.52398,8.005]},"faces":{"north":{"uv":[5,14,6,15],"texture":"#2"},"east":{"uv":[5,14,6,15],"texture":"#2"},"south":{"uv":[5,14,6,15],"texture":"#2"},"west":{"uv":[5,14,6,15],"texture":"#2"},"down":{"uv":[5,14,6,15],"rotation":90,"texture":"#2"}}},{"from":[3.58633,9.19001,2.29038],"to":[4.48633,10.09001,4.09038],"rotation":{"angle":45,"axis":"x","origin":[7.53133,4.52398,8.005]},"faces":{"north":{"uv":[4,14,5,15],"texture":"#2"},"east":{"uv":[4,14,5,15],"texture":"#2"},"south":{"uv":[4,14,5,15],"texture":"#2"},"west":{"uv":[4,14,5,15],"texture":"#2"},"up":{"uv":[4,14,5,15],"rotation":270,"texture":"#2"},"down":{"uv":[4,14,5,15],"rotation":90,"texture":"#2"}}},{"from":[4.82633,10.77892,4.10147],"to":[3.22633,9.17892,1.50147],"rotation":{"angle":45,"axis":"x","origin":[7.53133,4.52398,8.005]},"faces":{"north":{"uv":[5,13,6,14],"texture":"#2"},"east":{"uv":[5,13,6,14],"texture":"#2"},"south":{"uv":[5,13,6,14],"texture":"#2"},"west":{"uv":[5,13,6,14],"texture":"#2"},"up":{"uv":[5,13,6,14],"rotation":270,"texture":"#2"},"down":{"uv":[5,13,7.6,14],"rotation":90,"texture":"#2"}}},{"from":[3.52633,10.47892,2.80147],"to":[4.52633,11.47892,3.80147],"rotation":{"angle":45,"axis":"x","origin":[7.53133,4.52398,8.005]},"faces":{"north":{"uv":[4,13,5,14],"texture":"#2"},"east":{"uv":[4,13,5,14],"texture":"#2"},"south":{"uv":[4,13,5,14],"texture":"#2"},"west":{"uv":[4,13,5,14],"texture":"#2"},"up":{"uv":[4,13,5,14],"rotation":270,"texture":"#2"},"down":{"uv":[4,13,5,14],"rotation":90,"texture":"#2"}}},{"from":[4.82633,11.77892,4.10147],"to":[3.22633,10.77892,2.50147],"rotation":{"angle":45,"axis":"x","origin":[7.53133,4.52398,8.005]},"faces":{"north":{"uv":[5,13,6,14],"texture":"#2"},"east":{"uv":[5,13,6,14],"texture":"#2"},"south":{"uv":[5,13,6,14],"texture":"#2"},"west":{"uv":[5,13,6,14],"texture":"#2"},"down":{"uv":[5,13,6,14],"rotation":90,"texture":"#2"}}},{"from":[3.52633,9.47892,1.80147],"to":[4.52633,10.47892,3.80147],"rotation":{"angle":45,"axis":"x","origin":[7.53133,4.52398,8.005]},"faces":{"north":{"uv":[4,13,5,14],"texture":"#2"},"east":{"uv":[4,13,5,14],"texture":"#2"},"south":{"uv":[4,13,5,14],"texture":"#2"},"west":{"uv":[4,13,5,14],"texture":"#2"},"up":{"uv":[4,13,5,14],"rotation":270,"texture":"#2"},"down":{"uv":[4,13,5,14],"rotation":90,"texture":"#2"}}},{"from":[4.82633,11.13248,3.74791],"to":[3.22633,9.53248,1.14791],"rotation":{"angle":45,"axis":"x","origin":[7.53133,4.52398,8.005]},"faces":{"north":{"uv":[5,12,6,13],"texture":"#2"},"east":{"uv":[5,12,6,13],"texture":"#2"},"south":{"uv":[5,12,6,13],"texture":"#2"},"west":{"uv":[5,12,6,13],"texture":"#2"},"up":{"uv":[5,12,6,13],"rotation":270,"texture":"#2"},"down":{"uv":[5,12,7.6,13],"rotation":90,"texture":"#2"}}},{"from":[3.52633,10.83248,2.44791],"to":[4.52633,11.83248,3.44791],"rotation":{"angle":45,"axis":"x","origin":[7.53133,4.52398,8.005]},"faces":{"north":{"uv":[4,12,5,13],"texture":"#2"},"east":{"uv":[4,12,5,13],"texture":"#2"},"south":{"uv":[4,12,5,13],"texture":"#2"},"west":{"uv":[4,12,5,13],"texture":"#2"},"up":{"uv":[4,12,5,13],"rotation":270,"texture":"#2"},"down":{"uv":[4,12,5,13],"rotation":90,"texture":"#2"}}},{"from":[4.82633,12.13248,3.74791],"to":[3.22633,11.13248,2.14791],"rotation":{"angle":45,"axis":"x","origin":[7.53133,4.52398,8.005]},"faces":{"north":{"uv":[5,12,6,13],"texture":"#2"},"east":{"uv":[5,12,6,13],"texture":"#2"},"south":{"uv":[5,12,6,13],"texture":"#2"},"west":{"uv":[5,12,6,13],"texture":"#2"},"down":{"uv":[5,12,6,13],"rotation":90,"texture":"#2"}}},{"from":[3.52633,9.83248,1.44791],"to":[4.52633,10.83248,3.44791],"rotation":{"angle":45,"axis":"x","origin":[7.53133,4.52398,8.005]},"faces":{"north":{"uv":[4,12,5,13],"texture":"#2"},"east":{"uv":[4,12,5,13],"texture":"#2"},"south":{"uv":[4,12,5,13],"texture":"#2"},"west":{"uv":[4,12,5,13],"texture":"#2"},"up":{"uv":[4,12,5,13],"rotation":270,"texture":"#2"},"down":{"uv":[4,12,5,13],"rotation":90,"texture":"#2"}}},{"from":[4.82633,11.48603,3.39436],"to":[3.22633,9.88603,0.79436],"rotation":{"angle":45,"axis":"x","origin":[7.53133,4.52398,8.005]},"faces":{"north":{"uv":[5,11,6,12],"texture":"#2"},"east":{"uv":[5,11,6,12],"texture":"#2"},"south":{"uv":[5,11,6,12],"texture":"#2"},"west":{"uv":[5,11,6,12],"texture":"#2"},"up":{"uv":[5,11,6,12],"rotation":270,"texture":"#2"},"down":{"uv":[5,11,7.6,12],"rotation":90,"texture":"#2"}}},{"from":[3.52633,11.18603,2.09436],"to":[4.52633,12.18603,3.09436],"rotation":{"angle":45,"axis":"x","origin":[7.53133,4.52398,8.005]},"faces":{"north":{"uv":[4,11,5,12],"texture":"#2"},"east":{"uv":[4,11,5,12],"texture":"#2"},"south":{"uv":[4,11,5,12],"texture":"#2"},"west":{"uv":[4,11,5,12],"texture":"#2"},"up":{"uv":[4,11,5,12],"rotation":270,"texture":"#2"},"down":{"uv":[4,11,5,12],"rotation":90,"texture":"#2"}}},{"from":[4.82633,12.48603,3.39436],"to":[3.22633,11.48603,1.79436],"rotation":{"angle":45,"axis":"x","origin":[7.53133,4.52398,8.005]},"faces":{"north":{"uv":[5,11,6,12],"texture":"#2"},"east":{"uv":[5,11,6,12],"texture":"#2"},"south":{"uv":[5,11,6,12],"texture":"#2"},"west":{"uv":[5,11,6,12],"texture":"#2"},"down":{"uv":[5,11,6,12],"rotation":90,"texture":"#2"}}},{"from":[3.52633,10.18603,1.09436],"to":[4.52633,11.18603,3.09436],"rotation":{"angle":45,"axis":"x","origin":[7.53133,4.52398,8.005]},"faces":{"north":{"uv":[4,11,5,12],"texture":"#2"},"east":{"uv":[4,11,5,12],"texture":"#2"},"south":{"uv":[4,11,5,12],"texture":"#2"},"west":{"uv":[4,11,5,12],"texture":"#2"},"up":{"uv":[4,11,5,12],"rotation":270,"texture":"#2"},"down":{"uv":[4,11,5,12],"rotation":90,"texture":"#2"}}},{"from":[4.82633,11.83958,3.04081],"to":[3.22633,10.23958,0.44081],"rotation":{"angle":45,"axis":"x","origin":[7.53133,4.52398,8.005]},"faces":{"north":{"uv":[5,10,6,11],"texture":"#2"},"east":{"uv":[5,10,6,11],"texture":"#2"},"south":{"uv":[5,10,6,11],"texture":"#2"},"west":{"uv":[5,10,6,11],"texture":"#2"},"up":{"uv":[5,10,6,11],"rotation":270,"texture":"#2"},"down":{"uv":[5,10,7.6,11],"rotation":90,"texture":"#2"}}},{"from":[3.57633,11.53958,1.79081],"to":[4.47633,12.43958,2.69081],"rotation":{"angle":45,"axis":"x","origin":[7.53133,4.52398,8.005]},"faces":{"north":{"uv":[4,10,5,11],"texture":"#2"},"east":{"uv":[4,10,5,11],"texture":"#2"},"south":{"uv":[4,10,5,11],"texture":"#2"},"west":{"uv":[4,10,5,11],"texture":"#2"},"up":{"uv":[4,10,5,11],"rotation":270,"texture":"#2"},"down":{"uv":[4,10,5,11],"rotation":90,"texture":"#2"}}},{"from":[4.82633,12.83958,3.04081],"to":[3.22633,11.83958,1.44081],"rotation":{"angle":45,"axis":"x","origin":[7.53133,4.52398,8.005]},"faces":{"north":{"uv":[5,10,6,11],"texture":"#2"},"east":{"uv":[5,10,6,11],"texture":"#2"},"south":{"uv":[5,10,6,11],"texture":"#2"},"west":{"uv":[5,10,6,11],"texture":"#2"},"down":{"uv":[5,10,6,11],"rotation":90,"texture":"#2"}}},{"from":[3.57633,10.63958,0.89081],"to":[4.47633,11.53958,2.69081],"rotation":{"angle":45,"axis":"x","origin":[7.53133,4.52398,8.005]},"faces":{"north":{"uv":[4,10,5,11],"texture":"#2"},"east":{"uv":[4,10,5,11],"texture":"#2"},"south":{"uv":[4,10,5,11],"texture":"#2"},"west":{"uv":[4,10,5,11],"texture":"#2"},"up":{"uv":[4,10,5,11],"rotation":270,"texture":"#2"},"down":{"uv":[4,10,5,11],"rotation":90,"texture":"#2"}}},{"from":[4.82633,12.19314,2.68725],"to":[3.22633,10.59314,0.08725],"rotation":{"angle":45,"axis":"x","origin":[7.53133,4.52398,8.005]},"faces":{"north":{"uv":[5,9,6,10],"texture":"#2"},"east":{"uv":[5,9,6,10],"texture":"#2"},"south":{"uv":[5,9,6,10],"texture":"#2"},"west":{"uv":[5,9,6,10],"texture":"#2"},"up":{"uv":[5,9,6,10],"rotation":270,"texture":"#2"},"down":{"uv":[5,9,7.6,10],"rotation":90,"texture":"#2"}}},{"from":[3.62633,11.79314,1.48725],"to":[4.42633,12.59314,2.28725],"rotation":{"angle":45,"axis":"x","origin":[7.53133,4.52398,8.005]},"faces":{"north":{"uv":[4,9,5,10],"texture":"#2"},"east":{"uv":[4,9,5,10],"texture":"#2"},"south":{"uv":[4,9,5,10],"texture":"#2"},"west":{"uv":[4,9,5,10],"texture":"#2"},"up":{"uv":[4,9,5,10],"rotation":270,"texture":"#2"},"down":{"uv":[4,9,5,10],"rotation":90,"texture":"#2"}}},{"from":[4.82633,13.19314,2.68725],"to":[3.22633,12.19314,1.08725],"rotation":{"angle":45,"axis":"x","origin":[7.53133,4.52398,8.005]},"faces":{"north":{"uv":[5,9,6,10],"texture":"#2"},"east":{"uv":[5,9,6,10],"texture":"#2"},"south":{"uv":[5,9,6,10],"texture":"#2"},"west":{"uv":[5,9,6,10],"texture":"#2"},"down":{"uv":[5,9,6,10],"rotation":90,"texture":"#2"}}},{"from":[3.62633,10.99314,0.68725],"to":[4.42633,11.79314,2.28725],"rotation":{"angle":45,"axis":"x","origin":[7.53133,4.52398,8.005]},"faces":{"north":{"uv":[4,9,5,10],"texture":"#2"},"east":{"uv":[4,9,5,10],"texture":"#2"},"south":{"uv":[4,9,5,10],"texture":"#2"},"west":{"uv":[4,9,5,10],"texture":"#2"},"up":{"uv":[4,9,5,10],"rotation":270,"texture":"#2"},"down":{"uv":[4,9,5,10],"rotation":90,"texture":"#2"}}},{"from":[4.82633,17.14288,9.05121],"to":[3.22633,15.54288,6.45121],"rotation":{"angle":45,"axis":"x","origin":[7.53133,4.52398,8.005]},"faces":{"north":{"uv":[9,15,10,16],"texture":"#2"},"east":{"uv":[9,15,10,16],"texture":"#2"},"south":{"uv":[9,15,10,16],"texture":"#2"},"west":{"uv":[9,15,10,16],"texture":"#2"},"up":{"uv":[9,15,10,16],"rotation":270,"texture":"#2"},"down":{"uv":[9,15,11.6,16],"rotation":90,"texture":"#2"}}},{"from":[3.62633,16.74288,7.85121],"to":[4.42633,17.54288,8.65121],"rotation":{"angle":45,"axis":"x","origin":[7.53133,4.52398,8.005]},"faces":{"north":{"uv":[8,15,9,16],"texture":"#2"},"east":{"uv":[8,15,9,16],"texture":"#2"},"south":{"uv":[8,15,9,16],"texture":"#2"},"west":{"uv":[8,15,9,16],"texture":"#2"},"up":{"uv":[8,15,9,16],"rotation":270,"texture":"#2"},"down":{"uv":[8,15,9,16],"rotation":90,"texture":"#2"}}},{"from":[4.82633,18.14288,9.05121],"to":[3.22633,17.14288,7.45121],"rotation":{"angle":45,"axis":"x","origin":[7.53133,4.52398,8.005]},"faces":{"north":{"uv":[9,15,10,16],"texture":"#2"},"east":{"uv":[9,15,10,16],"texture":"#2"},"south":{"uv":[9,15,10,16],"texture":"#2"},"west":{"uv":[9,15,10,16],"texture":"#2"},"down":{"uv":[9,15,10,16],"rotation":90,"texture":"#2"}}},{"from":[3.62633,15.94288,7.05121],"to":[4.42633,16.74288,8.65121],"rotation":{"angle":45,"axis":"x","origin":[7.53133,4.52398,8.005]},"faces":{"north":{"uv":[8,15,9,16],"texture":"#2"},"east":{"uv":[8,15,9,16],"texture":"#2"},"south":{"uv":[8,15,9,16],"texture":"#2"},"west":{"uv":[8,15,9,16],"texture":"#2"},"up":{"uv":[8,15,9,16],"rotation":270,"texture":"#2"},"down":{"uv":[8,15,9,16],"rotation":90,"texture":"#2"}}},{"from":[4.82633,17.49644,8.69766],"to":[3.22633,15.89644,6.09766],"rotation":{"angle":45,"axis":"x","origin":[7.53133,4.52398,8.005]},"faces":{"north":{"uv":[9,14,10,15],"texture":"#2"},"east":{"uv":[9,14,10,15],"texture":"#2"},"south":{"uv":[9,14,10,15],"texture":"#2"},"west":{"uv":[9,14,10,15],"texture":"#2"},"up":{"uv":[9,14,10,15],"rotation":270,"texture":"#2"},"down":{"uv":[9,14,11.6,15],"rotation":90,"texture":"#2"}}},{"from":[3.58633,17.16108,7.43302],"to":[4.48633,18.16108,8.33302],"rotation":{"angle":45,"axis":"x","origin":[7.53133,4.52398,8.005]},"faces":{"north":{"uv":[8,14,9,15],"texture":"#2"},"east":{"uv":[8,14,9,15],"texture":"#2"},"south":{"uv":[8,14,9,15],"texture":"#2"},"west":{"uv":[8,14,9,15],"texture":"#2"},"up":{"uv":[8,14,9,15],"rotation":270,"texture":"#2"},"down":{"uv":[8,14,9,15],"rotation":90,"texture":"#2"}}},{"from":[4.82633,18.49644,8.69766],"to":[3.22633,17.49644,7.09766],"rotation":{"angle":45,"axis":"x","origin":[7.53133,4.52398,8.005]},"faces":{"north":{"uv":[9,14,10,15],"texture":"#2"},"east":{"uv":[9,14,10,15],"texture":"#2"},"south":{"uv":[9,14,10,15],"texture":"#2"},"west":{"uv":[9,14,10,15],"texture":"#2"},"down":{"uv":[9,14,10,15],"rotation":90,"texture":"#2"}}},{"from":[3.58633,16.26108,6.53302],"to":[4.48633,17.16108,8.33302],"rotation":{"angle":45,"axis":"x","origin":[7.53133,4.52398,8.005]},"faces":{"north":{"uv":[8,14,9,15],"texture":"#2"},"east":{"uv":[8,14,9,15],"texture":"#2"},"south":{"uv":[8,14,9,15],"texture":"#2"},"west":{"uv":[8,14,9,15],"texture":"#2"},"up":{"uv":[8,14,9,15],"rotation":270,"texture":"#2"},"down":{"uv":[8,14,9,15],"rotation":90,"texture":"#2"}}},{"from":[4.82633,17.84999,8.34411],"to":[3.22633,16.24999,5.74411],"rotation":{"angle":45,"axis":"x","origin":[7.53133,4.52398,8.005]},"faces":{"north":{"uv":[9,13,10,14],"texture":"#2"},"east":{"uv":[9,13,10,14],"texture":"#2"},"south":{"uv":[9,13,10,14],"texture":"#2"},"west":{"uv":[9,13,10,14],"texture":"#2"},"up":{"uv":[9,13,10,14],"rotation":270,"texture":"#2"},"down":{"uv":[9,13,11.6,14],"rotation":90,"texture":"#2"}}},{"from":[3.52633,17.54999,7.04411],"to":[4.52633,18.54999,8.04411],"rotation":{"angle":45,"axis":"x","origin":[7.53133,4.52398,8.005]},"faces":{"north":{"uv":[8,13,9,14],"texture":"#2"},"east":{"uv":[8,13,9,14],"texture":"#2"},"south":{"uv":[8,13,9,14],"texture":"#2"},"west":{"uv":[8,13,9,14],"texture":"#2"},"up":{"uv":[8,13,9,14],"rotation":270,"texture":"#2"},"down":{"uv":[8,13,9,14],"rotation":90,"texture":"#2"}}},{"from":[4.82633,18.84999,8.34411],"to":[3.22633,17.84999,6.74411],"rotation":{"angle":45,"axis":"x","origin":[7.53133,4.52398,8.005]},"faces":{"north":{"uv":[9,13,10,14],"texture":"#2"},"east":{"uv":[9,13,10,14],"texture":"#2"},"south":{"uv":[9,13,10,14],"texture":"#2"},"west":{"uv":[9,13,10,14],"texture":"#2"},"down":{"uv":[9,13,10,14],"rotation":90,"texture":"#2"}}},{"from":[3.52633,16.54999,6.04411],"to":[4.52633,17.54999,8.04411],"rotation":{"angle":45,"axis":"x","origin":[7.53133,4.52398,8.005]},"faces":{"north":{"uv":[8,13,9,14],"texture":"#2"},"east":{"uv":[8,13,9,14],"texture":"#2"},"south":{"uv":[8,13,9,14],"texture":"#2"},"west":{"uv":[8,13,9,14],"texture":"#2"},"up":{"uv":[8,13,9,14],"rotation":270,"texture":"#2"},"down":{"uv":[8,13,9,14],"rotation":90,"texture":"#2"}}},{"from":[4.82633,18.20354,7.99055],"to":[3.22633,16.60354,5.39055],"rotation":{"angle":45,"axis":"x","origin":[7.53133,4.52398,8.005]},"faces":{"north":{"uv":[9,12,10,13],"texture":"#2"},"east":{"uv":[9,12,10,13],"texture":"#2"},"south":{"uv":[9,12,10,13],"texture":"#2"},"west":{"uv":[9,12,10,13],"texture":"#2"},"up":{"uv":[9,12,10,13],"rotation":270,"texture":"#2"},"down":{"uv":[9,12,11.6,13],"rotation":90,"texture":"#2"}}},{"from":[3.52633,17.90354,6.69055],"to":[4.52633,18.90354,7.69055],"rotation":{"angle":45,"axis":"x","origin":[7.53133,4.52398,8.005]},"faces":{"north":{"uv":[8,12,9,13],"texture":"#2"},"east":{"uv":[8,12,9,13],"texture":"#2"},"south":{"uv":[8,12,9,13],"texture":"#2"},"west":{"uv":[8,12,9,13],"texture":"#2"},"up":{"uv":[8,12,9,13],"rotation":270,"texture":"#2"},"down":{"uv":[8,12,9,13],"rotation":90,"texture":"#2"}}},{"from":[4.82633,19.20354,7.99055],"to":[3.22633,18.20354,6.39055],"rotation":{"angle":45,"axis":"x","origin":[7.53133,4.52398,8.005]},"faces":{"north":{"uv":[9,12,10,13],"texture":"#2"},"east":{"uv":[9,12,10,13],"texture":"#2"},"south":{"uv":[9,12,10,13],"texture":"#2"},"west":{"uv":[9,12,10,13],"texture":"#2"},"down":{"uv":[9,12,10,13],"rotation":90,"texture":"#2"}}},{"from":[3.52633,16.90354,5.69055],"to":[4.52633,17.90354,7.69055],"rotation":{"angle":45,"axis":"x","origin":[7.53133,4.52398,8.005]},"faces":{"north":{"uv":[8,12,9,13],"texture":"#2"},"east":{"uv":[8,12,9,13],"texture":"#2"},"south":{"uv":[8,12,9,13],"texture":"#2"},"west":{"uv":[8,12,9,13],"texture":"#2"},"up":{"uv":[8,12,9,13],"rotation":270,"texture":"#2"},"down":{"uv":[8,12,9,13],"rotation":90,"texture":"#2"}}},{"from":[4.82633,18.5571,7.637],"to":[3.22633,16.9571,5.037],"rotation":{"angle":45,"axis":"x","origin":[7.53133,4.52398,8.005]},"faces":{"north":{"uv":[9,11,10,12],"texture":"#2"},"east":{"uv":[9,11,10,12],"texture":"#2"},"south":{"uv":[9,11,10,12],"texture":"#2"},"west":{"uv":[9,11,10,12],"texture":"#2"},"up":{"uv":[9,11,10,12],"rotation":270,"texture":"#2"},"down":{"uv":[9,11,11.6,12],"rotation":90,"texture":"#2"}}},{"from":[3.52633,18.2571,6.337],"to":[4.52633,19.2571,7.337],"rotation":{"angle":45,"axis":"x","origin":[7.53133,4.52398,8.005]},"faces":{"north":{"uv":[8,11,9,12],"texture":"#2"},"east":{"uv":[8,11,9,12],"texture":"#2"},"south":{"uv":[8,11,9,12],"texture":"#2"},"west":{"uv":[8,11,9,12],"texture":"#2"},"up":{"uv":[8,11,9,12],"rotation":270,"texture":"#2"},"down":{"uv":[8,11,9,12],"rotation":90,"texture":"#2"}}},{"from":[4.82633,19.5571,7.637],"to":[3.22633,18.5571,6.037],"rotation":{"angle":45,"axis":"x","origin":[7.53133,4.52398,8.005]},"faces":{"north":{"uv":[9,11,10,12],"texture":"#2"},"east":{"uv":[9,11,10,12],"texture":"#2"},"south":{"uv":[9,11,10,12],"texture":"#2"},"west":{"uv":[9,11,10,12],"texture":"#2"},"down":{"uv":[9,11,10,12],"rotation":90,"texture":"#2"}}},{"from":[3.52633,17.2571,5.337],"to":[4.52633,18.2571,7.337],"rotation":{"angle":45,"axis":"x","origin":[7.53133,4.52398,8.005]},"faces":{"north":{"uv":[8,11,9,12],"texture":"#2"},"east":{"uv":[8,11,9,12],"texture":"#2"},"south":{"uv":[8,11,9,12],"texture":"#2"},"west":{"uv":[8,11,9,12],"texture":"#2"},"up":{"uv":[8,11,9,12],"rotation":270,"texture":"#2"},"down":{"uv":[8,11,9,12],"rotation":90,"texture":"#2"}}},{"from":[4.82633,18.91065,7.28345],"to":[3.22633,17.31065,4.68345],"rotation":{"angle":45,"axis":"x","origin":[7.53133,4.52398,8.005]},"faces":{"north":{"uv":[9,10,10,11],"texture":"#2"},"east":{"uv":[9,10,10,11],"texture":"#2"},"south":{"uv":[9,10,10,11],"texture":"#2"},"west":{"uv":[9,10,10,11],"texture":"#2"},"up":{"uv":[9,10,10,11],"rotation":270,"texture":"#2"},"down":{"uv":[9,10,11.6,11],"rotation":90,"texture":"#2"}}},{"from":[3.57633,18.61065,6.03345],"to":[4.47633,19.51065,6.93345],"rotation":{"angle":45,"axis":"x","origin":[7.53133,4.52398,8.005]},"faces":{"north":{"uv":[8,10,9,11],"texture":"#2"},"east":{"uv":[8,10,9,11],"texture":"#2"},"south":{"uv":[8,10,9,11],"texture":"#2"},"west":{"uv":[8,10,9,11],"texture":"#2"},"up":{"uv":[8,10,9,11],"rotation":270,"texture":"#2"},"down":{"uv":[8,10,9,11],"rotation":90,"texture":"#2"}}},{"from":[4.82633,19.91065,7.28345],"to":[3.22633,18.91065,5.68345],"rotation":{"angle":45,"axis":"x","origin":[7.53133,4.52398,8.005]},"faces":{"north":{"uv":[9,10,10,11],"texture":"#2"},"east":{"uv":[9,10,10,11],"texture":"#2"},"south":{"uv":[9,10,10,11],"texture":"#2"},"west":{"uv":[9,10,10,11],"texture":"#2"},"down":{"uv":[9,10,10,11],"rotation":90,"texture":"#2"}}},{"from":[3.57633,17.71065,5.13345],"to":[4.47633,18.61065,6.93345],"rotation":{"angle":45,"axis":"x","origin":[7.53133,4.52398,8.005]},"faces":{"north":{"uv":[8,10,9,11],"texture":"#2"},"east":{"uv":[8,10,9,11],"texture":"#2"},"south":{"uv":[8,10,9,11],"texture":"#2"},"west":{"uv":[8,10,9,11],"texture":"#2"},"up":{"uv":[8,10,9,11],"rotation":270,"texture":"#2"},"down":{"uv":[8,10,9,11],"rotation":90,"texture":"#2"}}},{"from":[4.82633,19.2642,6.92989],"to":[3.22633,17.6642,4.32989],"rotation":{"angle":45,"axis":"x","origin":[7.53133,4.52398,8.005]},"faces":{"north":{"uv":[9,9,10,10],"texture":"#2"},"east":{"uv":[9,9,10,10],"texture":"#2"},"south":{"uv":[9,9,10,10],"texture":"#2"},"west":{"uv":[9,9,10,10],"texture":"#2"},"up":{"uv":[9,9,10,10],"rotation":270,"texture":"#2"},"down":{"uv":[9,9,11.6,10],"rotation":90,"texture":"#2"}}},{"from":[3.62633,18.8642,5.72989],"to":[4.42633,19.6642,6.52989],"rotation":{"angle":45,"axis":"x","origin":[7.53133,4.52398,8.005]},"faces":{"north":{"uv":[8,9,9,10],"texture":"#2"},"east":{"uv":[8,9,9,10],"texture":"#2"},"south":{"uv":[8,9,9,10],"texture":"#2"},"west":{"uv":[8,9,9,10],"texture":"#2"},"up":{"uv":[8,9,9,10],"rotation":270,"texture":"#2"},"down":{"uv":[8,9,9,10],"rotation":90,"texture":"#2"}}},{"from":[4.82633,20.2642,6.92989],"to":[3.22633,19.2642,5.32989],"rotation":{"angle":45,"axis":"x","origin":[7.53133,4.52398,8.005]},"faces":{"north":{"uv":[9,9,10,10],"texture":"#2"},"east":{"uv":[9,9,10,10],"texture":"#2"},"south":{"uv":[9,9,10,10],"texture":"#2"},"west":{"uv":[9,9,10,10],"texture":"#2"},"down":{"uv":[9,9,10,10],"rotation":90,"texture":"#2"}}},{"from":[3.62633,18.0642,4.92989],"to":[4.42633,18.8642,6.52989],"rotation":{"angle":45,"axis":"x","origin":[7.53133,4.52398,8.005]},"faces":{"north":{"uv":[8,9,9,10],"texture":"#2"},"east":{"uv":[8,9,9,10],"texture":"#2"},"south":{"uv":[8,9,9,10],"texture":"#2"},"west":{"uv":[8,9,9,10],"texture":"#2"},"up":{"uv":[8,9,9,10],"rotation":270,"texture":"#2"},"down":{"uv":[8,9,9,10],"rotation":90,"texture":"#2"}}},{"from":[11.82633,9.36471,5.51568],"to":[10.22633,7.76471,2.91568],"rotation":{"angle":45,"axis":"x","origin":[7.53133,4.52398,8.005]},"faces":{"north":{"uv":[13,15,14,16],"texture":"#2"},"east":{"uv":[13,15,14,16],"texture":"#2"},"south":{"uv":[13,15,14,16],"texture":"#2"},"west":{"uv":[13,15,14,16],"texture":"#2"},"up":{"uv":[13,15,14,16],"rotation":270,"texture":"#2"},"down":{"uv":[13,15,15.6,16],"rotation":90,"texture":"#2"}}},{"from":[10.62633,8.96471,4.31568],"to":[11.42633,9.76471,5.11568],"rotation":{"angle":45,"axis":"x","origin":[7.53133,4.52398,8.005]},"faces":{"north":{"uv":[12,15,13,16],"texture":"#2"},"east":{"uv":[12,15,13,16],"texture":"#2"},"south":{"uv":[12,15,13,16],"texture":"#2"},"west":{"uv":[12,15,13,16],"texture":"#2"},"up":{"uv":[12,15,13,16],"rotation":270,"texture":"#2"},"down":{"uv":[12,15,13,16],"rotation":90,"texture":"#2"}}},{"from":[11.82633,10.36471,5.51568],"to":[10.22633,9.36471,3.91568],"rotation":{"angle":45,"axis":"x","origin":[7.53133,4.52398,8.005]},"faces":{"north":{"uv":[13,15,14,16],"texture":"#2"},"east":{"uv":[13,15,14,16],"texture":"#2"},"south":{"uv":[13,15,14,16],"texture":"#2"},"west":{"uv":[13,15,14,16],"texture":"#2"},"down":{"uv":[13,15,14,16],"rotation":90,"texture":"#2"}}},{"from":[10.62633,8.16471,3.51568],"to":[11.42633,8.96471,5.11568],"rotation":{"angle":45,"axis":"x","origin":[7.53133,4.52398,8.005]},"faces":{"north":{"uv":[12,15,13,16],"texture":"#2"},"east":{"uv":[12,15,13,16],"texture":"#2"},"south":{"uv":[12,15,13,16],"texture":"#2"},"west":{"uv":[12,15,13,16],"texture":"#2"},"up":{"uv":[12,15,13,16],"rotation":270,"texture":"#2"},"down":{"uv":[12,15,13,16],"rotation":90,"texture":"#2"}}},{"from":[11.82633,9.71826,5.16213],"to":[10.22633,8.11826,2.56213],"rotation":{"angle":45,"axis":"x","origin":[7.53133,4.52398,8.005]},"faces":{"north":{"uv":[13,14,14,15],"texture":"#2"},"east":{"uv":[13,14,14,15],"texture":"#2"},"south":{"uv":[13,14,14,15],"texture":"#2"},"west":{"uv":[13,14,14,15],"texture":"#2"},"up":{"uv":[13,14,14,15],"rotation":270,"texture":"#2"},"down":{"uv":[13,14,15.6,15],"rotation":90,"texture":"#2"}}},{"from":[10.58633,9.38291,3.89748],"to":[11.48633,10.38291,4.79748],"rotation":{"angle":45,"axis":"x","origin":[7.53133,4.52398,8.005]},"faces":{"north":{"uv":[12,14,13,15],"texture":"#2"},"east":{"uv":[12,14,13,15],"texture":"#2"},"south":{"uv":[12,14,13,15],"texture":"#2"},"west":{"uv":[12,14,13,15],"texture":"#2"},"up":{"uv":[12,14,13,15],"rotation":270,"texture":"#2"},"down":{"uv":[12,14,13,15],"rotation":90,"texture":"#2"}}},{"from":[11.82633,10.71826,5.16213],"to":[10.22633,9.71826,3.56213],"rotation":{"angle":45,"axis":"x","origin":[7.53133,4.52398,8.005]},"faces":{"north":{"uv":[13,14,14,15],"texture":"#2"},"east":{"uv":[13,14,14,15],"texture":"#2"},"south":{"uv":[13,14,14,15],"texture":"#2"},"west":{"uv":[13,14,14,15],"texture":"#2"},"down":{"uv":[13,14,14,15],"rotation":90,"texture":"#2"}}},{"from":[10.58633,8.48291,2.99748],"to":[11.48633,9.38291,4.79748],"rotation":{"angle":45,"axis":"x","origin":[7.53133,4.52398,8.005]},"faces":{"north":{"uv":[12,14,13,15],"texture":"#2"},"east":{"uv":[12,14,13,15],"texture":"#2"},"south":{"uv":[12,14,13,15],"texture":"#2"},"west":{"uv":[12,14,13,15],"texture":"#2"},"up":{"uv":[12,14,13,15],"rotation":270,"texture":"#2"},"down":{"uv":[12,14,13,15],"rotation":90,"texture":"#2"}}},{"from":[11.82633,10.07182,4.80857],"to":[10.22633,8.47182,2.20857],"rotation":{"angle":45,"axis":"x","origin":[7.53133,4.52398,8.005]},"faces":{"north":{"uv":[13,13,14,14],"texture":"#2"},"east":{"uv":[13,13,14,14],"texture":"#2"},"south":{"uv":[13,13,14,14],"texture":"#2"},"west":{"uv":[13,13,14,14],"texture":"#2"},"up":{"uv":[13,13,14,14],"rotation":270,"texture":"#2"},"down":{"uv":[13,13,15.6,14],"rotation":90,"texture":"#2"}}},{"from":[10.52633,9.77182,3.50857],"to":[11.52633,10.77182,4.50857],"rotation":{"angle":45,"axis":"x","origin":[7.53133,4.52398,8.005]},"faces":{"north":{"uv":[12,13,13,14],"texture":"#2"},"east":{"uv":[12,13,13,14],"texture":"#2"},"south":{"uv":[12,13,13,14],"texture":"#2"},"west":{"uv":[12,13,13,14],"texture":"#2"},"up":{"uv":[12,13,13,14],"rotation":270,"texture":"#2"},"down":{"uv":[12,13,13,14],"rotation":90,"texture":"#2"}}},{"from":[11.82633,11.07182,4.80857],"to":[10.22633,10.07182,3.20857],"rotation":{"angle":45,"axis":"x","origin":[7.53133,4.52398,8.005]},"faces":{"north":{"uv":[13,13,14,14],"texture":"#2"},"east":{"uv":[13,13,14,14],"texture":"#2"},"south":{"uv":[13,13,14,14],"texture":"#2"},"west":{"uv":[13,13,14,14],"texture":"#2"},"down":{"uv":[13,13,14,14],"rotation":90,"texture":"#2"}}},{"from":[10.52633,8.77182,2.50857],"to":[11.52633,9.77182,4.50857],"rotation":{"angle":45,"axis":"x","origin":[7.53133,4.52398,8.005]},"faces":{"north":{"uv":[12,13,13,14],"texture":"#2"},"east":{"uv":[12,13,13,14],"texture":"#2"},"south":{"uv":[12,13,13,14],"texture":"#2"},"west":{"uv":[12,13,13,14],"texture":"#2"},"up":{"uv":[12,13,13,14],"rotation":270,"texture":"#2"},"down":{"uv":[12,13,13,14],"rotation":90,"texture":"#2"}}},{"from":[11.82633,10.42537,4.45502],"to":[10.22633,8.82537,1.85502],"rotation":{"angle":45,"axis":"x","origin":[7.53133,4.52398,8.005]},"faces":{"north":{"uv":[13,12,14,13],"texture":"#2"},"east":{"uv":[13,12,14,13],"texture":"#2"},"south":{"uv":[13,12,14,13],"texture":"#2"},"west":{"uv":[13,12,14,13],"texture":"#2"},"up":{"uv":[13,12,14,13],"rotation":270,"texture":"#2"},"down":{"uv":[13,12,15.6,13],"rotation":90,"texture":"#2"}}},{"from":[10.52633,10.12537,3.15502],"to":[11.52633,11.12537,4.15502],"rotation":{"angle":45,"axis":"x","origin":[7.53133,4.52398,8.005]},"faces":{"north":{"uv":[12,12,13,13],"texture":"#2"},"east":{"uv":[12,12,13,13],"texture":"#2"},"south":{"uv":[12,12,13,13],"texture":"#2"},"west":{"uv":[12,12,13,13],"texture":"#2"},"up":{"uv":[12,12,13,13],"rotation":270,"texture":"#2"},"down":{"uv":[12,12,13,13],"rotation":90,"texture":"#2"}}},{"from":[11.82633,11.42537,4.45502],"to":[10.22633,10.42537,2.85502],"rotation":{"angle":45,"axis":"x","origin":[7.53133,4.52398,8.005]},"faces":{"north":{"uv":[13,12,14,13],"texture":"#2"},"east":{"uv":[13,12,14,13],"texture":"#2"},"south":{"uv":[13,12,14,13],"texture":"#2"},"west":{"uv":[13,12,14,13],"texture":"#2"},"down":{"uv":[13,12,14,13],"rotation":90,"texture":"#2"}}},{"from":[10.52633,9.12537,2.15502],"to":[11.52633,10.12537,4.15502],"rotation":{"angle":45,"axis":"x","origin":[7.53133,4.52398,8.005]},"faces":{"north":{"uv":[12,12,13,13],"texture":"#2"},"east":{"uv":[12,12,13,13],"texture":"#2"},"south":{"uv":[12,12,13,13],"texture":"#2"},"west":{"uv":[12,12,13,13],"texture":"#2"},"up":{"uv":[12,12,13,13],"rotation":270,"texture":"#2"},"down":{"uv":[12,12,13,13],"rotation":90,"texture":"#2"}}},{"from":[11.82633,10.77892,4.10147],"to":[10.22633,9.17892,1.50147],"rotation":{"angle":45,"axis":"x","origin":[7.53133,4.52398,8.005]},"faces":{"north":{"uv":[13,11,14,12],"texture":"#2"},"east":{"uv":[13,11,14,12],"texture":"#2"},"south":{"uv":[13,11,14,12],"texture":"#2"},"west":{"uv":[13,11,14,12],"texture":"#2"},"up":{"uv":[13,11,14,12],"rotation":270,"texture":"#2"},"down":{"uv":[13,11,15.6,12],"rotation":90,"texture":"#2"}}},{"from":[10.52633,10.47892,2.80147],"to":[11.52633,11.47892,3.80147],"rotation":{"angle":45,"axis":"x","origin":[7.53133,4.52398,8.005]},"faces":{"north":{"uv":[12,11,13,12],"texture":"#2"},"east":{"uv":[12,11,13,12],"texture":"#2"},"south":{"uv":[12,11,13,12],"texture":"#2"},"west":{"uv":[12,11,13,12],"texture":"#2"},"up":{"uv":[12,11,13,12],"rotation":270,"texture":"#2"},"down":{"uv":[12,11,13,12],"rotation":90,"texture":"#2"}}},{"from":[11.82633,11.77892,4.10147],"to":[10.22633,10.77892,2.50147],"rotation":{"angle":45,"axis":"x","origin":[7.53133,4.52398,8.005]},"faces":{"north":{"uv":[13,11,14,12],"texture":"#2"},"east":{"uv":[13,11,14,12],"texture":"#2"},"south":{"uv":[13,11,14,12],"texture":"#2"},"west":{"uv":[13,11,14,12],"texture":"#2"},"down":{"uv":[13,11,14,12],"rotation":90,"texture":"#2"}}},{"from":[10.52633,9.47892,1.80147],"to":[11.52633,10.47892,3.80147],"rotation":{"angle":45,"axis":"x","origin":[7.53133,4.52398,8.005]},"faces":{"north":{"uv":[12,11,13,12],"texture":"#2"},"east":{"uv":[12,11,13,12],"texture":"#2"},"south":{"uv":[12,11,13,12],"texture":"#2"},"west":{"uv":[12,11,13,12],"texture":"#2"},"up":{"uv":[12,11,13,12],"rotation":270,"texture":"#2"},"down":{"uv":[12,11,13,12],"rotation":90,"texture":"#2"}}},{"from":[11.82633,11.13248,3.74791],"to":[10.22633,9.53248,1.14791],"rotation":{"angle":45,"axis":"x","origin":[7.53133,4.52398,8.005]},"faces":{"north":{"uv":[13,10,14,11],"texture":"#2"},"east":{"uv":[13,10,14,11],"texture":"#2"},"south":{"uv":[13,10,14,11],"texture":"#2"},"west":{"uv":[13,10,14,11],"texture":"#2"},"up":{"uv":[13,10,14,11],"rotation":270,"texture":"#2"},"down":{"uv":[13,10,15.6,11],"rotation":90,"texture":"#2"}}},{"from":[10.57633,10.83248,2.49791],"to":[11.47633,11.73248,3.39791],"rotation":{"angle":45,"axis":"x","origin":[7.53133,4.52398,8.005]},"faces":{"north":{"uv":[12,10,13,11],"texture":"#2"},"east":{"uv":[12,10,13,11],"texture":"#2"},"south":{"uv":[12,10,13,11],"texture":"#2"},"west":{"uv":[12,10,13,11],"texture":"#2"},"up":{"uv":[12,10,13,11],"rotation":270,"texture":"#2"},"down":{"uv":[12,10,13,11],"rotation":90,"texture":"#2"}}},{"from":[11.82633,12.13248,3.74791],"to":[10.22633,11.13248,2.14791],"rotation":{"angle":45,"axis":"x","origin":[7.53133,4.52398,8.005]},"faces":{"north":{"uv":[13,10,14,11],"texture":"#2"},"east":{"uv":[13,10,14,11],"texture":"#2"},"south":{"uv":[13,10,14,11],"texture":"#2"},"west":{"uv":[13,10,14,11],"texture":"#2"},"down":{"uv":[13,10,14,11],"rotation":90,"texture":"#2"}}},{"from":[10.57633,9.93248,1.59791],"to":[11.47633,10.83248,3.39791],"rotation":{"angle":45,"axis":"x","origin":[7.53133,4.52398,8.005]},"faces":{"north":{"uv":[12,10,13,11],"texture":"#2"},"east":{"uv":[12,10,13,11],"texture":"#2"},"south":{"uv":[12,10,13,11],"texture":"#2"},"west":{"uv":[12,10,13,11],"texture":"#2"},"up":{"uv":[12,10,13,11],"rotation":270,"texture":"#2"},"down":{"uv":[12,10,13,11],"rotation":90,"texture":"#2"}}},{"from":[11.82633,11.48603,3.39436],"to":[10.22633,9.88603,0.79436],"rotation":{"angle":45,"axis":"x","origin":[7.53133,4.52398,8.005]},"faces":{"north":{"uv":[13,9,14,10],"texture":"#2"},"east":{"uv":[13,9,14,10],"texture":"#2"},"south":{"uv":[13,9,14,10],"texture":"#2"},"west":{"uv":[13,9,14,10],"texture":"#2"},"up":{"uv":[13,9,14,10],"rotation":270,"texture":"#2"},"down":{"uv":[13,9,15.6,10],"rotation":90,"texture":"#2"}}},{"from":[10.62633,11.08603,2.19436],"to":[11.42633,11.88603,2.99436],"rotation":{"angle":45,"axis":"x","origin":[7.53133,4.52398,8.005]},"faces":{"north":{"uv":[12,9,13,10],"texture":"#2"},"east":{"uv":[12,9,13,10],"texture":"#2"},"south":{"uv":[12,9,13,10],"texture":"#2"},"west":{"uv":[12,9,13,10],"texture":"#2"},"up":{"uv":[12,9,13,10],"rotation":270,"texture":"#2"},"down":{"uv":[12,9,13,10],"rotation":90,"texture":"#2"}}},{"from":[11.82633,12.48603,3.39436],"to":[10.22633,11.48603,1.79436],"rotation":{"angle":45,"axis":"x","origin":[7.53133,4.52398,8.005]},"faces":{"north":{"uv":[13,9,14,10],"texture":"#2"},"east":{"uv":[13,9,14,10],"texture":"#2"},"south":{"uv":[13,9,14,10],"texture":"#2"},"west":{"uv":[13,9,14,10],"texture":"#2"},"down":{"uv":[13,9,14,10],"rotation":90,"texture":"#2"}}},{"from":[10.62633,10.28603,1.39436],"to":[11.42633,11.08603,2.99436],"rotation":{"angle":45,"axis":"x","origin":[7.53133,4.52398,8.005]},"faces":{"north":{"uv":[12,9,13,10],"texture":"#2"},"east":{"uv":[12,9,13,10],"texture":"#2"},"south":{"uv":[12,9,13,10],"texture":"#2"},"west":{"uv":[12,9,13,10],"texture":"#2"},"up":{"uv":[12,9,13,10],"rotation":270,"texture":"#2"},"down":{"uv":[12,9,13,10],"rotation":90,"texture":"#2"}}}],"gui_light":"front","display":{"thirdperson_righthand":{"translation":[0.75,3.25,-2],"scale":[0.75,0.75,0.75]},"thirdperson_lefthand":{"translation":[0.75,3.25,-2],"scale":[0.75,0.75,0.75]},"firstperson_righthand":{"rotation":[-10,11,14],"translation":[2.25,3.75,-3],"scale":[0.54883,0.54883,0.54883]},"firstperson_lefthand":{"rotation":[-10,11,14],"translation":[2.25,3.75,-3],"scale":[0.54883,0.54883,0.54883]},"ground":{"rotation":[94,85,0],"translation":[0,0.25,-0.75],"scale":[0.5,0.5,0.5]},"gui":{"rotation":[-90,55,65],"translation":[-1.5,-0.75,0],"scale":[0.515,0.515,0.515]},"head":{"rotation":[90,-171,90],"translation":[-2.25,9.25,0.25],"scale":[0.7,0.7,0.7]},"fixed":{"rotation":[0,90,0],"translation":[-1.5,3,-1.25],"scale":[1.42109,1.42109,1.42109]}},"groups":[0,1,2,3,4,5,6,7,8,9,10,11,12,13,14,15,16,17,18,19,20,{"name":"particles","origin":[8,8,8],"color":0,"boneType":"","children":[{"name":"particle1","origin":[8,8,8],"color":0,"boneType":"","children":[{"name":"heart1","origin":[0,0,0],"color":0,"boneType":"","children":[21,22,23,24]},{"name":"heart2","origin":[0,0,0],"color":0,"boneType":"","children":[25,26,27,28]},{"name":"heart3","origin":[0,0,0],"color":0,"boneType":"","children":[29,30,31,32]},{"name":"heart4","origin":[0,0,0],"color":0,"boneType":"","children":[33,34,35,36]},{"name":"heart5","origin":[0,0,0],"color":0,"boneType":"","children":[37,38,39,40]},{"name":"heart6","origin":[0,0,0],"color":0,"boneType":"","children":[41,42,43,44]},{"name":"heart7","origin":[0,0,0],"color":0,"boneType":"","children":[45,46,47,48]}]},{"name":"particle2","origin":[8,8,8],"color":0,"boneType":"","children":[{"name":"heart1","origin":[0,0,0],"color":0,"boneType":"","children":[49,50,51,52]},{"name":"heart2","origin":[0,0,0],"color":0,"boneType":"","children":[53,54,55,56]},{"name":"heart3","origin":[0,0,0],"color":0,"boneType":"","children":[57,58,59,60]},{"name":"heart4","origin":[0,0,0],"color":0,"boneType":"","children":[61,62,63,64]},{"name":"heart5","origin":[0,0,0],"color":0,"boneType":"","children":[65,66,67,68]},{"name":"heart6","origin":[0,0,0],"color":0,"boneType":"","children":[69,70,71,72]},{"name":"heart7","origin":[0,0,0],"color":0,"boneType":"","children":[73,74,75,76]}]},{"name":"particle3","origin":[8,8,8],"color":0,"boneType":"","children":[{"name":"heart1","origin":[0,0,0],"color":0,"boneType":"","children":[77,78,79,80]},{"name":"heart2","origin":[0,0,0],"color":0,"boneType":"","children":[81,82,83,84]},{"name":"heart3","origin":[0,0,0],"color":0,"boneType":"","children":[85,86,87,88]},{"name":"heart4","origin":[0,0,0],"color":0,"boneType":"","children":[89,90,91,92]},{"name":"heart5","origin":[0,0,0],"color":0,"boneType":"","children":[93,94,95,96]},{"name":"heart6","origin":[0,0,0],"color":0,"boneType":"","children":[97,98,99,100]},{"name":"heart7","origin":[0,0,0],"color":0,"boneType":"","children":[101,102,103,104]}]},{"name":"particle4","origin":[8,8,8],"color":0,"boneType":"","children":[{"name":"heart1","origin":[0,0,0],"color":0,"boneType":"","children":[105,106,107,108]},{"name":"heart2","origin":[0,0,0],"color":0,"boneType":"","children":[109,110,111,112]},{"name":"heart3","origin":[0,0,0],"color":0,"boneType":"","children":[113,114,115,116]},{"name":"heart4","origin":[0,0,0],"color":0,"boneType":"","children":[117,118,119,120]},{"name":"heart5","origin":[0,0,0],"color":0,"boneType":"","children":[121,122,123,124]},{"name":"heart6","origin":[0,0,0],"color":0,"boneType":"","children":[125,126,127,128]},{"name":"heart7","origin":[0,0,0],"color":0,"boneType":"","children":[129,130,131,132]}]}]}]}