{"credit":"by w11shes","textures":{"0":"elitecreatures:valentine_assortment/valentines_pickaxe","1":"elitecreatures:valentine_assortment/valentines_particle","particle":"elitecreatures:valentine_assortment/valentines_pickaxe_e"},"elements":[{"from":[5.505,9.92124,9.40226],"to":[10.505,12.92124,14.40226],"rotation":{"angle":-45,"axis":"x","origin":[8,3.52398,8.005]},"faces":{"north":{"uv":[5,9.5,7.5,11],"texture":"#0"},"east":{"uv":[0,9.5,2.5,11],"texture":"#0"},"south":{"uv":[2.5,9.5,5,11],"texture":"#0"},"west":{"uv":[2.5,9.5,0,11],"texture":"#0"},"up":{"uv":[2.5,9.5,0,7],"rotation":90,"texture":"#0"}}},{"from":[6.475,9.92124,9.40226],"to":[9.525,12.92124,14.40226],"rotation":{"angle":-45,"axis":"x","origin":[8,3.52398,8.005]},"faces":{"east":{"uv":[4,12.5,6.5,14],"texture":"#0"},"west":{"uv":[6.5,12.5,4,14],"texture":"#0"}}},{"from":[10.505,12.92124,14.40226],"to":[5.505,9.92124,9.40226],"rotation":{"angle":-45,"axis":"x","origin":[8,3.52398,8.005]},"faces":{"north":{"uv":[2.5,11,5,9.5],"texture":"#0"},"east":{"uv":[2.5,11,0,9.5],"texture":"#0"},"south":{"uv":[5,11,7.5,9.5],"texture":"#0"},"west":{"uv":[0,11,2.5,9.5],"texture":"#0"},"down":{"uv":[0,9.5,2.5,7],"rotation":270,"texture":"#0"}}},{"from":[5.505,4.92124,9.40226],"to":[10.505,9.92124,17.40226],"rotation":{"angle":-45,"axis":"x","origin":[8,3.52398,8.005]},"faces":{"north":{"uv":[5,7,7.5,9.5],"texture":"#0"},"east":{"uv":[6.5,13,10.5,15.5],"texture":"#0"},"south":{"uv":[2.5,7,5,9.5],"texture":"#0"},"west":{"uv":[10.5,13,6.5,15.5],"texture":"#0"},"up":{"uv":[14.5,14.5,10.5,12],"rotation":90,"texture":"#0"},"down":{"uv":[4,4.5,0,7],"rotation":270,"texture":"#0"}}},{"from":[6.485,4.92124,9.40226],"to":[9.525,9.92124,17.40226],"rotation":{"angle":-45,"axis":"x","origin":[8,3.52398,8.005]},"faces":{"east":{"uv":[0,13,4,15.5],"texture":"#0"},"west":{"uv":[4,13,0,15.5],"texture":"#0"}}},{"from":[10.505,9.92124,17.40226],"to":[5.505,4.92124,9.40226],"rotation":{"angle":-45,"axis":"x","origin":[8,3.52398,8.005]},"faces":{"north":{"uv":[2.5,9.5,5,7],"texture":"#0"},"east":{"uv":[10.5,15.5,6.5,13],"texture":"#0"},"south":{"uv":[5,9.5,7.5,7],"texture":"#0"},"west":{"uv":[6.5,15.5,10.5,13],"texture":"#0"},"up":{"uv":[0,4.5,4,7],"rotation":90,"texture":"#0"},"down":{"uv":[10.5,14.5,14.5,12],"rotation":270,"texture":"#0"}}},{"from":[7.00354,-3,7.00854],"to":[9.00354,3,9.00854],"rotation":{"angle":45,"axis":"y","origin":[8,3.52398,8.005]},"faces":{"north":{"uv":[10.5,10,9.5,13],"texture":"#0"},"east":{"uv":[9.5,10,10.5,13],"texture":"#0"},"south":{"uv":[10.5,10,9.5,13],"texture":"#0"},"west":{"uv":[9.5,10,10.5,13],"texture":"#0"}}},{"from":[6.00354,-5,6.00854],"to":[10.00354,-3,10.00854],"rotation":{"angle":45,"axis":"y","origin":[8,3.52398,8.005]},"faces":{"north":{"uv":[9.5,11,7.5,12],"texture":"#0"},"east":{"uv":[7.5,11,9.5,12],"texture":"#0"},"south":{"uv":[9.5,11,7.5,12],"texture":"#0"},"west":{"uv":[7.5,11,9.5,12],"texture":"#0"},"up":{"uv":[7,4.5,5,2.5],"rotation":90,"texture":"#0"},"down":{"uv":[11,4.5,9,6.5],"rotation":270,"texture":"#0"}}},{"from":[6.00354,3,6.00854],"to":[10.00354,5,10.00854],"rotation":{"angle":45,"axis":"y","origin":[8,3.52398,8.005]},"faces":{"north":{"uv":[11,7.5,13,8.5],"texture":"#0"},"east":{"uv":[13,7.5,11,8.5],"texture":"#0"},"south":{"uv":[11,7.5,13,8.5],"texture":"#0"},"west":{"uv":[13,7.5,11,8.5],"texture":"#0"},"up":{"uv":[11,8.5,9,6.5],"rotation":90,"texture":"#0"},"down":{"uv":[9.5,9,7.5,11],"rotation":270,"texture":"#0"}}},{"from":[6.505,5,6.505],"to":[9.505,7,9.505],"rotation":{"angle":0,"axis":"y","origin":[8,3.52398,8.005]},"faces":{"north":{"uv":[12,9.5,13.5,10.5],"texture":"#0"},"east":{"uv":[12,9.5,13.5,10.5],"texture":"#0"},"south":{"uv":[12,9.5,13.5,10.5],"texture":"#0"},"west":{"uv":[12,9.5,13.5,10.5],"texture":"#0"},"down":{"uv":[12.5,6,11,7.5],"rotation":270,"texture":"#0"}}},{"from":[6.505,-6.32661,12.85559],"to":[9.505,-4.32661,15.85559],"rotation":{"angle":45,"axis":"x","origin":[8,3.52398,8.005]},"faces":{"north":{"uv":[12,8.5,13.5,9.5],"texture":"#0"},"east":{"uv":[8.5,3,10,4],"texture":"#0"},"south":{"uv":[7.5,12,9,13],"texture":"#0"},"west":{"uv":[10,3,8.5,4],"texture":"#0"},"down":{"uv":[8.5,3,7,4.5],"rotation":270,"texture":"#0"}}},{"from":[6.505,-4.32661,12.85559],"to":[9.505,-1.32661,17.85559],"rotation":{"angle":45,"axis":"x","origin":[8,3.52398,8.005]},"faces":{"north":{"uv":[4.5,11,6,12.5],"texture":"#0"},"east":{"uv":[9.5,8.5,12,10],"texture":"#0"},"south":{"uv":[3,11,4.5,12.5],"texture":"#0"},"west":{"uv":[12,8.5,9.5,10],"texture":"#0"},"up":{"uv":[9.5,1.5,7,0],"rotation":90,"texture":"#0"},"down":{"uv":[9.5,1.5,7,3],"rotation":270,"texture":"#0"}}},{"from":[6.07845,-12.92709,6.505],"to":[6.12845,-4.92709,9.505],"rotation":{"angle":22.5,"axis":"z","origin":[8,3.52398,8.005]},"faces":{"east":{"uv":[7.5,5,9,9],"texture":"#0"},"west":{"uv":[7.5,5,9,9],"texture":"#0"}}},{"from":[9.88079,-12.92326,6.505],"to":[9.93079,-4.92326,9.505],"rotation":{"angle":-22.5,"axis":"z","origin":[8,3.52398,8.005]},"faces":{"east":{"uv":[9,5,7.5,9],"texture":"#0"},"west":{"uv":[9,5,7.5,9],"texture":"#0"}}},{"from":[7.955,-5.67029,-3.7846],"to":[8.005,-1.67029,3.2154],"rotation":{"angle":-22.5,"axis":"x","origin":[8,3.52398,8.005]},"faces":{"east":{"uv":[4,5,7.5,7],"texture":"#0"},"west":{"uv":[7.5,5,4,7],"texture":"#0"}}},{"from":[7.955,-5.67029,12.7946],"to":[8.005,-1.67029,19.7946],"rotation":{"angle":22.5,"axis":"x","origin":[8,3.52398,8.005]},"faces":{"east":{"uv":[7.5,5,4,7],"texture":"#0"},"west":{"uv":[4,5,7.5,7],"texture":"#0"}}},{"from":[7.505,8.1,-1.545],"to":[8.505,12.1,1.455],"rotation":{"angle":0,"axis":"y","origin":[8,3.52398,8.005]},"faces":{"north":{"uv":[11.5,10,12,12],"texture":"#0"},"east":{"uv":[10.5,10,12,12],"texture":"#0"},"west":{"uv":[12,10,10.5,12],"texture":"#0"},"up":{"uv":[12,10.5,10.5,10],"rotation":90,"texture":"#0"},"down":{"uv":[12,11.5,10.5,12],"rotation":270,"texture":"#0"}}},{"from":[7.505,8.1,14.555],"to":[8.505,12.1,17.555],"rotation":{"angle":0,"axis":"y","origin":[8,3.52398,8.005]},"faces":{"east":{"uv":[12,10,10.5,12],"texture":"#0"},"south":{"uv":[12,10,11.5,12],"texture":"#0"},"west":{"uv":[10.5,10,12,12],"texture":"#0"},"up":{"uv":[10.5,10.5,12,10],"rotation":90,"texture":"#0"},"down":{"uv":[10.5,11.5,12,12],"rotation":270,"texture":"#0"}}},{"from":[6.505,8.1,1.455],"to":[9.505,12.1,5.455],"rotation":{"angle":0,"axis":"y","origin":[8,3.52398,8.005]},"faces":{"north":{"uv":[1.5,11,3,13],"texture":"#0"},"east":{"uv":[9.5,0,11.5,2],"texture":"#0"},"west":{"uv":[11.5,0,9.5,2],"texture":"#0"},"up":{"uv":[13,6,11,4.5],"rotation":90,"texture":"#0"},"down":{"uv":[12,2,10,3.5],"rotation":270,"texture":"#0"}}},{"from":[6.505,8.1,10.555],"to":[9.505,12.1,14.555],"rotation":{"angle":0,"axis":"y","origin":[8,3.52398,8.005]},"faces":{"east":{"uv":[11.5,0,9.5,2],"texture":"#0"},"south":{"uv":[3,11,1.5,13],"texture":"#0"},"west":{"uv":[9.5,0,11.5,2],"texture":"#0"},"up":{"uv":[11,6,13,4.5],"rotation":90,"texture":"#0"},"down":{"uv":[10,2,12,3.5],"rotation":270,"texture":"#0"}}},{"from":[7.955,10.10943,-1.57442],"to":[8.005,15.10943,2.42558],"rotation":{"angle":-22.5,"axis":"x","origin":[8,3.52398,8.005]},"faces":{"east":{"uv":[5,0,7,2.5],"texture":"#0"},"west":{"uv":[7,0,5,2.5],"texture":"#0"}}},{"from":[7.955,10.10943,13.58442],"to":[8.005,15.10943,17.58442],"rotation":{"angle":22.5,"axis":"x","origin":[8,3.52398,8.005]},"faces":{"east":{"uv":[7,0,5,2.5],"texture":"#0"},"west":{"uv":[5,0,7,2.5],"texture":"#0"}}},{"from":[8.005,10.92123,8.40225],"to":[8.055,19.92123,18.40225],"rotation":{"angle":-45,"axis":"x","origin":[8,3.52398,8.005]},"faces":{"east":{"uv":[0,0,5,4.5],"texture":"#0"},"west":{"uv":[5,0,0,4.5],"texture":"#0"}}},{"from":[8.005,10.92123,-2.39225],"to":[8.055,19.92123,7.60775],"rotation":{"angle":45,"axis":"x","origin":[8,3.52398,8.005]},"faces":{"east":{"uv":[5,0,0,4.5],"texture":"#0"},"west":{"uv":[0,0,5,4.5],"texture":"#0"}}},{"from":[5.305,11.52454,11.3487],"to":[3.705,9.92454,8.7487],"rotation":{"angle":-45,"axis":"x","origin":[8,3.52398,8.005]},"faces":{"north":{"uv":[1,15,2,16],"texture":"#1"},"east":{"uv":[1,15,2,16],"texture":"#1"},"south":{"uv":[1,15,2,16],"texture":"#1"},"west":{"uv":[1,15,2,16],"texture":"#1"},"up":{"uv":[1,15,2,16],"rotation":90,"texture":"#1"},"down":{"uv":[1,15,3.6,16],"rotation":270,"texture":"#1"}}},{"from":[4.105,11.12454,9.1487],"to":[4.905,11.92454,9.9487],"rotation":{"angle":-45,"axis":"x","origin":[8,3.52398,8.005]},"faces":{"north":{"uv":[0,15,1,16],"texture":"#1"},"east":{"uv":[0,15,1,16],"texture":"#1"},"south":{"uv":[0,15,1,16],"texture":"#1"},"west":{"uv":[0,15,1,16],"texture":"#1"},"up":{"uv":[0,15,1,16],"rotation":90,"texture":"#1"},"down":{"uv":[0,15,1,16],"rotation":270,"texture":"#1"}}},{"from":[5.305,12.52454,10.3487],"to":[3.705,11.52454,8.7487],"rotation":{"angle":-45,"axis":"x","origin":[8,3.52398,8.005]},"faces":{"north":{"uv":[1,15,2,16],"texture":"#1"},"east":{"uv":[1,15,2,16],"texture":"#1"},"south":{"uv":[1,15,2,16],"texture":"#1"},"west":{"uv":[1,15,2,16],"texture":"#1"},"down":{"uv":[1,15,2,16],"rotation":270,"texture":"#1"}}},{"from":[4.105,10.32454,9.1487],"to":[4.905,11.12454,10.7487],"rotation":{"angle":-45,"axis":"x","origin":[8,3.52398,8.005]},"faces":{"north":{"uv":[0,15,1,16],"texture":"#1"},"east":{"uv":[0,15,1,16],"texture":"#1"},"south":{"uv":[0,15,1,16],"texture":"#1"},"west":{"uv":[0,15,1,16],"texture":"#1"},"up":{"uv":[0,15,1,16],"rotation":90,"texture":"#1"},"down":{"uv":[0,15,1,16],"rotation":270,"texture":"#1"}}},{"from":[5.305,11.87809,11.70226],"to":[3.705,10.27809,9.10226],"rotation":{"angle":-45,"axis":"x","origin":[8,3.52398,8.005]},"faces":{"north":{"uv":[1,14,2,15],"texture":"#1"},"east":{"uv":[1,14,2,15],"texture":"#1"},"south":{"uv":[1,14,2,15],"texture":"#1"},"west":{"uv":[1,14,2,15],"texture":"#1"},"up":{"uv":[1,14,2,15],"rotation":90,"texture":"#1"},"down":{"uv":[1,14,3.6,15],"rotation":270,"texture":"#1"}}},{"from":[4.045,11.54274,9.4669],"to":[4.945,12.54274,10.3669],"rotation":{"angle":-45,"axis":"x","origin":[8,3.52398,8.005]},"faces":{"north":{"uv":[0,14,1,15],"texture":"#1"},"east":{"uv":[0,14,1,15],"texture":"#1"},"south":{"uv":[0,14,1,15],"texture":"#1"},"west":{"uv":[0,14,1,15],"texture":"#1"},"up":{"uv":[0,14,1,15],"rotation":90,"texture":"#1"},"down":{"uv":[0,14,1,15],"rotation":270,"texture":"#1"}}},{"from":[5.305,12.87809,10.70226],"to":[3.705,11.87809,9.10226],"rotation":{"angle":-45,"axis":"x","origin":[8,3.52398,8.005]},"faces":{"north":{"uv":[1,14,2,15],"texture":"#1"},"east":{"uv":[1,14,2,15],"texture":"#1"},"south":{"uv":[1,14,2,15],"texture":"#1"},"west":{"uv":[1,14,2,15],"texture":"#1"},"down":{"uv":[1,14,2,15],"rotation":270,"texture":"#1"}}},{"from":[4.045,10.64274,9.4669],"to":[4.945,11.54274,11.2669],"rotation":{"angle":-45,"axis":"x","origin":[8,3.52398,8.005]},"faces":{"north":{"uv":[0,14,1,15],"texture":"#1"},"east":{"uv":[0,14,1,15],"texture":"#1"},"south":{"uv":[0,14,1,15],"texture":"#1"},"west":{"uv":[0,14,1,15],"texture":"#1"},"up":{"uv":[0,14,1,15],"rotation":90,"texture":"#1"},"down":{"uv":[0,14,1,15],"rotation":270,"texture":"#1"}}},{"from":[5.305,12.23164,12.05581],"to":[3.705,10.63164,9.45581],"rotation":{"angle":-45,"axis":"x","origin":[8,3.52398,8.005]},"faces":{"north":{"uv":[1,13,2,14],"texture":"#1"},"east":{"uv":[1,13,2,14],"texture":"#1"},"south":{"uv":[1,13,2,14],"texture":"#1"},"west":{"uv":[1,13,2,14],"texture":"#1"},"up":{"uv":[1,13,2,14],"rotation":90,"texture":"#1"},"down":{"uv":[1,13,3.6,14],"rotation":270,"texture":"#1"}}},{"from":[4.005,11.93164,9.75581],"to":[5.005,12.93164,10.75581],"rotation":{"angle":-45,"axis":"x","origin":[8,3.52398,8.005]},"faces":{"north":{"uv":[0,13,1,14],"texture":"#1"},"east":{"uv":[0,13,1,14],"texture":"#1"},"south":{"uv":[0,13,1,14],"texture":"#1"},"west":{"uv":[0,13,1,14],"texture":"#1"},"up":{"uv":[0,13,1,14],"rotation":90,"texture":"#1"},"down":{"uv":[0,13,1,14],"rotation":270,"texture":"#1"}}},{"from":[5.305,13.23164,11.05581],"to":[3.705,12.23164,9.45581],"rotation":{"angle":-45,"axis":"x","origin":[8,3.52398,8.005]},"faces":{"north":{"uv":[1,13,2,14],"texture":"#1"},"east":{"uv":[1,13,2,14],"texture":"#1"},"south":{"uv":[1,13,2,14],"texture":"#1"},"west":{"uv":[1,13,2,14],"texture":"#1"},"down":{"uv":[1,13,2,14],"rotation":270,"texture":"#1"}}},{"from":[4.005,10.93164,9.75581],"to":[5.005,11.93164,11.75581],"rotation":{"angle":-45,"axis":"x","origin":[8,3.52398,8.005]},"faces":{"north":{"uv":[0,13,1,14],"texture":"#1"},"east":{"uv":[0,13,1,14],"texture":"#1"},"south":{"uv":[0,13,1,14],"texture":"#1"},"west":{"uv":[0,13,1,14],"texture":"#1"},"up":{"uv":[0,13,1,14],"rotation":90,"texture":"#1"},"down":{"uv":[0,13,1,14],"rotation":270,"texture":"#1"}}},{"from":[5.305,12.5852,12.40936],"to":[3.705,10.9852,9.80936],"rotation":{"angle":-45,"axis":"x","origin":[8,3.52398,8.005]},"faces":{"north":{"uv":[1,12,2,13],"texture":"#1"},"east":{"uv":[1,12,2,13],"texture":"#1"},"south":{"uv":[1,12,2,13],"texture":"#1"},"west":{"uv":[1,12,2,13],"texture":"#1"},"up":{"uv":[1,12,2,13],"rotation":90,"texture":"#1"},"down":{"uv":[1,12,3.6,13],"rotation":270,"texture":"#1"}}},{"from":[4.005,12.2852,10.10936],"to":[5.005,13.2852,11.10936],"rotation":{"angle":-45,"axis":"x","origin":[8,3.52398,8.005]},"faces":{"north":{"uv":[0,12,1,13],"texture":"#1"},"east":{"uv":[0,12,1,13],"texture":"#1"},"south":{"uv":[0,12,1,13],"texture":"#1"},"west":{"uv":[0,12,1,13],"texture":"#1"},"up":{"uv":[0,12,1,13],"rotation":90,"texture":"#1"},"down":{"uv":[0,12,1,13],"rotation":270,"texture":"#1"}}},{"from":[5.305,13.5852,11.40936],"to":[3.705,12.5852,9.80936],"rotation":{"angle":-45,"axis":"x","origin":[8,3.52398,8.005]},"faces":{"north":{"uv":[1,12,2,13],"texture":"#1"},"east":{"uv":[1,12,2,13],"texture":"#1"},"south":{"uv":[1,12,2,13],"texture":"#1"},"west":{"uv":[1,12,2,13],"texture":"#1"},"down":{"uv":[1,12,2,13],"rotation":270,"texture":"#1"}}},{"from":[4.005,11.2852,10.10936],"to":[5.005,12.2852,12.10936],"rotation":{"angle":-45,"axis":"x","origin":[8,3.52398,8.005]},"faces":{"north":{"uv":[0,12,1,13],"texture":"#1"},"east":{"uv":[0,12,1,13],"texture":"#1"},"south":{"uv":[0,12,1,13],"texture":"#1"},"west":{"uv":[0,12,1,13],"texture":"#1"},"up":{"uv":[0,12,1,13],"rotation":90,"texture":"#1"},"down":{"uv":[0,12,1,13],"rotation":270,"texture":"#1"}}},{"from":[5.305,12.93875,12.76292],"to":[3.705,11.33875,10.16292],"rotation":{"angle":-45,"axis":"x","origin":[8,3.52398,8.005]},"faces":{"north":{"uv":[1,11,2,12],"texture":"#1"},"east":{"uv":[1,11,2,12],"texture":"#1"},"south":{"uv":[1,11,2,12],"texture":"#1"},"west":{"uv":[1,11,2,12],"texture":"#1"},"up":{"uv":[1,11,2,12],"rotation":90,"texture":"#1"},"down":{"uv":[1,11,3.6,12],"rotation":270,"texture":"#1"}}},{"from":[4.005,12.63875,10.46292],"to":[5.005,13.63875,11.46292],"rotation":{"angle":-45,"axis":"x","origin":[8,3.52398,8.005]},"faces":{"north":{"uv":[0,11,1,12],"texture":"#1"},"east":{"uv":[0,11,1,12],"texture":"#1"},"south":{"uv":[0,11,1,12],"texture":"#1"},"west":{"uv":[0,11,1,12],"texture":"#1"},"up":{"uv":[0,11,1,12],"rotation":90,"texture":"#1"},"down":{"uv":[0,11,1,12],"rotation":270,"texture":"#1"}}},{"from":[5.305,13.93875,11.76292],"to":[3.705,12.93875,10.16292],"rotation":{"angle":-45,"axis":"x","origin":[8,3.52398,8.005]},"faces":{"north":{"uv":[1,11,2,12],"texture":"#1"},"east":{"uv":[1,11,2,12],"texture":"#1"},"south":{"uv":[1,11,2,12],"texture":"#1"},"west":{"uv":[1,11,2,12],"texture":"#1"},"down":{"uv":[1,11,2,12],"rotation":270,"texture":"#1"}}},{"from":[4.005,11.63875,10.46292],"to":[5.005,12.63875,12.46292],"rotation":{"angle":-45,"axis":"x","origin":[8,3.52398,8.005]},"faces":{"north":{"uv":[0,11,1,12],"texture":"#1"},"east":{"uv":[0,11,1,12],"texture":"#1"},"south":{"uv":[0,11,1,12],"texture":"#1"},"west":{"uv":[0,11,1,12],"texture":"#1"},"up":{"uv":[0,11,1,12],"rotation":90,"texture":"#1"},"down":{"uv":[0,11,1,12],"rotation":270,"texture":"#1"}}},{"from":[5.305,13.2923,13.11647],"to":[3.705,11.6923,10.51647],"rotation":{"angle":-45,"axis":"x","origin":[8,3.52398,8.005]},"faces":{"north":{"uv":[1,10,2,11],"texture":"#1"},"east":{"uv":[1,10,2,11],"texture":"#1"},"south":{"uv":[1,10,2,11],"texture":"#1"},"west":{"uv":[1,10,2,11],"texture":"#1"},"up":{"uv":[1,10,2,11],"rotation":90,"texture":"#1"},"down":{"uv":[1,10,3.6,11],"rotation":270,"texture":"#1"}}},{"from":[4.055,12.9923,10.86647],"to":[4.955,13.8923,11.76647],"rotation":{"angle":-45,"axis":"x","origin":[8,3.52398,8.005]},"faces":{"north":{"uv":[0,10,1,11],"texture":"#1"},"east":{"uv":[0,10,1,11],"texture":"#1"},"south":{"uv":[0,10,1,11],"texture":"#1"},"west":{"uv":[0,10,1,11],"texture":"#1"},"up":{"uv":[0,10,1,11],"rotation":90,"texture":"#1"},"down":{"uv":[0,10,1,11],"rotation":270,"texture":"#1"}}},{"from":[5.305,14.2923,12.11647],"to":[3.705,13.2923,10.51647],"rotation":{"angle":-45,"axis":"x","origin":[8,3.52398,8.005]},"faces":{"north":{"uv":[1,10,2,11],"texture":"#1"},"east":{"uv":[1,10,2,11],"texture":"#1"},"south":{"uv":[1,10,2,11],"texture":"#1"},"west":{"uv":[1,10,2,11],"texture":"#1"},"down":{"uv":[1,10,2,11],"rotation":270,"texture":"#1"}}},{"from":[4.055,12.0923,10.86647],"to":[4.955,12.9923,12.66647],"rotation":{"angle":-45,"axis":"x","origin":[8,3.52398,8.005]},"faces":{"north":{"uv":[0,10,1,11],"texture":"#1"},"east":{"uv":[0,10,1,11],"texture":"#1"},"south":{"uv":[0,10,1,11],"texture":"#1"},"west":{"uv":[0,10,1,11],"texture":"#1"},"up":{"uv":[0,10,1,11],"rotation":90,"texture":"#1"},"down":{"uv":[0,10,1,11],"rotation":270,"texture":"#1"}}},{"from":[5.305,13.64586,13.47002],"to":[3.705,12.04586,10.87002],"rotation":{"angle":-45,"axis":"x","origin":[8,3.52398,8.005]},"faces":{"north":{"uv":[1,9,2,10],"texture":"#1"},"east":{"uv":[1,9,2,10],"texture":"#1"},"south":{"uv":[1,9,2,10],"texture":"#1"},"west":{"uv":[1,9,2,10],"texture":"#1"},"up":{"uv":[1,9,2,10],"rotation":90,"texture":"#1"},"down":{"uv":[1,9,3.6,10],"rotation":270,"texture":"#1"}}},{"from":[4.105,13.24586,11.27002],"to":[4.905,14.04586,12.07002],"rotation":{"angle":-45,"axis":"x","origin":[8,3.52398,8.005]},"faces":{"north":{"uv":[0,9,1,10],"texture":"#1"},"east":{"uv":[0,9,1,10],"texture":"#1"},"south":{"uv":[0,9,1,10],"texture":"#1"},"west":{"uv":[0,9,1,10],"texture":"#1"},"up":{"uv":[0,9,1,10],"rotation":90,"texture":"#1"},"down":{"uv":[0,9,1,10],"rotation":270,"texture":"#1"}}},{"from":[5.305,14.64586,12.47002],"to":[3.705,13.64586,10.87002],"rotation":{"angle":-45,"axis":"x","origin":[8,3.52398,8.005]},"faces":{"north":{"uv":[1,9,2,10],"texture":"#1"},"east":{"uv":[1,9,2,10],"texture":"#1"},"south":{"uv":[1,9,2,10],"texture":"#1"},"west":{"uv":[1,9,2,10],"texture":"#1"},"down":{"uv":[1,9,2,10],"rotation":270,"texture":"#1"}}},{"from":[4.105,12.44586,11.27002],"to":[4.905,13.24586,12.87002],"rotation":{"angle":-45,"axis":"x","origin":[8,3.52398,8.005]},"faces":{"north":{"uv":[0,9,1,10],"texture":"#1"},"east":{"uv":[0,9,1,10],"texture":"#1"},"south":{"uv":[0,9,1,10],"texture":"#1"},"west":{"uv":[0,9,1,10],"texture":"#1"},"up":{"uv":[0,9,1,10],"rotation":90,"texture":"#1"},"down":{"uv":[0,9,1,10],"rotation":270,"texture":"#1"}}},{"from":[12.305,5.16058,16.29845],"to":[10.705,3.56058,13.69845],"rotation":{"angle":-45,"axis":"x","origin":[8,3.52398,8.005]},"faces":{"north":{"uv":[5,15,6,16],"texture":"#1"},"east":{"uv":[5,15,6,16],"texture":"#1"},"south":{"uv":[5,15,6,16],"texture":"#1"},"west":{"uv":[5,15,6,16],"texture":"#1"},"up":{"uv":[5,15,6,16],"rotation":90,"texture":"#1"},"down":{"uv":[5,15,7.6,16],"rotation":270,"texture":"#1"}}},{"from":[11.105,4.76058,14.09845],"to":[11.905,5.56058,14.89845],"rotation":{"angle":-45,"axis":"x","origin":[8,3.52398,8.005]},"faces":{"north":{"uv":[4,15,5,16],"texture":"#1"},"east":{"uv":[4,15,5,16],"texture":"#1"},"south":{"uv":[4,15,5,16],"texture":"#1"},"west":{"uv":[4,15,5,16],"texture":"#1"},"up":{"uv":[4,15,5,16],"rotation":90,"texture":"#1"},"down":{"uv":[4,15,5,16],"rotation":270,"texture":"#1"}}},{"from":[12.305,6.16058,15.29845],"to":[10.705,5.16058,13.69845],"rotation":{"angle":-45,"axis":"x","origin":[8,3.52398,8.005]},"faces":{"north":{"uv":[5,15,6,16],"texture":"#1"},"east":{"uv":[5,15,6,16],"texture":"#1"},"south":{"uv":[5,15,6,16],"texture":"#1"},"west":{"uv":[5,15,6,16],"texture":"#1"},"down":{"uv":[5,15,6,16],"rotation":270,"texture":"#1"}}},{"from":[11.105,3.96058,14.09845],"to":[11.905,4.76058,15.69845],"rotation":{"angle":-45,"axis":"x","origin":[8,3.52398,8.005]},"faces":{"north":{"uv":[4,15,5,16],"texture":"#1"},"east":{"uv":[4,15,5,16],"texture":"#1"},"south":{"uv":[4,15,5,16],"texture":"#1"},"west":{"uv":[4,15,5,16],"texture":"#1"},"up":{"uv":[4,15,5,16],"rotation":90,"texture":"#1"},"down":{"uv":[4,15,5,16],"rotation":270,"texture":"#1"}}},{"from":[12.305,5.51413,16.65201],"to":[10.705,3.91413,14.05201],"rotation":{"angle":-45,"axis":"x","origin":[8,3.52398,8.005]},"faces":{"north":{"uv":[5,14,6,15],"texture":"#1"},"east":{"uv":[5,14,6,15],"texture":"#1"},"south":{"uv":[5,14,6,15],"texture":"#1"},"west":{"uv":[5,14,6,15],"texture":"#1"},"up":{"uv":[5,14,6,15],"rotation":90,"texture":"#1"},"down":{"uv":[5,14,7.6,15],"rotation":270,"texture":"#1"}}},{"from":[11.045,5.17877,14.41665],"to":[11.945,6.17877,15.31665],"rotation":{"angle":-45,"axis":"x","origin":[8,3.52398,8.005]},"faces":{"north":{"uv":[4,14,5,15],"texture":"#1"},"east":{"uv":[4,14,5,15],"texture":"#1"},"south":{"uv":[4,14,5,15],"texture":"#1"},"west":{"uv":[4,14,5,15],"texture":"#1"},"up":{"uv":[4,14,5,15],"rotation":90,"texture":"#1"},"down":{"uv":[4,14,5,15],"rotation":270,"texture":"#1"}}},{"from":[12.305,6.51413,15.65201],"to":[10.705,5.51413,14.05201],"rotation":{"angle":-45,"axis":"x","origin":[8,3.52398,8.005]},"faces":{"north":{"uv":[5,14,6,15],"texture":"#1"},"east":{"uv":[5,14,6,15],"texture":"#1"},"south":{"uv":[5,14,6,15],"texture":"#1"},"west":{"uv":[5,14,6,15],"texture":"#1"},"down":{"uv":[5,14,6,15],"rotation":270,"texture":"#1"}}},{"from":[11.045,4.27877,14.41665],"to":[11.945,5.17877,16.21665],"rotation":{"angle":-45,"axis":"x","origin":[8,3.52398,8.005]},"faces":{"north":{"uv":[4,14,5,15],"texture":"#1"},"east":{"uv":[4,14,5,15],"texture":"#1"},"south":{"uv":[4,14,5,15],"texture":"#1"},"west":{"uv":[4,14,5,15],"texture":"#1"},"up":{"uv":[4,14,5,15],"rotation":90,"texture":"#1"},"down":{"uv":[4,14,5,15],"rotation":270,"texture":"#1"}}},{"from":[12.305,5.86768,17.00556],"to":[10.705,4.26768,14.40556],"rotation":{"angle":-45,"axis":"x","origin":[8,3.52398,8.005]},"faces":{"north":{"uv":[5,13,6,14],"texture":"#1"},"east":{"uv":[5,13,6,14],"texture":"#1"},"south":{"uv":[5,13,6,14],"texture":"#1"},"west":{"uv":[5,13,6,14],"texture":"#1"},"up":{"uv":[5,13,6,14],"rotation":90,"texture":"#1"},"down":{"uv":[5,13,7.6,14],"rotation":270,"texture":"#1"}}},{"from":[11.005,5.56768,14.70556],"to":[12.005,6.56768,15.70556],"rotation":{"angle":-45,"axis":"x","origin":[8,3.52398,8.005]},"faces":{"north":{"uv":[4,13,5,14],"texture":"#1"},"east":{"uv":[4,13,5,14],"texture":"#1"},"south":{"uv":[4,13,5,14],"texture":"#1"},"west":{"uv":[4,13,5,14],"texture":"#1"},"up":{"uv":[4,13,5,14],"rotation":90,"texture":"#1"},"down":{"uv":[4,13,5,14],"rotation":270,"texture":"#1"}}},{"from":[12.305,6.86768,16.00556],"to":[10.705,5.86768,14.40556],"rotation":{"angle":-45,"axis":"x","origin":[8,3.52398,8.005]},"faces":{"north":{"uv":[5,13,6,14],"texture":"#1"},"east":{"uv":[5,13,6,14],"texture":"#1"},"south":{"uv":[5,13,6,14],"texture":"#1"},"west":{"uv":[5,13,6,14],"texture":"#1"},"down":{"uv":[5,13,6,14],"rotation":270,"texture":"#1"}}},{"from":[11.005,4.56768,14.70556],"to":[12.005,5.56768,16.70556],"rotation":{"angle":-45,"axis":"x","origin":[8,3.52398,8.005]},"faces":{"north":{"uv":[4,13,5,14],"texture":"#1"},"east":{"uv":[4,13,5,14],"texture":"#1"},"south":{"uv":[4,13,5,14],"texture":"#1"},"west":{"uv":[4,13,5,14],"texture":"#1"},"up":{"uv":[4,13,5,14],"rotation":90,"texture":"#1"},"down":{"uv":[4,13,5,14],"rotation":270,"texture":"#1"}}},{"from":[12.305,6.22124,17.35911],"to":[10.705,4.62124,14.75911],"rotation":{"angle":-45,"axis":"x","origin":[8,3.52398,8.005]},"faces":{"north":{"uv":[5,12,6,13],"texture":"#1"},"east":{"uv":[5,12,6,13],"texture":"#1"},"south":{"uv":[5,12,6,13],"texture":"#1"},"west":{"uv":[5,12,6,13],"texture":"#1"},"up":{"uv":[5,12,6,13],"rotation":90,"texture":"#1"},"down":{"uv":[5,12,7.6,13],"rotation":270,"texture":"#1"}}},{"from":[11.005,5.92124,15.05911],"to":[12.005,6.92124,16.05911],"rotation":{"angle":-45,"axis":"x","origin":[8,3.52398,8.005]},"faces":{"north":{"uv":[4,12,5,13],"texture":"#1"},"east":{"uv":[4,12,5,13],"texture":"#1"},"south":{"uv":[4,12,5,13],"texture":"#1"},"west":{"uv":[4,12,5,13],"texture":"#1"},"up":{"uv":[4,12,5,13],"rotation":90,"texture":"#1"},"down":{"uv":[4,12,5,13],"rotation":270,"texture":"#1"}}},{"from":[12.305,7.22124,16.35911],"to":[10.705,6.22124,14.75911],"rotation":{"angle":-45,"axis":"x","origin":[8,3.52398,8.005]},"faces":{"north":{"uv":[5,12,6,13],"texture":"#1"},"east":{"uv":[5,12,6,13],"texture":"#1"},"south":{"uv":[5,12,6,13],"texture":"#1"},"west":{"uv":[5,12,6,13],"texture":"#1"},"down":{"uv":[5,12,6,13],"rotation":270,"texture":"#1"}}},{"from":[11.005,4.92124,15.05911],"to":[12.005,5.92124,17.05911],"rotation":{"angle":-45,"axis":"x","origin":[8,3.52398,8.005]},"faces":{"north":{"uv":[4,12,5,13],"texture":"#1"},"east":{"uv":[4,12,5,13],"texture":"#1"},"south":{"uv":[4,12,5,13],"texture":"#1"},"west":{"uv":[4,12,5,13],"texture":"#1"},"up":{"uv":[4,12,5,13],"rotation":90,"texture":"#1"},"down":{"uv":[4,12,5,13],"rotation":270,"texture":"#1"}}},{"from":[12.305,6.57479,17.71267],"to":[10.705,4.97479,15.11267],"rotation":{"angle":-45,"axis":"x","origin":[8,3.52398,8.005]},"faces":{"north":{"uv":[5,11,6,12],"texture":"#1"},"east":{"uv":[5,11,6,12],"texture":"#1"},"south":{"uv":[5,11,6,12],"texture":"#1"},"west":{"uv":[5,11,6,12],"texture":"#1"},"up":{"uv":[5,11,6,12],"rotation":90,"texture":"#1"},"down":{"uv":[5,11,7.6,12],"rotation":270,"texture":"#1"}}},{"from":[11.005,6.27479,15.41267],"to":[12.005,7.27479,16.41267],"rotation":{"angle":-45,"axis":"x","origin":[8,3.52398,8.005]},"faces":{"north":{"uv":[4,11,5,12],"texture":"#1"},"east":{"uv":[4,11,5,12],"texture":"#1"},"south":{"uv":[4,11,5,12],"texture":"#1"},"west":{"uv":[4,11,5,12],"texture":"#1"},"up":{"uv":[4,11,5,12],"rotation":90,"texture":"#1"},"down":{"uv":[4,11,5,12],"rotation":270,"texture":"#1"}}},{"from":[12.305,7.57479,16.71267],"to":[10.705,6.57479,15.11267],"rotation":{"angle":-45,"axis":"x","origin":[8,3.52398,8.005]},"faces":{"north":{"uv":[5,11,6,12],"texture":"#1"},"east":{"uv":[5,11,6,12],"texture":"#1"},"south":{"uv":[5,11,6,12],"texture":"#1"},"west":{"uv":[5,11,6,12],"texture":"#1"},"down":{"uv":[5,11,6,12],"rotation":270,"texture":"#1"}}},{"from":[11.005,5.27479,15.41267],"to":[12.005,6.27479,17.41267],"rotation":{"angle":-45,"axis":"x","origin":[8,3.52398,8.005]},"faces":{"north":{"uv":[4,11,5,12],"texture":"#1"},"east":{"uv":[4,11,5,12],"texture":"#1"},"south":{"uv":[4,11,5,12],"texture":"#1"},"west":{"uv":[4,11,5,12],"texture":"#1"},"up":{"uv":[4,11,5,12],"rotation":90,"texture":"#1"},"down":{"uv":[4,11,5,12],"rotation":270,"texture":"#1"}}},{"from":[12.305,6.92834,18.06622],"to":[10.705,5.32834,15.46622],"rotation":{"angle":-45,"axis":"x","origin":[8,3.52398,8.005]},"faces":{"north":{"uv":[5,10,6,11],"texture":"#1"},"east":{"uv":[5,10,6,11],"texture":"#1"},"south":{"uv":[5,10,6,11],"texture":"#1"},"west":{"uv":[5,10,6,11],"texture":"#1"},"up":{"uv":[5,10,6,11],"rotation":90,"texture":"#1"},"down":{"uv":[5,10,7.6,11],"rotation":270,"texture":"#1"}}},{"from":[11.055,6.62834,15.81622],"to":[11.955,7.52834,16.71622],"rotation":{"angle":-45,"axis":"x","origin":[8,3.52398,8.005]},"faces":{"north":{"uv":[4,10,5,11],"texture":"#1"},"east":{"uv":[4,10,5,11],"texture":"#1"},"south":{"uv":[4,10,5,11],"texture":"#1"},"west":{"uv":[4,10,5,11],"texture":"#1"},"up":{"uv":[4,10,5,11],"rotation":90,"texture":"#1"},"down":{"uv":[4,10,5,11],"rotation":270,"texture":"#1"}}},{"from":[12.305,7.92834,17.06622],"to":[10.705,6.92834,15.46622],"rotation":{"angle":-45,"axis":"x","origin":[8,3.52398,8.005]},"faces":{"north":{"uv":[5,10,6,11],"texture":"#1"},"east":{"uv":[5,10,6,11],"texture":"#1"},"south":{"uv":[5,10,6,11],"texture":"#1"},"west":{"uv":[5,10,6,11],"texture":"#1"},"down":{"uv":[5,10,6,11],"rotation":270,"texture":"#1"}}},{"from":[11.055,5.72834,15.81622],"to":[11.955,6.62834,17.61622],"rotation":{"angle":-45,"axis":"x","origin":[8,3.52398,8.005]},"faces":{"north":{"uv":[4,10,5,11],"texture":"#1"},"east":{"uv":[4,10,5,11],"texture":"#1"},"south":{"uv":[4,10,5,11],"texture":"#1"},"west":{"uv":[4,10,5,11],"texture":"#1"},"up":{"uv":[4,10,5,11],"rotation":90,"texture":"#1"},"down":{"uv":[4,10,5,11],"rotation":270,"texture":"#1"}}},{"from":[12.305,7.2819,18.41977],"to":[10.705,5.6819,15.81977],"rotation":{"angle":-45,"axis":"x","origin":[8,3.52398,8.005]},"faces":{"north":{"uv":[5,9,6,10],"texture":"#1"},"east":{"uv":[5,9,6,10],"texture":"#1"},"south":{"uv":[5,9,6,10],"texture":"#1"},"west":{"uv":[5,9,6,10],"texture":"#1"},"up":{"uv":[5,9,6,10],"rotation":90,"texture":"#1"},"down":{"uv":[5,9,7.6,10],"rotation":270,"texture":"#1"}}},{"from":[11.105,6.8819,16.21977],"to":[11.905,7.6819,17.01977],"rotation":{"angle":-45,"axis":"x","origin":[8,3.52398,8.005]},"faces":{"north":{"uv":[4,9,5,10],"texture":"#1"},"east":{"uv":[4,9,5,10],"texture":"#1"},"south":{"uv":[4,9,5,10],"texture":"#1"},"west":{"uv":[4,9,5,10],"texture":"#1"},"up":{"uv":[4,9,5,10],"rotation":90,"texture":"#1"},"down":{"uv":[4,9,5,10],"rotation":270,"texture":"#1"}}},{"from":[12.305,8.2819,17.41977],"to":[10.705,7.2819,15.81977],"rotation":{"angle":-45,"axis":"x","origin":[8,3.52398,8.005]},"faces":{"north":{"uv":[5,9,6,10],"texture":"#1"},"east":{"uv":[5,9,6,10],"texture":"#1"},"south":{"uv":[5,9,6,10],"texture":"#1"},"west":{"uv":[5,9,6,10],"texture":"#1"},"down":{"uv":[5,9,6,10],"rotation":270,"texture":"#1"}}},{"from":[11.105,6.0819,16.21977],"to":[11.905,6.8819,17.81977],"rotation":{"angle":-45,"axis":"x","origin":[8,3.52398,8.005]},"faces":{"north":{"uv":[4,9,5,10],"texture":"#1"},"east":{"uv":[4,9,5,10],"texture":"#1"},"south":{"uv":[4,9,5,10],"texture":"#1"},"west":{"uv":[4,9,5,10],"texture":"#1"},"up":{"uv":[4,9,5,10],"rotation":90,"texture":"#1"},"down":{"uv":[4,9,5,10],"rotation":270,"texture":"#1"}}},{"from":[12.305,12.23164,12.05581],"to":[10.705,10.63164,9.45581],"rotation":{"angle":-45,"axis":"x","origin":[8,3.52398,8.005]},"faces":{"north":{"uv":[9,15,10,16],"texture":"#1"},"east":{"uv":[9,15,10,16],"texture":"#1"},"south":{"uv":[9,15,10,16],"texture":"#1"},"west":{"uv":[9,15,10,16],"texture":"#1"},"up":{"uv":[9,15,10,16],"rotation":90,"texture":"#1"},"down":{"uv":[9,15,11.6,16],"rotation":270,"texture":"#1"}}},{"from":[11.105,11.83164,9.85581],"to":[11.905,12.63164,10.65581],"rotation":{"angle":-45,"axis":"x","origin":[8,3.52398,8.005]},"faces":{"north":{"uv":[8,15,9,16],"texture":"#1"},"east":{"uv":[8,15,9,16],"texture":"#1"},"south":{"uv":[8,15,9,16],"texture":"#1"},"west":{"uv":[8,15,9,16],"texture":"#1"},"up":{"uv":[8,15,9,16],"rotation":90,"texture":"#1"},"down":{"uv":[8,15,9,16],"rotation":270,"texture":"#1"}}},{"from":[12.305,13.23164,11.05581],"to":[10.705,12.23164,9.45581],"rotation":{"angle":-45,"axis":"x","origin":[8,3.52398,8.005]},"faces":{"north":{"uv":[9,15,10,16],"texture":"#1"},"east":{"uv":[9,15,10,16],"texture":"#1"},"south":{"uv":[9,15,10,16],"texture":"#1"},"west":{"uv":[9,15,10,16],"texture":"#1"},"down":{"uv":[9,15,10,16],"rotation":270,"texture":"#1"}}},{"from":[11.105,11.03164,9.85581],"to":[11.905,11.83164,11.45581],"rotation":{"angle":-45,"axis":"x","origin":[8,3.52398,8.005]},"faces":{"north":{"uv":[8,15,9,16],"texture":"#1"},"east":{"uv":[8,15,9,16],"texture":"#1"},"south":{"uv":[8,15,9,16],"texture":"#1"},"west":{"uv":[8,15,9,16],"texture":"#1"},"up":{"uv":[8,15,9,16],"rotation":90,"texture":"#1"},"down":{"uv":[8,15,9,16],"rotation":270,"texture":"#1"}}},{"from":[12.305,12.5852,12.40936],"to":[10.705,10.9852,9.80936],"rotation":{"angle":-45,"axis":"x","origin":[8,3.52398,8.005]},"faces":{"north":{"uv":[9,14,10,15],"texture":"#1"},"east":{"uv":[9,14,10,15],"texture":"#1"},"south":{"uv":[9,14,10,15],"texture":"#1"},"west":{"uv":[9,14,10,15],"texture":"#1"},"up":{"uv":[9,14,10,15],"rotation":90,"texture":"#1"},"down":{"uv":[9,14,11.6,15],"rotation":270,"texture":"#1"}}},{"from":[11.045,12.24984,10.17401],"to":[11.945,13.24984,11.07401],"rotation":{"angle":-45,"axis":"x","origin":[8,3.52398,8.005]},"faces":{"north":{"uv":[8,14,9,15],"texture":"#1"},"east":{"uv":[8,14,9,15],"texture":"#1"},"south":{"uv":[8,14,9,15],"texture":"#1"},"west":{"uv":[8,14,9,15],"texture":"#1"},"up":{"uv":[8,14,9,15],"rotation":90,"texture":"#1"},"down":{"uv":[8,14,9,15],"rotation":270,"texture":"#1"}}},{"from":[12.305,13.5852,11.40936],"to":[10.705,12.5852,9.80936],"rotation":{"angle":-45,"axis":"x","origin":[8,3.52398,8.005]},"faces":{"north":{"uv":[9,14,10,15],"texture":"#1"},"east":{"uv":[9,14,10,15],"texture":"#1"},"south":{"uv":[9,14,10,15],"texture":"#1"},"west":{"uv":[9,14,10,15],"texture":"#1"},"down":{"uv":[9,14,10,15],"rotation":270,"texture":"#1"}}},{"from":[11.045,11.34984,10.17401],"to":[11.945,12.24984,11.97401],"rotation":{"angle":-45,"axis":"x","origin":[8,3.52398,8.005]},"faces":{"north":{"uv":[8,14,9,15],"texture":"#1"},"east":{"uv":[8,14,9,15],"texture":"#1"},"south":{"uv":[8,14,9,15],"texture":"#1"},"west":{"uv":[8,14,9,15],"texture":"#1"},"up":{"uv":[8,14,9,15],"rotation":90,"texture":"#1"},"down":{"uv":[8,14,9,15],"rotation":270,"texture":"#1"}}},{"from":[12.305,12.93875,12.76292],"to":[10.705,11.33875,10.16292],"rotation":{"angle":-45,"axis":"x","origin":[8,3.52398,8.005]},"faces":{"north":{"uv":[9,13,10,14],"texture":"#1"},"east":{"uv":[9,13,10,14],"texture":"#1"},"south":{"uv":[9,13,10,14],"texture":"#1"},"west":{"uv":[9,13,10,14],"texture":"#1"},"up":{"uv":[9,13,10,14],"rotation":90,"texture":"#1"},"down":{"uv":[9,13,11.6,14],"rotation":270,"texture":"#1"}}},{"from":[11.005,12.63875,10.46292],"to":[12.005,13.63875,11.46292],"rotation":{"angle":-45,"axis":"x","origin":[8,3.52398,8.005]},"faces":{"north":{"uv":[8,13,9,14],"texture":"#1"},"east":{"uv":[8,13,9,14],"texture":"#1"},"south":{"uv":[8,13,9,14],"texture":"#1"},"west":{"uv":[8,13,9,14],"texture":"#1"},"up":{"uv":[8,13,9,14],"rotation":90,"texture":"#1"},"down":{"uv":[8,13,9,14],"rotation":270,"texture":"#1"}}},{"from":[12.305,13.93875,11.76292],"to":[10.705,12.93875,10.16292],"rotation":{"angle":-45,"axis":"x","origin":[8,3.52398,8.005]},"faces":{"north":{"uv":[9,13,10,14],"texture":"#1"},"east":{"uv":[9,13,10,14],"texture":"#1"},"south":{"uv":[9,13,10,14],"texture":"#1"},"west":{"uv":[9,13,10,14],"texture":"#1"},"down":{"uv":[9,13,10,14],"rotation":270,"texture":"#1"}}},{"from":[11.005,11.63875,10.46292],"to":[12.005,12.63875,12.46292],"rotation":{"angle":-45,"axis":"x","origin":[8,3.52398,8.005]},"faces":{"north":{"uv":[8,13,9,14],"texture":"#1"},"east":{"uv":[8,13,9,14],"texture":"#1"},"south":{"uv":[8,13,9,14],"texture":"#1"},"west":{"uv":[8,13,9,14],"texture":"#1"},"up":{"uv":[8,13,9,14],"rotation":90,"texture":"#1"},"down":{"uv":[8,13,9,14],"rotation":270,"texture":"#1"}}},{"from":[12.305,13.2923,13.11647],"to":[10.705,11.6923,10.51647],"rotation":{"angle":-45,"axis":"x","origin":[8,3.52398,8.005]},"faces":{"north":{"uv":[9,12,10,13],"texture":"#1"},"east":{"uv":[9,12,10,13],"texture":"#1"},"south":{"uv":[9,12,10,13],"texture":"#1"},"west":{"uv":[9,12,10,13],"texture":"#1"},"up":{"uv":[9,12,10,13],"rotation":90,"texture":"#1"},"down":{"uv":[9,12,11.6,13],"rotation":270,"texture":"#1"}}},{"from":[11.005,12.9923,10.81647],"to":[12.005,13.9923,11.81647],"rotation":{"angle":-45,"axis":"x","origin":[8,3.52398,8.005]},"faces":{"north":{"uv":[8,12,9,13],"texture":"#1"},"east":{"uv":[8,12,9,13],"texture":"#1"},"south":{"uv":[8,12,9,13],"texture":"#1"},"west":{"uv":[8,12,9,13],"texture":"#1"},"up":{"uv":[8,12,9,13],"rotation":90,"texture":"#1"},"down":{"uv":[8,12,9,13],"rotation":270,"texture":"#1"}}},{"from":[12.305,14.2923,12.11647],"to":[10.705,13.2923,10.51647],"rotation":{"angle":-45,"axis":"x","origin":[8,3.52398,8.005]},"faces":{"north":{"uv":[9,12,10,13],"texture":"#1"},"east":{"uv":[9,12,10,13],"texture":"#1"},"south":{"uv":[9,12,10,13],"texture":"#1"},"west":{"uv":[9,12,10,13],"texture":"#1"},"down":{"uv":[9,12,10,13],"rotation":270,"texture":"#1"}}},{"from":[11.005,11.9923,10.81647],"to":[12.005,12.9923,12.81647],"rotation":{"angle":-45,"axis":"x","origin":[8,3.52398,8.005]},"faces":{"north":{"uv":[8,12,9,13],"texture":"#1"},"east":{"uv":[8,12,9,13],"texture":"#1"},"south":{"uv":[8,12,9,13],"texture":"#1"},"west":{"uv":[8,12,9,13],"texture":"#1"},"up":{"uv":[8,12,9,13],"rotation":90,"texture":"#1"},"down":{"uv":[8,12,9,13],"rotation":270,"texture":"#1"}}},{"from":[12.305,13.64586,13.47002],"to":[10.705,12.04586,10.87002],"rotation":{"angle":-45,"axis":"x","origin":[8,3.52398,8.005]},"faces":{"north":{"uv":[9,11,10,12],"texture":"#1"},"east":{"uv":[9,11,10,12],"texture":"#1"},"south":{"uv":[9,11,10,12],"texture":"#1"},"west":{"uv":[9,11,10,12],"texture":"#1"},"up":{"uv":[9,11,10,12],"rotation":90,"texture":"#1"},"down":{"uv":[9,11,11.6,12],"rotation":270,"texture":"#1"}}},{"from":[11.005,13.34586,11.17002],"to":[12.005,14.34586,12.17002],"rotation":{"angle":-45,"axis":"x","origin":[8,3.52398,8.005]},"faces":{"north":{"uv":[8,11,9,12],"texture":"#1"},"east":{"uv":[8,11,9,12],"texture":"#1"},"south":{"uv":[8,11,9,12],"texture":"#1"},"west":{"uv":[8,11,9,12],"texture":"#1"},"up":{"uv":[8,11,9,12],"rotation":90,"texture":"#1"},"down":{"uv":[8,11,9,12],"rotation":270,"texture":"#1"}}},{"from":[12.305,14.64586,12.47002],"to":[10.705,13.64586,10.87002],"rotation":{"angle":-45,"axis":"x","origin":[8,3.52398,8.005]},"faces":{"north":{"uv":[9,11,10,12],"texture":"#1"},"east":{"uv":[9,11,10,12],"texture":"#1"},"south":{"uv":[9,11,10,12],"texture":"#1"},"west":{"uv":[9,11,10,12],"texture":"#1"},"down":{"uv":[9,11,10,12],"rotation":270,"texture":"#1"}}},{"from":[11.005,12.34586,11.17002],"to":[12.005,13.34586,13.17002],"rotation":{"angle":-45,"axis":"x","origin":[8,3.52398,8.005]},"faces":{"north":{"uv":[8,11,9,12],"texture":"#1"},"east":{"uv":[8,11,9,12],"texture":"#1"},"south":{"uv":[8,11,9,12],"texture":"#1"},"west":{"uv":[8,11,9,12],"texture":"#1"},"up":{"uv":[8,11,9,12],"rotation":90,"texture":"#1"},"down":{"uv":[8,11,9,12],"rotation":270,"texture":"#1"}}},{"from":[12.305,13.99941,13.82358],"to":[10.705,12.39941,11.22358],"rotation":{"angle":-45,"axis":"x","origin":[8,3.52398,8.005]},"faces":{"north":{"uv":[9,10,10,11],"texture":"#1"},"east":{"uv":[9,10,10,11],"texture":"#1"},"south":{"uv":[9,10,10,11],"texture":"#1"},"west":{"uv":[9,10,10,11],"texture":"#1"},"up":{"uv":[9,10,10,11],"rotation":90,"texture":"#1"},"down":{"uv":[9,10,11.6,11],"rotation":270,"texture":"#1"}}},{"from":[11.055,13.69941,11.57358],"to":[11.955,14.59941,12.47358],"rotation":{"angle":-45,"axis":"x","origin":[8,3.52398,8.005]},"faces":{"north":{"uv":[8,10,9,11],"texture":"#1"},"east":{"uv":[8,10,9,11],"texture":"#1"},"south":{"uv":[8,10,9,11],"texture":"#1"},"west":{"uv":[8,10,9,11],"texture":"#1"},"up":{"uv":[8,10,9,11],"rotation":90,"texture":"#1"},"down":{"uv":[8,10,9,11],"rotation":270,"texture":"#1"}}},{"from":[12.305,14.99941,12.82358],"to":[10.705,13.99941,11.22358],"rotation":{"angle":-45,"axis":"x","origin":[8,3.52398,8.005]},"faces":{"north":{"uv":[9,10,10,11],"texture":"#1"},"east":{"uv":[9,10,10,11],"texture":"#1"},"south":{"uv":[9,10,10,11],"texture":"#1"},"west":{"uv":[9,10,10,11],"texture":"#1"},"down":{"uv":[9,10,10,11],"rotation":270,"texture":"#1"}}},{"from":[11.055,12.79941,11.57358],"to":[11.955,13.69941,13.37358],"rotation":{"angle":-45,"axis":"x","origin":[8,3.52398,8.005]},"faces":{"north":{"uv":[8,10,9,11],"texture":"#1"},"east":{"uv":[8,10,9,11],"texture":"#1"},"south":{"uv":[8,10,9,11],"texture":"#1"},"west":{"uv":[8,10,9,11],"texture":"#1"},"up":{"uv":[8,10,9,11],"rotation":90,"texture":"#1"},"down":{"uv":[8,10,9,11],"rotation":270,"texture":"#1"}}},{"from":[12.305,14.35296,14.17713],"to":[10.705,12.75296,11.57713],"rotation":{"angle":-45,"axis":"x","origin":[8,3.52398,8.005]},"faces":{"north":{"uv":[9,9,10,10],"texture":"#1"},"east":{"uv":[9,9,10,10],"texture":"#1"},"south":{"uv":[9,9,10,10],"texture":"#1"},"west":{"uv":[9,9,10,10],"texture":"#1"},"up":{"uv":[9,9,10,10],"rotation":90,"texture":"#1"},"down":{"uv":[9,9,11.6,10],"rotation":270,"texture":"#1"}}},{"from":[11.105,13.95296,11.97713],"to":[11.905,14.75296,12.77713],"rotation":{"angle":-45,"axis":"x","origin":[8,3.52398,8.005]},"faces":{"north":{"uv":[8,9,9,10],"texture":"#1"},"east":{"uv":[8,9,9,10],"texture":"#1"},"south":{"uv":[8,9,9,10],"texture":"#1"},"west":{"uv":[8,9,9,10],"texture":"#1"},"up":{"uv":[8,9,9,10],"rotation":90,"texture":"#1"},"down":{"uv":[8,9,9,10],"rotation":270,"texture":"#1"}}},{"from":[12.305,15.35296,13.17713],"to":[10.705,14.35296,11.57713],"rotation":{"angle":-45,"axis":"x","origin":[8,3.52398,8.005]},"faces":{"north":{"uv":[9,9,10,10],"texture":"#1"},"east":{"uv":[9,9,10,10],"texture":"#1"},"south":{"uv":[9,9,10,10],"texture":"#1"},"west":{"uv":[9,9,10,10],"texture":"#1"},"down":{"uv":[9,9,10,10],"rotation":270,"texture":"#1"}}},{"from":[11.105,13.15296,11.97713],"to":[11.905,13.95296,13.57713],"rotation":{"angle":-45,"axis":"x","origin":[8,3.52398,8.005]},"faces":{"north":{"uv":[8,9,9,10],"texture":"#1"},"east":{"uv":[8,9,9,10],"texture":"#1"},"south":{"uv":[8,9,9,10],"texture":"#1"},"west":{"uv":[8,9,9,10],"texture":"#1"},"up":{"uv":[8,9,9,10],"rotation":90,"texture":"#1"},"down":{"uv":[8,9,9,10],"rotation":270,"texture":"#1"}}},{"from":[5.305,4.45347,15.59134],"to":[3.705,2.85347,12.99134],"rotation":{"angle":-45,"axis":"x","origin":[8,3.52398,8.005]},"faces":{"north":{"uv":[13,15,14,16],"texture":"#1"},"east":{"uv":[13,15,14,16],"texture":"#1"},"south":{"uv":[13,15,14,16],"texture":"#1"},"west":{"uv":[13,15,14,16],"texture":"#1"},"up":{"uv":[13,15,14,16],"rotation":90,"texture":"#1"},"down":{"uv":[13,15,15.6,16],"rotation":270,"texture":"#1"}}},{"from":[4.105,4.05347,13.39134],"to":[4.905,4.85347,14.19134],"rotation":{"angle":-45,"axis":"x","origin":[8,3.52398,8.005]},"faces":{"north":{"uv":[12,15,13,16],"texture":"#1"},"east":{"uv":[12,15,13,16],"texture":"#1"},"south":{"uv":[12,15,13,16],"texture":"#1"},"west":{"uv":[12,15,13,16],"texture":"#1"},"up":{"uv":[12,15,13,16],"rotation":90,"texture":"#1"},"down":{"uv":[12,15,13,16],"rotation":270,"texture":"#1"}}},{"from":[5.305,5.45347,14.59134],"to":[3.705,4.45347,12.99134],"rotation":{"angle":-45,"axis":"x","origin":[8,3.52398,8.005]},"faces":{"north":{"uv":[13,15,14,16],"texture":"#1"},"east":{"uv":[13,15,14,16],"texture":"#1"},"south":{"uv":[13,15,14,16],"texture":"#1"},"west":{"uv":[13,15,14,16],"texture":"#1"},"down":{"uv":[13,15,14,16],"rotation":270,"texture":"#1"}}},{"from":[4.105,3.25347,13.39134],"to":[4.905,4.05347,14.99134],"rotation":{"angle":-45,"axis":"x","origin":[8,3.52398,8.005]},"faces":{"north":{"uv":[12,15,13,16],"texture":"#1"},"east":{"uv":[12,15,13,16],"texture":"#1"},"south":{"uv":[12,15,13,16],"texture":"#1"},"west":{"uv":[12,15,13,16],"texture":"#1"},"up":{"uv":[12,15,13,16],"rotation":90,"texture":"#1"},"down":{"uv":[12,15,13,16],"rotation":270,"texture":"#1"}}},{"from":[5.305,4.80702,15.9449],"to":[3.705,3.20702,13.3449],"rotation":{"angle":-45,"axis":"x","origin":[8,3.52398,8.005]},"faces":{"north":{"uv":[13,14,14,15],"texture":"#1"},"east":{"uv":[13,14,14,15],"texture":"#1"},"south":{"uv":[13,14,14,15],"texture":"#1"},"west":{"uv":[13,14,14,15],"texture":"#1"},"up":{"uv":[13,14,14,15],"rotation":90,"texture":"#1"},"down":{"uv":[13,14,15.6,15],"rotation":270,"texture":"#1"}}},{"from":[4.045,4.47167,13.70954],"to":[4.945,5.47167,14.60954],"rotation":{"angle":-45,"axis":"x","origin":[8,3.52398,8.005]},"faces":{"north":{"uv":[12,14,13,15],"texture":"#1"},"east":{"uv":[12,14,13,15],"texture":"#1"},"south":{"uv":[12,14,13,15],"texture":"#1"},"west":{"uv":[12,14,13,15],"texture":"#1"},"up":{"uv":[12,14,13,15],"rotation":90,"texture":"#1"},"down":{"uv":[12,14,13,15],"rotation":270,"texture":"#1"}}},{"from":[5.305,5.80702,14.9449],"to":[3.705,4.80702,13.3449],"rotation":{"angle":-45,"axis":"x","origin":[8,3.52398,8.005]},"faces":{"north":{"uv":[13,14,14,15],"texture":"#1"},"east":{"uv":[13,14,14,15],"texture":"#1"},"south":{"uv":[13,14,14,15],"texture":"#1"},"west":{"uv":[13,14,14,15],"texture":"#1"},"down":{"uv":[13,14,14,15],"rotation":270,"texture":"#1"}}},{"from":[4.045,3.57167,13.70954],"to":[4.945,4.47167,15.50954],"rotation":{"angle":-45,"axis":"x","origin":[8,3.52398,8.005]},"faces":{"north":{"uv":[12,14,13,15],"texture":"#1"},"east":{"uv":[12,14,13,15],"texture":"#1"},"south":{"uv":[12,14,13,15],"texture":"#1"},"west":{"uv":[12,14,13,15],"texture":"#1"},"up":{"uv":[12,14,13,15],"rotation":90,"texture":"#1"},"down":{"uv":[12,14,13,15],"rotation":270,"texture":"#1"}}},{"from":[5.305,5.16058,16.29845],"to":[3.705,3.56058,13.69845],"rotation":{"angle":-45,"axis":"x","origin":[8,3.52398,8.005]},"faces":{"north":{"uv":[13,13,14,14],"texture":"#1"},"east":{"uv":[13,13,14,14],"texture":"#1"},"south":{"uv":[13,13,14,14],"texture":"#1"},"west":{"uv":[13,13,14,14],"texture":"#1"},"up":{"uv":[13,13,14,14],"rotation":90,"texture":"#1"},"down":{"uv":[13,13,15.6,14],"rotation":270,"texture":"#1"}}},{"from":[4.005,4.86058,13.99845],"to":[5.005,5.86058,14.99845],"rotation":{"angle":-45,"axis":"x","origin":[8,3.52398,8.005]},"faces":{"north":{"uv":[12,13,13,14],"texture":"#1"},"east":{"uv":[12,13,13,14],"texture":"#1"},"south":{"uv":[12,13,13,14],"texture":"#1"},"west":{"uv":[12,13,13,14],"texture":"#1"},"up":{"uv":[12,13,13,14],"rotation":90,"texture":"#1"},"down":{"uv":[12,13,13,14],"rotation":270,"texture":"#1"}}},{"from":[5.305,6.16058,15.29845],"to":[3.705,5.16058,13.69845],"rotation":{"angle":-45,"axis":"x","origin":[8,3.52398,8.005]},"faces":{"north":{"uv":[13,13,14,14],"texture":"#1"},"east":{"uv":[13,13,14,14],"texture":"#1"},"south":{"uv":[13,13,14,14],"texture":"#1"},"west":{"uv":[13,13,14,14],"texture":"#1"},"down":{"uv":[13,13,14,14],"rotation":270,"texture":"#1"}}},{"from":[4.005,3.86058,13.99845],"to":[5.005,4.86058,15.99845],"rotation":{"angle":-45,"axis":"x","origin":[8,3.52398,8.005]},"faces":{"north":{"uv":[12,13,13,14],"texture":"#1"},"east":{"uv":[12,13,13,14],"texture":"#1"},"south":{"uv":[12,13,13,14],"texture":"#1"},"west":{"uv":[12,13,13,14],"texture":"#1"},"up":{"uv":[12,13,13,14],"rotation":90,"texture":"#1"},"down":{"uv":[12,13,13,14],"rotation":270,"texture":"#1"}}},{"from":[5.305,5.51413,16.65201],"to":[3.705,3.91413,14.05201],"rotation":{"angle":-45,"axis":"x","origin":[8,3.52398,8.005]},"faces":{"north":{"uv":[13,12,14,13],"texture":"#1"},"east":{"uv":[13,12,14,13],"texture":"#1"},"south":{"uv":[13,12,14,13],"texture":"#1"},"west":{"uv":[13,12,14,13],"texture":"#1"},"up":{"uv":[13,12,14,13],"rotation":90,"texture":"#1"},"down":{"uv":[13,12,15.6,13],"rotation":270,"texture":"#1"}}},{"from":[4.005,5.21413,14.35201],"to":[5.005,6.21413,15.35201],"rotation":{"angle":-45,"axis":"x","origin":[8,3.52398,8.005]},"faces":{"north":{"uv":[12,12,13,13],"texture":"#1"},"east":{"uv":[12,12,13,13],"texture":"#1"},"south":{"uv":[12,12,13,13],"texture":"#1"},"west":{"uv":[12,12,13,13],"texture":"#1"},"up":{"uv":[12,12,13,13],"rotation":90,"texture":"#1"},"down":{"uv":[12,12,13,13],"rotation":270,"texture":"#1"}}},{"from":[5.305,6.51413,15.65201],"to":[3.705,5.51413,14.05201],"rotation":{"angle":-45,"axis":"x","origin":[8,3.52398,8.005]},"faces":{"north":{"uv":[13,12,14,13],"texture":"#1"},"east":{"uv":[13,12,14,13],"texture":"#1"},"south":{"uv":[13,12,14,13],"texture":"#1"},"west":{"uv":[13,12,14,13],"texture":"#1"},"down":{"uv":[13,12,14,13],"rotation":270,"texture":"#1"}}},{"from":[4.005,4.21413,14.35201],"to":[5.005,5.21413,16.35201],"rotation":{"angle":-45,"axis":"x","origin":[8,3.52398,8.005]},"faces":{"north":{"uv":[12,12,13,13],"texture":"#1"},"east":{"uv":[12,12,13,13],"texture":"#1"},"south":{"uv":[12,12,13,13],"texture":"#1"},"west":{"uv":[12,12,13,13],"texture":"#1"},"up":{"uv":[12,12,13,13],"rotation":90,"texture":"#1"},"down":{"uv":[12,12,13,13],"rotation":270,"texture":"#1"}}},{"from":[5.305,5.86768,17.00556],"to":[3.705,4.26768,14.40556],"rotation":{"angle":-45,"axis":"x","origin":[8,3.52398,8.005]},"faces":{"north":{"uv":[13,11,14,12],"texture":"#1"},"east":{"uv":[13,11,14,12],"texture":"#1"},"south":{"uv":[13,11,14,12],"texture":"#1"},"west":{"uv":[13,11,14,12],"texture":"#1"},"up":{"uv":[13,11,14,12],"rotation":90,"texture":"#1"},"down":{"uv":[13,11,15.6,12],"rotation":270,"texture":"#1"}}},{"from":[4.005,5.56768,14.70556],"to":[5.005,6.56768,15.70556],"rotation":{"angle":-45,"axis":"x","origin":[8,3.52398,8.005]},"faces":{"north":{"uv":[12,11,13,12],"texture":"#1"},"east":{"uv":[12,11,13,12],"texture":"#1"},"south":{"uv":[12,11,13,12],"texture":"#1"},"west":{"uv":[12,11,13,12],"texture":"#1"},"up":{"uv":[12,11,13,12],"rotation":90,"texture":"#1"},"down":{"uv":[12,11,13,12],"rotation":270,"texture":"#1"}}},{"from":[5.305,6.86768,16.00556],"to":[3.705,5.86768,14.40556],"rotation":{"angle":-45,"axis":"x","origin":[8,3.52398,8.005]},"faces":{"north":{"uv":[13,11,14,12],"texture":"#1"},"east":{"uv":[13,11,14,12],"texture":"#1"},"south":{"uv":[13,11,14,12],"texture":"#1"},"west":{"uv":[13,11,14,12],"texture":"#1"},"down":{"uv":[13,11,14,12],"rotation":270,"texture":"#1"}}},{"from":[4.005,4.56768,14.70556],"to":[5.005,5.56768,16.70556],"rotation":{"angle":-45,"axis":"x","origin":[8,3.52398,8.005]},"faces":{"north":{"uv":[12,11,13,12],"texture":"#1"},"east":{"uv":[12,11,13,12],"texture":"#1"},"south":{"uv":[12,11,13,12],"texture":"#1"},"west":{"uv":[12,11,13,12],"texture":"#1"},"up":{"uv":[12,11,13,12],"rotation":90,"texture":"#1"},"down":{"uv":[12,11,13,12],"rotation":270,"texture":"#1"}}},{"from":[5.305,6.22124,17.35911],"to":[3.705,4.62124,14.75911],"rotation":{"angle":-45,"axis":"x","origin":[8,3.52398,8.005]},"faces":{"north":{"uv":[13,10,14,11],"texture":"#1"},"east":{"uv":[13,10,14,11],"texture":"#1"},"south":{"uv":[13,10,14,11],"texture":"#1"},"west":{"uv":[13,10,14,11],"texture":"#1"},"up":{"uv":[13,10,14,11],"rotation":90,"texture":"#1"},"down":{"uv":[13,10,15.6,11],"rotation":270,"texture":"#1"}}},{"from":[4.055,5.92124,15.10911],"to":[4.955,6.82124,16.00911],"rotation":{"angle":-45,"axis":"x","origin":[8,3.52398,8.005]},"faces":{"north":{"uv":[12,10,13,11],"texture":"#1"},"east":{"uv":[12,10,13,11],"texture":"#1"},"south":{"uv":[12,10,13,11],"texture":"#1"},"west":{"uv":[12,10,13,11],"texture":"#1"},"up":{"uv":[12,10,13,11],"rotation":90,"texture":"#1"},"down":{"uv":[12,10,13,11],"rotation":270,"texture":"#1"}}},{"from":[5.305,7.22124,16.35911],"to":[3.705,6.22124,14.75911],"rotation":{"angle":-45,"axis":"x","origin":[8,3.52398,8.005]},"faces":{"north":{"uv":[13,10,14,11],"texture":"#1"},"east":{"uv":[13,10,14,11],"texture":"#1"},"south":{"uv":[13,10,14,11],"texture":"#1"},"west":{"uv":[13,10,14,11],"texture":"#1"},"down":{"uv":[13,10,14,11],"rotation":270,"texture":"#1"}}},{"from":[4.055,5.02124,15.10911],"to":[4.955,5.92124,16.90911],"rotation":{"angle":-45,"axis":"x","origin":[8,3.52398,8.005]},"faces":{"north":{"uv":[12,10,13,11],"texture":"#1"},"east":{"uv":[12,10,13,11],"texture":"#1"},"south":{"uv":[12,10,13,11],"texture":"#1"},"west":{"uv":[12,10,13,11],"texture":"#1"},"up":{"uv":[12,10,13,11],"rotation":90,"texture":"#1"},"down":{"uv":[12,10,13,11],"rotation":270,"texture":"#1"}}},{"from":[5.305,6.57479,17.71267],"to":[3.705,4.97479,15.11267],"rotation":{"angle":-45,"axis":"x","origin":[8,3.52398,8.005]},"faces":{"north":{"uv":[13,9,14,10],"texture":"#1"},"east":{"uv":[13,9,14,10],"texture":"#1"},"south":{"uv":[13,9,14,10],"texture":"#1"},"west":{"uv":[13,9,14,10],"texture":"#1"},"up":{"uv":[13,9,14,10],"rotation":90,"texture":"#1"},"down":{"uv":[13,9,15.6,10],"rotation":270,"texture":"#1"}}},{"from":[4.105,6.17479,15.51267],"to":[4.905,6.97479,16.31267],"rotation":{"angle":-45,"axis":"x","origin":[8,3.52398,8.005]},"faces":{"north":{"uv":[12,9,13,10],"texture":"#1"},"east":{"uv":[12,9,13,10],"texture":"#1"},"south":{"uv":[12,9,13,10],"texture":"#1"},"west":{"uv":[12,9,13,10],"texture":"#1"},"up":{"uv":[12,9,13,10],"rotation":90,"texture":"#1"},"down":{"uv":[12,9,13,10],"rotation":270,"texture":"#1"}}},{"from":[5.305,7.57479,16.71267],"to":[3.705,6.57479,15.11267],"rotation":{"angle":-45,"axis":"x","origin":[8,3.52398,8.005]},"faces":{"north":{"uv":[13,9,14,10],"texture":"#1"},"east":{"uv":[13,9,14,10],"texture":"#1"},"south":{"uv":[13,9,14,10],"texture":"#1"},"west":{"uv":[13,9,14,10],"texture":"#1"},"down":{"uv":[13,9,14,10],"rotation":270,"texture":"#1"}}},{"from":[4.105,5.37479,15.51267],"to":[4.905,6.17479,17.11267],"rotation":{"angle":-45,"axis":"x","origin":[8,3.52398,8.005]},"faces":{"north":{"uv":[12,9,13,10],"texture":"#1"},"east":{"uv":[12,9,13,10],"texture":"#1"},"south":{"uv":[12,9,13,10],"texture":"#1"},"west":{"uv":[12,9,13,10],"texture":"#1"},"up":{"uv":[12,9,13,10],"rotation":90,"texture":"#1"},"down":{"uv":[12,9,13,10],"rotation":270,"texture":"#1"}}}],"gui_light":"front","display":{"thirdperson_righthand":{"translation":[0,3.75,0.75],"scale":[0.75,0.75,0.75]},"thirdperson_lefthand":{"translation":[0,3.75,0.75],"scale":[0.75,0.75,0.75]},"firstperson_righthand":{"rotation":[0,22,0],"translation":[0.5,4.25,-1],"scale":[0.54883,0.54883,0.54883]},"firstperson_lefthand":{"rotation":[0,22,0],"translation":[0.5,4.25,-1],"scale":[0.54883,0.54883,0.54883]},"ground":{"rotation":[94,85,0],"translation":[0,0.25,-0.75],"scale":[0.5,0.5,0.5]},"gui":{"rotation":[-90,45,88],"translation":[-1,0.75,0],"scale":[0.515,0.515,0.515]},"head":{"rotation":[90,-171,90],"translation":[3,10.5,0.25],"scale":[0.7,0.7,0.7]},"fixed":{"rotation":[0,90,0],"translation":[-0.25,4.75,-1.25],"scale":[1.42109,1.42109,1.42109]}},"groups":[0,1,2,3,4,5,6,7,8,9,10,11,12,13,14,15,16,17,18,19,20,21,22,23,{"name":"particles","origin":[8,8,8],"color":0,"boneType":"","children":[{"name":"particle1","origin":[8,8,8],"color":0,"boneType":"","children":[{"name":"heart1","origin":[0,0,0],"color":0,"boneType":"","children":[24,25,26,27]},{"name":"heart2","origin":[0,0,0],"color":0,"boneType":"","children":[28,29,30,31]},{"name":"heart3","origin":[0,0,0],"color":0,"boneType":"","children":[32,33,34,35]},{"name":"heart4","origin":[0,0,0],"color":0,"boneType":"","children":[36,37,38,39]},{"name":"heart5","origin":[0,0,0],"color":0,"boneType":"","children":[40,41,42,43]},{"name":"heart6","origin":[0,0,0],"color":0,"boneType":"","children":[44,45,46,47]},{"name":"heart7","origin":[0,0,0],"color":0,"boneType":"","children":[48,49,50,51]}]},{"name":"particle2","origin":[8,8,8],"color":0,"boneType":"","children":[{"name":"heart1","origin":[0,0,0],"color":0,"boneType":"","children":[52,53,54,55]},{"name":"heart2","origin":[0,0,0],"color":0,"boneType":"","children":[56,57,58,59]},{"name":"heart3","origin":[0,0,0],"color":0,"boneType":"","children":[60,61,62,63]},{"name":"heart4","origin":[0,0,0],"color":0,"boneType":"","children":[64,65,66,67]},{"name":"heart5","origin":[0,0,0],"color":0,"boneType":"","children":[68,69,70,71]},{"name":"heart6","origin":[0,0,0],"color":0,"boneType":"","children":[72,73,74,75]},{"name":"heart7","origin":[0,0,0],"color":0,"boneType":"","children":[76,77,78,79]}]},{"name":"particle3","origin":[8,8,8],"color":0,"boneType":"","children":[{"name":"heart1","origin":[0,0,0],"color":0,"boneType":"","children":[80,81,82,83]},{"name":"heart2","origin":[0,0,0],"color":0,"boneType":"","children":[84,85,86,87]},{"name":"heart3","origin":[0,0,0],"color":0,"boneType":"","children":[88,89,90,91]},{"name":"heart4","origin":[0,0,0],"color":0,"boneType":"","children":[92,93,94,95]},{"name":"heart5","origin":[0,0,0],"color":0,"boneType":"","children":[96,97,98,99]},{"name":"heart6","origin":[0,0,0],"color":0,"boneType":"","children":[100,101,102,103]},{"name":"heart7","origin":[0,0,0],"color":0,"boneType":"","children":[104,105,106,107]}]},{"name":"particle4","origin":[8,8,8],"color":0,"boneType":"","children":[{"name":"heart1","origin":[0,0,0],"color":0,"boneType":"","children":[108,109,110,111]},{"name":"heart2","origin":[0,0,0],"color":0,"boneType":"","children":[112,113,114,115]},{"name":"heart3","origin":[0,0,0],"color":0,"boneType":"","children":[116,117,118,119]},{"name":"heart4","origin":[0,0,0],"color":0,"boneType":"","children":[120,121,122,123]},{"name":"heart5","origin":[0,0,0],"color":0,"boneType":"","children":[124,125,126,127]},{"name":"heart6","origin":[0,0,0],"color":0,"boneType":"","children":[128,129,130,131]},{"name":"heart7","origin":[0,0,0],"color":0,"boneType":"","children":[132,133,134,135]}]}]}]}