{
  "credit": "Made with Blockbench",
  "texture_size": [
    64,
    64
  ],
  "textures": {
    "0": "lunar_studios:enderkariz/loki_set/loki_cape",
    "particle": "lunar_studios:enderkariz/loki_set/loki_cape"
  },
  "elements": [
    {
      "from": [
        1,
        0,
        12
      ],
      "to": [
        15,
        23,
        12
      ],
      "faces": {
        "north": {
          "uv": [
            7,
            0,
            3.5,
            5.75
          ],
          "texture": "#0"
        },
        "east": {
          "uv": [
            0,
            5.75,
            1.5,
            11.5
          ],
          "texture": "#0"
        },
        "south": {
          "uv": [
            3.5,
            0,
            7,
            5.75
          ],
          "texture": "#0"
        },
        "west": {
          "uv": [
            1.5,
            5.75,
            3,
            11.5
          ],
          "texture": "#0"
        },
        "up": {
          "uv": [
            6.5,
            7.25,
            3,
            5.75
          ],
          "texture": "#0"
        },
        "down": {
          "uv": [
            10,
            5.75,
            6.5,
            7.25
          ],
          "texture": "#0"
        }
      }
    },
    {
      "from": [
        1,
        0,
        6
      ],
      "to": [
        15,
        23,
        6
      ],
      "faces": {
        "north": {
          "uv": [
            3.5,
            0,
            0,
            5.75
          ],
          "texture": "#0"
        },
        "east": {
          "uv": [
            0,
            5.75,
            1.5,
            11.5
          ],
          "texture": "#0"
        },
        "south": {
          "uv": [
            0,
            0,
            3.5,
            5.75
          ],
          "texture": "#0"
        },
        "west": {
          "uv": [
            1.5,
            5.75,
            3,
            11.5
          ],
          "texture": "#0"
        },
        "up": {
          "uv": [
            6.5,
            7.25,
            3,
            5.75
          ],
          "texture": "#0"
        },
        "down": {
          "uv": [
            10,
            5.75,
            6.5,
            7.25
          ],
          "texture": "#0"
        }
      }
    },
    {
      "from": [
        1,
        23,
        6
      ],
      "to": [
        15,
        23,
        12
      ],
      "faces": {
        "north": {
          "uv": [
            0,
            0,
            3.5,
            5.75
          ],
          "texture": "#0"
        },
        "east": {
          "uv": [
            0,
            5.75,
            1.5,
            11.5
          ],
          "texture": "#0"
        },
        "south": {
          "uv": [
            3.5,
            0,
            7,
            5.75
          ],
          "texture": "#0"
        },
        "west": {
          "uv": [
            1.5,
            5.75,
            3,
            11.5
          ],
          "texture": "#0"
        },
        "up": {
          "uv": [
            6.5,
            7.25,
            3,
            5.75
          ],
          "texture": "#0"
        },
        "down": {
          "uv": [
            6.5,
            5.75,
            3,
            7.25
          ],
          "texture": "#0"
        }
      }
    },
    {
      "from": [
        11,
        18,
        5.5
      ],
      "to": [
        16,
        22,
        6.5
      ],
      "faces": {
        "north": {
          "uv": [
            7,
            0,
            8.25,
            1
          ],
          "texture": "#0"
        },
        "east": {
          "uv": [
            3,
            7.25,
            3.25,
            8.25
          ],
          "texture": "#0"
        },
        "south": {
          "uv": [
            7,
            1,
            8.25,
            2
          ],
          "texture": "#0"
        },
        "west": {
          "uv": [
            3.25,
            7.25,
            3.5,
            8.25
          ],
          "texture": "#0"
        },
        "up": {
          "uv": [
            8.25,
            4.25,
            7,
            4
          ],
          "texture": "#0"
        },
        "down": {
          "uv": [
            8.25,
            4.25,
            7,
            4.5
          ],
          "texture": "#0"
        }
      }
    },
    {
      "from": [
        0,
        18,
        5.5
      ],
      "to": [
        5,
        22,
        6.5
      ],
      "faces": {
        "north": {
          "uv": [
            7,
            2,
            8.25,
            3
          ],
          "texture": "#0"
        },
        "east": {
          "uv": [
            3.5,
            7.25,
            3.75,
            8.25
          ],
          "texture": "#0"
        },
        "south": {
          "uv": [
            7,
            3,
            8.25,
            4
          ],
          "texture": "#0"
        },
        "west": {
          "uv": [
            3.75,
            7.25,
            4,
            8.25
          ],
          "texture": "#0"
        },
        "up": {
          "uv": [
            8.25,
            4.75,
            7,
            4.5
          ],
          "texture": "#0"
        },
        "down": {
          "uv": [
            8.25,
            4.75,
            7,
            5
          ],
          "texture": "#0"
        }
      }
    }
  ],
  "display": {
    "thirdperson_righthand": {
      "rotation": [
        50.25,
        0,
        0
      ],
      "translation": [
        0,
        -1.75,
        -2.75
      ],
      "scale": [
        0.5,
        0.5,
        0.5
      ]
    },
    "thirdperson_lefthand": {
      "rotation": [
        50.25,
        0,
        0
      ],
      "translation": [
        0,
        -1.75,
        -2.75
      ],
      "scale": [
        0.5,
        0.5,
        0.5
      ]
    },
    "firstperson_righthand": {
      "rotation": [
        20.75,
        0,
        0
      ],
      "translation": [
        0.25,
        -0.25,
        0.5
      ],
      "scale": [
        0.5,
        0.5,
        0.5
      ]
    },
    "firstperson_lefthand": {
      "rotation": [
        20.75,
        0,
        0
      ],
      "translation": [
        0.25,
        -0.25,
        0.5
      ],
      "scale": [
        0.5,
        0.5,
        0.5
      ]
    },
    "ground": {
      "translation": [
        0,
        5.5,
        0
      ]
    },
    "gui": {
      "rotation": [
        22,
        32,
        0
      ],
      "translation": [
        0,
        -1.75,
        0
      ],
      "scale": [
        0.52734,
        0.52734,
        0.52734
      ]
    },
    "head": {
      "translation": [
        0,
        -28.75,
        -1
      ],
      "scale": [
        1.6,
        1.6,
        1.6
      ]
    },
    "fixed": {
      "rotation": [
        -180,
        2.5,
        -180
      ],
      "translation": [
        0,
        -3.75,
        0
      ]
    }
  },
  "groups": [
    {
      "name": "group",
      "origin": [
        0,
        0,
        0
      ],
      "color": 0,
      "children": [
        0,
        1,
        2,
        3,
        4
      ]
    }
  ]
}