{
  "credit": "MadewithBlockbench",
  "texture_size": [
    8,
    8
  ],
  "textures": {
    "0": "elitecreatures:easterbunny_animated_weapon_set/texture_01",
    "1": "elitecreatures:easterbunny_animated_weapon_set/texture_animation_01",
    "2": "elitecreatures:easterbunny_animated_weapon_set/texture_animation_02",
    "particle": "elitecreatures:easterbunny_animated_weapon_set/texture_01"
  },
  "elements": [
    {
      "from": [
        7.5,
        0,
        7
      ],
      "to": [
        8.5,
        11,
        9
      ],
      "rotation": {
        "angle": 0,
        "axis": "y",
        "origin": [
          -0.5,
          0,
          0
        ]
      },
      "faces": {
        "north": {
          "uv": [
            3.75,
            0,
            4,
            2.75
          ],
          "texture": "#0"
        },
        "east": {
          "uv": [
            3.75,
            0,
            3.25,
            2.75
          ],
          "texture": "#0"
        },
        "south": {
          "uv": [
            3.75,
            0,
            4,
            2.75
          ],
          "texture": "#0"
        },
        "west": {
          "uv": [
            3.25,
            0,
            3.75,
            2.75
          ],
          "texture": "#0"
        }
      }
    },
    {
      "from": [
        7,
        -9,
        6.5
      ],
      "to": [
        9,
        0,
        9.5
      ],
      "rotation": {
        "angle": 0,
        "axis": "y",
        "origin": [
          -0.5,
          0,
          0
        ]
      },
      "faces": {
        "north": {
          "uv": [
            4.25,
            2.75,
            4.75,
            5
          ],
          "texture": "#0"
        },
        "east": {
          "uv": [
            3,
            2.75,
            3.75,
            5
          ],
          "texture": "#0"
        },
        "south": {
          "uv": [
            3.75,
            2.75,
            4.25,
            5
          ],
          "texture": "#0"
        },
        "west": {
          "uv": [
            3,
            2.75,
            3.75,
            5
          ],
          "texture": "#0"
        },
        "up": {
          "uv": [
            2.25,
            6.75,
            1.75,
            6
          ],
          "texture": "#0"
        },
        "down": {
          "uv": [
            2.25,
            6.75,
            1.75,
            6
          ],
          "texture": "#0"
        }
      }
    },
    {
      "from": [
        7,
        -13.5,
        6.5
      ],
      "to": [
        9,
        -10.5,
        9.5
      ],
      "rotation": {
        "angle": 0,
        "axis": "y",
        "origin": [
          -0.5,
          0,
          0
        ]
      },
      "faces": {
        "north": {
          "uv": [
            2.25,
            7,
            2.75,
            7.75
          ],
          "texture": "#0"
        },
        "east": {
          "uv": [
            2.25,
            6.25,
            3,
            7
          ],
          "texture": "#0"
        },
        "south": {
          "uv": [
            2.25,
            7,
            2.75,
            7.75
          ],
          "texture": "#0"
        },
        "west": {
          "uv": [
            2.25,
            6.25,
            3,
            7
          ],
          "texture": "#0"
        },
        "up": {
          "uv": [
            3,
            9,
            2.5,
            9.75
          ],
          "texture": "#0"
        },
        "down": {
          "uv": [
            3.25,
            7,
            2.75,
            7.75
          ],
          "texture": "#0"
        }
      }
    },
    {
      "from": [
        7.25,
        -14,
        7
      ],
      "to": [
        8.75,
        -13.5,
        9
      ],
      "rotation": {
        "angle": 0,
        "axis": "y",
        "origin": [
          -0.5,
          0,
          0
        ]
      },
      "faces": {
        "north": {
          "uv": [
            0.25,
            2.875,
            0.75,
            3
          ],
          "texture": "#0"
        },
        "east": {
          "uv": [
            0.25,
            2.875,
            0.75,
            3
          ],
          "texture": "#0"
        },
        "south": {
          "uv": [
            0.25,
            2.875,
            0.75,
            3
          ],
          "texture": "#0"
        },
        "west": {
          "uv": [
            0.25,
            2.875,
            0.75,
            3
          ],
          "texture": "#0"
        },
        "up": {
          "uv": [
            3.375,
            6.5,
            3,
            7
          ],
          "texture": "#0"
        },
        "down": {
          "uv": [
            3.375,
            6.5,
            3,
            7
          ],
          "texture": "#0"
        }
      }
    },
    {
      "from": [
        7.25,
        -10.5,
        7
      ],
      "to": [
        8.75,
        -10,
        9
      ],
      "rotation": {
        "angle": 0,
        "axis": "y",
        "origin": [
          -0.5,
          0,
          0
        ]
      },
      "faces": {
        "north": {
          "uv": [
            0.375,
            6.75,
            0.875,
            6.875
          ],
          "texture": "#0"
        },
        "east": {
          "uv": [
            0.375,
            6.75,
            0.875,
            6.875
          ],
          "texture": "#0"
        },
        "south": {
          "uv": [
            0.375,
            6.75,
            0.875,
            6.875
          ],
          "texture": "#0"
        },
        "west": {
          "uv": [
            0.375,
            6.75,
            0.875,
            6.875
          ],
          "texture": "#0"
        }
      }
    },
    {
      "from": [
        7,
        7.5,
        6.5
      ],
      "to": [
        9,
        10.5,
        9.5
      ],
      "rotation": {
        "angle": 0,
        "axis": "y",
        "origin": [
          -0.5,
          0,
          0
        ]
      },
      "faces": {
        "north": {
          "uv": [
            2.25,
            7,
            2.75,
            7.75
          ],
          "texture": "#0"
        },
        "east": {
          "uv": [
            2.25,
            6.25,
            3,
            7
          ],
          "texture": "#0"
        },
        "south": {
          "uv": [
            2.25,
            7,
            2.75,
            7.75
          ],
          "texture": "#0"
        },
        "west": {
          "uv": [
            2.25,
            6.25,
            3,
            7
          ],
          "texture": "#0"
        },
        "up": {
          "uv": [
            3,
            9,
            2.5,
            9.75
          ],
          "texture": "#0"
        },
        "down": {
          "uv": [
            3.25,
            7,
            2.75,
            7.75
          ],
          "texture": "#0"
        }
      }
    },
    {
      "from": [
        7.25,
        10.5,
        6.9
      ],
      "to": [
        8.75,
        11,
        9.1
      ],
      "rotation": {
        "angle": 0,
        "axis": "y",
        "origin": [
          -0.5,
          0,
          0
        ]
      },
      "faces": {
        "north": {
          "uv": [
            0.375,
            6.75,
            0.875,
            6.875
          ],
          "texture": "#0"
        },
        "east": {
          "uv": [
            0.375,
            6.75,
            0.875,
            6.875
          ],
          "texture": "#0"
        },
        "south": {
          "uv": [
            0.375,
            6.75,
            0.875,
            6.875
          ],
          "texture": "#0"
        },
        "west": {
          "uv": [
            0.375,
            6.75,
            0.875,
            6.875
          ],
          "texture": "#0"
        }
      }
    },
    {
      "from": [
        7.25,
        7,
        6.9
      ],
      "to": [
        8.75,
        7.5,
        9.1
      ],
      "rotation": {
        "angle": 0,
        "axis": "y",
        "origin": [
          -0.5,
          0,
          0
        ]
      },
      "faces": {
        "north": {
          "uv": [
            0.25,
            2.875,
            0.75,
            3
          ],
          "texture": "#0"
        },
        "east": {
          "uv": [
            0.25,
            2.875,
            0.75,
            3
          ],
          "texture": "#0"
        },
        "south": {
          "uv": [
            0.25,
            2.875,
            0.75,
            3
          ],
          "texture": "#0"
        },
        "west": {
          "uv": [
            0.25,
            2.875,
            0.75,
            3
          ],
          "texture": "#0"
        },
        "up": {
          "uv": [
            3.375,
            6.5,
            3,
            7
          ],
          "texture": "#0"
        },
        "down": {
          "uv": [
            3.375,
            6.5,
            3,
            7
          ],
          "texture": "#0"
        }
      }
    },
    {
      "from": [
        5.5,
        12,
        4.5
      ],
      "to": [
        10.5,
        18,
        11.5
      ],
      "rotation": {
        "angle": 0,
        "axis": "y",
        "origin": [
          -0.5,
          0,
          0
        ]
      },
      "faces": {
        "north": {
          "uv": [
            1.75,
            2.75,
            3,
            4.25
          ],
          "texture": "#0"
        },
        "east": {
          "uv": [
            0,
            4.25,
            1.75,
            5.75
          ],
          "texture": "#0"
        },
        "south": {
          "uv": [
            1.75,
            2.75,
            3,
            4.25
          ],
          "texture": "#0"
        },
        "west": {
          "uv": [
            0,
            4.25,
            1.75,
            5.75
          ],
          "texture": "#0"
        },
        "up": {
          "uv": [
            3,
            6,
            1.75,
            4.25
          ],
          "texture": "#0"
        },
        "down": {
          "uv": [
            3,
            6,
            1.75,
            4.25
          ],
          "texture": "#0"
        }
      }
    },
    {
      "from": [
        10.5,
        17,
        5.5
      ],
      "to": [
        11.5,
        21,
        7
      ],
      "rotation": {
        "angle": 0,
        "axis": "y",
        "origin": [
          15.5,
          0,
          0
        ]
      },
      "faces": {
        "north": {
          "uv": [
            0.625,
            7,
            0.375,
            8
          ],
          "texture": "#0"
        },
        "east": {
          "uv": [
            0.375,
            7,
            0,
            8
          ],
          "texture": "#0"
        },
        "south": {
          "uv": [
            0.375,
            7,
            0.625,
            8
          ],
          "texture": "#0"
        },
        "west": {
          "uv": [
            0.375,
            7,
            0,
            8
          ],
          "texture": "#0"
        },
        "up": {
          "uv": [
            0.625,
            7.375,
            0.875,
            7
          ],
          "texture": "#0"
        },
        "down": {
          "uv": [
            0.625,
            7.375,
            0.875,
            7
          ],
          "texture": "#0"
        }
      }
    },
    {
      "from": [
        10.5,
        17,
        9
      ],
      "to": [
        11.5,
        21,
        10.5
      ],
      "rotation": {
        "angle": 0,
        "axis": "y",
        "origin": [
          15.5,
          0,
          16
        ]
      },
      "faces": {
        "north": {
          "uv": [
            0.625,
            7,
            0.375,
            8
          ],
          "texture": "#0"
        },
        "east": {
          "uv": [
            0,
            7,
            0.375,
            8
          ],
          "texture": "#0"
        },
        "south": {
          "uv": [
            0.375,
            7,
            0.625,
            8
          ],
          "texture": "#0"
        },
        "west": {
          "uv": [
            0,
            7,
            0.375,
            8
          ],
          "texture": "#0"
        },
        "up": {
          "uv": [
            0.625,
            7,
            0.875,
            7.375
          ],
          "texture": "#0"
        },
        "down": {
          "uv": [
            0.625,
            7,
            0.875,
            7.375
          ],
          "texture": "#0"
        }
      }
    },
    {
      "from": [
        10,
        13,
        5.5
      ],
      "to": [
        12,
        17,
        10.5
      ],
      "rotation": {
        "angle": 0,
        "axis": "y",
        "origin": [
          15.5,
          0,
          0
        ]
      },
      "faces": {
        "north": {
          "uv": [
            0,
            5.75,
            0.5,
            6.75
          ],
          "texture": "#0"
        },
        "east": {
          "uv": [
            1.75,
            5.75,
            0.5,
            6.75
          ],
          "texture": "#0"
        },
        "south": {
          "uv": [
            0.5,
            5.75,
            0,
            6.75
          ],
          "texture": "#0"
        },
        "west": {
          "uv": [
            1.75,
            5.75,
            0.5,
            6.75
          ],
          "texture": "#0"
        },
        "up": {
          "uv": [
            0.875,
            8,
            1.375,
            6.75
          ],
          "texture": "#0"
        },
        "down": {
          "uv": [
            0.875,
            8,
            1.375,
            6.75
          ],
          "texture": "#0"
        }
      }
    },
    {
      "from": [
        4.5,
        17,
        9
      ],
      "to": [
        5.5,
        21,
        10.5
      ],
      "rotation": {
        "angle": 0,
        "axis": "y",
        "origin": [
          0.5,
          0,
          16
        ]
      },
      "faces": {
        "north": {
          "uv": [
            0.375,
            7,
            0.625,
            8
          ],
          "texture": "#0"
        },
        "east": {
          "uv": [
            0.375,
            7,
            0,
            8
          ],
          "texture": "#0"
        },
        "south": {
          "uv": [
            0.625,
            7,
            0.375,
            8
          ],
          "texture": "#0"
        },
        "west": {
          "uv": [
            0.375,
            7,
            0,
            8
          ],
          "texture": "#0"
        },
        "up": {
          "uv": [
            0.875,
            7,
            0.625,
            7.375
          ],
          "texture": "#0"
        },
        "down": {
          "uv": [
            0.875,
            7,
            0.625,
            7.375
          ],
          "texture": "#0"
        }
      }
    },
    {
      "from": [
        4.5,
        17,
        5.5
      ],
      "to": [
        5.5,
        21,
        7
      ],
      "rotation": {
        "angle": 0,
        "axis": "y",
        "origin": [
          0.5,
          0,
          0
        ]
      },
      "faces": {
        "north": {
          "uv": [
            0.375,
            7,
            0.625,
            8
          ],
          "texture": "#0"
        },
        "east": {
          "uv": [
            0,
            7,
            0.375,
            8
          ],
          "texture": "#0"
        },
        "south": {
          "uv": [
            0.625,
            7,
            0.375,
            8
          ],
          "texture": "#0"
        },
        "west": {
          "uv": [
            0,
            7,
            0.375,
            8
          ],
          "texture": "#0"
        },
        "up": {
          "uv": [
            0.875,
            7.375,
            0.625,
            7
          ],
          "texture": "#0"
        },
        "down": {
          "uv": [
            0.875,
            7.375,
            0.625,
            7
          ],
          "texture": "#0"
        }
      }
    },
    {
      "from": [
        4,
        13,
        5.5
      ],
      "to": [
        6,
        17,
        10.5
      ],
      "rotation": {
        "angle": 0,
        "axis": "y",
        "origin": [
          0.5,
          0,
          0
        ]
      },
      "faces": {
        "north": {
          "uv": [
            0.5,
            5.75,
            0,
            6.75
          ],
          "texture": "#0"
        },
        "east": {
          "uv": [
            0.5,
            5.75,
            1.75,
            6.75
          ],
          "texture": "#0"
        },
        "south": {
          "uv": [
            0,
            5.75,
            0.5,
            6.75
          ],
          "texture": "#0"
        },
        "west": {
          "uv": [
            0.5,
            5.75,
            1.75,
            6.75
          ],
          "texture": "#0"
        },
        "up": {
          "uv": [
            1.375,
            8,
            0.875,
            6.75
          ],
          "texture": "#0"
        },
        "down": {
          "uv": [
            1.375,
            8,
            0.875,
            6.75
          ],
          "texture": "#0"
        }
      }
    },
    {
      "from": [
        6,
        11,
        5.5
      ],
      "to": [
        10,
        12,
        10.5
      ],
      "rotation": {
        "angle": 0,
        "axis": "y",
        "origin": [
          -0.5,
          0,
          0
        ]
      },
      "faces": {
        "north": {
          "uv": [
            1,
            14.75,
            2,
            15
          ],
          "texture": "#0"
        },
        "east": {
          "uv": [
            1,
            14.5,
            2.25,
            14.75
          ],
          "texture": "#0"
        },
        "south": {
          "uv": [
            1,
            14.75,
            2,
            15
          ],
          "texture": "#0"
        },
        "west": {
          "uv": [
            1,
            14.5,
            2.25,
            14.75
          ],
          "texture": "#0"
        },
        "up": {
          "uv": [
            3,
            14.75,
            2,
            16
          ],
          "texture": "#0"
        },
        "down": {
          "uv": [
            3,
            14.75,
            2,
            16
          ],
          "texture": "#0"
        }
      }
    },
    {
      "from": [
        6,
        18,
        5.5
      ],
      "to": [
        10,
        19.5,
        10.5
      ],
      "rotation": {
        "angle": 0,
        "axis": "y",
        "origin": [
          -0.5,
          0,
          0
        ]
      },
      "faces": {
        "north": {
          "uv": [
            0,
            14,
            1,
            14.375
          ],
          "texture": "#0"
        },
        "east": {
          "uv": [
            0,
            15.625,
            1.25,
            16
          ],
          "texture": "#0"
        },
        "south": {
          "uv": [
            0,
            14,
            1,
            14.375
          ],
          "texture": "#0"
        },
        "west": {
          "uv": [
            0,
            15.625,
            1.25,
            16
          ],
          "texture": "#0"
        },
        "up": {
          "uv": [
            1,
            15.625,
            0,
            14.375
          ],
          "texture": "#0"
        },
        "down": {
          "uv": [
            1,
            15.625,
            0,
            14.375
          ],
          "texture": "#0"
        }
      }
    },
    {
      "from": [
        6.5,
        19.5,
        6.5
      ],
      "to": [
        9.5,
        20.5,
        9.5
      ],
      "rotation": {
        "angle": 0,
        "axis": "y",
        "origin": [
          -0.5,
          0,
          0
        ]
      },
      "faces": {
        "north": {
          "uv": [
            1.25,
            15,
            2,
            15.25
          ],
          "texture": "#0"
        },
        "east": {
          "uv": [
            1.25,
            15,
            2,
            15.25
          ],
          "texture": "#0"
        },
        "south": {
          "uv": [
            1.25,
            15,
            2,
            15.25
          ],
          "texture": "#0"
        },
        "west": {
          "uv": [
            1.25,
            15,
            2,
            15.25
          ],
          "texture": "#0"
        },
        "up": {
          "uv": [
            2,
            16,
            1.25,
            15.25
          ],
          "texture": "#0"
        },
        "down": {
          "uv": [
            2,
            16,
            1.25,
            15.25
          ],
          "texture": "#0"
        }
      }
    },
    {
      "from": [
        6.5,
        -1,
        6
      ],
      "to": [
        9.5,
        1,
        10
      ],
      "rotation": {
        "angle": 0,
        "axis": "y",
        "origin": [
          -0.5,
          0,
          0
        ]
      },
      "faces": {
        "north": {
          "uv": [
            2.5,
            8.5,
            3.25,
            9
          ],
          "texture": "#0"
        },
        "east": {
          "uv": [
            2.25,
            8,
            3.25,
            8.5
          ],
          "texture": "#0"
        },
        "south": {
          "uv": [
            2.5,
            8.5,
            3.25,
            9
          ],
          "texture": "#0"
        },
        "west": {
          "uv": [
            2.25,
            8,
            3.25,
            8.5
          ],
          "texture": "#0"
        },
        "up": {
          "uv": [
            2.25,
            7.75,
            1.5,
            6.75
          ],
          "texture": "#0"
        },
        "down": {
          "uv": [
            2.25,
            7.75,
            1.5,
            6.75
          ],
          "texture": "#0"
        }
      }
    },
    {
      "from": [
        6.5,
        -10,
        6
      ],
      "to": [
        9.5,
        -8,
        10
      ],
      "rotation": {
        "angle": 0,
        "axis": "y",
        "origin": [
          -0.5,
          0,
          0
        ]
      },
      "faces": {
        "north": {
          "uv": [
            2.5,
            8.5,
            3.25,
            9
          ],
          "texture": "#0"
        },
        "east": {
          "uv": [
            2.25,
            8,
            3.25,
            8.5
          ],
          "texture": "#0"
        },
        "south": {
          "uv": [
            2.5,
            8.5,
            3.25,
            9
          ],
          "texture": "#0"
        },
        "west": {
          "uv": [
            2.25,
            8,
            3.25,
            8.5
          ],
          "texture": "#0"
        },
        "up": {
          "uv": [
            2.25,
            7.75,
            1.5,
            6.75
          ],
          "texture": "#0"
        },
        "down": {
          "uv": [
            2.25,
            7.75,
            1.5,
            6.75
          ],
          "texture": "#0"
        }
      }
    },
    {
      "from": [
        8,
        7.5,
        4
      ],
      "to": [
        8,
        11.5,
        7
      ],
      "rotation": {
        "angle": 45,
        "axis": "x",
        "origin": [
          -0.5,
          0,
          0
        ]
      },
      "faces": {
        "north": {
          "uv": [
            0,
            0,
            0,
            8
          ],
          "texture": "#missing"
        },
        "east": {
          "uv": [
            0.75,
            13,
            0,
            14
          ],
          "texture": "#0"
        },
        "south": {
          "uv": [
            0,
            0,
            0,
            8
          ],
          "texture": "#missing"
        },
        "west": {
          "uv": [
            0,
            13,
            0.75,
            14
          ],
          "texture": "#0"
        },
        "up": {
          "uv": [
            0,
            0,
            0,
            6
          ],
          "texture": "#missing"
        },
        "down": {
          "uv": [
            0,
            0,
            0,
            6
          ],
          "texture": "#missing"
        }
      }
    },
    {
      "from": [
        8,
        11,
        12
      ],
      "to": [
        8,
        14,
        14
      ],
      "rotation": {
        "angle": -45,
        "axis": "x",
        "origin": [
          -0.5,
          0,
          16
        ]
      },
      "faces": {
        "north": {
          "uv": [
            0,
            0,
            0,
            6
          ],
          "texture": "#missing"
        },
        "east": {
          "uv": [
            0.75,
            13.25,
            1.25,
            14
          ],
          "texture": "#0"
        },
        "south": {
          "uv": [
            0,
            0,
            0,
            6
          ],
          "texture": "#missing"
        },
        "west": {
          "uv": [
            1.25,
            13.25,
            0.75,
            14
          ],
          "texture": "#0"
        },
        "up": {
          "uv": [
            0,
            4,
            0,
            0
          ],
          "texture": "#missing"
        },
        "down": {
          "uv": [
            0,
            4,
            0,
            0
          ],
          "texture": "#missing"
        }
      }
    },
    {
      "from": [
        7.5,
        14,
        5
      ],
      "to": [
        7.5,
        17,
        7
      ],
      "rotation": {
        "angle": 22.5,
        "axis": "x",
        "origin": [
          -0.5,
          0,
          16
        ]
      },
      "faces": {
        "north": {
          "uv": [
            0,
            0,
            0,
            6
          ],
          "texture": "#missing"
        },
        "east": {
          "uv": [
            0.75,
            13.25,
            1.25,
            14
          ],
          "texture": "#0"
        },
        "south": {
          "uv": [
            0,
            0,
            0,
            6
          ],
          "texture": "#missing"
        },
        "west": {
          "uv": [
            1.25,
            13.25,
            0.75,
            14
          ],
          "texture": "#0"
        },
        "up": {
          "uv": [
            0,
            4,
            0,
            0
          ],
          "texture": "#missing"
        },
        "down": {
          "uv": [
            0,
            4,
            0,
            0
          ],
          "texture": "#missing"
        }
      }
    },
    {
      "from": [
        8,
        6.5,
        -4
      ],
      "to": [
        8,
        20.5,
        5.5
      ],
      "faces": {
        "north": {
          "uv": [
            0,
            0,
            0,
            28
          ],
          "texture": "#missing"
        },
        "east": {
          "uv": [
            16,
            5.25,
            13.625,
            8.75
          ],
          "texture": "#0"
        },
        "south": {
          "uv": [
            0,
            0,
            0,
            28
          ],
          "texture": "#missing"
        },
        "west": {
          "uv": [
            13.625,
            5.25,
            16,
            8.75
          ],
          "texture": "#0"
        },
        "up": {
          "uv": [
            0,
            0,
            0,
            19
          ],
          "texture": "#missing"
        },
        "down": {
          "uv": [
            0,
            0,
            0,
            19
          ],
          "texture": "#missing"
        }
      }
    },
    {
      "from": [
        8,
        6.5,
        10.5
      ],
      "to": [
        8,
        20.5,
        20
      ],
      "rotation": {
        "angle": 0,
        "axis": "y",
        "origin": [
          0,
          0,
          16
        ]
      },
      "faces": {
        "north": {
          "uv": [
            0,
            0,
            0,
            28
          ],
          "texture": "#missing"
        },
        "east": {
          "uv": [
            13.625,
            5.25,
            16,
            8.75
          ],
          "texture": "#0"
        },
        "south": {
          "uv": [
            0,
            0,
            0,
            28
          ],
          "texture": "#missing"
        },
        "west": {
          "uv": [
            16,
            5.25,
            13.625,
            8.75
          ],
          "texture": "#0"
        },
        "up": {
          "uv": [
            0,
            19,
            0,
            0
          ],
          "texture": "#missing"
        },
        "down": {
          "uv": [
            0,
            19,
            0,
            0
          ],
          "texture": "#missing"
        }
      }
    },
    {
      "from": [
        6.5,
        4,
        5
      ],
      "to": [
        9.5,
        6,
        11
      ],
      "rotation": {
        "angle": 0,
        "axis": "y",
        "origin": [
          -0.5,
          0,
          0
        ]
      },
      "faces": {
        "north": {
          "uv": [
            0,
            9.5,
            0.75,
            10
          ],
          "texture": "#0"
        },
        "east": {
          "uv": [
            0.75,
            8,
            2.25,
            8.5
          ],
          "texture": "#0"
        },
        "south": {
          "uv": [
            0,
            9.5,
            0.75,
            10
          ],
          "texture": "#0"
        },
        "west": {
          "uv": [
            0.75,
            8,
            2.25,
            8.5
          ],
          "texture": "#0"
        },
        "up": {
          "uv": [
            0.75,
            9.5,
            0,
            8
          ],
          "texture": "#0"
        },
        "down": {
          "uv": [
            0.75,
            9.5,
            0,
            8
          ],
          "texture": "#0"
        }
      }
    },
    {
      "from": [
        7,
        12.9,
        1
      ],
      "to": [
        9,
        14.4,
        8
      ],
      "rotation": {
        "angle": 0,
        "axis": "y",
        "origin": [
          -0.5,
          16,
          0
        ]
      },
      "faces": {
        "north": {
          "uv": [
            0,
            12.5,
            0.5,
            12.125
          ],
          "texture": "#0"
        },
        "east": {
          "uv": [
            0,
            10.375,
            1.75,
            10
          ],
          "texture": "#0"
        },
        "south": {
          "uv": [
            0,
            12.5,
            0.5,
            12.125
          ],
          "texture": "#0"
        },
        "west": {
          "uv": [
            0,
            10.375,
            1.75,
            10
          ],
          "texture": "#0"
        },
        "up": {
          "uv": [
            0.5,
            10.375,
            0,
            12.125
          ],
          "texture": "#0"
        },
        "down": {
          "uv": [
            0.5,
            10.375,
            0,
            12.125
          ],
          "texture": "#0"
        }
      }
    },
    {
      "from": [
        7,
        15.6,
        1
      ],
      "to": [
        9,
        17.1,
        8
      ],
      "rotation": {
        "angle": 0,
        "axis": "y",
        "origin": [
          -0.5,
          0,
          0
        ]
      },
      "faces": {
        "north": {
          "uv": [
            0,
            12.125,
            0.5,
            12.5
          ],
          "texture": "#0"
        },
        "east": {
          "uv": [
            0,
            10,
            1.75,
            10.375
          ],
          "texture": "#0"
        },
        "south": {
          "uv": [
            0,
            12.125,
            0.5,
            12.5
          ],
          "texture": "#0"
        },
        "west": {
          "uv": [
            0,
            10,
            1.75,
            10.375
          ],
          "texture": "#0"
        },
        "up": {
          "uv": [
            0.5,
            12.125,
            0,
            10.375
          ],
          "texture": "#0"
        },
        "down": {
          "uv": [
            0.5,
            12.125,
            0,
            10.375
          ],
          "texture": "#0"
        }
      }
    },
    {
      "from": [
        7,
        15.6,
        8
      ],
      "to": [
        9,
        17.1,
        15
      ],
      "rotation": {
        "angle": 0,
        "axis": "y",
        "origin": [
          -0.5,
          0,
          16
        ]
      },
      "faces": {
        "north": {
          "uv": [
            0.5,
            12.125,
            0,
            12.5
          ],
          "texture": "#0"
        },
        "east": {
          "uv": [
            1.75,
            10,
            0,
            10.375
          ],
          "texture": "#0"
        },
        "south": {
          "uv": [
            0.5,
            12.125,
            0,
            12.5
          ],
          "texture": "#0"
        },
        "west": {
          "uv": [
            1.75,
            10,
            0,
            10.375
          ],
          "texture": "#0"
        },
        "up": {
          "uv": [
            0.5,
            10.375,
            0,
            12.125
          ],
          "texture": "#0"
        },
        "down": {
          "uv": [
            0.5,
            10.375,
            0,
            12.125
          ],
          "texture": "#0"
        }
      }
    },
    {
      "from": [
        7,
        12.9,
        8
      ],
      "to": [
        9,
        14.4,
        15
      ],
      "rotation": {
        "angle": 0,
        "axis": "y",
        "origin": [
          -0.5,
          16,
          16
        ]
      },
      "faces": {
        "north": {
          "uv": [
            0.5,
            12.5,
            0,
            12.125
          ],
          "texture": "#0"
        },
        "east": {
          "uv": [
            1.75,
            10.375,
            0,
            10
          ],
          "texture": "#0"
        },
        "south": {
          "uv": [
            0.5,
            12.5,
            0,
            12.125
          ],
          "texture": "#0"
        },
        "west": {
          "uv": [
            1.75,
            10.375,
            0,
            10
          ],
          "texture": "#0"
        },
        "up": {
          "uv": [
            0.5,
            12.125,
            0,
            10.375
          ],
          "texture": "#0"
        },
        "down": {
          "uv": [
            0.5,
            12.125,
            0,
            10.375
          ],
          "texture": "#0"
        }
      }
    },
    {
      "from": [
        3.9,
        13,
        5
      ],
      "to": [
        3.9,
        17,
        11
      ],
      "faces": {
        "east": {
          "uv": [
            0,
            0,
            12,
            8
          ],
          "texture": "#1"
        },
        "west": {
          "uv": [
            0,
            0,
            12,
            8
          ],
          "texture": "#1"
        }
      }
    },
    {
      "from": [
        12.1,
        13,
        5
      ],
      "to": [
        12.1,
        17,
        11
      ],
      "rotation": {
        "angle": 0,
        "axis": "y",
        "origin": [
          16,
          0,
          0
        ]
      },
      "faces": {
        "east": {
          "uv": [
            12,
            0,
            0,
            8
          ],
          "texture": "#1"
        },
        "west": {
          "uv": [
            12,
            0,
            0,
            8
          ],
          "texture": "#1"
        }
      }
    },
    {
      "from": [
        7.4,
        12,
        -5.25
      ],
      "to": [
        7.4,
        18,
        0.75
      ],
      "faces": {
        "north": {
          "uv": [
            0,
            0,
            0,
            12
          ],
          "texture": "#2"
        },
        "east": {
          "uv": [
            12,
            0,
            0,
            12
          ],
          "texture": "#2"
        },
        "south": {
          "uv": [
            0,
            0,
            0,
            12
          ],
          "texture": "#2"
        },
        "west": {
          "uv": [
            0,
            0,
            12,
            12
          ],
          "texture": "#2"
        },
        "up": {
          "uv": [
            0,
            0,
            0,
            12
          ],
          "texture": "#2"
        },
        "down": {
          "uv": [
            0,
            0,
            0,
            12
          ],
          "texture": "#2"
        }
      }
    },
    {
      "from": [
        7.4,
        12,
        14.75
      ],
      "to": [
        7.4,
        18,
        20.75
      ],
      "faces": {
        "north": {
          "uv": [
            0,
            0,
            0,
            12
          ],
          "texture": "#2"
        },
        "east": {
          "uv": [
            12,
            0,
            0,
            12
          ],
          "texture": "#2"
        },
        "south": {
          "uv": [
            0,
            0,
            0,
            12
          ],
          "texture": "#2"
        },
        "west": {
          "uv": [
            0,
            0,
            12,
            12
          ],
          "texture": "#2"
        },
        "up": {
          "uv": [
            0,
            0,
            0,
            12
          ],
          "texture": "#2"
        },
        "down": {
          "uv": [
            0,
            0,
            0,
            12
          ],
          "texture": "#2"
        }
      }
    },
    {
      "from": [
        8.6,
        12,
        14.75
      ],
      "to": [
        8.6,
        18,
        20.75
      ],
      "rotation": {
        "angle": 0,
        "axis": "y",
        "origin": [
          16,
          0,
          0
        ]
      },
      "faces": {
        "north": {
          "uv": [
            0,
            0,
            0,
            12
          ],
          "texture": "#2"
        },
        "east": {
          "uv": [
            12,
            0,
            0,
            12
          ],
          "texture": "#2"
        },
        "south": {
          "uv": [
            0,
            0,
            0,
            12
          ],
          "texture": "#2"
        },
        "west": {
          "uv": [
            0,
            0,
            12,
            12
          ],
          "texture": "#2"
        },
        "up": {
          "uv": [
            0,
            0,
            0,
            12
          ],
          "texture": "#2"
        },
        "down": {
          "uv": [
            0,
            0,
            0,
            12
          ],
          "texture": "#2"
        }
      }
    },
    {
      "from": [
        8.6,
        12,
        -5.25
      ],
      "to": [
        8.6,
        18,
        0.75
      ],
      "rotation": {
        "angle": 0,
        "axis": "y",
        "origin": [
          16,
          0,
          0
        ]
      },
      "faces": {
        "north": {
          "uv": [
            0,
            0,
            0,
            12
          ],
          "texture": "#2"
        },
        "east": {
          "uv": [
            12,
            0,
            0,
            12
          ],
          "texture": "#2"
        },
        "south": {
          "uv": [
            0,
            0,
            0,
            12
          ],
          "texture": "#2"
        },
        "west": {
          "uv": [
            0,
            0,
            12,
            12
          ],
          "texture": "#2"
        },
        "up": {
          "uv": [
            0,
            0,
            0,
            12
          ],
          "texture": "#2"
        },
        "down": {
          "uv": [
            0,
            0,
            0,
            12
          ],
          "texture": "#2"
        }
      }
    }
  ],
  "gui_light": "front",
  "display": {
    "thirdperson_righthand": {
      "translation": [
        0,
        6.75,
        1.75
      ],
      "scale": [
        0.7,
        0.7,
        0.7
      ]
    },
    "thirdperson_lefthand": {
      "translation": [
        0,
        6.75,
        1.75
      ],
      "scale": [
        0.7,
        0.7,
        0.7
      ]
    },
    "firstperson_righthand": {
      "translation": [
        0.25,
        6.5,
        2.25
      ],
      "scale": [
        0.38281,
        0.38281,
        0.38281
      ]
    },
    "firstperson_lefthand": {
      "translation": [
        0.25,
        6.5,
        2.25
      ],
      "scale": [
        0.38281,
        0.38281,
        0.38281
      ]
    },
    "ground": {
      "rotation": [
        45,
        0,
        0
      ],
      "translation": [
        0,
        9,
        0
      ],
      "scale": [
        0.45,
        0.45,
        0.45
      ]
    },
    "gui": {
      "rotation": [
        -90,
        -45,
        -90
      ],
      "scale": [
        0.45664,
        0.45664,
        0.45664
      ]
    },
    "head": {
      "scale": [
        0,
        0,
        0
      ]
    },
    "fixed": {
      "rotation": [
        0,
        90,
        0
      ],
      "translation": [
        0,
        10,
        -1.5
      ],
      "scale": [
        1.5,
        1.5,
        1.5
      ]
    }
  }
}