{
  "providers": [
    {
      "file": "char/black.png",
      "chars": [
        ""
      ],
      "height": 1,
      "ascent": -5000,
      "type": "bitmap"
    },
    {
      "file": "char/black.png",
      "chars": [
        ""
      ],
      "height": 2,
      "ascent": -5000,
      "type": "bitmap"
    },
    {
      "file": "char/black.png",
      "chars": [
        ""
      ],
      "height": 3,
      "ascent": -5000,
      "type": "bitmap"
    },
    {
      "file": "char/black.png",
      "chars": [
        ""
      ],
      "height": 4,
      "ascent": -5000,
      "type": "bitmap"
    },
    {
      "file": "char/black.png",
      "chars": [
        ""
      ],
      "height": 5,
      "ascent": -5000,
      "type": "bitmap"
    },
    {
      "file": "char/black.png",
      "chars": [
        ""
      ],
      "height": 6,
      "ascent": -5000,
      "type": "bitmap"
    },
    {
      "file": "char/black.png",
      "chars": [
        ""
      ],
      "height": 7,
      "ascent": -5000,
      "type": "bitmap"
    },
    {
      "file": "char/black.png",
      "chars": [
        ""
      ],
      "height": 15,
      "ascent": -5000,
      "type": "bitmap"
    },
    {
      "file": "char/black.png",
      "chars": [
        ""
      ],
      "height": 31,
      "ascent": -5000,
      "type": "bitmap"
    },
    {
      "file": "char/black.png",
      "chars": [
        ""
      ],
      "height": 63,
      "ascent": -5000,
      "type": "bitmap"
    },
    {
      "file": "char/black.png",
      "chars": [
        ""
      ],
      "height": 127,
      "ascent": -5000,
      "type": "bitmap"
    },
    {
      "file": "char/black.png",
      "chars": [
        ""
      ],
      "height": 256,
      "ascent": -5000,
      "type": "bitmap"
    },
    {
      "file": "char/black.png",
      "chars": [
        ""
      ],
      "height": 512,
      "ascent": -5000,
      "type": "bitmap"
    },
    {
      "file": "char/black.png",
      "chars": [
        ""
      ],
      "height": 1024,
      "ascent": -5000,
      "type": "bitmap"
    },
    {
      "file": "char/black.png",
      "chars": [
        ""
      ],
      "height": -3,
      "ascent": -5000,
      "type": "bitmap"
    },
    {
      "file": "char/black.png",
      "chars": [
        ""
      ],
      "height": -4,
      "ascent": -5000,
      "type": "bitmap"
    },
    {
      "file": "char/black.png",
      "chars": [
        ""
      ],
      "height": -5,
      "ascent": -5000,
      "type": "bitmap"
    },
    {
      "file": "char/black.png",
      "chars": [
        ""
      ],
      "height": -6,
      "ascent": -5000,
      "type": "bitmap"
    },
    {
      "file": "char/black.png",
      "chars": [
        ""
      ],
      "height": -7,
      "ascent": -5000,
      "type": "bitmap"
    },
    {
      "file": "char/black.png",
      "chars": [
        ""
      ],
      "height": -8,
      "ascent": -5000,
      "type": "bitmap"
    },
    {
      "file": "char/black.png",
      "chars": [
        ""
      ],
      "height": -9,
      "ascent": -5000,
      "type": "bitmap"
    },
    {
      "file": "char/black.png",
      "chars": [
        ""
      ],
      "height": -10,
      "ascent": -5000,
      "type": "bitmap"
    },
    {
      "file": "char/black.png",
      "chars": [
        ""
      ],
      "height": -18,
      "ascent": -5000,
      "type": "bitmap"
    },
    {
      "file": "char/black.png",
      "chars": [
        ""
      ],
      "height": -34,
      "ascent": -5000,
      "type": "bitmap"
    },
    {
      "file": "char/black.png",
      "chars": [
        ""
      ],
      "height": -66,
      "ascent": -5000,
      "type": "bitmap"
    },
    {
      "file": "char/black.png",
      "chars": [
        ""
      ],
      "height": -130,
      "ascent": -5000,
      "type": "bitmap"
    },
    {
      "file": "char/black.png",
      "chars": [
        ""
      ],
      "height": -259,
      "ascent": -5000,
      "type": "bitmap"
    },
    {
      "file": "char/black.png",
      "chars": [
        ""
      ],
      "height": -515,
      "ascent": -5000,
      "type": "bitmap"
    },
    {
      "file": "char/black.png",
      "chars": [
        ""
      ],
      "height": -1027,
      "ascent": -5000,
      "type": "bitmap"
    },
    {
      "file": "christmas_emojis:ornament.png",
      "chars": [
        ""
      ],
      "height": 9,
      "ascent": 8,
      "type": "bitmap"
    },
    {
      "file": "christmas_emojis:hot_chocolate.png",
      "chars": [
        ""
      ],
      "height": 9,
      "ascent": 8,
      "type": "bitmap"
    },
    {
      "file": "christmas_emojis:penguin.png",
      "chars": [
        ""
      ],
      "height": 9,
      "ascent": 8,
      "type": "bitmap"
    },
    {
      "file": "christmas_emojis:gingerbread_man.png",
      "chars": [
        ""
      ],
      "height": 9,
      "ascent": 8,
      "type": "bitmap"
    },
    {
      "file": "christmas_emojis:stocking.png",
      "chars": [
        ""
      ],
      "height": 9,
      "ascent": 8,
      "type": "bitmap"
    },
    {
      "file": "christmas_emojis:reindeer.png",
      "chars": [
        ""
      ],
      "height": 9,
      "ascent": 8,
      "type": "bitmap"
    },
    {
      "file": "christmas_emojis:mistletoe.png",
      "chars": [
        ""
      ],
      "height": 9,
      "ascent": 8,
      "type": "bitmap"
    },
    {
      "file": "christmas_emojis:milk_and_cookies.png",
      "chars": [
        ""
      ],
      "height": 9,
      "ascent": 8,
      "type": "bitmap"
    },
    {
      "file": "christmas_emojis:wreath.png",
      "chars": [
        ""
      ],
      "height": 9,
      "ascent": 8,
      "type": "bitmap"
    },
    {
      "file": "christmas_emojis:elf.png",
      "chars": [
        ""
      ],
      "height": 9,
      "ascent": 8,
      "type": "bitmap"
    },
    {
      "file": "christmas_emojis:candy_cane.png",
      "chars": [
        ""
      ],
      "height": 9,
      "ascent": 8,
      "type": "bitmap"
    },
    {
      "file": "christmas_emojis:snowman.png",
      "chars": [
        ""
      ],
      "height": 9,
      "ascent": 8,
      "type": "bitmap"
    },
    {
      "file": "christmas_emojis:gift.png",
      "chars": [
        ""
      ],
      "height": 9,
      "ascent": 8,
      "type": "bitmap"
    },
    {
      "file": "christmas_emojis:snowflake.png",
      "chars": [
        ""
      ],
      "height": 9,
      "ascent": 8,
      "type": "bitmap"
    },
    {
      "file": "christmas_emojis:christmas_tree.png",
      "chars": [
        ""
      ],
      "height": 9,
      "ascent": 8,
      "type": "bitmap"
    },
    {
      "file": "christmas_emojis:santa.png",
      "chars": [
        ""
      ],
      "height": 9,
      "ascent": 8,
      "type": "bitmap"
    },
    {
      "file": "_iainternal:gui/no_recipe.png",
      "chars": [
        ""
      ],
      "height": 170,
      "ascent": 47,
      "type": "bitmap"
    },
    {
      "file": "_iainternal:gui/crafting.png",
      "chars": [
        ""
      ],
      "height": 170,
      "ascent": 47,
      "type": "bitmap"
    },
    {
      "file": "_iainternal:gui/cooking.png",
      "chars": [
        ""
      ],
      "height": 170,
      "ascent": 47,
      "type": "bitmap"
    },
    {
      "file": "_iainternal:gui/blank_menu.png",
      "chars": [
        ""
      ],
      "height": 170,
      "ascent": 47,
      "type": "bitmap"
    },
    {
      "file": "_iainternal:gui/anvil_repair.png",
      "chars": [
        ""
      ],
      "height": 170,
      "ascent": 47,
      "type": "bitmap"
    },
    {
      "file": "_iainternal:gui/smithing.png",
      "chars": [
        ""
      ],
      "height": 170,
      "ascent": 47,
      "type": "bitmap"
    }
  ]
}