{"credit":"Made by PolygonMC","texture_size":[40,40],"textures":{"1":"saintpatricksset:animations/animations_1","3":"saintpatricksset:chest","particle":"saintpatricksset:animations/animations_1"},"elements":[{"from":[3,7.5025,3.25],"to":[13,8.5025,12.75],"rotation":{"angle":45,"axis":"x","origin":[8,7.49666,12.74875]},"faces":{"north":{"uv":[4,10.8,8,11.2],"texture":"#3"},"east":{"uv":[4.8,11.2,8.6,11.6],"texture":"#3"},"south":{"uv":[8,10.8,12,11.2],"texture":"#3"},"west":{"uv":[8.8,11.2,12.6,11.6],"texture":"#3"},"up":{"uv":[4,3.8,0,0],"texture":"#3"},"down":{"uv":[4,4,0,7.8],"texture":"#3"}}},{"from":[12,8.5025,3.25],"to":[13,10.5025,4.25],"rotation":{"angle":45,"axis":"x","origin":[8,7.49666,12.74875]},"faces":{"north":{"uv":[12,7.2,12.4,8],"texture":"#3"},"east":{"uv":[7.6,12,8,12.8],"texture":"#3"},"south":{"uv":[8,12,8.4,12.8],"texture":"#3"},"west":{"uv":[8.4,12,8.8,12.8],"texture":"#3"}}},{"from":[3.25,8.5025,3.5],"to":[12.75,11.2525,12.5],"rotation":{"angle":45,"axis":"x","origin":[8,7.49666,12.74875]},"faces":{"north":{"uv":[8,7.2,11.8,8.3],"texture":"#3"},"east":{"uv":[4,9.2,7.6,10.3],"texture":"#3"},"south":{"uv":[7.6,8.4,11.4,9.5],"texture":"#3"},"west":{"uv":[7.6,9.6,11.2,10.7],"texture":"#3"},"up":{"uv":[3.8,11.6,0,8],"texture":"#3"}}},{"from":[12,10.5025,3.25],"to":[13,11.5025,12.75],"rotation":{"angle":45,"axis":"x","origin":[8,7.49666,12.74875]},"faces":{"north":{"uv":[13.6,4.8,14,5.2],"texture":"#3"},"east":{"uv":[11.6,0,15.4,0.4],"texture":"#3"},"south":{"uv":[13.6,5.2,14,5.6],"texture":"#3"},"west":{"uv":[11.6,0.4,15.4,0.8],"texture":"#3"},"up":{"uv":[12,4.6,11.6,0.8],"texture":"#3"},"down":{"uv":[5.2,11.6,4.8,15.4],"texture":"#3"}}},{"from":[8.5,7.49581,0.3975],"to":[10.25,8.49581,1.3975],"rotation":{"angle":45,"axis":"x","origin":[8,7.49666,12.74875]},"faces":{"north":{"uv":[10,12,10.4,12.7],"rotation":90,"texture":"#3"},"south":{"uv":[10.8,12,11.2,12.7],"rotation":270,"texture":"#3"},"west":{"uv":[14,6,13.6,5.6],"rotation":180,"texture":"#3"},"up":{"uv":[10.4,12,10.8,12.7],"rotation":270,"texture":"#3"},"down":{"uv":[9.6,12,10,12.7],"rotation":270,"texture":"#3"}}},{"from":[5.75,7.49581,0.3975],"to":[7.5,8.49581,1.3975],"rotation":{"angle":45,"axis":"x","origin":[8,7.49666,12.74875]},"faces":{"north":{"uv":[12,11.6,12.4,12.3],"rotation":90,"texture":"#3"},"east":{"uv":[14,6,13.6,6.4],"texture":"#3"},"south":{"uv":[12.4,5.6,12.8,6.3],"rotation":270,"texture":"#3"},"west":{"uv":[6.4,14,6,13.6],"rotation":180,"texture":"#3"},"up":{"uv":[12.4,4.8,12.8,5.5],"rotation":270,"texture":"#3"},"down":{"uv":[11.2,12,11.6,12.7],"rotation":270,"texture":"#3"}}},{"from":[7.5,7.59581,0.4975],"to":[8.5,8.39581,1.2975],"rotation":{"angle":45,"axis":"x","origin":[8,7.49666,12.74875]},"faces":{"north":{"uv":[13.6,8,13.9,8.4],"rotation":90,"texture":"#3"},"south":{"uv":[8.8,13.6,9.1,14],"rotation":270,"texture":"#3"},"up":{"uv":[8.4,13.6,8.7,14],"rotation":270,"texture":"#3"},"down":{"uv":[13.6,7.6,13.9,8],"rotation":270,"texture":"#3"}}},{"from":[9,7.39581,0.2975],"to":[9.5,8.59581,1.4975],"rotation":{"angle":45,"axis":"x","origin":[8,7.49666,12.74875]},"faces":{"north":{"uv":[13.6,11.6,14.1,11.8],"rotation":90,"texture":"#3"},"east":{"uv":[13.3,1.6,12.8,2.1],"texture":"#3"},"south":{"uv":[13.6,12,14.1,12.2],"rotation":270,"texture":"#3"},"west":{"uv":[13.3,1.3,12.8,0.8],"rotation":180,"texture":"#3"},"up":{"uv":[12,13.6,12.5,13.8],"rotation":270,"texture":"#3"},"down":{"uv":[13.6,11.2,14.1,11.4],"rotation":270,"texture":"#3"}}},{"from":[6.5,7.39581,0.2975],"to":[7,8.59581,1.4975],"rotation":{"angle":45,"axis":"x","origin":[8,7.49666,12.74875]},"faces":{"north":{"uv":[13.6,13.2,14.1,13.4],"rotation":90,"texture":"#3"},"east":{"uv":[13.3,4.8,12.8,5.3],"texture":"#3"},"south":{"uv":[0.4,14,0.9,14.2],"rotation":270,"texture":"#3"},"west":{"uv":[13.3,4.5,12.8,4],"rotation":180,"texture":"#3"},"up":{"uv":[13.6,13.6,14.1,13.8],"rotation":270,"texture":"#3"},"down":{"uv":[13.6,12.8,14.1,13],"rotation":270,"texture":"#3"}}},{"from":[10.23,7.45081,0.3025],"to":[11.42,8.54081,1.4925],"rotation":{"angle":45,"axis":"x","origin":[8,7.49666,12.74875]},"faces":{"north":{"uv":[6.5,13.6,6,13.2],"rotation":180,"texture":"#3"},"east":{"uv":[5.2,13.2,5.6,13.7],"rotation":90,"texture":"#3"},"south":{"uv":[10.8,13.2,11.3,13.6],"texture":"#3"},"west":{"uv":[5.6,13.2,6,13.7],"rotation":270,"texture":"#3"},"up":{"uv":[6.8,12.8,7.3,13.3],"texture":"#3"},"down":{"uv":[12.8,5.6,13.3,6.1],"rotation":180,"texture":"#3"}}},{"from":[10.38,7.25081,0.4525],"to":[11.27,8.74081,1.3425],"rotation":{"angle":45,"axis":"x","origin":[8,7.49666,12.74875]},"faces":{"north":{"uv":[12.8,2.4,13.4,2.8],"rotation":90,"texture":"#3"},"east":{"uv":[10.4,12.8,10.8,13.4],"texture":"#3"},"south":{"uv":[12.8,8,13.4,8.4],"rotation":270,"texture":"#3"},"west":{"uv":[8.8,13.4,8.4,12.8],"rotation":180,"texture":"#3"},"up":{"uv":[13.6,6.4,14,6.8],"rotation":270,"texture":"#3"},"down":{"uv":[6.4,13.6,6.8,14],"rotation":270,"texture":"#3"}}},{"from":[10.48,7.65081,1.2425],"to":[11.17,8.34081,3.5325],"rotation":{"angle":45,"axis":"x","origin":[8,7.49666,12.74875]},"faces":{"east":{"uv":[9.2,12.4,9.5,13.3],"rotation":90,"texture":"#3"},"west":{"uv":[9.1,13.3,8.8,12.4],"rotation":90,"texture":"#3"},"up":{"uv":[12.4,6.4,13.3,6.7],"rotation":270,"texture":"#3"},"down":{"uv":[12,10.8,12.9,11.1],"rotation":270,"texture":"#3"}}},{"from":[4.83,7.65081,1.2425],"to":[5.52,8.34081,3.5325],"rotation":{"angle":45,"axis":"x","origin":[8,7.49666,12.74875]},"faces":{"east":{"uv":[12.4,7.2,13.3,7.5],"rotation":180,"texture":"#3"},"west":{"uv":[12.4,7.6,13.3,7.9],"rotation":180,"texture":"#3"},"up":{"uv":[12,12.4,12.3,13.3],"texture":"#3"},"down":{"uv":[12.7,12.5,12.4,11.6],"texture":"#3"}}},{"from":[4.73,7.25081,0.4525],"to":[5.62,8.74081,1.3425],"rotation":{"angle":45,"axis":"x","origin":[8,7.49666,12.74875]},"faces":{"north":{"uv":[12.8,9.2,13.4,9.6],"rotation":90,"texture":"#3"},"east":{"uv":[12.8,12,13.2,12.6],"texture":"#3"},"south":{"uv":[10.8,12.8,11.4,13.2],"rotation":270,"texture":"#3"},"west":{"uv":[13.2,11.8,12.8,11.2],"rotation":180,"texture":"#3"},"up":{"uv":[7.2,13.6,7.6,14],"rotation":270,"texture":"#3"},"down":{"uv":[6.8,13.6,7.2,14],"rotation":270,"texture":"#3"}}},{"from":[4.58,7.45081,0.3025],"to":[5.77,8.54081,1.4925],"rotation":{"angle":45,"axis":"x","origin":[8,7.49666,12.74875]},"faces":{"north":{"uv":[13.2,12.4,13.7,12.8],"texture":"#3"},"east":{"uv":[13.2,11.6,13.6,12.1],"rotation":270,"texture":"#3"},"south":{"uv":[12.9,13.6,12.4,13.2],"rotation":180,"texture":"#3"},"west":{"uv":[13.2,10.8,13.6,11.3],"rotation":90,"texture":"#3"},"up":{"uv":[9.6,12.8,10.1,13.3],"rotation":180,"texture":"#3"},"down":{"uv":[7.6,12.8,8.1,13.3],"texture":"#3"}}},{"from":[12,8.5025,11.75],"to":[13,10.5025,12.75],"rotation":{"angle":45,"axis":"x","origin":[8,7.49666,12.74875]},"faces":{"north":{"uv":[8.4,12,8,12.8],"texture":"#3"},"east":{"uv":[8,12,7.6,12.8],"texture":"#3"},"south":{"uv":[12.4,7.2,12,8],"texture":"#3"},"west":{"uv":[8.8,12,8.4,12.8],"texture":"#3"}}},{"from":[3,8.5025,3.25],"to":[4,10.5025,4.25],"rotation":{"angle":45,"axis":"x","origin":[8,7.49666,12.74875]},"faces":{"north":{"uv":[12.4,7.2,12,8],"texture":"#3"},"east":{"uv":[8.8,12,8.4,12.8],"texture":"#3"},"south":{"uv":[8.4,12,8,12.8],"texture":"#3"},"west":{"uv":[8,12,7.6,12.8],"texture":"#3"}}},{"from":[3,10.5025,3.25],"to":[4,11.5025,12.75],"rotation":{"angle":45,"axis":"x","origin":[8,7.49666,12.74875]},"faces":{"north":{"uv":[14,4.8,13.6,5.2],"texture":"#3"},"east":{"uv":[15.4,0.4,11.6,0.8],"texture":"#3"},"south":{"uv":[14,5.2,13.6,5.6],"texture":"#3"},"west":{"uv":[15.4,0,11.6,0.4],"texture":"#3"},"up":{"uv":[11.6,4.6,12,0.8],"texture":"#3"},"down":{"uv":[4.8,11.6,5.2,15.4],"texture":"#3"}}},{"from":[12.4815,11.5025,3],"to":[12.525,13.4925,7.48],"rotation":{"angle":45,"axis":"x","origin":[8,7.49666,12.74875]},"faces":{"east":{"uv":[11.6,4.8,12.4,6.6],"rotation":270,"texture":"#3"},"west":{"uv":[12.4,4.8,11.6,6.6],"rotation":90,"texture":"#3"}}},{"from":[12.4815,11.5025,8.52],"to":[12.525,13.4925,13],"rotation":{"angle":45,"axis":"x","origin":[8,7.49666,12.74875]},"faces":{"east":{"uv":[11.6,6.6,12.4,4.8],"rotation":270,"texture":"#3"},"west":{"uv":[12.4,6.6,11.6,4.8],"rotation":90,"texture":"#3"}}},{"from":[3.475,11.5025,8.52],"to":[3.5185,13.4925,13],"rotation":{"angle":45,"axis":"x","origin":[8,7.49666,12.74875]},"faces":{"east":{"uv":[12.4,4.8,11.6,6.6],"rotation":90,"texture":"#3"},"west":{"uv":[11.6,4.8,12.4,6.6],"rotation":270,"texture":"#3"}}},{"from":[3.475,11.5025,3],"to":[3.5185,13.4925,7.48],"rotation":{"angle":45,"axis":"x","origin":[8,7.49666,12.74875]},"faces":{"east":{"uv":[12.4,6.6,11.6,4.8],"rotation":90,"texture":"#3"},"west":{"uv":[11.6,6.6,12.4,4.8],"rotation":270,"texture":"#3"}}},{"from":[3,8.5025,11.75],"to":[4,10.5025,12.75],"rotation":{"angle":45,"axis":"x","origin":[8,7.49666,12.74875]},"faces":{"north":{"uv":[8,12,8.4,12.8],"texture":"#3"},"east":{"uv":[8.4,12,8.8,12.8],"texture":"#3"},"south":{"uv":[12,7.2,12.4,8],"texture":"#3"},"west":{"uv":[7.6,12,8,12.8],"texture":"#3"}}},{"from":[4,3.0025,3],"to":[12,4.0025,4],"rotation":{"angle":0,"axis":"y","origin":[0,3.0025,0]},"faces":{"north":{"uv":[4,10.4,7.2,10.8],"texture":"#3"},"east":{"uv":[7.6,8,8,8.4],"texture":"#3"},"south":{"uv":[5.2,11.6,8.4,12],"texture":"#3"},"west":{"uv":[7.2,10.4,7.6,10.8],"texture":"#3"},"up":{"uv":[14.8,7.2,11.6,6.8],"texture":"#3"},"down":{"uv":[11.6,11.6,8.4,12],"texture":"#3"}}},{"from":[3.5,3.5025,3.5],"to":[12.5,6.5025,12.5],"rotation":{"angle":0,"axis":"y","origin":[0,3.0025,0]},"faces":{"north":{"uv":[8,3.6,11.6,4.8],"texture":"#3"},"east":{"uv":[4,8,7.6,9.2],"texture":"#3"},"south":{"uv":[8,4.8,11.6,6],"texture":"#3"},"west":{"uv":[8,6,11.6,7.2],"texture":"#3"},"down":{"uv":[11.6,0,8,3.6],"texture":"#3"}}},{"from":[12.5,5.0025,6.5],"to":[13.5,6.0025,9.5],"rotation":{"angle":0,"axis":"y","origin":[16,3.0025,1]},"faces":{"north":{"uv":[4.4,13.6,4.8,14],"texture":"#3"},"east":{"uv":[11.6,9.2,12.8,9.6],"texture":"#3"},"south":{"uv":[13.6,4.4,14,4.8],"texture":"#3"},"up":{"uv":[5.6,13.2,5.2,12],"texture":"#3"},"down":{"uv":[6,12,5.6,13.2],"texture":"#3"}}},{"from":[12,3.0025,2.5],"to":[13.5,7.7525,4],"rotation":{"angle":0,"axis":"y","origin":[16,3.0025,0]},"faces":{"north":{"uv":[0.4,12,1,13.9],"texture":"#3"},"east":{"uv":[12,0.8,12.6,2.7],"texture":"#3"},"south":{"uv":[1.2,12,1.8,13.9],"texture":"#3"},"west":{"uv":[2,12,2.6,13.9],"texture":"#3"},"up":{"uv":[12.6,4.6,12,4],"texture":"#3"},"down":{"uv":[7.4,12,6.8,12.6],"texture":"#3"}}},{"from":[3.25,6.5025,3.25],"to":[12.75,7.5025,12.75],"rotation":{"angle":0,"axis":"y","origin":[0,3.0025,0]},"faces":{"north":{"uv":[11.2,9.6,15,10],"texture":"#3"},"east":{"uv":[11.2,10,15,10.4],"texture":"#3"},"south":{"uv":[11.2,10.4,15,10.8],"texture":"#3"},"west":{"uv":[0,11.6,3.8,12],"texture":"#3"},"up":{"uv":[7.8,3.8,4,0],"texture":"#3"},"down":{"uv":[7.8,4,4,7.8],"texture":"#3"}}},{"from":[12.65,4.9025,5.5],"to":[14.65,4.9525,10.5],"rotation":{"angle":-45,"axis":"z","origin":[13.65,4.9275,8]},"faces":{"up":{"uv":[4.8,13.2,4,11.2],"texture":"#3"},"down":{"uv":[4.8,11.2,4,13.2],"texture":"#3"}}},{"from":[5,4.37081,2.8125],"to":[11,10.37081,2.8125],"rotation":{"angle":45,"axis":"z","origin":[8,7.37081,2.8125]},"faces":{"north":{"uv":[0,0,12,12],"texture":"#1"}}},{"from":[0.81105,3.2725,1.79006],"to":[2.80105,7.7525,1.83356],"rotation":{"angle":-45,"axis":"y","origin":[1.80605,5.5125,1.81181]},"faces":{"north":{"uv":[11.6,4.8,12.4,6.6],"texture":"#3"},"south":{"uv":[12.4,4.8,11.6,6.6],"texture":"#3"}}},{"from":[7,4.72081,2.8875],"to":[9,5.72081,3.3875],"rotation":{"angle":0,"axis":"y","origin":[9,4.72081,2.8875]},"faces":{"north":{"uv":[12,8,12.8,8.4],"texture":"#3"},"east":{"uv":[12.8,13.6,13,14],"texture":"#3"},"south":{"uv":[8.8,12,9.6,12.4],"texture":"#3"},"west":{"uv":[14,0.8,14.2,1.2],"texture":"#3"},"up":{"uv":[14.4,7.4,13.6,7.2],"texture":"#3"},"down":{"uv":[8.4,13.6,7.6,13.8],"texture":"#3"}}},{"from":[8.84776,5.48617,2.89],"to":[10.34776,6.48617,3.385],"rotation":{"angle":22.5,"axis":"z","origin":[10.84776,5.48617,2.89]},"faces":{"north":{"uv":[12.4,12.8,13,13.2],"texture":"#3"},"east":{"uv":[1.2,14,1.4,14.4],"texture":"#3"},"south":{"uv":[2.8,13.2,3.4,13.6],"texture":"#3"},"up":{"uv":[9.8,13.8,9.2,13.6],"texture":"#3"},"down":{"uv":[13.6,9.2,14.2,9.4],"texture":"#3"}}},{"from":[9.57716,5.25677,2.8925],"to":[10.57716,6.75677,3.3825],"rotation":{"angle":-22.5,"axis":"z","origin":[10.57716,5.75677,2.8925]},"faces":{"north":{"uv":[13.2,2.8,13.6,3.4],"texture":"#3"},"east":{"uv":[10,13.6,10.2,14.2],"texture":"#3"},"south":{"uv":[3.6,13.2,4,13.8],"texture":"#3"},"west":{"uv":[10.4,13.6,10.6,14.2],"texture":"#3"},"up":{"uv":[14.4,1.4,14,1.2],"texture":"#3"}}},{"from":[9.71089,6.43222,2.895],"to":[10.71089,8.93222,3.38],"rotation":{"angle":22.5,"axis":"z","origin":[10.21089,7.18222,3.395]},"faces":{"north":{"uv":[6,12,6.4,13],"texture":"#3"},"east":{"uv":[13.2,12.8,13.4,13.8],"texture":"#3"},"south":{"uv":[6.4,12,6.8,13],"texture":"#3"},"west":{"uv":[13.6,0.8,13.8,1.8],"texture":"#3"}}},{"from":[8.79276,9.04796,2.895],"to":[10.29276,10.04796,3.38],"rotation":{"angle":22.5,"axis":"z","origin":[10.04276,9.54796,3.395]},"faces":{"north":{"uv":[13.2,3.6,13.8,4],"texture":"#3"},"east":{"uv":[1.6,14,1.8,14.4],"texture":"#3"},"south":{"uv":[4,13.2,4.6,13.6],"texture":"#3"},"west":{"uv":[14,1.6,14.2,2],"texture":"#3"},"up":{"uv":[11.4,13.8,10.8,13.6],"texture":"#3"},"down":{"uv":[13.6,10.8,14.2,11],"texture":"#3"}}},{"from":[6.9375,6.30831,2.725],"to":[9.0625,8.43331,3.5],"rotation":{"angle":45,"axis":"z","origin":[8,7.37081,2.9875]},"faces":{"north":{"uv":[2.8,12,3.7,12.9],"rotation":90,"texture":"#3"},"east":{"uv":[13.6,4,14.5,4.2],"rotation":270,"texture":"#3"},"south":{"uv":[12,2.8,12.9,3.7],"rotation":270,"texture":"#3"},"west":{"uv":[14.5,3.4,13.6,3.2],"rotation":270,"texture":"#3"},"up":{"uv":[13.6,2,13.8,2.9],"rotation":270,"texture":"#3"},"down":{"uv":[2.8,13.6,3,14.5],"rotation":270,"texture":"#3"}}},{"from":[5.70724,9.04796,2.895],"to":[7.20724,10.04796,3.38],"rotation":{"angle":-22.5,"axis":"z","origin":[5.95724,9.54796,3.395]},"faces":{"north":{"uv":[13.8,3.6,13.2,4],"texture":"#3"},"east":{"uv":[14.2,1.6,14,2],"texture":"#3"},"south":{"uv":[4.6,13.2,4,13.6],"texture":"#3"},"west":{"uv":[1.8,14,1.6,14.4],"texture":"#3"},"up":{"uv":[10.8,13.8,11.4,13.6],"texture":"#3"},"down":{"uv":[14.2,10.8,13.6,11],"texture":"#3"}}},{"from":[5.28911,6.43222,2.895],"to":[6.28911,8.93222,3.38],"rotation":{"angle":-22.5,"axis":"z","origin":[5.78911,7.18222,3.395]},"faces":{"north":{"uv":[6.4,12,6,13],"texture":"#3"},"east":{"uv":[13.8,0.8,13.6,1.8],"texture":"#3"},"south":{"uv":[6.8,12,6.4,13],"texture":"#3"},"west":{"uv":[13.4,12.8,13.2,13.8],"texture":"#3"}}},{"from":[5.42284,5.25677,2.8925],"to":[6.42284,6.75677,3.3825],"rotation":{"angle":22.5,"axis":"z","origin":[5.42284,5.75677,2.8925]},"faces":{"north":{"uv":[13.6,2.8,13.2,3.4],"texture":"#3"},"east":{"uv":[10.6,13.6,10.4,14.2],"texture":"#3"},"south":{"uv":[4,13.2,3.6,13.8],"texture":"#3"},"west":{"uv":[10.2,13.6,10,14.2],"texture":"#3"},"up":{"uv":[14,1.4,14.4,1.2],"texture":"#3"}}},{"from":[5.65224,5.48617,2.89],"to":[7.15224,6.48617,3.385],"rotation":{"angle":-22.5,"axis":"z","origin":[5.15224,5.48617,2.89]},"faces":{"north":{"uv":[13,12.8,12.4,13.2],"texture":"#3"},"south":{"uv":[3.4,13.2,2.8,13.6],"texture":"#3"},"west":{"uv":[1.4,14,1.2,14.4],"texture":"#3"},"up":{"uv":[9.2,13.8,9.8,13.6],"texture":"#3"},"down":{"uv":[14.2,9.2,13.6,9.4],"texture":"#3"}}},{"from":[12,3.0025,4],"to":[13,4.0025,12],"rotation":{"angle":0,"axis":"y","origin":[12.5,3.5025,8]},"faces":{"north":{"uv":[7.2,10.4,7.6,10.8],"texture":"#3"},"east":{"uv":[4,10.4,7.2,10.8],"texture":"#3"},"south":{"uv":[7.6,8,8,8.4],"texture":"#3"},"west":{"uv":[5.2,11.6,8.4,12],"texture":"#3"},"up":{"uv":[14.8,7.2,11.6,6.8],"rotation":90,"texture":"#3"},"down":{"uv":[11.6,11.6,8.4,12],"rotation":270,"texture":"#3"}}},{"from":[2.5,3.0025,2.5],"to":[4,7.7525,4],"rotation":{"angle":0,"axis":"y","origin":[0,3.0025,0]},"faces":{"north":{"uv":[1,12,0.4,13.9],"texture":"#3"},"east":{"uv":[2.6,12,2,13.9],"texture":"#3"},"south":{"uv":[1.8,12,1.2,13.9],"texture":"#3"},"west":{"uv":[12.6,0.8,12,2.7],"texture":"#3"},"up":{"uv":[12,4.6,12.6,4],"texture":"#3"},"down":{"uv":[6.8,12,7.4,12.6],"texture":"#3"}}},{"from":[12,3.0025,12],"to":[13.5,7.7525,13.5],"rotation":{"angle":0,"axis":"y","origin":[16,3.0025,16]},"faces":{"north":{"uv":[1.8,12,1.2,13.9],"texture":"#3"},"east":{"uv":[12.6,0.8,12,2.7],"texture":"#3"},"south":{"uv":[1,12,0.4,13.9],"texture":"#3"},"west":{"uv":[2.6,12,2,13.9],"texture":"#3"},"up":{"uv":[12.6,4,12,4.6],"texture":"#3"},"down":{"uv":[7.4,12.6,6.8,12],"texture":"#3"}}},{"from":[2.5,3.0025,12],"to":[4,7.7525,13.5],"rotation":{"angle":0,"axis":"y","origin":[0,3.0025,16]},"faces":{"north":{"uv":[1.2,12,1.8,13.9],"texture":"#3"},"east":{"uv":[2,12,2.6,13.9],"texture":"#3"},"south":{"uv":[0.4,12,1,13.9],"texture":"#3"},"west":{"uv":[12,0.8,12.6,2.7],"texture":"#3"},"up":{"uv":[12,4,12.6,4.6],"texture":"#3"},"down":{"uv":[6.8,12.6,7.4,12],"texture":"#3"}}},{"from":[13.19895,3.2725,1.79006],"to":[15.18895,7.7525,1.83356],"rotation":{"angle":45,"axis":"y","origin":[14.19395,5.5125,1.81181]},"faces":{"north":{"uv":[12.4,4.8,11.6,6.6],"texture":"#3"},"south":{"uv":[11.6,4.8,12.4,6.6],"texture":"#3"}}},{"from":[0.81105,3.2725,14.16644],"to":[2.80105,7.7525,14.20994],"rotation":{"angle":45,"axis":"y","origin":[1.80605,5.5125,14.18819]},"faces":{"north":{"uv":[11.6,4.8,12.4,6.6],"texture":"#3"},"south":{"uv":[12.4,4.8,11.6,6.6],"texture":"#3"}}},{"from":[13.19895,3.2725,14.16644],"to":[15.18895,7.7525,14.20994],"rotation":{"angle":-45,"axis":"y","origin":[14.19395,5.5125,14.18819]},"faces":{"north":{"uv":[12.4,4.8,11.6,6.6],"texture":"#3"},"south":{"uv":[11.6,4.8,12.4,6.6],"texture":"#3"}}},{"from":[4,3.0025,12],"to":[12,4.0025,13],"rotation":{"angle":0,"axis":"y","origin":[0,3.0025,16]},"faces":{"north":{"uv":[8.4,11.6,5.2,12],"texture":"#3"},"east":{"uv":[8,8,7.6,8.4],"texture":"#3"},"south":{"uv":[7.2,10.4,4,10.8],"texture":"#3"},"west":{"uv":[7.6,10.4,7.2,10.8],"texture":"#3"},"up":{"uv":[14.8,6.8,11.6,7.2],"texture":"#3"},"down":{"uv":[11.6,12,8.4,11.6],"texture":"#3"}}},{"from":[3,3.0025,4],"to":[4,4.0025,12],"rotation":{"angle":0,"axis":"y","origin":[3.5,3.5025,8]},"faces":{"north":{"uv":[7.6,10.4,7.2,10.8],"texture":"#3"},"east":{"uv":[8.4,11.6,5.2,12],"texture":"#3"},"south":{"uv":[8,8,7.6,8.4],"texture":"#3"},"west":{"uv":[7.2,10.4,4,10.8],"texture":"#3"},"up":{"uv":[14.8,6.8,11.6,7.2],"rotation":90,"texture":"#3"},"down":{"uv":[11.6,12,8.4,11.6],"rotation":270,"texture":"#3"}}},{"from":[2.5,5.0025,6.5],"to":[3.5,6.0025,9.5],"rotation":{"angle":0,"axis":"y","origin":[0,3.0025,1]},"faces":{"north":{"uv":[4.8,13.6,4.4,14],"texture":"#3"},"south":{"uv":[14,4.4,13.6,4.8],"texture":"#3"},"west":{"uv":[12.8,9.2,11.6,9.6],"texture":"#3"},"up":{"uv":[5.2,13.2,5.6,12],"texture":"#3"},"down":{"uv":[5.6,12,6,13.2],"texture":"#3"}}},{"from":[1.35,4.9025,5.5],"to":[3.35,4.9525,10.5],"rotation":{"angle":45,"axis":"z","origin":[2.35,4.9275,8]},"faces":{"up":{"uv":[4,13.2,4.8,11.2],"texture":"#3"},"down":{"uv":[4,11.2,4.8,13.2],"texture":"#3"}}},{"from":[6.4,7.5,5.65],"to":[8.4,8.5,7.65],"rotation":{"angle":22.5,"axis":"y","origin":[7.4,8,6.65]},"faces":{"north":{"uv":[0,14.7,0.8,15.1],"texture":"#3"},"east":{"uv":[0.8,15.5,1.6,15.9],"texture":"#3"},"south":{"uv":[0,15.5,0.8,15.9],"texture":"#3"},"west":{"uv":[0,15.1,0.8,15.5],"texture":"#3"},"up":{"uv":[1.6,14.7,2.4,15.5],"texture":"#3"},"down":{"uv":[0.8,14.7,1.6,15.5],"texture":"#3"}}},{"from":[5.375,7.85,7.9],"to":[7.375,8.85,9.9],"rotation":{"angle":22.5,"axis":"z","origin":[6.375,8.35,8.9]},"faces":{"north":{"uv":[0.8,15.5,1.6,15.9],"texture":"#3"},"east":{"uv":[0,15.5,0.8,15.9],"texture":"#3"},"south":{"uv":[0,15.1,0.8,15.5],"texture":"#3"},"west":{"uv":[0,14.7,0.8,15.1],"texture":"#3"},"up":{"uv":[1.6,14.7,2.4,15.5],"rotation":270,"texture":"#3"},"down":{"uv":[0.8,14.7,1.6,15.5],"rotation":90,"texture":"#3"}}},{"from":[7.75,7.5,8.2],"to":[9.75,8.5,10.2],"rotation":{"angle":-45,"axis":"y","origin":[8.75,8,9.2]},"faces":{"north":{"uv":[0,14.7,0.8,15.1],"texture":"#3"},"east":{"uv":[0.8,15.5,1.6,15.9],"texture":"#3"},"south":{"uv":[0,15.5,0.8,15.9],"texture":"#3"},"west":{"uv":[0,15.1,0.8,15.5],"texture":"#3"},"up":{"uv":[1.6,14.7,2.4,15.5],"texture":"#3"},"down":{"uv":[0.8,14.7,1.6,15.5],"texture":"#3"}}},{"from":[8.625,7.7,5.85],"to":[10.625,8.7,7.85],"rotation":{"angle":-22.5,"axis":"z","origin":[9.625,8.2,6.85]},"faces":{"north":{"uv":[0,14.7,0.8,15.1],"texture":"#3"},"east":{"uv":[0.8,15.5,1.6,15.9],"texture":"#3"},"south":{"uv":[0,15.5,0.8,15.9],"texture":"#3"},"west":{"uv":[0,15.1,0.8,15.5],"texture":"#3"},"up":{"uv":[1.6,14.7,2.4,15.5],"texture":"#3"},"down":{"uv":[0.8,14.7,1.6,15.5],"texture":"#3"}}}],"gui_light":"front","display":{"thirdperson_righthand":{"rotation":[64.5,0,0],"translation":[0,4,2.25],"scale":[0.7793,0.7793,0.7793]},"thirdperson_lefthand":{"rotation":[64.5,0,0],"translation":[0,4,2.25],"scale":[0.7793,0.7793,0.7793]},"firstperson_righthand":{"rotation":[162,0,-180],"translation":[-1,2.75,-2.5]},"firstperson_lefthand":{"rotation":[162,0,-180],"translation":[-1,2.75,-2.5]},"ground":{"translation":[0,6.25,0]},"gui":{"rotation":[35,135,0],"translation":[0,0.5,0],"scale":[0.89453,0.89453,0.89453]},"head":{"rotation":[0,180,0],"translation":[0,-32,0],"scale":[2.19531,2.19531,2.19531]},"fixed":{"rotation":[-90,0,0],"translation":[0,0,-15.25],"scale":[3.08008,3.08008,3.08008]}},"groups":[{"name":"group","origin":[4,12.5,12.75],"color":0,"children":[0,1,2,3,4,5,6,7,8,9,10,11,12,13,14,15,16,17,18,19,20,21,22]},{"name":"group","origin":[2.35,1.925,8],"color":0,"children":[23,24,25,26,27,28,29,30,31,32,33,34,35,36,37,38,39,40,41,42,43,44,45,46,47,48,49,50,51]},52,53,54,55]}