{
  "credit": "Made by PolygonMC",
  "texture_size": [
    20,
    20
  ],
  "textures": {
    "1": "saintpatricksset:animations/animations_1",
    "3": "saintpatricksset:fishing_rod",
    "particle": "saintpatricksset:animations/animations_1"
  },
  "elements": [
    {
      "from": [
        7.5,
        0,
        7.5
      ],
      "to": [
        8.5,
        1.75,
        8.5
      ],
      "rotation": {
        "angle": 0,
        "axis": "y",
        "origin": [
          7.5,
          0,
          7.5
        ]
      },
      "faces": {
        "north": {
          "uv": [
            9.6,
            6.4,
            10.4,
            7.8
          ],
          "texture": "#3"
        },
        "east": {
          "uv": [
            7.2,
            9.6,
            8,
            11
          ],
          "texture": "#3"
        },
        "south": {
          "uv": [
            8,
            9.6,
            8.8,
            11
          ],
          "texture": "#3"
        },
        "west": {
          "uv": [
            9.6,
            8,
            10.4,
            9.4
          ],
          "texture": "#3"
        },
        "up": {
          "uv": [
            7.2,
            2.4,
            6.4,
            1.6
          ],
          "texture": "#3"
        }
      }
    },
    {
      "from": [
        7.5,
        2.75,
        7.5
      ],
      "to": [
        8.5,
        4.5,
        8.5
      ],
      "rotation": {
        "angle": 0,
        "axis": "y",
        "origin": [
          7.5,
          2.5,
          7.5
        ]
      },
      "faces": {
        "north": {
          "uv": [
            9.6,
            9.6,
            10.4,
            11
          ],
          "texture": "#3"
        },
        "east": {
          "uv": [
            10.4,
            0,
            11.2,
            1.4
          ],
          "texture": "#3"
        },
        "south": {
          "uv": [
            10.4,
            4,
            11.2,
            5.4
          ],
          "texture": "#3"
        },
        "west": {
          "uv": [
            5.6,
            10.4,
            6.4,
            11.8
          ],
          "texture": "#3"
        },
        "up": {
          "uv": [
            11.2,
            2.4,
            10.4,
            1.6
          ],
          "texture": "#3"
        },
        "down": {
          "uv": [
            7.2,
            10.4,
            6.4,
            11.2
          ],
          "texture": "#3"
        }
      }
    },
    {
      "from": [
        7.6,
        1.75,
        7.6
      ],
      "to": [
        8.4,
        2.75,
        8.4
      ],
      "rotation": {
        "angle": 0,
        "axis": "y",
        "origin": [
          7.5,
          2,
          7.5
        ]
      },
      "faces": {
        "north": {
          "uv": [
            12.8,
            12,
            13.4,
            12.8
          ],
          "texture": "#3"
        },
        "east": {
          "uv": [
            12.8,
            12.8,
            13.4,
            13.6
          ],
          "texture": "#3"
        },
        "south": {
          "uv": [
            0,
            13.6,
            0.6,
            14.4
          ],
          "texture": "#3"
        },
        "west": {
          "uv": [
            13.6,
            0,
            14.2,
            0.8
          ],
          "texture": "#3"
        }
      }
    },
    {
      "from": [
        7.4,
        0.75,
        7.4
      ],
      "to": [
        8.6,
        1.25,
        8.6
      ],
      "rotation": {
        "angle": 0,
        "axis": "y",
        "origin": [
          7.5,
          0.25,
          7.5
        ]
      },
      "faces": {
        "north": {
          "uv": [
            0.8,
            13.6,
            1.8,
            14
          ],
          "texture": "#3"
        },
        "east": {
          "uv": [
            13.6,
            0.8,
            14.6,
            1.2
          ],
          "texture": "#3"
        },
        "south": {
          "uv": [
            13.6,
            1.6,
            14.6,
            2
          ],
          "texture": "#3"
        },
        "west": {
          "uv": [
            2.4,
            13.6,
            3.4,
            14
          ],
          "texture": "#3"
        },
        "up": {
          "uv": [
            11.4,
            6.6,
            10.4,
            5.6
          ],
          "texture": "#3"
        },
        "down": {
          "uv": [
            11.4,
            7.2,
            10.4,
            8.2
          ],
          "texture": "#3"
        }
      }
    },
    {
      "from": [
        7.4,
        3.25,
        7.4
      ],
      "to": [
        8.6,
        3.75,
        8.6
      ],
      "rotation": {
        "angle": 0,
        "axis": "y",
        "origin": [
          7.5,
          2.75,
          7.5
        ]
      },
      "faces": {
        "north": {
          "uv": [
            13.6,
            2.4,
            14.6,
            2.8
          ],
          "texture": "#3"
        },
        "east": {
          "uv": [
            13.6,
            3.2,
            14.6,
            3.6
          ],
          "texture": "#3"
        },
        "south": {
          "uv": [
            4,
            13.6,
            5,
            14
          ],
          "texture": "#3"
        },
        "west": {
          "uv": [
            13.6,
            4,
            14.6,
            4.4
          ],
          "texture": "#3"
        },
        "up": {
          "uv": [
            11.4,
            9.8,
            10.4,
            8.8
          ],
          "texture": "#3"
        },
        "down": {
          "uv": [
            11.4,
            10.4,
            10.4,
            11.4
          ],
          "texture": "#3"
        }
      }
    },
    {
      "from": [
        7.455,
        -0.845,
        7.405
      ],
      "to": [
        8.545,
        0.345,
        8.595
      ],
      "rotation": {
        "angle": -45,
        "axis": "x",
        "origin": [
          8,
          -0.25,
          8
        ]
      },
      "faces": {
        "north": {
          "uv": [
            9.6,
            11.2,
            10.4,
            12.2
          ],
          "texture": "#3"
        },
        "east": {
          "uv": [
            11.2,
            0,
            12.2,
            1
          ],
          "texture": "#3"
        },
        "south": {
          "uv": [
            3.2,
            12,
            4,
            13
          ],
          "texture": "#3"
        },
        "west": {
          "uv": [
            1.6,
            11.2,
            2.6,
            12.2
          ],
          "texture": "#3"
        },
        "up": {
          "uv": [
            4.8,
            13,
            4,
            12
          ],
          "texture": "#3"
        },
        "down": {
          "uv": [
            5.6,
            12,
            4.8,
            13
          ],
          "texture": "#3"
        }
      }
    },
    {
      "from": [
        7.255,
        -0.695,
        7.555
      ],
      "to": [
        8.745,
        0.195,
        8.445
      ],
      "rotation": {
        "angle": -45,
        "axis": "x",
        "origin": [
          8,
          -0.25,
          8
        ]
      },
      "faces": {
        "north": {
          "uv": [
            11.2,
            4.8,
            12.4,
            5.6
          ],
          "texture": "#3"
        },
        "east": {
          "uv": [
            8.8,
            10.4,
            9.6,
            11.2
          ],
          "texture": "#3"
        },
        "south": {
          "uv": [
            6.4,
            11.2,
            7.6,
            12
          ],
          "texture": "#3"
        },
        "west": {
          "uv": [
            8.8,
            12,
            9.6,
            12.8
          ],
          "texture": "#3"
        },
        "up": {
          "uv": [
            9.2,
            12,
            8,
            11.2
          ],
          "texture": "#3"
        },
        "down": {
          "uv": [
            1.2,
            12,
            0,
            12.8
          ],
          "texture": "#3"
        }
      }
    },
    {
      "from": [
        7.055,
        5.055,
        7.655
      ],
      "to": [
        8.945,
        6.495,
        9.095
      ],
      "rotation": {
        "angle": -45,
        "axis": "x",
        "origin": [
          8,
          5.4,
          8
        ]
      },
      "faces": {
        "north": {
          "uv": [
            5.6,
            7.2,
            7.2,
            8.4
          ],
          "texture": "#3"
        },
        "east": {
          "uv": [
            1.6,
            9.6,
            2.8,
            10.8
          ],
          "texture": "#3"
        },
        "south": {
          "uv": [
            8,
            0,
            9.6,
            1.2
          ],
          "texture": "#3"
        },
        "west": {
          "uv": [
            9.6,
            2.4,
            10.8,
            3.6
          ],
          "texture": "#3"
        },
        "up": {
          "uv": [
            9.6,
            2.8,
            8,
            1.6
          ],
          "texture": "#3"
        },
        "down": {
          "uv": [
            9.6,
            3.2,
            8,
            4.4
          ],
          "texture": "#3"
        }
      }
    },
    {
      "from": [
        7.255,
        4.805,
        7.405
      ],
      "to": [
        8.745,
        6.745,
        9.345
      ],
      "rotation": {
        "angle": -45,
        "axis": "x",
        "origin": [
          8,
          5.4,
          8
        ]
      },
      "faces": {
        "north": {
          "uv": [
            8,
            4.8,
            9.2,
            6.4
          ],
          "texture": "#3"
        },
        "east": {
          "uv": [
            5.6,
            2.4,
            7.2,
            4
          ],
          "texture": "#3"
        },
        "south": {
          "uv": [
            8,
            6.4,
            9.2,
            8
          ],
          "texture": "#3"
        },
        "west": {
          "uv": [
            5.6,
            4,
            7.2,
            5.6
          ],
          "texture": "#3"
        },
        "up": {
          "uv": [
            8.4,
            9.6,
            7.2,
            8
          ],
          "texture": "#3"
        },
        "down": {
          "uv": [
            6.8,
            8.8,
            5.6,
            10.4
          ],
          "texture": "#3"
        }
      }
    },
    {
      "from": [
        7.39,
        4.5,
        7.39
      ],
      "to": [
        8.61,
        5.11,
        8.61
      ],
      "rotation": {
        "angle": 0,
        "axis": "y",
        "origin": [
          7.39,
          4.5,
          7.39
        ]
      },
      "faces": {
        "north": {
          "uv": [
            13.6,
            4.8,
            14.6,
            5.2
          ],
          "texture": "#3"
        },
        "east": {
          "uv": [
            5.6,
            13.6,
            6.6,
            14
          ],
          "texture": "#3"
        },
        "south": {
          "uv": [
            13.6,
            5.6,
            14.6,
            6
          ],
          "texture": "#3"
        },
        "west": {
          "uv": [
            13.6,
            6.4,
            14.6,
            6.8
          ],
          "texture": "#3"
        },
        "up": {
          "uv": [
            12.2,
            2.6,
            11.2,
            1.6
          ],
          "texture": "#3"
        },
        "down": {
          "uv": [
            12.2,
            3.2,
            11.2,
            4.2
          ],
          "texture": "#3"
        }
      }
    },
    {
      "from": [
        7.75,
        6,
        7
      ],
      "to": [
        8.25,
        8,
        9
      ],
      "rotation": {
        "angle": 45,
        "axis": "x",
        "origin": [
          8,
          7,
          8
        ]
      },
      "faces": {
        "north": {
          "uv": [
            12,
            8.8,
            12.4,
            10.4
          ],
          "texture": "#3"
        },
        "east": {
          "uv": [
            5.6,
            5.6,
            7.2,
            7.2
          ],
          "texture": "#3"
        },
        "south": {
          "uv": [
            10.4,
            12,
            10.8,
            13.6
          ],
          "texture": "#3"
        },
        "west": {
          "uv": [
            6.4,
            0,
            8,
            1.6
          ],
          "texture": "#3"
        },
        "up": {
          "uv": [
            12.4,
            12,
            12,
            10.4
          ],
          "texture": "#3"
        },
        "down": {
          "uv": [
            11.6,
            12,
            11.2,
            13.6
          ],
          "texture": "#3"
        }
      }
    },
    {
      "from": [
        7.975,
        -3.25,
        6.5
      ],
      "to": [
        8.025,
        -0.25,
        9.5
      ],
      "rotation": {
        "angle": -45,
        "axis": "x",
        "origin": [
          7.975,
          -1.75,
          8
        ]
      },
      "faces": {
        "east": {
          "uv": [
            4,
            0,
            6.4,
            2.4
          ],
          "rotation": 270,
          "texture": "#3"
        },
        "west": {
          "uv": [
            4,
            0,
            6.4,
            2.4
          ],
          "texture": "#3"
        }
      }
    },
    {
      "from": [
        7.97825,
        4.61992,
        9.04338
      ],
      "to": [
        8.02175,
        9.09992,
        11.03338
      ],
      "rotation": {
        "angle": 22.5,
        "axis": "x",
        "origin": [
          7.97825,
          6.55817,
          9.58038
        ]
      },
      "faces": {
        "east": {
          "uv": [
            5.6,
            2.4,
            4,
            6
          ],
          "texture": "#3"
        },
        "west": {
          "uv": [
            4,
            2.4,
            5.6,
            6
          ],
          "texture": "#3"
        }
      }
    },
    {
      "from": [
        7.325,
        7.6,
        7.58839
      ],
      "to": [
        8.675,
        8.6,
        8.08839
      ],
      "rotation": {
        "angle": -45,
        "axis": "x",
        "origin": [
          7.575,
          7.975,
          8.08839
        ]
      },
      "faces": {
        "north": {
          "uv": [
            5.6,
            12,
            6.6,
            12.8
          ],
          "texture": "#3"
        },
        "east": {
          "uv": [
            12,
            14.4,
            12.4,
            15.2
          ],
          "texture": "#3"
        },
        "south": {
          "uv": [
            12,
            5.6,
            13,
            6.4
          ],
          "texture": "#3"
        },
        "west": {
          "uv": [
            12.8,
            14.4,
            13.2,
            15.2
          ],
          "texture": "#3"
        },
        "up": {
          "uv": [
            8.2,
            14,
            7.2,
            13.6
          ],
          "texture": "#3"
        },
        "down": {
          "uv": [
            14.6,
            7.2,
            13.6,
            7.6
          ],
          "texture": "#3"
        }
      }
    },
    {
      "from": [
        7.325,
        7.6,
        8.08839
      ],
      "to": [
        8.675,
        8.1,
        8.58839
      ],
      "rotation": {
        "angle": -45,
        "axis": "x",
        "origin": [
          7.575,
          7.975,
          8.08839
        ]
      },
      "faces": {
        "east": {
          "uv": [
            7.2,
            15.2,
            7.6,
            15.6
          ],
          "texture": "#3"
        },
        "south": {
          "uv": [
            13.6,
            8,
            14.6,
            8.4
          ],
          "texture": "#3"
        },
        "west": {
          "uv": [
            15.2,
            7.2,
            15.6,
            7.6
          ],
          "texture": "#3"
        },
        "up": {
          "uv": [
            14.6,
            9.2,
            13.6,
            8.8
          ],
          "texture": "#3"
        },
        "down": {
          "uv": [
            14.6,
            9.6,
            13.6,
            10
          ],
          "texture": "#3"
        }
      }
    },
    {
      "from": [
        7.325,
        6.57617,
        7.39455
      ],
      "to": [
        8.675,
        7.57617,
        7.89455
      ],
      "rotation": {
        "angle": 22.5,
        "axis": "x",
        "origin": [
          7.575,
          7.20117,
          7.39455
        ]
      },
      "faces": {
        "north": {
          "uv": [
            12,
            6.4,
            13,
            7.2
          ],
          "texture": "#3"
        },
        "east": {
          "uv": [
            13.6,
            14.4,
            14,
            15.2
          ],
          "texture": "#3"
        },
        "south": {
          "uv": [
            7.2,
            12,
            8.2,
            12.8
          ],
          "texture": "#3"
        },
        "west": {
          "uv": [
            14.4,
            13.6,
            14.8,
            14.4
          ],
          "texture": "#3"
        },
        "up": {
          "uv": [
            11.4,
            14,
            10.4,
            13.6
          ],
          "texture": "#3"
        },
        "down": {
          "uv": [
            14.6,
            12,
            13.6,
            12.4
          ],
          "texture": "#3"
        }
      }
    },
    {
      "from": [
        7.325,
        7.07617,
        6.89455
      ],
      "to": [
        8.675,
        7.57617,
        7.39455
      ],
      "rotation": {
        "angle": 22.5,
        "axis": "x",
        "origin": [
          7.575,
          7.20117,
          7.39455
        ]
      },
      "faces": {
        "north": {
          "uv": [
            12.8,
            13.6,
            13.8,
            14
          ],
          "texture": "#3"
        },
        "east": {
          "uv": [
            8,
            15.2,
            8.4,
            15.6
          ],
          "texture": "#3"
        },
        "west": {
          "uv": [
            15.2,
            8,
            15.6,
            8.4
          ],
          "texture": "#3"
        },
        "up": {
          "uv": [
            14.6,
            13.2,
            13.6,
            12.8
          ],
          "texture": "#3"
        },
        "down": {
          "uv": [
            1,
            14.4,
            0,
            14.8
          ],
          "texture": "#3"
        }
      }
    },
    {
      "from": [
        7.325,
        6.57617,
        8.10545
      ],
      "to": [
        8.675,
        7.57617,
        8.60545
      ],
      "rotation": {
        "angle": -22.5,
        "axis": "x",
        "origin": [
          7.575,
          7.20117,
          8.60545
        ]
      },
      "faces": {
        "north": {
          "uv": [
            12,
            7.2,
            13,
            8
          ],
          "texture": "#3"
        },
        "east": {
          "uv": [
            14.4,
            14.4,
            14.8,
            15.2
          ],
          "texture": "#3"
        },
        "south": {
          "uv": [
            12,
            8,
            13,
            8.8
          ],
          "texture": "#3"
        },
        "west": {
          "uv": [
            0,
            15.2,
            0.4,
            16
          ],
          "texture": "#3"
        },
        "up": {
          "uv": [
            15.4,
            0.4,
            14.4,
            0
          ],
          "texture": "#3"
        },
        "down": {
          "uv": [
            2.6,
            14.4,
            1.6,
            14.8
          ],
          "texture": "#3"
        }
      }
    },
    {
      "from": [
        7.325,
        7.07617,
        8.60545
      ],
      "to": [
        8.675,
        7.57617,
        9.10545
      ],
      "rotation": {
        "angle": -22.5,
        "axis": "x",
        "origin": [
          7.575,
          7.20117,
          8.60545
        ]
      },
      "faces": {
        "east": {
          "uv": [
            8.8,
            15.2,
            9.2,
            15.6
          ],
          "texture": "#3"
        },
        "south": {
          "uv": [
            3.2,
            14.4,
            4.2,
            14.8
          ],
          "texture": "#3"
        },
        "west": {
          "uv": [
            15.2,
            8.8,
            15.6,
            9.2
          ],
          "texture": "#3"
        },
        "up": {
          "uv": [
            5.8,
            14.8,
            4.8,
            14.4
          ],
          "texture": "#3"
        },
        "down": {
          "uv": [
            7.4,
            14.4,
            6.4,
            14.8
          ],
          "texture": "#3"
        }
      }
    },
    {
      "from": [
        7.425,
        6.85628,
        7.5
      ],
      "to": [
        7.875,
        7.85628,
        8.5
      ],
      "rotation": {
        "angle": -45,
        "axis": "x",
        "origin": [
          7.7,
          7.35628,
          8
        ]
      },
      "faces": {
        "north": {
          "uv": [
            0.8,
            15.2,
            1.2,
            16
          ],
          "texture": "#3"
        },
        "east": {
          "uv": [
            12,
            12,
            12.8,
            12.8
          ],
          "texture": "#3"
        },
        "south": {
          "uv": [
            15.2,
            0.8,
            15.6,
            1.6
          ],
          "texture": "#3"
        },
        "west": {
          "uv": [
            0,
            12.8,
            0.8,
            13.6
          ],
          "texture": "#3"
        },
        "up": {
          "uv": [
            2,
            16,
            1.6,
            15.2
          ],
          "texture": "#3"
        },
        "down": {
          "uv": [
            15.6,
            1.6,
            15.2,
            2.4
          ],
          "texture": "#3"
        }
      }
    },
    {
      "from": [
        8.125,
        6.85628,
        7.5
      ],
      "to": [
        8.575,
        7.85628,
        8.5
      ],
      "rotation": {
        "angle": -45,
        "axis": "x",
        "origin": [
          8.3,
          7.35628,
          8
        ]
      },
      "faces": {
        "north": {
          "uv": [
            2.4,
            15.2,
            2.8,
            16
          ],
          "texture": "#3"
        },
        "east": {
          "uv": [
            12.8,
            0,
            13.6,
            0.8
          ],
          "texture": "#3"
        },
        "south": {
          "uv": [
            15.2,
            2.4,
            15.6,
            3.2
          ],
          "texture": "#3"
        },
        "west": {
          "uv": [
            0.8,
            12.8,
            1.6,
            13.6
          ],
          "texture": "#3"
        },
        "up": {
          "uv": [
            3.6,
            16,
            3.2,
            15.2
          ],
          "texture": "#3"
        },
        "down": {
          "uv": [
            15.6,
            3.2,
            15.2,
            4
          ],
          "texture": "#3"
        }
      }
    },
    {
      "from": [
        7.175,
        3,
        5
      ],
      "to": [
        7.175,
        9,
        11
      ],
      "rotation": {
        "angle": 45,
        "axis": "x",
        "origin": [
          7.175,
          6,
          8
        ]
      },
      "faces": {
        "west": {
          "uv": [
            0,
            0,
            12,
            12
          ],
          "texture": "#1"
        }
      }
    },
    {
      "from": [
        8.825,
        3,
        5
      ],
      "to": [
        8.825,
        9,
        11
      ],
      "rotation": {
        "angle": 45,
        "axis": "x",
        "origin": [
          8.825,
          6,
          8
        ]
      },
      "faces": {
        "east": {
          "uv": [
            12,
            0,
            0,
            12
          ],
          "texture": "#1"
        }
      }
    },
    {
      "from": [
        7.5,
        7.9,
        7.5
      ],
      "to": [
        8.5,
        10.9,
        8.5
      ],
      "rotation": {
        "angle": 0,
        "axis": "y",
        "origin": [
          7.5,
          7.9,
          7.5
        ]
      },
      "faces": {
        "north": {
          "uv": [
            8.8,
            8,
            9.6,
            10.4
          ],
          "texture": "#3"
        },
        "east": {
          "uv": [
            0,
            9.6,
            0.8,
            12
          ],
          "texture": "#3"
        },
        "south": {
          "uv": [
            9.6,
            0,
            10.4,
            2.4
          ],
          "texture": "#3"
        },
        "west": {
          "uv": [
            0.8,
            9.6,
            1.6,
            12
          ],
          "texture": "#3"
        },
        "up": {
          "uv": [
            13.6,
            1.6,
            12.8,
            0.8
          ],
          "texture": "#3"
        }
      }
    },
    {
      "from": [
        7.555,
        10.9,
        7.555
      ],
      "to": [
        8.445,
        14.35,
        8.445
      ],
      "rotation": {
        "angle": 0,
        "axis": "x",
        "origin": [
          7.555,
          11.9,
          7.555
        ]
      },
      "faces": {
        "north": {
          "uv": [
            4,
            6.4,
            4.8,
            9.2
          ],
          "texture": "#3"
        },
        "east": {
          "uv": [
            4.8,
            6.4,
            5.6,
            9.2
          ],
          "texture": "#3"
        },
        "south": {
          "uv": [
            7.2,
            1.6,
            8,
            4.4
          ],
          "texture": "#3"
        },
        "west": {
          "uv": [
            7.2,
            4.8,
            8,
            7.6
          ],
          "texture": "#3"
        },
        "up": {
          "uv": [
            2.4,
            13.6,
            1.6,
            12.8
          ],
          "texture": "#3"
        }
      }
    },
    {
      "from": [
        7.63065,
        14.35,
        7.63065
      ],
      "to": [
        8.36935,
        17.2135,
        8.36935
      ],
      "rotation": {
        "angle": 0,
        "axis": "x",
        "origin": [
          7.63065,
          11.86,
          7.63065
        ]
      },
      "faces": {
        "north": {
          "uv": [
            3.2,
            9.6,
            3.8,
            11.8
          ],
          "texture": "#3"
        },
        "east": {
          "uv": [
            4,
            9.6,
            4.6,
            11.8
          ],
          "texture": "#3"
        },
        "south": {
          "uv": [
            9.6,
            4,
            10.2,
            6.2
          ],
          "texture": "#3"
        },
        "west": {
          "uv": [
            4.8,
            9.6,
            5.4,
            11.8
          ],
          "texture": "#3"
        },
        "up": {
          "uv": [
            8.6,
            15,
            8,
            14.4
          ],
          "texture": "#3"
        }
      }
    },
    {
      "from": [
        7.5,
        16.8,
        8
      ],
      "to": [
        8.5,
        17.8,
        9
      ],
      "rotation": {
        "angle": -45,
        "axis": "x",
        "origin": [
          7.5,
          16.8,
          8
        ]
      },
      "faces": {
        "north": {
          "uv": [
            12.8,
            1.6,
            13.6,
            2.4
          ],
          "texture": "#3"
        },
        "east": {
          "uv": [
            2.4,
            12.8,
            3.2,
            13.6
          ],
          "texture": "#3"
        },
        "south": {
          "uv": [
            12.8,
            2.4,
            13.6,
            3.2
          ],
          "texture": "#3"
        },
        "west": {
          "uv": [
            12.8,
            3.2,
            13.6,
            4
          ],
          "texture": "#3"
        },
        "up": {
          "uv": [
            13.6,
            4.8,
            12.8,
            4
          ],
          "texture": "#3"
        },
        "down": {
          "uv": [
            13.6,
            4.8,
            12.8,
            5.6
          ],
          "texture": "#3"
        }
      }
    },
    {
      "from": [
        7.975,
        6.5,
        2.75
      ],
      "to": [
        8.025,
        18.5,
        7.75
      ],
      "rotation": {
        "angle": 0,
        "axis": "y",
        "origin": [
          7.975,
          6.5,
          1.75
        ]
      },
      "faces": {
        "east": {
          "uv": [
            4,
            0,
            0,
            9.6
          ],
          "texture": "#3"
        },
        "west": {
          "uv": [
            0,
            0,
            4,
            9.6
          ],
          "texture": "#3"
        }
      }
    },
    {
      "from": [
        7,
        9.25,
        5.75
      ],
      "to": [
        7.5,
        9.75,
        7.75
      ],
      "rotation": {
        "angle": 0,
        "axis": "y",
        "origin": [
          7,
          9.25,
          5.75
        ]
      },
      "faces": {
        "north": {
          "uv": [
            9.6,
            15.2,
            10,
            15.6
          ],
          "texture": "#3"
        },
        "east": {
          "uv": [
            5.6,
            12.8,
            7.2,
            13.2
          ],
          "texture": "#3"
        },
        "south": {
          "uv": [
            15.2,
            9.6,
            15.6,
            10
          ],
          "texture": "#3"
        },
        "west": {
          "uv": [
            7.2,
            12.8,
            8.8,
            13.2
          ],
          "texture": "#3"
        },
        "up": {
          "uv": [
            9.2,
            14.4,
            8.8,
            12.8
          ],
          "texture": "#3"
        },
        "down": {
          "uv": [
            13.2,
            8.8,
            12.8,
            10.4
          ],
          "texture": "#3"
        }
      }
    },
    {
      "from": [
        8.5,
        9.25,
        5.75
      ],
      "to": [
        9,
        9.75,
        7.75
      ],
      "rotation": {
        "angle": 0,
        "axis": "y",
        "origin": [
          8.5,
          9.25,
          5.75
        ]
      },
      "faces": {
        "north": {
          "uv": [
            10.4,
            15.2,
            10.8,
            15.6
          ],
          "texture": "#3"
        },
        "east": {
          "uv": [
            12.8,
            10.4,
            14.4,
            10.8
          ],
          "texture": "#3"
        },
        "south": {
          "uv": [
            15.2,
            10.4,
            15.6,
            10.8
          ],
          "texture": "#3"
        },
        "west": {
          "uv": [
            12.8,
            11.2,
            14.4,
            11.6
          ],
          "texture": "#3"
        },
        "up": {
          "uv": [
            10,
            14.4,
            9.6,
            12.8
          ],
          "texture": "#3"
        },
        "down": {
          "uv": [
            12.4,
            12.8,
            12,
            14.4
          ],
          "texture": "#3"
        }
      }
    },
    {
      "from": [
        7.5,
        9.25,
        5.75
      ],
      "to": [
        8.5,
        9.75,
        6.25
      ],
      "rotation": {
        "angle": 0,
        "axis": "y",
        "origin": [
          8,
          9.25,
          5.75
        ]
      },
      "faces": {
        "north": {
          "uv": [
            4,
            15.2,
            4.8,
            15.6
          ],
          "texture": "#3"
        },
        "south": {
          "uv": [
            15.2,
            4,
            16,
            4.4
          ],
          "texture": "#3"
        },
        "up": {
          "uv": [
            5.6,
            15.6,
            4.8,
            15.2
          ],
          "texture": "#3"
        },
        "down": {
          "uv": [
            16,
            4.8,
            15.2,
            5.2
          ],
          "texture": "#3"
        }
      }
    },
    {
      "from": [
        7.5,
        9.25,
        7.25
      ],
      "to": [
        8.5,
        9.75,
        7.75
      ],
      "rotation": {
        "angle": 0,
        "axis": "y",
        "origin": [
          8,
          9.25,
          7.25
        ]
      },
      "faces": {
        "north": {
          "uv": [
            5.6,
            15.2,
            6.4,
            15.6
          ],
          "texture": "#3"
        },
        "south": {
          "uv": [
            15.2,
            5.6,
            16,
            6
          ],
          "texture": "#3"
        },
        "up": {
          "uv": [
            7.2,
            15.6,
            6.4,
            15.2
          ],
          "texture": "#3"
        },
        "down": {
          "uv": [
            16,
            6.4,
            15.2,
            6.8
          ],
          "texture": "#3"
        }
      }
    },
    {
      "from": [
        7,
        11.75,
        5.75
      ],
      "to": [
        7.5,
        12.25,
        7.75
      ],
      "rotation": {
        "angle": 0,
        "axis": "y",
        "origin": [
          7,
          11.75,
          5.75
        ]
      },
      "faces": {
        "north": {
          "uv": [
            9.6,
            15.2,
            10,
            15.6
          ],
          "texture": "#3"
        },
        "east": {
          "uv": [
            5.6,
            12.8,
            7.2,
            13.2
          ],
          "texture": "#3"
        },
        "south": {
          "uv": [
            15.2,
            9.6,
            15.6,
            10
          ],
          "texture": "#3"
        },
        "west": {
          "uv": [
            7.2,
            12.8,
            8.8,
            13.2
          ],
          "texture": "#3"
        },
        "up": {
          "uv": [
            9.2,
            14.4,
            8.8,
            12.8
          ],
          "texture": "#3"
        },
        "down": {
          "uv": [
            13.2,
            8.8,
            12.8,
            10.4
          ],
          "texture": "#3"
        }
      }
    },
    {
      "from": [
        8.5,
        11.75,
        5.75
      ],
      "to": [
        9,
        12.25,
        7.75
      ],
      "rotation": {
        "angle": 0,
        "axis": "y",
        "origin": [
          8.5,
          11.75,
          5.75
        ]
      },
      "faces": {
        "north": {
          "uv": [
            10.4,
            15.2,
            10.8,
            15.6
          ],
          "texture": "#3"
        },
        "east": {
          "uv": [
            12.8,
            10.4,
            14.4,
            10.8
          ],
          "texture": "#3"
        },
        "south": {
          "uv": [
            15.2,
            10.4,
            15.6,
            10.8
          ],
          "texture": "#3"
        },
        "west": {
          "uv": [
            12.8,
            11.2,
            14.4,
            11.6
          ],
          "texture": "#3"
        },
        "up": {
          "uv": [
            10,
            14.4,
            9.6,
            12.8
          ],
          "texture": "#3"
        },
        "down": {
          "uv": [
            12.4,
            12.8,
            12,
            14.4
          ],
          "texture": "#3"
        }
      }
    },
    {
      "from": [
        7.5,
        11.75,
        5.75
      ],
      "to": [
        8.5,
        12.25,
        6.25
      ],
      "rotation": {
        "angle": 0,
        "axis": "y",
        "origin": [
          8,
          11.75,
          5.75
        ]
      },
      "faces": {
        "north": {
          "uv": [
            4,
            15.2,
            4.8,
            15.6
          ],
          "texture": "#3"
        },
        "south": {
          "uv": [
            15.2,
            4,
            16,
            4.4
          ],
          "texture": "#3"
        },
        "up": {
          "uv": [
            5.6,
            15.6,
            4.8,
            15.2
          ],
          "texture": "#3"
        },
        "down": {
          "uv": [
            16,
            4.8,
            15.2,
            5.2
          ],
          "texture": "#3"
        }
      }
    },
    {
      "from": [
        7.5,
        11.75,
        7.25
      ],
      "to": [
        8.5,
        12.25,
        7.75
      ],
      "rotation": {
        "angle": 0,
        "axis": "y",
        "origin": [
          8,
          11.75,
          7.25
        ]
      },
      "faces": {
        "north": {
          "uv": [
            5.6,
            15.2,
            6.4,
            15.6
          ],
          "texture": "#3"
        },
        "south": {
          "uv": [
            15.2,
            5.6,
            16,
            6
          ],
          "texture": "#3"
        },
        "up": {
          "uv": [
            7.2,
            15.6,
            6.4,
            15.2
          ],
          "texture": "#3"
        },
        "down": {
          "uv": [
            16,
            6.4,
            15.2,
            6.8
          ],
          "texture": "#3"
        }
      }
    },
    {
      "from": [
        7,
        14.5,
        5.75
      ],
      "to": [
        7.5,
        15,
        7.75
      ],
      "rotation": {
        "angle": 0,
        "axis": "y",
        "origin": [
          7,
          14.5,
          5.75
        ]
      },
      "faces": {
        "north": {
          "uv": [
            9.6,
            15.2,
            10,
            15.6
          ],
          "texture": "#3"
        },
        "east": {
          "uv": [
            5.6,
            12.8,
            7.2,
            13.2
          ],
          "texture": "#3"
        },
        "south": {
          "uv": [
            15.2,
            9.6,
            15.6,
            10
          ],
          "texture": "#3"
        },
        "west": {
          "uv": [
            7.2,
            12.8,
            8.8,
            13.2
          ],
          "texture": "#3"
        },
        "up": {
          "uv": [
            9.2,
            14.4,
            8.8,
            12.8
          ],
          "texture": "#3"
        },
        "down": {
          "uv": [
            13.2,
            8.8,
            12.8,
            10.4
          ],
          "texture": "#3"
        }
      }
    },
    {
      "from": [
        8.5,
        14.5,
        5.75
      ],
      "to": [
        9,
        15,
        7.75
      ],
      "rotation": {
        "angle": 0,
        "axis": "y",
        "origin": [
          8.5,
          14.5,
          5.75
        ]
      },
      "faces": {
        "north": {
          "uv": [
            10.4,
            15.2,
            10.8,
            15.6
          ],
          "texture": "#3"
        },
        "east": {
          "uv": [
            12.8,
            10.4,
            14.4,
            10.8
          ],
          "texture": "#3"
        },
        "south": {
          "uv": [
            15.2,
            10.4,
            15.6,
            10.8
          ],
          "texture": "#3"
        },
        "west": {
          "uv": [
            12.8,
            11.2,
            14.4,
            11.6
          ],
          "texture": "#3"
        },
        "up": {
          "uv": [
            10,
            14.4,
            9.6,
            12.8
          ],
          "texture": "#3"
        },
        "down": {
          "uv": [
            12.4,
            12.8,
            12,
            14.4
          ],
          "texture": "#3"
        }
      }
    },
    {
      "from": [
        7.5,
        14.5,
        5.75
      ],
      "to": [
        8.5,
        15,
        6.25
      ],
      "rotation": {
        "angle": 0,
        "axis": "y",
        "origin": [
          8,
          14.5,
          5.75
        ]
      },
      "faces": {
        "north": {
          "uv": [
            4,
            15.2,
            4.8,
            15.6
          ],
          "texture": "#3"
        },
        "south": {
          "uv": [
            15.2,
            4,
            16,
            4.4
          ],
          "texture": "#3"
        },
        "up": {
          "uv": [
            5.6,
            15.6,
            4.8,
            15.2
          ],
          "texture": "#3"
        },
        "down": {
          "uv": [
            16,
            4.8,
            15.2,
            5.2
          ],
          "texture": "#3"
        }
      }
    },
    {
      "from": [
        7.5,
        14.5,
        7.25
      ],
      "to": [
        8.5,
        15,
        7.75
      ],
      "rotation": {
        "angle": 0,
        "axis": "y",
        "origin": [
          8,
          14.5,
          7.25
        ]
      },
      "faces": {
        "north": {
          "uv": [
            5.6,
            15.2,
            6.4,
            15.6
          ],
          "texture": "#3"
        },
        "south": {
          "uv": [
            15.2,
            5.6,
            16,
            6
          ],
          "texture": "#3"
        },
        "up": {
          "uv": [
            7.2,
            15.6,
            6.4,
            15.2
          ],
          "texture": "#3"
        },
        "down": {
          "uv": [
            16,
            6.4,
            15.2,
            6.8
          ],
          "texture": "#3"
        }
      }
    },
    {
      "from": [
        7.5,
        17.25,
        7.25
      ],
      "to": [
        8.5,
        17.75,
        7.75
      ],
      "rotation": {
        "angle": 0,
        "axis": "y",
        "origin": [
          8,
          17.25,
          7.25
        ]
      },
      "faces": {
        "north": {
          "uv": [
            5.6,
            15.2,
            6.4,
            15.6
          ],
          "texture": "#3"
        },
        "south": {
          "uv": [
            15.2,
            5.6,
            16,
            6
          ],
          "texture": "#3"
        },
        "up": {
          "uv": [
            7.2,
            15.6,
            6.4,
            15.2
          ],
          "texture": "#3"
        },
        "down": {
          "uv": [
            16,
            6.4,
            15.2,
            6.8
          ],
          "texture": "#3"
        }
      }
    },
    {
      "from": [
        7,
        17.25,
        5.75
      ],
      "to": [
        7.5,
        17.75,
        7.75
      ],
      "rotation": {
        "angle": 0,
        "axis": "y",
        "origin": [
          7,
          17.25,
          5.75
        ]
      },
      "faces": {
        "north": {
          "uv": [
            9.6,
            15.2,
            10,
            15.6
          ],
          "texture": "#3"
        },
        "east": {
          "uv": [
            5.6,
            12.8,
            7.2,
            13.2
          ],
          "texture": "#3"
        },
        "south": {
          "uv": [
            15.2,
            9.6,
            15.6,
            10
          ],
          "texture": "#3"
        },
        "west": {
          "uv": [
            7.2,
            12.8,
            8.8,
            13.2
          ],
          "texture": "#3"
        },
        "up": {
          "uv": [
            9.2,
            14.4,
            8.8,
            12.8
          ],
          "texture": "#3"
        },
        "down": {
          "uv": [
            13.2,
            8.8,
            12.8,
            10.4
          ],
          "texture": "#3"
        }
      }
    },
    {
      "from": [
        7.5,
        17.25,
        5.75
      ],
      "to": [
        8.5,
        17.75,
        6.25
      ],
      "rotation": {
        "angle": 0,
        "axis": "y",
        "origin": [
          8,
          17.25,
          5.75
        ]
      },
      "faces": {
        "north": {
          "uv": [
            4,
            15.2,
            4.8,
            15.6
          ],
          "texture": "#3"
        },
        "south": {
          "uv": [
            15.2,
            4,
            16,
            4.4
          ],
          "texture": "#3"
        },
        "up": {
          "uv": [
            5.6,
            15.6,
            4.8,
            15.2
          ],
          "texture": "#3"
        },
        "down": {
          "uv": [
            16,
            4.8,
            15.2,
            5.2
          ],
          "texture": "#3"
        }
      }
    },
    {
      "from": [
        8.5,
        17.25,
        5.75
      ],
      "to": [
        9,
        17.75,
        7.75
      ],
      "rotation": {
        "angle": 0,
        "axis": "y",
        "origin": [
          8.5,
          17.25,
          5.75
        ]
      },
      "faces": {
        "north": {
          "uv": [
            10.4,
            15.2,
            10.8,
            15.6
          ],
          "texture": "#3"
        },
        "east": {
          "uv": [
            12.8,
            10.4,
            14.4,
            10.8
          ],
          "texture": "#3"
        },
        "south": {
          "uv": [
            15.2,
            10.4,
            15.6,
            10.8
          ],
          "texture": "#3"
        },
        "west": {
          "uv": [
            12.8,
            11.2,
            14.4,
            11.6
          ],
          "texture": "#3"
        },
        "up": {
          "uv": [
            10,
            14.4,
            9.6,
            12.8
          ],
          "texture": "#3"
        },
        "down": {
          "uv": [
            12.4,
            12.8,
            12,
            14.4
          ],
          "texture": "#3"
        }
      }
    },
    {
      "from": [
        7.685,
        13.635,
        4.185
      ],
      "to": [
        8.315,
        14.265,
        4.815
      ],
      "rotation": {
        "angle": 0,
        "axis": "y",
        "origin": [
          8,
          13.95,
          4.5
        ]
      },
      "faces": {
        "north": {
          "uv": [
            8.8,
            14.4,
            9.4,
            15
          ],
          "texture": "#3"
        },
        "east": {
          "uv": [
            9.6,
            14.4,
            10.2,
            15
          ],
          "texture": "#3"
        },
        "south": {
          "uv": [
            10.4,
            14.4,
            11,
            15
          ],
          "texture": "#3"
        },
        "west": {
          "uv": [
            14.4,
            10.4,
            15,
            11
          ],
          "texture": "#3"
        },
        "up": {
          "uv": [
            11.8,
            15,
            11.2,
            14.4
          ],
          "texture": "#3"
        },
        "down": {
          "uv": [
            15,
            11.2,
            14.4,
            11.8
          ],
          "texture": "#3"
        }
      }
    }
  ],
  "gui_light": "front",
  "display": {
    "thirdperson_righthand": {
      "translation": [
        0,
        3.5,
        1
      ]
    },
    "thirdperson_lefthand": {
      "translation": [
        0,
        3.5,
        1
      ]
    },
    "firstperson_righthand": {
      "rotation": [
        -10,
        0,
        0
      ],
      "translation": [
        0,
        3.5,
        0
      ]
    },
    "firstperson_lefthand": {
      "rotation": [
        -10,
        0,
        0
      ],
      "translation": [
        0,
        3.5,
        0
      ]
    },
    "ground": {
      "rotation": [
        -45,
        0,
        0
      ],
      "translation": [
        0,
        13.75,
        0
      ]
    },
    "gui": {
      "rotation": [
        -90,
        45,
        90
      ],
      "translation": [
        0.5,
        0.5,
        0
      ],
      "scale": [
        0.81055,
        0.81055,
        0.81055
      ]
    },
    "head": {
      "rotation": [
        0,
        90,
        0
      ],
      "scale": [
        1.5,
        1.5,
        1.5
      ]
    },
    "fixed": {
      "rotation": [
        90,
        -90,
        90
      ],
      "translation": [
        0,
        0.75,
        -1
      ],
      "scale": [
        1.5,
        1.5,
        1.5
      ]
    }
  }
}