{"parent":"minecraft:item/handheld","textures":{"layer0":"minecraft:item/iron_sword"},"overrides":[{"predicate":{"custom_model_data":10104},"model":"winterset:hammer"},{"predicate":{"custom_model_data":10105},"model":"winterset:scythe"},{"predicate":{"custom_model_data":10106},"model":"winterset:spear"},{"predicate":{"custom_model_data":10107},"model":"winterset:staff"},{"predicate":{"custom_model_data":10108},"model":"winterset:sword"},{"predicate":{"custom_model_data":10109},"model":"winterset:trident"},{"predicate":{"custom_model_data":10110},"model":"winterset:greatsword"},{"predicate":{"custom_model_data":10111},"model":"merry_christmasset:hammer"},{"predicate":{"custom_model_data":10112},"model":"merry_christmasset:scythe"},{"predicate":{"custom_model_data":10113},"model":"merry_christmasset:spear"},{"predicate":{"custom_model_data":10114},"model":"merry_christmasset:staff"},{"predicate":{"custom_model_data":10115},"model":"merry_christmasset:sword"},{"predicate":{"custom_model_data":10116},"model":"merry_christmasset:trident"},{"predicate":{"custom_model_data":10117},"model":"merry_christmasset:greatsword"},{"predicate":{"custom_model_data":10118},"model":"item/iron_sword"}]}