{"parent":"minecraft:item/handheld","textures":{"layer0":"minecraft:item/netherite_axe"},"overrides":[{"predicate":{"custom_model_data":10000},"model":"halloween:cleaver"},{"predicate":{"custom_model_data":10003},"model":"halloween:machete_clean"},{"predicate":{"custom_model_data":10004},"model":"thanksgiving:pie_axe"},{"predicate":{"custom_model_data":10005},"model":"elitecreatures:christmas_holiday_2023/axe"},{"predicate":{"custom_model_data":10006},"model":"elitecreatures:christmas_holiday_2023/battle_axe"},{"predicate":{"custom_model_data":10009},"model":"elitecreatures:newyear_2024_animated/axe"},{"predicate":{"custom_model_data":10010},"model":"item/netherite_axe"}]}