{"parent":"minecraft:item/handheld","textures":{"layer0":"minecraft:item/netherite_hoe"},"overrides":[{"predicate":{"custom_model_data":10000},"model":"halloween:red_dragon_hoe"},{"predicate":{"custom_model_data":10001},"model":"corn_items:corn_hoe"},{"predicate":{"custom_model_data":10002},"model":"elitecreatures:christmas_holiday_2023/hoe"},{"predicate":{"custom_model_data":10005},"model":"elitecreatures:newyear_2024_animated/hoe"},{"predicate":{"custom_model_data":10006},"model":"item/netherite_hoe"}]}