{"parent":"minecraft:item/handheld","textures":{"layer0":"minecraft:item/netherite_sword"},"overrides":[{"predicate":{"custom_model_data":2006},"model":"elitecreatures:newyear_2024_animated/claymore"},{"predicate":{"custom_model_data":2007},"model":"elitecreatures:newyear_2024_animated/hammer"},{"predicate":{"custom_model_data":2008},"model":"elitecreatures:newyear_2024_animated/scythe"},{"predicate":{"custom_model_data":2009},"model":"elitecreatures:newyear_2024_animated/spear"},{"predicate":{"custom_model_data":2010},"model":"elitecreatures:newyear_2024_animated/staff"},{"predicate":{"custom_model_data":2011},"model":"elitecreatures:newyear_2024_animated/sword"},{"predicate":{"custom_model_data":2012},"model":"elitecreatures:newyear_2024_animated/trident"},{"predicate":{"custom_model_data":4212},"model":"halloween:bloody_scythe"},{"predicate":{"custom_model_data":4214},"model":"halloween:reapers_scythe"},{"predicate":{"custom_model_data":4215},"model":"thanksgiving:turkey_leg_sword"},{"predicate":{"custom_model_data":4216},"model":"elitecreatures:christmas_holiday_2023/staff"},{"predicate":{"custom_model_data":4217},"model":"elitecreatures:christmas_holiday_2023/sword"},{"predicate":{"custom_model_data":5000},"model":"lunar_studios:enderkariz/block_wars/sabers/base_saber"},{"predicate":{"custom_model_data":5001},"model":"lunar_studios:enderkariz/block_wars/sabers/blue_saber"},{"predicate":{"custom_model_data":5002},"model":"lunar_studios:enderkariz/block_wars/sabers/red_saber"},{"predicate":{"custom_model_data":5003},"model":"lunar_studios:enderkariz/block_wars/sabers/green_saber"},{"predicate":{"custom_model_data":5004},"model":"lunar_studios:enderkariz/block_wars/sabers/white_saber"},{"predicate":{"custom_model_data":5005},"model":"lunar_studios:enderkariz/block_wars/sabers/yellow_saber"},{"predicate":{"custom_model_data":5006},"model":"item/netherite_sword"}]}