{"credit":"Made with Blockbench","texture_size":[64,64],"textures":{"0":"lunar_studios:enderkariz/ares_set/ares_helmet","particle":"lunar_studios:enderkariz/ares_set/ares_helmet"},"elements":[{"from":[3,2,3],"to":[13,10,12],"faces":{"north":{"uv":[0.75,3,1,3.25],"texture":"#0"},"east":{"uv":[2.25,0,0,2],"texture":"#0"},"south":{"uv":[2.25,0,4.75,2],"texture":"#0"},"west":{"uv":[0,0,2.25,2],"texture":"#0"},"up":{"uv":[0.75,3,1,3.25],"texture":"#0"},"down":{"uv":[0.75,3,1,3.25],"texture":"#0"}}},{"from":[8,-1,3],"to":[13,10,3],"rotation":{"angle":-22.5,"axis":"y","origin":[13,5,3]},"faces":{"north":{"uv":[0,2.25,1.25,5],"texture":"#0"},"east":{"uv":[0,0,0,2.75],"texture":"#missing"},"south":{"uv":[1.25,2.25,0,5],"texture":"#0"},"west":{"uv":[0,0,0,2.75],"texture":"#missing"},"up":{"uv":[0,0,0,1.25],"rotation":270,"texture":"#missing"},"down":{"uv":[0,0,0,1.25],"rotation":90,"texture":"#missing"}}},{"from":[3,-1,3],"to":[8,10,3],"rotation":{"angle":22.5,"axis":"y","origin":[3,5,3]},"faces":{"north":{"uv":[1.25,2.25,0,5],"texture":"#0"},"east":{"uv":[0,0,0,2.75],"texture":"#missing"},"south":{"uv":[0,2.25,1.25,5],"texture":"#0"},"west":{"uv":[0,0,0,2.75],"texture":"#missing"},"up":{"uv":[0,5,0,6.25],"rotation":270,"texture":"#missing"},"down":{"uv":[0,5,0,6.25],"rotation":90,"texture":"#missing"}}},{"from":[3,10,4.5],"to":[13,11,12.5],"faces":{"north":{"uv":[6,3.5,8.5,3.25],"rotation":180,"texture":"#0"},"east":{"uv":[6.5,2.5,8.5,2.25],"rotation":180,"texture":"#0"},"south":{"uv":[6,3.5,8.5,3.25],"rotation":180,"texture":"#0"},"west":{"uv":[8.5,2.5,6.5,2.25],"rotation":180,"texture":"#0"},"up":{"uv":[5.5,6.25,7.5,3.75],"rotation":90,"texture":"#0"},"down":{"uv":[7.5,6.25,5.5,3.75],"rotation":90,"texture":"#0"}}},{"from":[3,9.9,1.5],"to":[7,11.9,6.5],"rotation":{"angle":22.5,"axis":"y","origin":[5,11.9,4]},"faces":{"north":{"uv":[3.75,3.75,2.75,3.25],"rotation":180,"texture":"#0"},"east":{"uv":[5.25,3.75,4,3.25],"rotation":180,"texture":"#0"},"south":{"uv":[3.75,3.75,2.75,3.25],"rotation":180,"texture":"#0"},"west":{"uv":[5.25,3.75,4,3.25],"rotation":180,"texture":"#0"},"up":{"uv":[3.75,5.25,2.75,4],"rotation":180,"texture":"#0"},"down":{"uv":[4,5.25,5,4],"rotation":180,"texture":"#0"}}},{"from":[6.5,10,0],"to":[9.5,13,11],"rotation":{"angle":45,"axis":"z","origin":[8,11.5,7.5]},"faces":{"north":{"uv":[1.75,2.25,2.5,3],"rotation":270,"texture":"#0"},"east":{"uv":[6.25,3,3.5,2.25],"rotation":180,"texture":"#0"},"south":{"uv":[1.75,2.25,2.5,3],"texture":"#0"},"west":{"uv":[1.75,6,2.5,3.25],"rotation":270,"texture":"#0"},"up":{"uv":[3.5,3,6.25,2.25],"rotation":270,"texture":"#0"},"down":{"uv":[2.5,3.25,1.75,6],"rotation":180,"texture":"#0"}}},{"from":[7.5,12.5,6],"to":[8.5,15.5,8],"rotation":{"angle":0,"axis":"y","origin":[8,11.5,7.5]},"faces":{"north":{"uv":[3.25,3,2.75,2.25],"rotation":180,"texture":"#0"},"east":{"uv":[3.25,3,2.75,2.25],"rotation":180,"texture":"#0"},"south":{"uv":[3.25,3,2.75,2.25],"rotation":180,"texture":"#0"},"west":{"uv":[3.25,3,2.75,2.25],"rotation":180,"texture":"#0"},"up":{"uv":[3,2.5,2.75,2.25],"rotation":180,"texture":"#0"},"down":{"uv":[3.25,3,3,2.75],"rotation":180,"texture":"#0"}}},{"from":[6.5,14.5,2],"to":[9.5,15.5,14],"rotation":{"angle":22.5,"axis":"x","origin":[8,15.75,8]},"faces":{"north":{"uv":[0.25,12.5,0,13.25],"rotation":90,"texture":"#0"},"east":{"uv":[3,12.5,0,12.75],"texture":"#0"},"south":{"uv":[3,12.5,2.75,13.25],"rotation":90,"texture":"#0"},"west":{"uv":[0,12.5,3,12.75],"texture":"#0"},"up":{"uv":[0,12.5,3,13.25],"rotation":90,"texture":"#0"},"down":{"uv":[3,12.5,0,13.25],"rotation":90,"texture":"#0"}}},{"from":[6.4,8.5,13],"to":[9.6,13.5,14],"rotation":{"angle":0,"axis":"y","origin":[8,14.5,8.5]},"faces":{"north":{"uv":[3,12.5,1.75,13.25],"rotation":90,"texture":"#0"},"east":{"uv":[3,13,1.75,13.25],"rotation":90,"texture":"#0"},"south":{"uv":[3,12.5,1.75,13.25],"rotation":90,"texture":"#0"},"west":{"uv":[3,12.5,1.75,12.75],"rotation":90,"texture":"#0"},"up":{"uv":[3,12.5,2.75,13.25],"rotation":90,"texture":"#0"},"down":{"uv":[2,12.5,1.75,13.25],"rotation":90,"texture":"#0"}}},{"from":[7.5,5,1],"to":[8.5,8,1],"faces":{"north":{"uv":[1.25,3,1.5,3.75],"texture":"#0"},"east":{"uv":[1.25,3,1.5,3.75],"texture":"#0"},"south":{"uv":[1.25,3,1.5,3.75],"texture":"#0"},"west":{"uv":[1.25,3,1.5,3.75],"texture":"#0"},"up":{"uv":[1.25,3,1.5,3.75],"texture":"#0"},"down":{"uv":[1.25,3,1.5,3.75],"texture":"#0"}}},{"from":[6.9,15.5,-1],"to":[9.1,21.5,17],"rotation":{"angle":22.5,"axis":"x","origin":[8,15.75,8]},"faces":{"north":{"uv":[5,0,5.25,1.5],"texture":"#0"},"east":{"uv":[9.5,0,5,1.5],"texture":"#0"},"south":{"uv":[9.25,0,9.5,1.5],"texture":"#0"},"west":{"uv":[5,0,9.5,1.5],"texture":"#0"},"up":{"uv":[5,0,9.5,0.25],"rotation":90,"texture":"#0"},"down":{"uv":[5,1.25,9.5,1.5],"rotation":90,"texture":"#0"}}},{"from":[7,5.5,14],"to":[9,14.5,17],"rotation":{"angle":0,"axis":"y","origin":[8,14.5,8.5]},"faces":{"north":{"uv":[8.75,1.5,9,3.75],"texture":"#0"},"east":{"uv":[9.5,1.5,8.75,3.75],"texture":"#0"},"south":{"uv":[9.25,1.5,9.5,3.75],"texture":"#0"},"west":{"uv":[8.75,1.5,9.5,3.75],"texture":"#0"},"up":{"uv":[8.75,1.5,9,1.75],"texture":"#0"},"down":{"uv":[8.75,3.5,9.5,3.75],"rotation":90,"texture":"#0"}}},{"from":[7,5.5,17],"to":[9,7.5,19],"rotation":{"angle":0,"axis":"y","origin":[8,14.5,8.5]},"faces":{"north":{"uv":[9.5,3.25,9.75,3.75],"texture":"#0"},"east":{"uv":[10,3.25,9.5,3.75],"texture":"#0"},"south":{"uv":[9.75,3.25,10,3.75],"texture":"#0"},"west":{"uv":[9.5,3.25,10,3.75],"texture":"#0"},"up":{"uv":[9.5,3.75,9.75,3.25],"texture":"#0"},"down":{"uv":[9.5,3.75,9.75,3.25],"rotation":180,"texture":"#0"}}},{"from":[2.75,1.75,2.75],"to":[13.25,10.25,12.25],"faces":{"north":{"uv":[0.75,9.25,1,9.5],"texture":"#0"},"east":{"uv":[2.25,6.25,0,8.25],"texture":"#0"},"south":{"uv":[2.25,6.25,4.75,8.25],"texture":"#0"},"west":{"uv":[0,6.25,2.25,8.25],"texture":"#0"},"up":{"uv":[0.75,9.25,1,9.5],"texture":"#0"},"down":{"uv":[0.75,9.25,1,9.5],"texture":"#0"}}},{"from":[7.75,-1.25,2.75],"to":[13.25,10.25,3.25],"rotation":{"angle":-22.5,"axis":"y","origin":[13,5,3]},"faces":{"north":{"uv":[0,8.5,1.25,11.25],"texture":"#0"},"east":{"uv":[5,0,4.75,0.25],"rotation":90,"texture":"#0"},"south":{"uv":[1.25,8.5,0,11.25],"texture":"#0"},"west":{"uv":[5,0,4.75,0.25],"rotation":90,"texture":"#0"},"up":{"uv":[5,0,4.75,0.25],"rotation":90,"texture":"#0"},"down":{"uv":[5,0,4.75,0.25],"rotation":90,"texture":"#0"}}},{"from":[2.75,-1.25,2.75],"to":[8.25,10.25,3.25],"rotation":{"angle":22.5,"axis":"y","origin":[3,5,3]},"faces":{"north":{"uv":[1.25,8.5,0,11.25],"texture":"#0"},"east":{"uv":[5,0.25,4.75,0],"rotation":90,"texture":"#0"},"south":{"uv":[0,8.5,1.25,11.25],"texture":"#0"},"west":{"uv":[5,0.25,4.75,0],"rotation":90,"texture":"#0"},"up":{"uv":[5,0.25,4.75,0],"rotation":90,"texture":"#0"},"down":{"uv":[5,0.25,4.75,0],"rotation":90,"texture":"#0"}}},{"from":[6.25,9.75,-0.25],"to":[9.75,13.25,11.25],"rotation":{"angle":45,"axis":"z","origin":[8,11.5,7.5]},"faces":{"north":{"uv":[1.75,8.5,2.5,9.25],"rotation":270,"texture":"#0"},"east":{"uv":[6.25,9.25,3.5,8.5],"rotation":180,"texture":"#0"},"south":{"uv":[1.75,8.5,2.5,9.25],"texture":"#0"},"west":{"uv":[1.75,12.25,2.5,9.5],"rotation":270,"texture":"#0"},"up":{"uv":[6.25,8.5,3.5,9.25],"rotation":90,"texture":"#0"},"down":{"uv":[2.5,9.5,1.75,12.25],"rotation":180,"texture":"#0"}}},{"from":[9,9.9,1.5],"to":[13,11.9,6.5],"rotation":{"angle":-22.5,"axis":"y","origin":[11,11.9,4]},"faces":{"north":{"uv":[2.75,3.75,3.75,3.25],"rotation":180,"texture":"#0"},"east":{"uv":[4,3.75,5.25,3.25],"rotation":180,"texture":"#0"},"south":{"uv":[2.75,3.75,3.75,3.25],"rotation":180,"texture":"#0"},"west":{"uv":[4,3.75,5.25,3.25],"rotation":180,"texture":"#0"},"up":{"uv":[2.75,5.25,3.75,4],"rotation":180,"texture":"#0"},"down":{"uv":[5,5.25,4,4],"rotation":180,"texture":"#0"}}},{"from":[6.65,15.25,-1.25],"to":[9.35,21.75,17.25],"rotation":{"angle":22.5,"axis":"x","origin":[8,15.75,8]},"faces":{"north":{"uv":[9.75,0,10,1.5],"texture":"#0"},"east":{"uv":[14.25,0,9.75,1.5],"texture":"#0"},"south":{"uv":[14,0,14.25,1.5],"texture":"#0"},"west":{"uv":[9.75,0,14.25,1.5],"texture":"#0"},"up":{"uv":[9.75,0,14.25,0.25],"rotation":90,"texture":"#0"},"down":{"uv":[9.75,1.25,14.25,1.5],"rotation":90,"texture":"#0"}}},{"from":[6.75,5.25,13.75],"to":[9.25,14.75,17.25],"rotation":{"angle":0,"axis":"y","origin":[8,14.5,8.5]},"faces":{"north":{"uv":[13.5,1.5,13.75,3.75],"texture":"#0"},"east":{"uv":[14.25,1.5,13.5,3.75],"texture":"#0"},"south":{"uv":[14,1.5,14.25,3.75],"texture":"#0"},"west":{"uv":[13.5,1.5,14.25,3.75],"texture":"#0"},"up":{"uv":[13.5,1.5,13.75,1.75],"texture":"#0"},"down":{"uv":[13.5,3.5,14.25,3.75],"rotation":90,"texture":"#0"}}},{"from":[6.75,5.25,16.75],"to":[9.25,7.75,19.25],"rotation":{"angle":0,"axis":"y","origin":[8,14.5,8.5]},"faces":{"north":{"uv":[14.25,3.25,14.5,3.75],"texture":"#0"},"east":{"uv":[14.75,3.25,14.25,3.75],"texture":"#0"},"south":{"uv":[14.5,3.25,14.75,3.75],"texture":"#0"},"west":{"uv":[14.25,3.25,14.75,3.75],"texture":"#0"},"up":{"uv":[14.25,3.75,14.5,3.25],"texture":"#0"},"down":{"uv":[14.25,3.75,14.5,3.25],"rotation":180,"texture":"#0"}}},{"from":[2.74,9.74,4.24],"to":[13.26,11.26,12.76],"faces":{"north":{"uv":[8.5,5.25,11,5],"rotation":180,"texture":"#0"},"east":{"uv":[9,4.25,11,4],"rotation":180,"texture":"#0"},"south":{"uv":[8.5,5.25,11,5],"rotation":180,"texture":"#0"},"west":{"uv":[11,4.25,9,4],"rotation":180,"texture":"#0"},"up":{"uv":[8,8,10,5.5],"rotation":90,"texture":"#0"},"down":{"uv":[10,8,8,5.5],"rotation":90,"texture":"#0"}}},{"from":[7,8,0.5],"to":[9,10,1.5],"faces":{"north":{"uv":[2.75,2.5,3.25,3],"texture":"#0"},"east":{"uv":[2.75,2.5,3.25,3],"texture":"#0"},"south":{"uv":[2.75,2.5,3.25,3],"texture":"#0"},"west":{"uv":[2.75,2.5,3.25,3],"texture":"#0"},"up":{"uv":[2.75,2.5,3,2.75],"texture":"#0"},"down":{"uv":[2.75,2.75,3,3],"texture":"#0"}}}],"display":{"thirdperson_righthand":{"translation":[0.75,1.5,0],"scale":[0.5,0.5,0.5]},"thirdperson_lefthand":{"translation":[0.75,1.5,0],"scale":[0.5,0.5,0.5]},"firstperson_righthand":{"translation":[0,4.25,0],"scale":[0.5,0.5,0.5]},"firstperson_lefthand":{"translation":[0,4.25,0],"scale":[0.5,0.5,0.5]},"ground":{"translation":[0,8,0]},"gui":{"rotation":[8,-144,0],"translation":[0,-1.5,0],"scale":[0.56836,0.56836,0.56836]},"head":{"translation":[0,3,1.25],"scale":[1.5,1.5,1.5]},"fixed":{"rotation":[-67.5,0,0],"translation":[0.25,4.25,-14.25],"scale":[2,2,2]}},"groups":[{"name":"group","origin":[0,0,0],"color":0,"children":[0,1,2,3,4,5,6,7,8,9,10,11,12,13,14,15,16,17,18,19,20,21,22]}]}