{
  "credit": "Made with Blockbench",
  "texture_size": [
    32,
    32
  ],
  "textures": {
    "0": "elitecreatures:christmas_holiday_2023/christmas_axe",
    "particle": "elitecreatures:christmas_holiday_2023/christmas_axe"
  },
  "elements": [
    {
      "from": [
        7.9875,
        -9.04382,
        2.91499
      ],
      "to": [
        8.0375,
        -2.04382,
        5.91499
      ],
      "rotation": {
        "angle": -22.5,
        "axis": "x",
        "origin": [
          8,
          7.06214,
          8
        ]
      },
      "faces": {
        "east": {
          "uv": [
            8.5,
            0,
            10,
            3.5
          ],
          "texture": "#0"
        },
        "west": {
          "uv": [
            8.5,
            0,
            10,
            3.5
          ],
          "texture": "#0"
        }
      }
    },
    {
      "from": [
        7.9875,
        -9.04382,
        10.08501
      ],
      "to": [
        8.0375,
        -2.04382,
        13.08501
      ],
      "rotation": {
        "angle": 22.5,
        "axis": "x",
        "origin": [
          8,
          7.06214,
          8
        ]
      },
      "faces": {
        "east": {
          "uv": [
            10,
            0,
            8.5,
            3.5
          ],
          "texture": "#0"
        },
        "west": {
          "uv": [
            10,
            0,
            8.5,
            3.5
          ],
          "texture": "#0"
        }
      }
    },
    {
      "from": [
        6.9875,
        -2.43741,
        13.49955
      ],
      "to": [
        8.9875,
        1.56259,
        17.49955
      ],
      "rotation": {
        "angle": 45,
        "axis": "x",
        "origin": [
          8,
          7.06214,
          8
        ]
      },
      "faces": {
        "north": {
          "uv": [
            7,
            10,
            8,
            12
          ],
          "texture": "#0"
        },
        "east": {
          "uv": [
            11,
            3.5,
            9,
            5.5
          ],
          "texture": "#0"
        },
        "south": {
          "uv": [
            8,
            10,
            9,
            12
          ],
          "texture": "#0"
        },
        "west": {
          "uv": [
            9,
            3.5,
            11,
            5.5
          ],
          "texture": "#0"
        },
        "up": {
          "uv": [
            13,
            4.5,
            11,
            3.5
          ],
          "rotation": 270,
          "texture": "#0"
        },
        "down": {
          "uv": [
            6,
            11,
            4,
            12
          ],
          "rotation": 90,
          "texture": "#0"
        }
      }
    },
    {
      "from": [
        8.9875,
        0.56259,
        16.49955
      ],
      "to": [
        6.9875,
        -1.43741,
        14.49955
      ],
      "rotation": {
        "angle": 45,
        "axis": "x",
        "origin": [
          8,
          7.06214,
          8
        ]
      },
      "faces": {
        "north": {
          "uv": [
            8,
            11.5,
            9,
            10.5
          ],
          "texture": "#0"
        },
        "south": {
          "uv": [
            7,
            11.5,
            8,
            10.5
          ],
          "texture": "#0"
        },
        "up": {
          "uv": [
            4.5,
            11,
            5.5,
            12
          ],
          "rotation": 270,
          "texture": "#0"
        },
        "down": {
          "uv": [
            11.5,
            4.5,
            12.5,
            3.5
          ],
          "rotation": 90,
          "texture": "#0"
        }
      }
    },
    {
      "from": [
        5.99116,
        -2.04382,
        6.00884
      ],
      "to": [
        9.99116,
        -0.04382,
        10.00884
      ],
      "rotation": {
        "angle": -45,
        "axis": "y",
        "origin": [
          8,
          7.06214,
          8
        ]
      },
      "faces": {
        "north": {
          "uv": [
            11,
            4.5,
            13,
            5.5
          ],
          "texture": "#0"
        },
        "east": {
          "uv": [
            11,
            4.5,
            13,
            5.5
          ],
          "texture": "#0"
        },
        "south": {
          "uv": [
            11,
            4.5,
            13,
            5.5
          ],
          "texture": "#0"
        },
        "west": {
          "uv": [
            11,
            4.5,
            13,
            5.5
          ],
          "texture": "#0"
        },
        "up": {
          "uv": [
            11,
            7.5,
            9,
            5.5
          ],
          "rotation": 270,
          "texture": "#0"
        },
        "down": {
          "uv": [
            11,
            7.5,
            9,
            9.5
          ],
          "rotation": 90,
          "texture": "#0"
        }
      }
    },
    {
      "from": [
        6.99116,
        -0.04382,
        7.00884
      ],
      "to": [
        8.99116,
        11.95618,
        9.00884
      ],
      "rotation": {
        "angle": -45,
        "axis": "y",
        "origin": [
          8,
          7.06214,
          8
        ]
      },
      "faces": {
        "north": {
          "uv": [
            3,
            8.5,
            4,
            14.5
          ],
          "texture": "#0"
        },
        "east": {
          "uv": [
            4,
            8.5,
            3,
            14.5
          ],
          "texture": "#0"
        },
        "south": {
          "uv": [
            3,
            8.5,
            4,
            14.5
          ],
          "texture": "#0"
        },
        "west": {
          "uv": [
            4,
            8.5,
            3,
            14.5
          ],
          "texture": "#0"
        }
      }
    },
    {
      "from": [
        5.99116,
        7.95618,
        6.00884
      ],
      "to": [
        9.99116,
        9.95618,
        10.00884
      ],
      "rotation": {
        "angle": -45,
        "axis": "y",
        "origin": [
          8,
          7.06214,
          8
        ]
      },
      "faces": {
        "north": {
          "uv": [
            11,
            5.5,
            13,
            6.5
          ],
          "texture": "#0"
        },
        "east": {
          "uv": [
            11,
            5.5,
            13,
            6.5
          ],
          "texture": "#0"
        },
        "south": {
          "uv": [
            11,
            5.5,
            13,
            6.5
          ],
          "texture": "#0"
        },
        "west": {
          "uv": [
            11,
            5.5,
            13,
            6.5
          ],
          "texture": "#0"
        },
        "up": {
          "uv": [
            11,
            11.5,
            9,
            9.5
          ],
          "rotation": 270,
          "texture": "#0"
        },
        "down": {
          "uv": [
            12,
            0,
            10,
            2
          ],
          "rotation": 90,
          "texture": "#0"
        }
      }
    },
    {
      "from": [
        5.49116,
        11.95618,
        5.50884
      ],
      "to": [
        10.49116,
        16.95618,
        10.50884
      ],
      "rotation": {
        "angle": -45,
        "axis": "y",
        "origin": [
          8,
          7.06214,
          8
        ]
      },
      "faces": {
        "north": {
          "uv": [
            6,
            0,
            8.5,
            2.5
          ],
          "texture": "#0"
        },
        "east": {
          "uv": [
            8.5,
            0,
            6,
            2.5
          ],
          "texture": "#0"
        },
        "south": {
          "uv": [
            6,
            0,
            8.5,
            2.5
          ],
          "texture": "#0"
        },
        "west": {
          "uv": [
            8.5,
            0,
            6,
            2.5
          ],
          "texture": "#0"
        },
        "up": {
          "uv": [
            8.5,
            5,
            6,
            2.5
          ],
          "rotation": 270,
          "texture": "#0"
        },
        "down": {
          "uv": [
            9,
            5,
            6.5,
            7.5
          ],
          "rotation": 90,
          "texture": "#0"
        }
      }
    },
    {
      "from": [
        7.98845,
        8.95618,
        2.00478
      ],
      "to": [
        8.03845,
        19.95618,
        14.00478
      ],
      "rotation": {
        "angle": -22.5,
        "axis": "y",
        "origin": [
          8,
          7.06214,
          8
        ]
      },
      "faces": {
        "east": {
          "uv": [
            0,
            0,
            6,
            5.5
          ],
          "texture": "#0"
        },
        "west": {
          "uv": [
            0,
            0,
            6,
            5.5
          ],
          "texture": "#0"
        }
      }
    },
    {
      "from": [
        7.98845,
        8.95618,
        1.99522
      ],
      "to": [
        8.03845,
        19.95618,
        13.99522
      ],
      "rotation": {
        "angle": 22.5,
        "axis": "y",
        "origin": [
          8,
          7.06214,
          8
        ]
      },
      "faces": {
        "east": {
          "uv": [
            0,
            0,
            6,
            5.5
          ],
          "texture": "#0"
        },
        "west": {
          "uv": [
            0,
            0,
            6,
            5.5
          ],
          "texture": "#0"
        }
      }
    },
    {
      "from": [
        6.49116,
        16.95618,
        6.50884
      ],
      "to": [
        9.49116,
        18.95618,
        9.50884
      ],
      "rotation": {
        "angle": -45,
        "axis": "y",
        "origin": [
          8,
          7.06214,
          8
        ]
      },
      "faces": {
        "north": {
          "uv": [
            11,
            6.5,
            12.5,
            7.5
          ],
          "texture": "#0"
        },
        "east": {
          "uv": [
            12.5,
            6.5,
            11,
            7.5
          ],
          "texture": "#0"
        },
        "south": {
          "uv": [
            11,
            6.5,
            12.5,
            7.5
          ],
          "texture": "#0"
        },
        "west": {
          "uv": [
            12.5,
            6.5,
            11,
            7.5
          ],
          "texture": "#0"
        },
        "up": {
          "uv": [
            11.5,
            3.5,
            10,
            2
          ],
          "rotation": 270,
          "texture": "#0"
        }
      }
    },
    {
      "from": [
        7.9875,
        18.95618,
        4.5
      ],
      "to": [
        8.0375,
        24.95618,
        11.5
      ],
      "rotation": {
        "angle": 0,
        "axis": "y",
        "origin": [
          8,
          7.06214,
          8
        ]
      },
      "faces": {
        "east": {
          "uv": [
            3,
            5.5,
            6.5,
            8.5
          ],
          "texture": "#0"
        },
        "west": {
          "uv": [
            3,
            5.5,
            6.5,
            8.5
          ],
          "texture": "#0"
        }
      }
    },
    {
      "from": [
        7.4875,
        11.93618,
        0
      ],
      "to": [
        8.4875,
        16.93618,
        5
      ],
      "rotation": {
        "angle": 0,
        "axis": "y",
        "origin": [
          8,
          7.06214,
          8
        ]
      },
      "faces": {
        "north": {
          "uv": [
            6.5,
            7.5,
            7,
            10
          ],
          "texture": "#0"
        },
        "east": {
          "uv": [
            9,
            7.5,
            6.5,
            10
          ],
          "texture": "#0"
        },
        "west": {
          "uv": [
            6.5,
            7.5,
            9,
            10
          ],
          "texture": "#0"
        },
        "up": {
          "uv": [
            9,
            7.5,
            6.5,
            8
          ],
          "rotation": 270,
          "texture": "#0"
        },
        "down": {
          "uv": [
            9,
            9.5,
            6.5,
            10
          ],
          "rotation": 90,
          "texture": "#0"
        }
      }
    },
    {
      "from": [
        7.4875,
        11.93618,
        11
      ],
      "to": [
        8.4875,
        16.93618,
        13
      ],
      "rotation": {
        "angle": 0,
        "axis": "y",
        "origin": [
          8,
          7.06214,
          8
        ]
      },
      "faces": {
        "east": {
          "uv": [
            7,
            10,
            6,
            12.5
          ],
          "texture": "#0"
        },
        "south": {
          "uv": [
            6.5,
            10,
            7,
            12.5
          ],
          "texture": "#0"
        },
        "west": {
          "uv": [
            6,
            10,
            7,
            12.5
          ],
          "texture": "#0"
        },
        "up": {
          "uv": [
            7,
            10,
            6,
            10.5
          ],
          "rotation": 270,
          "texture": "#0"
        },
        "down": {
          "uv": [
            7,
            12,
            6,
            12.5
          ],
          "rotation": 90,
          "texture": "#0"
        }
      }
    },
    {
      "from": [
        7.9875,
        11.93618,
        13
      ],
      "to": [
        8.0375,
        16.93618,
        17
      ],
      "rotation": {
        "angle": 0,
        "axis": "y",
        "origin": [
          8,
          7.06214,
          8
        ]
      },
      "faces": {
        "east": {
          "uv": [
            6,
            8.5,
            4,
            11
          ],
          "texture": "#0"
        },
        "west": {
          "uv": [
            4,
            8.5,
            6,
            11
          ],
          "texture": "#0"
        }
      }
    },
    {
      "from": [
        7.9875,
        5.93618,
        -2
      ],
      "to": [
        8.0375,
        17.93618,
        4
      ],
      "rotation": {
        "angle": 0,
        "axis": "y",
        "origin": [
          8,
          7.06214,
          8
        ]
      },
      "faces": {
        "east": {
          "uv": [
            3,
            5.5,
            0,
            11.5
          ],
          "texture": "#0"
        },
        "west": {
          "uv": [
            0,
            5.5,
            3,
            11.5
          ],
          "texture": "#0"
        }
      }
    }
  ],
  "gui_light": "front",
  "display": {
    "thirdperson_righthand": {
      "translation": [
        0,
        1,
        1.75
      ],
      "scale": [
        0.75,
        0.75,
        0.75
      ]
    },
    "thirdperson_lefthand": {
      "translation": [
        0,
        1,
        1.75
      ],
      "scale": [
        0.75,
        0.75,
        0.75
      ]
    },
    "firstperson_righthand": {
      "rotation": [
        -3,
        20,
        10
      ],
      "translation": [
        3.5,
        1.25,
        -2.5
      ],
      "scale": [
        0.65625,
        0.65625,
        0.65625
      ]
    },
    "firstperson_lefthand": {
      "rotation": [
        -3,
        20,
        10
      ],
      "translation": [
        3.5,
        1.25,
        -2.5
      ],
      "scale": [
        0.65625,
        0.65625,
        0.65625
      ]
    },
    "ground": {
      "rotation": [
        94,
        85,
        0
      ],
      "translation": [
        0,
        0,
        -1.75
      ],
      "scale": [
        0.5,
        0.5,
        0.5
      ]
    },
    "gui": {
      "rotation": [
        -90,
        50,
        90
      ],
      "scale": [
        0.46617,
        0.46617,
        0.46617
      ]
    },
    "head": {
      "rotation": [
        90,
        -171,
        90
      ],
      "translation": [
        -2.25,
        9.25,
        0.25
      ],
      "scale": [
        0.7,
        0.7,
        0.7
      ]
    },
    "fixed": {
      "rotation": [
        0,
        90,
        0
      ],
      "translation": [
        0,
        -4,
        -1.25
      ],
      "scale": [
        1.42109,
        1.42109,
        1.42109
      ]
    }
  }
}