{"credit":"Made with Blockbench","texture_size":[32,32],"textures":{"0":"elitecreatures:christmas_holiday_2023/christmas_bow","particle":"elitecreatures:christmas_holiday_2023/christmas_bow"},"elements":[{"from":[8,-5,10.7],"to":[8.05,21,11.7],"faces":{"east":{"uv":[4.5,0,5,13],"texture":"#0"},"west":{"uv":[4.5,0,5,13],"texture":"#0"}}},{"from":[6.98,14.4,6],"to":[9.02,16.4,11],"rotation":{"angle":-45,"axis":"x","origin":[0,13.4,3]},"faces":{"east":{"uv":[7,8,9.5,9],"texture":"#0"},"west":{"uv":[9.5,8,7,9],"texture":"#0"},"up":{"uv":[4.5,7,3.5,4.5],"texture":"#0"},"down":{"uv":[1,9,0,11.5],"texture":"#0"}}},{"from":[5.98,13.4,11],"to":[10.02,17.4,13],"rotation":{"angle":-45,"axis":"x","origin":[0,13.4,3]},"faces":{"north":{"uv":[5,3,7,5],"texture":"#0"},"east":{"uv":[2,9,3,11],"texture":"#0"},"south":{"uv":[5,5,7,7],"texture":"#0"},"west":{"uv":[3,9,2,11],"texture":"#0"},"up":{"uv":[11,3.5,9,2.5],"texture":"#0"},"down":{"uv":[11,3.5,9,4.5],"texture":"#0"}}},{"from":[6.98,20.9566,7.72817],"to":[8.98,24.9566,11.72817],"rotation":{"angle":0,"axis":"y","origin":[7.98,24.0066,10.77817]},"faces":{"north":{"uv":[3,9,4,11],"texture":"#0"},"east":{"uv":[6.5,0,8.5,2],"texture":"#0"},"south":{"uv":[9,4.5,10,6.5],"texture":"#0"},"west":{"uv":[8.5,0,6.5,2],"texture":"#0"},"up":{"uv":[6,11,5,9],"texture":"#0"},"down":{"uv":[7,9,6,11],"texture":"#0"}}},{"from":[8.98,23.9566,10.72817],"to":[6.98,21.9566,8.72817],"rotation":{"angle":0,"axis":"y","origin":[7.98,-11.0934,5.67817]},"faces":{"north":{"uv":[9,6,10,5],"texture":"#0"},"south":{"uv":[3,10.5,4,9.5],"texture":"#0"},"up":{"uv":[6,9.5,7,10.5],"texture":"#0"},"down":{"uv":[5,10.5,6,9.5],"texture":"#0"}}},{"from":[9,15.7,9],"to":[9.05,21.7,12],"rotation":{"angle":22.5,"axis":"z","origin":[9,21.7,9.5]},"faces":{"east":{"uv":[5,0,6.5,3],"texture":"#0"},"west":{"uv":[5,0,6.5,3],"texture":"#0"}}},{"from":[6.95,15.7,9],"to":[7,21.7,12],"rotation":{"angle":-22.5,"axis":"z","origin":[7,21.7,9.5]},"faces":{"east":{"uv":[6.5,0,5,3],"texture":"#0"},"west":{"uv":[6.5,0,5,3],"texture":"#0"}}},{"from":[9,-11.8,9],"to":[9.05,-5.8,12],"rotation":{"angle":22.5,"axis":"z","origin":[9,-5.8,9.5]},"faces":{"east":{"uv":[5,0,6.5,3],"texture":"#0"},"west":{"uv":[5,0,6.5,3],"texture":"#0"}}},{"from":[6.95,-11.8,9],"to":[7,-5.8,12],"rotation":{"angle":-22.5,"axis":"z","origin":[7,-5.8,9.5]},"faces":{"east":{"uv":[6.5,0,5,3],"texture":"#0"},"west":{"uv":[6.5,0,5,3],"texture":"#0"}}},{"from":[7,5.5,4.15],"to":[9,10.5,6.15],"rotation":{"angle":45,"axis":"y","origin":[8,8,5.15]},"faces":{"north":{"uv":[10,0,9,2.5],"texture":"#0"},"east":{"uv":[9,0,10,2.5],"texture":"#0"},"south":{"uv":[1,9,2,11.5],"texture":"#0"},"west":{"uv":[9,0,10,2.5],"texture":"#0"}}},{"from":[7,12.5,4.15],"to":[9,16.5,6.15],"rotation":{"angle":-45,"axis":"x","origin":[8,12.5,6.15]},"faces":{"north":{"uv":[7,9,8,11],"texture":"#0"},"east":{"uv":[8,9,9,11],"texture":"#0"},"south":{"uv":[9,9,10,11],"texture":"#0"},"west":{"uv":[9,9,8,11],"texture":"#0"}}},{"from":[6.5,13.9,1.3],"to":[10.5,17.9,5.3],"rotation":{"angle":45,"axis":"y","origin":[8,14.4,3.8]},"faces":{"north":{"uv":[2,7,0,9],"texture":"#0"},"east":{"uv":[0,7,2,9],"texture":"#0"},"south":{"uv":[2,7,4,9],"texture":"#0"},"west":{"uv":[0,7,2,9],"texture":"#0"},"up":{"uv":[9,4,7,2],"texture":"#0"},"down":{"uv":[9,4,7,6],"texture":"#0"}}},{"from":[6,10.5,3.1],"to":[10,12.5,7.1],"rotation":{"angle":45,"axis":"y","origin":[8,15,5.1]},"faces":{"north":{"uv":[9,6.5,11,7.5],"texture":"#0"},"east":{"uv":[9,6.5,11,7.5],"texture":"#0"},"south":{"uv":[9,6.5,11,7.5],"texture":"#0"},"west":{"uv":[9,6.5,11,7.5],"texture":"#0"},"up":{"uv":[7,9,5,7],"texture":"#0"},"down":{"uv":[9,6,7,8],"texture":"#0"}}},{"from":[7.999,13.4,-6.73553],"to":[8.049,18.4,0.26447],"rotation":{"angle":0,"axis":"y","origin":[-0.001,-1.1,0.26447]},"faces":{"east":{"uv":[0,4.5,3.5,7],"texture":"#0"},"west":{"uv":[3.5,4.5,0,7],"texture":"#0"}}},{"from":[7.999,11.4,-1.73553],"to":[8.049,20.4,7.26447],"rotation":{"angle":-22.5,"axis":"y","origin":[7.999,15.9,2.76447]},"faces":{"east":{"uv":[0,0,4.5,4.5],"texture":"#0"},"west":{"uv":[4.5,0,0,4.5],"texture":"#0"}}},{"from":[7.999,11.4,-1.73553],"to":[8.049,20.4,7.26447],"rotation":{"angle":22.5,"axis":"y","origin":[7.999,15.9,2.76447]},"faces":{"east":{"uv":[0,0,4.5,4.5],"texture":"#0"},"west":{"uv":[4.5,0,0,4.5],"texture":"#0"}}},{"from":[6,3.5,3.1],"to":[10,5.5,7.1],"rotation":{"angle":45,"axis":"y","origin":[8,1,5.1]},"faces":{"north":{"uv":[9,6.5,11,7.5],"texture":"#0"},"east":{"uv":[9,6.5,11,7.5],"texture":"#0"},"south":{"uv":[9,6.5,11,7.5],"texture":"#0"},"west":{"uv":[9,6.5,11,7.5],"texture":"#0"},"up":{"uv":[7,9,5,7],"texture":"#0"},"down":{"uv":[7,3,5,5],"texture":"#0"}}},{"from":[7,-0.5,4.15],"to":[9,3.5,6.15],"rotation":{"angle":45,"axis":"x","origin":[8,3.5,6.15]},"faces":{"north":{"uv":[7,11,8,9],"texture":"#0"},"east":{"uv":[8,11,9,9],"texture":"#0"},"south":{"uv":[9,11,10,9],"texture":"#0"},"west":{"uv":[9,11,8,9],"texture":"#0"}}},{"from":[6.5,-1.9,1.3],"to":[10.5,2.1,5.3],"rotation":{"angle":45,"axis":"y","origin":[8,1.6,3.8]},"faces":{"north":{"uv":[2,7,0,9],"texture":"#0"},"east":{"uv":[0,7,2,9],"texture":"#0"},"south":{"uv":[2,7,4,9],"texture":"#0"},"west":{"uv":[0,7,2,9],"texture":"#0"},"up":{"uv":[9,4,7,2],"texture":"#0"},"down":{"uv":[9,4,7,6],"texture":"#0"}}},{"from":[7.999,-2.4,-6.73553],"to":[8.049,2.6,0.26447],"rotation":{"angle":0,"axis":"y","origin":[-0.001,17.1,0.26447]},"faces":{"east":{"uv":[0,4.5,3.5,7],"texture":"#0"},"west":{"uv":[3.5,4.5,0,7],"texture":"#0"}}},{"from":[7.999,-4.4,-1.73553],"to":[8.049,4.6,7.26447],"rotation":{"angle":22.5,"axis":"y","origin":[7.999,0.1,2.76447]},"faces":{"east":{"uv":[0,4.5,4.5,0],"texture":"#0"},"west":{"uv":[4.5,4.5,0,0],"texture":"#0"}}},{"from":[7.999,-4.4,-1.73553],"to":[8.049,4.6,7.26447],"rotation":{"angle":-22.5,"axis":"y","origin":[7.999,0.1,2.76447]},"faces":{"east":{"uv":[0,4.5,4.5,0],"texture":"#0"},"west":{"uv":[4.5,4.5,0,0],"texture":"#0"}}},{"from":[6.98,-0.4,6],"to":[9.02,1.6,11],"rotation":{"angle":45,"axis":"x","origin":[0,2.6,3]},"faces":{"east":{"uv":[7,9,9.5,8],"texture":"#0"},"west":{"uv":[9.5,9,7,8],"texture":"#0"},"up":{"uv":[1,11.5,0,9],"texture":"#0"},"down":{"uv":[4.5,4.5,3.5,7],"texture":"#0"}}},{"from":[5.98,-1.4,11],"to":[10.02,2.6,13],"rotation":{"angle":45,"axis":"x","origin":[0,2.6,3]},"faces":{"north":{"uv":[5,7,7,5],"texture":"#0"},"east":{"uv":[3,11,2,9],"texture":"#0"},"south":{"uv":[5,5,7,3],"texture":"#0"},"west":{"uv":[2,11,3,9],"texture":"#0"},"up":{"uv":[11,3.5,9,4.5],"texture":"#0"},"down":{"uv":[11,3.5,9,2.5],"texture":"#0"}}},{"from":[6.98,-8.9566,7.72817],"to":[8.98,-4.9566,11.72817],"rotation":{"angle":0,"axis":"y","origin":[7.98,-8.0066,10.77817]},"faces":{"north":{"uv":[3,11,4,9],"texture":"#0"},"east":{"uv":[6.5,2,8.5,0],"texture":"#0"},"south":{"uv":[9,6.5,10,4.5],"texture":"#0"},"west":{"uv":[8.5,2,6.5,0],"texture":"#0"},"up":{"uv":[7,11,6,9],"texture":"#0"},"down":{"uv":[6,9,5,11],"texture":"#0"}}},{"from":[8.98,-5.9566,10.72817],"to":[6.98,-7.9566,8.72817],"rotation":{"angle":0,"axis":"y","origin":[7.98,27.0934,5.67817]},"faces":{"north":{"uv":[9,5,10,6],"texture":"#0"},"south":{"uv":[3,9.5,4,10.5],"texture":"#0"},"up":{"uv":[5,9.5,6,10.5],"texture":"#0"},"down":{"uv":[6,10.5,7,9.5],"texture":"#0"}}}],"gui_light":"front","display":{"thirdperson_righthand":{"rotation":[0,1,0],"translation":[-1.5,-1.5,2.25],"scale":[0.55,0.55,0.55]},"thirdperson_lefthand":{"rotation":[0,1,0],"translation":[-1.5,-1.5,2.25],"scale":[0.55,0.55,0.55]},"firstperson_righthand":{"rotation":[0,15,0],"translation":[3,3,-1.25],"scale":[0.54883,0.54883,0.54883]},"firstperson_lefthand":{"rotation":[0,15,0],"translation":[3,3,-1.25],"scale":[0.54883,0.54883,0.54883]},"ground":{"rotation":[94,85,0],"translation":[0,0,1.5],"scale":[0.5,0.5,0.5]},"gui":{"rotation":[-90,135,90],"translation":[-0.5,0.5,0],"scale":[0.44859,0.44859,0.44859]},"head":{"rotation":[90,180,90],"translation":[-5,12,0.25],"scale":[0.7,0.7,0.7]},"fixed":{"rotation":[0,90,0],"translation":[0,-0.75,-2.25],"scale":[1.42109,1.42109,1.42109]}}}