{"credit":"Made with Blockbench","textures":{"3":"elitecreatures:christmas_holiday_2023/christmasholiday_armor_layer_1_icon"},"elements":[{"name":"body","from":[12.75,13.75,10.75],"to":[3.25,0.25,5.25],"faces":{"north":{"uv":[8,8,10,5],"texture":"#3"},"east":{"uv":[7,8,8,5],"texture":"#3"},"south":{"uv":[5,8,7,5],"texture":"#3"},"west":{"uv":[4,8,5,5],"texture":"#3"},"up":{"uv":[7,4,9,5],"texture":"#3"},"down":{"uv":[5,5,7,4],"texture":"#3"}}},{"name":"body","from":[3.25,0.25,5.25],"to":[12.75,13.75,10.75],"rotation":{"angle":0,"axis":"y","origin":[0,0,1]},"faces":{"north":{"uv":[5,5,7,8],"texture":"#3"},"east":{"uv":[4,5,5,8],"texture":"#3"},"south":{"uv":[8,5,10,8],"texture":"#3"},"west":{"uv":[7,5,8,8],"texture":"#3"},"up":{"uv":[7,5,5,4],"texture":"#3"},"down":{"uv":[9,4,7,5],"texture":"#3"}}},{"name":"left_arm","from":[4.25,13.75,10.65],"to":[-1.25,0.25,5.15],"rotation":{"angle":-22.5,"axis":"z","origin":[4,12,9]},"faces":{"north":{"uv":[14,8,13,5],"texture":"#3"},"east":{"uv":[11,8,10,5],"texture":"#3"},"south":{"uv":[12,8,11,5],"texture":"#3"},"west":{"uv":[13,8,12,5],"texture":"#3"},"up":{"uv":[13,4,12,5],"texture":"#3"},"down":{"uv":[12,5,11,4],"texture":"#3"}}},{"name":"left_arm","from":[-1.25,0.25,5.15],"to":[4.25,13.75,10.65],"rotation":{"angle":-22.5,"axis":"z","origin":[4,12,9]},"faces":{"north":{"uv":[12,5,11,8],"texture":"#3"},"east":{"uv":[13,5,12,8],"texture":"#3"},"south":{"uv":[14,5,13,8],"texture":"#3"},"west":{"uv":[11,5,10,8],"texture":"#3"},"up":{"uv":[11,5,12,4],"texture":"#3"},"down":{"uv":[12,4,13,5],"texture":"#3"}}},{"name":"right_arm","from":[17.25,13.75,10.65],"to":[11.75,0.25,5.15],"rotation":{"angle":22.5,"axis":"z","origin":[12,12,9]},"faces":{"north":{"uv":[13,8,14,5],"texture":"#3"},"east":{"uv":[12,8,13,5],"texture":"#3"},"south":{"uv":[11,8,12,5],"texture":"#3"},"west":{"uv":[10,8,11,5],"texture":"#3"},"up":{"uv":[12,4,13,5],"texture":"#3"},"down":{"uv":[11,5,12,4],"texture":"#3"}}},{"name":"right_arm","from":[11.75,0.25,5.15],"to":[17.25,13.75,10.65],"rotation":{"angle":22.5,"axis":"z","origin":[12,12,9]},"faces":{"north":{"uv":[11,5,12,8],"texture":"#3"},"east":{"uv":[10,5,11,8],"texture":"#3"},"south":{"uv":[13,5,14,8],"texture":"#3"},"west":{"uv":[12,5,13,8],"texture":"#3"},"up":{"uv":[12,5,11,4],"texture":"#3"},"down":{"uv":[13,4,12,5],"texture":"#3"}}}],"gui_light":"front","display":{"gui":{"rotation":[12,152,0],"translation":[0,-0.5,0],"scale":[0.71094,0.71094,0.71094]}},"groups":[{"name":"body","origin":[0,0,1],"color":0,"boneType":"","children":[0,1]},{"name":"left_arm","origin":[4,12,7.9],"color":0,"boneType":"","children":[2,3]},{"name":"right_arm","origin":[4,12,7.9],"color":0,"boneType":"","children":[4,5]}]}