{
	"credit": "Made with Blockbench",
	"texture_size": [64, 64],
	"textures": {
		"0": "elitecreatures:christmas_holiday_2023/christmas_fishing_rod",
		"particle": "elitecreatures:christmas_holiday_2023/christmas_fishing_rod"
	},
	"elements": [
		{
			"from": [4.94055, -7, 9.05427],
			"to": [6.94055, 29, 11.05427],
			"rotation": {"angle": 45, "axis": "y", "origin": [8, 6.61928, 8.0125]},
			"faces": {
				"north": {"uv": [4.5, 0, 5, 9], "texture": "#0"},
				"east": {"uv": [5, 0, 4.5, 9], "texture": "#0"},
				"south": {"uv": [4.5, 0, 4, 9], "texture": "#0"},
				"west": {"uv": [4, 0, 4.5, 9], "texture": "#0"},
				"up": {"uv": [3.75, 7.5, 3.25, 7], "rotation": 270, "texture": "#0"}
			}
		},
		{
			"from": [8.04177, 25, 8.07195],
			"to": [12.04177, 27, 12.07195],
			"rotation": {"angle": -45, "axis": "y", "origin": [8, 6.61928, 8.0125]},
			"faces": {
				"north": {"uv": [0.75, 7, 1.75, 7.5], "texture": "#0"},
				"east": {"uv": [0.75, 7, 1.75, 7.5], "texture": "#0"},
				"south": {"uv": [0.75, 7, 1.75, 7.5], "texture": "#0"},
				"west": {"uv": [0.75, 7, 1.75, 7.5], "texture": "#0"},
				"up": {"uv": [6, 6.25, 5, 5.25], "rotation": 270, "texture": "#0"},
				"down": {"uv": [1, 6, 0, 7], "rotation": 90, "texture": "#0"}
			}
		},
		{
			"from": [8.04177, 17, 8.07195],
			"to": [12.04177, 19, 12.07195],
			"rotation": {"angle": -45, "axis": "y", "origin": [8, 6.61928, 8.0125]},
			"faces": {
				"north": {"uv": [0.75, 7, 1.75, 7.5], "texture": "#0"},
				"east": {"uv": [0.75, 7, 1.75, 7.5], "texture": "#0"},
				"south": {"uv": [0.75, 7, 1.75, 7.5], "texture": "#0"},
				"west": {"uv": [0.75, 7, 1.75, 7.5], "texture": "#0"},
				"up": {"uv": [6, 6.25, 5, 5.25], "rotation": 270, "texture": "#0"},
				"down": {"uv": [1, 6, 0, 7], "rotation": 90, "texture": "#0"}
			}
		},
		{
			"from": [8.04177, 9, 8.07195],
			"to": [12.04177, 11, 12.07195],
			"rotation": {"angle": -45, "axis": "y", "origin": [8, 6.61928, 8.0125]},
			"faces": {
				"north": {"uv": [0.75, 7, 1.75, 7.5], "texture": "#0"},
				"east": {"uv": [0.75, 7, 1.75, 7.5], "texture": "#0"},
				"south": {"uv": [0.75, 7, 1.75, 7.5], "texture": "#0"},
				"west": {"uv": [0.75, 7, 1.75, 7.5], "texture": "#0"},
				"up": {"uv": [6, 6.25, 5, 5.25], "rotation": 270, "texture": "#0"},
				"down": {"uv": [1, 6, 0, 7], "rotation": 90, "texture": "#0"}
			}
		},
		{
			"from": [8.04177, -9, 8.07195],
			"to": [12.04177, -7, 12.07195],
			"rotation": {"angle": -45, "axis": "y", "origin": [8, 6.61928, 8.0125]},
			"faces": {
				"north": {"uv": [7, 0.75, 8, 1.25], "texture": "#0"},
				"east": {"uv": [7, 0.75, 8, 1.25], "texture": "#0"},
				"south": {"uv": [7, 0.75, 8, 1.25], "texture": "#0"},
				"west": {"uv": [7, 0.75, 8, 1.25], "texture": "#0"},
				"up": {"uv": [2, 7, 1, 6], "rotation": 270, "texture": "#0"},
				"down": {"uv": [3, 6, 2, 7], "rotation": 90, "texture": "#0"}
			}
		},
		{
			"from": [6.9875, -5.43527, 20.16827],
			"to": [8.9875, -1.43527, 24.16827],
			"rotation": {"angle": 45, "axis": "x", "origin": [8, 6.61928, 8.0125]},
			"faces": {
				"north": {"uv": [7, 1.25, 7.5, 2.25], "texture": "#0"},
				"east": {"uv": [4, 6, 3, 7], "texture": "#0"},
				"south": {"uv": [1.75, 7, 2.25, 8], "texture": "#0"},
				"west": {"uv": [3, 6, 4, 7], "texture": "#0"},
				"up": {"uv": [3.25, 7.5, 2.25, 7], "rotation": 270, "texture": "#0"},
				"down": {"uv": [8, 2.25, 7, 2.75], "rotation": 90, "texture": "#0"}
			}
		},
		{
			"from": [8.9875, -2.43527, 23.16827],
			"to": [6.9875, -4.43527, 21.16827],
			"rotation": {"angle": 45, "axis": "x", "origin": [8, 6.61928, 8.0125]},
			"faces": {
				"north": {"uv": [1.75, 7.75, 2.25, 7.25], "texture": "#0"},
				"south": {"uv": [7, 2, 7.5, 1.5], "texture": "#0"},
				"up": {"uv": [7.25, 2.25, 7.75, 2.75], "rotation": 270, "texture": "#0"},
				"down": {"uv": [2.5, 7.5, 3, 7], "rotation": 90, "texture": "#0"}
			}
		},
		{
			"from": [6.4875, -0.08527, 8.51827],
			"to": [9.4875, 3.91473, 12.51827],
			"rotation": {"angle": 45, "axis": "x", "origin": [8, 6.61928, 8.0125]},
			"faces": {
				"north": {"uv": [6.25, 0.75, 7, 1.75], "texture": "#0"},
				"east": {"uv": [7, 5.25, 6, 6.25], "texture": "#0"},
				"south": {"uv": [6.25, 1.75, 7, 2.75], "texture": "#0"},
				"west": {"uv": [6, 5.25, 7, 6.25], "texture": "#0"},
				"up": {"uv": [7.25, 3.5, 6.25, 2.75], "rotation": 270, "texture": "#0"},
				"down": {"uv": [7.25, 3.5, 6.25, 4.25], "rotation": 90, "texture": "#0"}
			}
		},
		{
			"from": [7.9875, -12.22131, -4.26787],
			"to": [8.0375, -9.22131, 2.73213],
			"rotation": {"angle": -22.5, "axis": "x", "origin": [8, 6.61928, 8.0125]},
			"faces": {
				"east": {"uv": [6.75, 4.5, 5, 5.25], "texture": "#0"},
				"west": {"uv": [5, 4.5, 6.75, 5.25], "texture": "#0"}
			}
		},
		{
			"from": [7.9875, -9.18889, 8.87538],
			"to": [8.0375, -6.18889, 15.87538],
			"rotation": {"angle": 22.5, "axis": "x", "origin": [8, 6.61928, 8.0125]},
			"faces": {
				"east": {"uv": [6.75, 5.25, 5, 4.5], "texture": "#0"},
				"west": {"uv": [5, 5.25, 6.75, 4.5], "texture": "#0"}
			}
		},
		{
			"from": [9.11104, 0.49056, 8.4125],
			"to": [14.11104, 5.49056, 13.4125],
			"rotation": {"angle": -45, "axis": "z", "origin": [8, 6.61928, 8.0125]},
			"faces": {
				"north": {"uv": [5, 2, 6.25, 3.25], "texture": "#0"},
				"east": {"uv": [6.25, 2, 5, 0.75], "texture": "#0"},
				"south": {"uv": [5, 3.25, 6.25, 4.5], "texture": "#0"},
				"west": {"uv": [5, 0.75, 6.25, 2], "texture": "#0"},
				"up": {"uv": [6.25, 0.75, 5, 2], "rotation": 270, "texture": "#0"},
				"down": {"uv": [6.25, 0.75, 5, 2], "rotation": 90, "texture": "#0"}
			}
		},
		{
			"from": [7.9875, 2, 2.1125],
			"to": [8.0375, 26, 8.1125],
			"rotation": {"angle": 0, "axis": "y", "origin": [8, 6.61928, 8.0125]},
			"faces": {
				"east": {"uv": [1.5, 0, 0, 6], "texture": "#0"},
				"west": {"uv": [0, 0, 1.5, 6], "texture": "#0"}
			}
		},
		{
			"from": [9.94752, -4.1151, 5.9125],
			"to": [9.99752, 7.8849, 15.9125],
			"rotation": {"angle": -22.5, "axis": "z", "origin": [8, 6.61928, 8.0125]},
			"faces": {
				"east": {"uv": [4, 0, 1.5, 3], "texture": "#0"},
				"west": {"uv": [1.5, 0, 4, 3], "texture": "#0"}
			}
		},
		{
			"from": [6.02939, -4.10553, 5.9125],
			"to": [6.07939, 7.89447, 15.9125],
			"rotation": {"angle": 22.5, "axis": "z", "origin": [8, 6.61928, 8.0125]},
			"faces": {
				"east": {"uv": [4, 0, 1.5, 3], "texture": "#0"},
				"west": {"uv": [1.5, 0, 4, 3], "texture": "#0"}
			}
		}
	],
	"gui_light": "front",
	"display": {
		"thirdperson_righthand": {
			"translation": [0, 3.25, -1],
			"scale": [0.5, 0.5, 0.5]
		},
		"thirdperson_lefthand": {
			"translation": [0, 3.25, -1],
			"scale": [0.5, 0.5, 0.5]
		},
		"firstperson_righthand": {
			"rotation": [-58.98, -5.72, -9.42],
			"translation": [1.25, 3, -0.25],
			"scale": [0.41055, 0.41055, 0.41055]
		},
		"firstperson_lefthand": {
			"rotation": [-58.98, -5.72, -9.42],
			"translation": [1.25, 3, -0.25],
			"scale": [0.41055, 0.41055, 0.41055]
		},
		"ground": {
			"rotation": [0, 0, 80],
			"translation": [-0.25, -1.5, 0],
			"scale": [0.45352, 0.45352, 0.45352]
		},
		"gui": {
			"rotation": [88, 126, -92],
			"translation": [-0.25, -0.25, -1.5],
			"scale": [0.37, 0.37, 0.37]
		},
		"head": {
			"rotation": [-77.97, -13.17, -87.22],
			"translation": [-3.75, 8.5, 1.75],
			"scale": [0.6, 0.6, 0.6]
		},
		"fixed": {
			"rotation": [0, 90, 0],
			"translation": [-4, -1.5, -1.5],
			"scale": [1.11563, 1.11563, 1.11563]
		}
	}
}