{"credit":"Made with Blockbench","texture_size":[64,64],"textures":{"0":"elitecreatures:christmas_holiday_2023/christmas_hood","particle":"elitecreatures:christmas_holiday_2023/christmas_hood"},"elements":[{"from":[3,2,4],"to":[13,12,14],"faces":{"north":{"uv":[0,3.25,2.5,5.75],"texture":"#0"},"east":{"uv":[7.5,3.25,5,5.75],"texture":"#0"},"south":{"uv":[2.5,3.25,5,5.75],"texture":"#0"},"west":{"uv":[5,3.25,7.5,5.75],"texture":"#0"},"up":{"uv":[2.5,8.25,0,5.75],"texture":"#0"}}},{"from":[2.5,1.5,2.5],"to":[13.5,12.5,5.5],"rotation":{"angle":0,"axis":"y","origin":[0,0,-1]},"faces":{"north":{"uv":[0,9.5,2.5,12],"texture":"#0"},"east":{"uv":[3,9.5,2.5,12],"texture":"#0"},"west":{"uv":[2.5,9.5,3,12],"texture":"#0"},"up":{"uv":[2.5,12.5,0,12],"texture":"#0"}}},{"from":[13,12,14],"to":[3,2,4],"rotation":{"angle":0,"axis":"y","origin":[16,16,16]},"faces":{"north":{"uv":[2.5,5.75,5,3.25],"texture":"#0"},"east":{"uv":[5,5.75,7.5,3.25],"texture":"#0"},"south":{"uv":[0,5.75,2.5,3.25],"texture":"#0"},"west":{"uv":[7.5,5.75,5,3.25],"texture":"#0"},"down":{"uv":[0,8.25,2.5,5.75],"texture":"#0"}}},{"from":[-2,4,3.98],"to":[3,9,13.98],"rotation":{"angle":45,"axis":"z","origin":[3,9,0]},"faces":{"north":{"uv":[0,8.25,1.25,9.5],"texture":"#0"},"south":{"uv":[1.25,8.25,2.5,9.5],"texture":"#0"},"west":{"uv":[6,0,8.5,1.25],"texture":"#0"},"up":{"uv":[5.75,9.25,4.5,6.75],"texture":"#0"}}},{"from":[-2.5,3.5,2.48],"to":[3.5,9.5,5.48],"rotation":{"angle":45,"axis":"z","origin":[3,9,-1]},"faces":{"north":{"uv":[3,9.5,4.25,10.75],"texture":"#0"},"west":{"uv":[4.5,9.75,5,11],"texture":"#0"},"up":{"uv":[5.75,9.75,4.5,9.25],"texture":"#0"}}},{"from":[12.5,3.5,2.48],"to":[18.5,9.5,5.48],"rotation":{"angle":-45,"axis":"z","origin":[13,9,-1]},"faces":{"north":{"uv":[4.25,9.5,3,10.75],"texture":"#0"},"east":{"uv":[5,9.75,4.5,11],"texture":"#0"},"up":{"uv":[4.5,9.75,5.75,9.25],"texture":"#0"}}},{"from":[13,4,3.98],"to":[18,9,13.98],"rotation":{"angle":-45,"axis":"z","origin":[13,9,0]},"faces":{"north":{"uv":[1.25,8.25,0,9.5],"texture":"#0"},"east":{"uv":[8.5,0,6,1.25],"texture":"#0"},"south":{"uv":[2.5,8.25,1.25,9.5],"texture":"#0"},"up":{"uv":[4.5,9.25,5.75,6.75],"texture":"#0"}}},{"from":[13.80761,14.87868,13.98],"to":[8.80761,9.87868,3.98],"rotation":{"angle":-45,"axis":"z","origin":[3.80761,6.87868,15.96]},"faces":{"north":{"uv":[2.5,9.5,1.25,8.25],"texture":"#0"},"south":{"uv":[1.25,9.5,0,8.25],"texture":"#0"},"west":{"uv":[8.5,1.25,6,0],"texture":"#0"},"down":{"uv":[5.75,9.25,4.5,6.75],"texture":"#0"}}},{"from":[7.19239,14.87868,13.98],"to":[2.19239,9.87868,3.98],"rotation":{"angle":45,"axis":"z","origin":[12.19239,6.87868,15.96]},"faces":{"north":{"uv":[1.25,9.5,2.5,8.25],"texture":"#0"},"east":{"uv":[6,1.25,8.5,0],"texture":"#0"},"south":{"uv":[0,9.5,1.25,8.25],"texture":"#0"},"down":{"uv":[4.5,9.25,5.75,6.75],"texture":"#0"}}},{"from":[2,-2,3],"to":[14,2,16],"rotation":{"angle":-22.5,"axis":"x","origin":[0,2,4]},"faces":{"north":{"uv":[6,1.25,9,2.25],"texture":"#0"},"east":{"uv":[7.75,5.75,4.5,6.75],"texture":"#0"},"south":{"uv":[6,2.25,9,3.25],"texture":"#0"},"west":{"uv":[4.5,5.75,7.75,6.75],"texture":"#0"},"up":{"uv":[3,3.25,0,0],"texture":"#0"},"down":{"uv":[6,0,3,3.25],"texture":"#0"}}},{"from":[13,5.98324,11.02509],"to":[3,1.98324,0.02509],"rotation":{"angle":-22.5,"axis":"x","origin":[15,13.98324,12.02509]},"faces":{"north":{"uv":[6.25,3.25,8.75,2.25],"texture":"#0"},"east":{"uv":[4.75,6.75,7.5,5.75],"texture":"#0"},"south":{"uv":[6.25,2.25,8.75,1.25],"texture":"#0"},"west":{"uv":[7.5,6.75,4.75,5.75],"texture":"#0"}}},{"from":[4,12,6],"to":[12,18,14],"rotation":{"angle":45,"axis":"x","origin":[5,12,6]},"faces":{"north":{"uv":[5.75,6.75,7.75,8.25],"texture":"#0"},"east":{"uv":[4.5,7.75,2.5,9.25],"texture":"#0"},"south":{"uv":[7.5,3.25,9.5,4.75],"texture":"#0"},"west":{"uv":[2.5,7.75,4.5,9.25],"texture":"#0"},"up":{"uv":[4.5,7.75,2.5,5.75],"texture":"#0"}}},{"from":[6,9,11.3],"to":[10,15,18.3],"rotation":{"angle":0,"axis":"y","origin":[6,15.53553,12.36396]},"faces":{"east":{"uv":[9.5,4.75,7.75,6.25],"texture":"#0"},"south":{"uv":[5.75,8.25,6.75,9.75],"texture":"#0"},"west":{"uv":[7.75,4.75,9.5,6.25],"texture":"#0"},"up":{"uv":[8.75,8,7.75,6.25],"texture":"#0"},"down":{"uv":[8.75,8,7.75,9.75],"texture":"#0"}}},{"from":[5,-3.25,2.5],"to":[9,0.75,6.5],"rotation":{"angle":45,"axis":"y","origin":[8,-0.75,3.5]},"faces":{"north":{"uv":[8.5,0,9.5,1],"texture":"#0"},"east":{"uv":[9.5,0,8.5,1],"texture":"#0"},"south":{"uv":[8.5,0,9.5,1],"texture":"#0"},"west":{"uv":[9.5,0,8.5,1],"texture":"#0"},"up":{"uv":[9.75,7.25,8.75,6.25],"texture":"#0"},"down":{"uv":[9.75,7.25,8.75,8.25],"texture":"#0"}}},{"from":[-6.2,7,11.07],"to":[-2.2,11,15.07],"rotation":{"angle":45,"axis":"y","origin":[8,-0.75,0.87]},"faces":{"north":{"uv":[8.75,9,7.75,10],"texture":"#0"},"east":{"uv":[7.75,9,8.75,10],"texture":"#0"},"south":{"uv":[9.75,8.25,8.75,9.25],"texture":"#0"},"west":{"uv":[8.75,8.25,9.75,9.25],"texture":"#0"},"up":{"uv":[10,2,9,1],"texture":"#0"},"down":{"uv":[10,2,9,3],"texture":"#0"}}},{"from":[4.75,-5.25,5],"to":[7.75,0.75,5.05],"rotation":{"angle":-22.5,"axis":"z","origin":[0,0,1]},"faces":{"north":{"uv":[6.75,8.25,7.5,9.75],"texture":"#0"},"south":{"uv":[6.75,8.25,7.5,9.75],"texture":"#0"}}},{"from":[8.25,-5.25,5],"to":[11.25,0.75,5.05],"rotation":{"angle":22.5,"axis":"z","origin":[16,0,1]},"faces":{"north":{"uv":[7.5,8.25,6.75,9.75],"texture":"#0"},"south":{"uv":[7.5,8.25,6.75,9.75],"texture":"#0"}}}],"gui_light":"front","display":{"thirdperson_righthand":{"rotation":[58.76,3.25,7.85],"translation":[0,2,0],"scale":[0.36055,0.36055,0.36055]},"thirdperson_lefthand":{"rotation":[58.76,3.25,7.85],"translation":[0,2,0],"scale":[0.36055,0.36055,0.36055]},"firstperson_righthand":{"rotation":[-180,65,-180],"translation":[4.25,4.25,-2.75],"scale":[0.54297,0.54297,0.54297]},"firstperson_lefthand":{"rotation":[-180,65,-180],"translation":[4.25,4.25,-2.75],"scale":[0.54297,0.54297,0.54297]},"ground":{"rotation":[54,49,-19],"translation":[0,3.25,0],"scale":[0.5,0.5,0.5]},"gui":{"rotation":[16,169,0],"translation":[0.25,1.5,-2],"scale":[0.60039,0.60039,0.60039]},"head":{"rotation":[-5,0,0],"translation":[0,1.5,-1.25],"scale":[1.4625,1.56992,1.53477]},"fixed":{"translation":[0,1,-8.25],"scale":[1.26578,1.26578,1.26578]}}}