{
  "credit": "Made with Blockbench",
  "texture_size": [
    32,
    32
  ],
  "textures": {
    "1": "elitecreatures:christmas_holiday_2023/christmas_hoe"
  },
  "elements": [
    {
      "from": [
        7.27094,
        -8.25176,
        2.05451
      ],
      "to": [
        7.32094,
        -1.25176,
        5.05451
      ],
      "rotation": {
        "angle": -22.5,
        "axis": "x",
        "origin": [
          7.28344,
          7.85421,
          3
        ]
      },
      "faces": {
        "east": {
          "uv": [
            0,
            8.5,
            1.5,
            12
          ],
          "texture": "#1"
        },
        "west": {
          "uv": [
            0,
            8.5,
            1.5,
            12
          ],
          "texture": "#1"
        }
      }
    },
    {
      "from": [
        7.27094,
        -8.25176,
        9.22453
      ],
      "to": [
        7.32094,
        -1.25176,
        12.22453
      ],
      "rotation": {
        "angle": 22.5,
        "axis": "x",
        "origin": [
          7.28344,
          7.85421,
          3
        ]
      },
      "faces": {
        "east": {
          "uv": [
            1.5,
            8.5,
            0,
            12
          ],
          "texture": "#1"
        },
        "west": {
          "uv": [
            1.5,
            8.5,
            0,
            12
          ],
          "texture": "#1"
        }
      }
    },
    {
      "from": [
        6.27094,
        1.5229,
        11.6678
      ],
      "to": [
        8.27094,
        5.5229,
        15.6678
      ],
      "rotation": {
        "angle": 45,
        "axis": "x",
        "origin": [
          7.28344,
          7.85421,
          3
        ]
      },
      "faces": {
        "north": {
          "uv": [
            1.5,
            10.5,
            2.5,
            12.5
          ],
          "texture": "#1"
        },
        "east": {
          "uv": [
            11,
            10,
            9,
            12
          ],
          "texture": "#1"
        },
        "south": {
          "uv": [
            10.5,
            2,
            11.5,
            4
          ],
          "texture": "#1"
        },
        "west": {
          "uv": [
            9,
            10,
            11,
            12
          ],
          "texture": "#1"
        },
        "up": {
          "uv": [
            4.5,
            11.5,
            2.5,
            10.5
          ],
          "rotation": 270,
          "texture": "#1"
        },
        "down": {
          "uv": [
            13,
            10,
            11,
            11
          ],
          "rotation": 90,
          "texture": "#1"
        }
      }
    },
    {
      "from": [
        8.44286,
        -1.25176,
        4.17709
      ],
      "to": [
        12.44286,
        0.74824,
        8.17709
      ],
      "rotation": {
        "angle": -45,
        "axis": "y",
        "origin": [
          7.28344,
          7.85421,
          3
        ]
      },
      "faces": {
        "north": {
          "uv": [
            10,
            8,
            12,
            9
          ],
          "texture": "#1"
        },
        "east": {
          "uv": [
            10,
            8,
            12,
            9
          ],
          "texture": "#1"
        },
        "south": {
          "uv": [
            10,
            8,
            12,
            9
          ],
          "texture": "#1"
        },
        "west": {
          "uv": [
            10,
            8,
            12,
            9
          ],
          "texture": "#1"
        },
        "up": {
          "uv": [
            3.5,
            10.5,
            1.5,
            8.5
          ],
          "rotation": 270,
          "texture": "#1"
        },
        "down": {
          "uv": [
            12,
            4,
            10,
            6
          ],
          "rotation": 90,
          "texture": "#1"
        }
      }
    },
    {
      "from": [
        9.44286,
        0.74824,
        5.17709
      ],
      "to": [
        11.44286,
        12.74824,
        7.17709
      ],
      "rotation": {
        "angle": -45,
        "axis": "y",
        "origin": [
          7.28344,
          7.85421,
          3
        ]
      },
      "faces": {
        "north": {
          "uv": [
            6,
            8,
            7,
            14
          ],
          "texture": "#1"
        },
        "east": {
          "uv": [
            7,
            8,
            6,
            14
          ],
          "texture": "#1"
        },
        "south": {
          "uv": [
            6,
            8,
            7,
            14
          ],
          "texture": "#1"
        },
        "west": {
          "uv": [
            7,
            8,
            6,
            14
          ],
          "texture": "#1"
        }
      }
    },
    {
      "from": [
        8.44286,
        8.74824,
        4.17709
      ],
      "to": [
        12.44286,
        10.74824,
        8.17709
      ],
      "rotation": {
        "angle": -45,
        "axis": "y",
        "origin": [
          7.28344,
          7.85421,
          3
        ]
      },
      "faces": {
        "north": {
          "uv": [
            10.5,
            0,
            12.5,
            1
          ],
          "texture": "#1"
        },
        "east": {
          "uv": [
            10.5,
            0,
            12.5,
            1
          ],
          "texture": "#1"
        },
        "south": {
          "uv": [
            10.5,
            0,
            12.5,
            1
          ],
          "texture": "#1"
        },
        "west": {
          "uv": [
            10.5,
            0,
            12.5,
            1
          ],
          "texture": "#1"
        },
        "up": {
          "uv": [
            12,
            8,
            10,
            6
          ],
          "rotation": 270,
          "texture": "#1"
        },
        "down": {
          "uv": [
            9,
            10,
            7,
            12
          ],
          "rotation": 90,
          "texture": "#1"
        }
      }
    },
    {
      "from": [
        7.94286,
        12.74824,
        3.67709
      ],
      "to": [
        12.94286,
        17.74824,
        8.67709
      ],
      "rotation": {
        "angle": -45,
        "axis": "y",
        "origin": [
          7.28344,
          7.85421,
          3
        ]
      },
      "faces": {
        "north": {
          "uv": [
            7.5,
            4,
            10,
            6.5
          ],
          "texture": "#1"
        },
        "east": {
          "uv": [
            10,
            4,
            7.5,
            6.5
          ],
          "texture": "#1"
        },
        "south": {
          "uv": [
            7.5,
            4,
            10,
            6.5
          ],
          "texture": "#1"
        },
        "west": {
          "uv": [
            10,
            4,
            7.5,
            6.5
          ],
          "texture": "#1"
        },
        "up": {
          "uv": [
            10,
            9,
            7.5,
            6.5
          ],
          "rotation": 270,
          "texture": "#1"
        },
        "down": {
          "uv": [
            6,
            8,
            3.5,
            10.5
          ],
          "rotation": 90,
          "texture": "#1"
        }
      }
    },
    {
      "from": [
        8.98654,
        9.74824,
        1.1443
      ],
      "to": [
        9.03654,
        20.74824,
        13.1443
      ],
      "rotation": {
        "angle": -22.5,
        "axis": "y",
        "origin": [
          7.28344,
          7.85421,
          3
        ]
      },
      "faces": {
        "east": {
          "uv": [
            0,
            0,
            6,
            5.5
          ],
          "texture": "#1"
        },
        "west": {
          "uv": [
            0,
            0,
            6,
            5.5
          ],
          "texture": "#1"
        }
      }
    },
    {
      "from": [
        5.55725,
        9.74824,
        1.13473
      ],
      "to": [
        5.60725,
        20.74824,
        13.13473
      ],
      "rotation": {
        "angle": 22.5,
        "axis": "y",
        "origin": [
          7.28344,
          7.85421,
          3
        ]
      },
      "faces": {
        "east": {
          "uv": [
            0,
            0,
            6,
            5.5
          ],
          "texture": "#1"
        },
        "west": {
          "uv": [
            0,
            0,
            6,
            5.5
          ],
          "texture": "#1"
        }
      }
    },
    {
      "from": [
        8.94286,
        17.74824,
        4.67709
      ],
      "to": [
        11.94286,
        19.74824,
        7.67709
      ],
      "rotation": {
        "angle": -45,
        "axis": "y",
        "origin": [
          7.28344,
          7.85421,
          3
        ]
      },
      "faces": {
        "north": {
          "uv": [
            4.5,
            10.5,
            6,
            11.5
          ],
          "texture": "#1"
        },
        "east": {
          "uv": [
            6,
            10.5,
            4.5,
            11.5
          ],
          "texture": "#1"
        },
        "south": {
          "uv": [
            4.5,
            10.5,
            6,
            11.5
          ],
          "texture": "#1"
        },
        "west": {
          "uv": [
            6,
            10.5,
            4.5,
            11.5
          ],
          "texture": "#1"
        },
        "up": {
          "uv": [
            7.5,
            5.5,
            6,
            4
          ],
          "rotation": 270,
          "texture": "#1"
        }
      }
    },
    {
      "from": [
        7.27094,
        19.74824,
        3.98058
      ],
      "to": [
        7.32094,
        25.74824,
        10.98058
      ],
      "rotation": {
        "angle": 0,
        "axis": "y",
        "origin": [
          7.28344,
          7.85421,
          3
        ]
      },
      "faces": {
        "east": {
          "uv": [
            0,
            5.5,
            3.5,
            8.5
          ],
          "texture": "#1"
        },
        "west": {
          "uv": [
            0,
            5.5,
            3.5,
            8.5
          ],
          "texture": "#1"
        }
      }
    },
    {
      "from": [
        5.27094,
        14.74824,
        -2.01942
      ],
      "to": [
        9.27094,
        16.74824,
        5.98058
      ],
      "rotation": {
        "angle": 0,
        "axis": "y",
        "origin": [
          7.28344,
          7.85421,
          3
        ]
      },
      "faces": {
        "north": {
          "uv": [
            10.5,
            1,
            12.5,
            2
          ],
          "texture": "#1"
        },
        "east": {
          "uv": [
            11.5,
            9,
            7.5,
            10
          ],
          "texture": "#1"
        },
        "west": {
          "uv": [
            7.5,
            9,
            11.5,
            10
          ],
          "texture": "#1"
        },
        "up": {
          "uv": [
            10.5,
            2,
            6.5,
            0
          ],
          "rotation": 270,
          "texture": "#1"
        },
        "down": {
          "uv": [
            10.5,
            2,
            6.5,
            4
          ],
          "rotation": 90,
          "texture": "#1"
        }
      }
    },
    {
      "from": [
        3.27094,
        4.88687,
        -6.13119
      ],
      "to": [
        11.27094,
        9.88687,
        -6.08119
      ],
      "rotation": {
        "angle": 45,
        "axis": "x",
        "origin": [
          7.28344,
          7.85421,
          3
        ]
      },
      "faces": {
        "north": {
          "uv": [
            3.5,
            5.5,
            7.5,
            8
          ],
          "texture": "#1"
        },
        "south": {
          "uv": [
            3.5,
            5.5,
            7.5,
            8
          ],
          "texture": "#1"
        }
      }
    },
    {
      "from": [
        8.27094,
        4.5229,
        14.6678
      ],
      "to": [
        6.27094,
        2.5229,
        12.6678
      ],
      "rotation": {
        "angle": 45,
        "axis": "x",
        "origin": [
          7.28344,
          7.85421,
          3
        ]
      },
      "faces": {
        "north": {
          "uv": [
            10.5,
            3.5,
            11.5,
            2.5
          ],
          "texture": "#1"
        },
        "south": {
          "uv": [
            1.5,
            12,
            2.5,
            11
          ],
          "texture": "#1"
        },
        "up": {
          "uv": [
            11.5,
            10,
            12.5,
            11
          ],
          "rotation": 270,
          "texture": "#1"
        },
        "down": {
          "uv": [
            3,
            11.5,
            4,
            10.5
          ],
          "rotation": 90,
          "texture": "#1"
        }
      }
    }
  ],
  "gui_light": "front",
  "display": {
    "thirdperson_righthand": {
      "translation": [
        0,
        1,
        1.75
      ],
      "scale": [
        0.75,
        0.75,
        0.75
      ]
    },
    "thirdperson_lefthand": {
      "translation": [
        0,
        1,
        1.75
      ],
      "scale": [
        0.75,
        0.75,
        0.75
      ]
    },
    "firstperson_righthand": {
      "rotation": [
        -4,
        18,
        13
      ],
      "translation": [
        4.25,
        1,
        -3.5
      ],
      "scale": [
        0.65625,
        0.65625,
        0.65625
      ]
    },
    "firstperson_lefthand": {
      "rotation": [
        -4,
        18,
        13
      ],
      "translation": [
        4.25,
        1,
        -3.5
      ],
      "scale": [
        0.65625,
        0.65625,
        0.65625
      ]
    },
    "ground": {
      "rotation": [
        94,
        85,
        0
      ],
      "translation": [
        0,
        0,
        -1.75
      ],
      "scale": [
        0.5,
        0.5,
        0.5
      ]
    },
    "gui": {
      "rotation": [
        -128,
        36,
        121
      ],
      "translation": [
        0.25,
        0,
        0
      ],
      "scale": [
        0.46617,
        0.46617,
        0.46617
      ]
    },
    "head": {
      "rotation": [
        90,
        -171,
        90
      ],
      "translation": [
        -2.25,
        9.25,
        0.25
      ],
      "scale": [
        0.7,
        0.7,
        0.7
      ]
    },
    "fixed": {
      "rotation": [
        0,
        76,
        0
      ],
      "translation": [
        0.25,
        -4,
        -1.25
      ],
      "scale": [
        1.42109,
        1.42109,
        1.42109
      ]
    }
  }
}