{
  "credit": "MadewithBlockbench",
  "texture_size": [
    128,
    128
  ],
  "textures": {
    "0": "elitecreatures:bahamut_animated_weapon_set/bahamut_texture_01",
    "2": "elitecreatures:bahamut_animated_weapon_set/bahamut_animation_02",
    "4": "elitecreatures:bahamut_animated_weapon_set/bahamut_animation_03",
    "particle": "elitecreatures:bahamut_animated_weapon_set/bahamut_texture_01"
  },
  "elements": [
    {
      "from": [
        7.43105,
        2.16895,
        5.4
      ],
      "to": [
        11.93105,
        8.16895,
        10.6
      ],
      "rotation": {
        "angle": 0,
        "axis": "y",
        "origin": [
          9.63105,
          6.3,
          8
        ]
      },
      "faces": {
        "north": {
          "uv": [
            0.5625,
            0,
            0,
            0.75
          ],
          "texture": "#0"
        },
        "east": {
          "uv": [
            0.5625,
            0,
            1.1875,
            0.75
          ],
          "texture": "#0"
        },
        "south": {
          "uv": [
            0,
            0,
            0.5625,
            0.75
          ],
          "texture": "#0"
        },
        "west": {
          "uv": [
            0.5625,
            0,
            1.1875,
            0.75
          ],
          "texture": "#0"
        },
        "up": {
          "uv": [
            0,
            0.75,
            0.5625,
            1.375
          ],
          "texture": "#0"
        },
        "down": {
          "uv": [
            0,
            0.75,
            0.5625,
            1.375
          ],
          "texture": "#0"
        }
      }
    },
    {
      "from": [
        7.43105,
        8.2,
        5.75
      ],
      "to": [
        9.93105,
        12.2,
        10.25
      ],
      "rotation": {
        "angle": -45,
        "axis": "z",
        "origin": [
          7.38105,
          8.16895,
          8
        ]
      },
      "faces": {
        "north": {
          "uv": [
            0.875,
            0.75,
            1.1875,
            1.25
          ],
          "texture": "#0"
        },
        "east": {
          "uv": [
            1.1875,
            0,
            1.75,
            0.5
          ],
          "texture": "#0"
        },
        "south": {
          "uv": [
            0.875,
            0.75,
            1.1875,
            1.25
          ],
          "texture": "#0"
        },
        "west": {
          "uv": [
            1.1875,
            0.5,
            1.75,
            1
          ],
          "texture": "#0"
        },
        "up": {
          "uv": [
            0.5625,
            0.75,
            0.875,
            1.3125
          ],
          "texture": "#0"
        },
        "down": {
          "uv": [
            0.5625,
            0.75,
            0.875,
            1.3125
          ],
          "texture": "#0"
        }
      }
    },
    {
      "from": [
        5.93105,
        2.16895,
        6.25
      ],
      "to": [
        7.43105,
        8.16895,
        9.75
      ],
      "rotation": {
        "angle": 0,
        "axis": "y",
        "origin": [
          9.63105,
          2.3,
          8
        ]
      },
      "faces": {
        "north": {
          "uv": [
            2.5625,
            0.5625,
            2.375,
            1.3125
          ],
          "texture": "#0"
        },
        "east": {
          "uv": [
            1.9375,
            0.5625,
            2.375,
            1.3125
          ],
          "texture": "#0"
        },
        "south": {
          "uv": [
            2.375,
            0.5625,
            2.5625,
            1.3125
          ],
          "texture": "#0"
        },
        "west": {
          "uv": [
            1.9375,
            0.5625,
            2.375,
            1.3125
          ],
          "texture": "#0"
        },
        "up": {
          "uv": [
            1.75,
            0.9375,
            1.9375,
            1.375
          ],
          "texture": "#0"
        },
        "down": {
          "uv": [
            1.75,
            0.9375,
            1.9375,
            1.375
          ],
          "texture": "#0"
        }
      }
    },
    {
      "from": [
        6.03105,
        7.5,
        6.5
      ],
      "to": [
        7.53105,
        12,
        9.5
      ],
      "rotation": {
        "angle": 45,
        "axis": "z",
        "origin": [
          7.53105,
          8.16895,
          8
        ]
      },
      "faces": {
        "north": {
          "uv": [
            1.9375,
            0,
            1.75,
            0.5625
          ],
          "texture": "#0"
        },
        "east": {
          "uv": [
            2.3125,
            0,
            2.6875,
            0.5625
          ],
          "texture": "#0"
        },
        "south": {
          "uv": [
            1.75,
            0,
            1.9375,
            0.5625
          ],
          "texture": "#0"
        },
        "west": {
          "uv": [
            1.9375,
            0,
            2.3125,
            0.5625
          ],
          "texture": "#0"
        },
        "up": {
          "uv": [
            1.75,
            0.5625,
            1.9375,
            0.9375
          ],
          "texture": "#0"
        },
        "down": {
          "uv": [
            1.75,
            0.5625,
            1.9375,
            0.9375
          ],
          "texture": "#0"
        }
      }
    },
    {
      "from": [
        5.79509,
        2.16895,
        5.8028
      ],
      "to": [
        8.29509,
        7.16895,
        7.8028
      ],
      "rotation": {
        "angle": -22.5,
        "axis": "y",
        "origin": [
          9.63105,
          6.3,
          7.5
        ]
      },
      "faces": {
        "north": {
          "uv": [
            2.6875,
            0,
            3,
            0.625
          ],
          "rotation": 180,
          "texture": "#0"
        },
        "east": {
          "uv": [
            3,
            0,
            3.25,
            0.625
          ],
          "texture": "#0"
        },
        "south": {
          "uv": [
            2.6875,
            0,
            3,
            0.625
          ],
          "rotation": 180,
          "texture": "#0"
        },
        "west": {
          "uv": [
            3,
            0,
            3.25,
            0.625
          ],
          "texture": "#0"
        },
        "up": {
          "uv": [
            1.1875,
            1,
            1.5,
            1.25
          ],
          "texture": "#0"
        },
        "down": {
          "uv": [
            1.1875,
            1,
            1.5,
            1.25
          ],
          "texture": "#0"
        }
      }
    },
    {
      "from": [
        10.52153,
        3.90231,
        5
      ],
      "to": [
        12.52153,
        7.90231,
        7.5
      ],
      "rotation": {
        "angle": 22.5,
        "axis": "z",
        "origin": [
          9.63105,
          6.3,
          8
        ]
      },
      "faces": {
        "north": {
          "uv": [
            2.875,
            0.625,
            3.125,
            1.125
          ],
          "rotation": 180,
          "texture": "#0"
        },
        "east": {
          "uv": [
            2.5625,
            0.625,
            2.875,
            1.125
          ],
          "texture": "#0"
        },
        "south": {
          "uv": [
            2.875,
            0.625,
            3.125,
            1.125
          ],
          "rotation": 180,
          "texture": "#0"
        },
        "west": {
          "uv": [
            2.5625,
            0.625,
            2.875,
            1.125
          ],
          "texture": "#0"
        },
        "up": {
          "uv": [
            1.5,
            1.1875,
            1.75,
            1.5
          ],
          "texture": "#0"
        },
        "down": {
          "uv": [
            1.5,
            1.1875,
            1.75,
            1.5
          ],
          "texture": "#0"
        }
      }
    },
    {
      "from": [
        6.43105,
        1.16895,
        6
      ],
      "to": [
        10.93105,
        2.16895,
        10
      ],
      "rotation": {
        "angle": 0,
        "axis": "y",
        "origin": [
          9.63105,
          6.3,
          8
        ]
      },
      "faces": {
        "north": {
          "uv": [
            0.25,
            1.625,
            0.8125,
            1.75
          ],
          "texture": "#0"
        },
        "east": {
          "uv": [
            0.25,
            1.625,
            0.75,
            1.75
          ],
          "texture": "#0"
        },
        "south": {
          "uv": [
            0.25,
            1.625,
            0.8125,
            1.75
          ],
          "texture": "#0"
        },
        "west": {
          "uv": [
            0.25,
            1.625,
            0.75,
            1.75
          ],
          "texture": "#0"
        },
        "up": {
          "uv": [
            0.9375,
            1.25,
            1.5,
            1.75
          ],
          "texture": "#0"
        },
        "down": {
          "uv": [
            0.9375,
            1.25,
            1.5,
            1.75
          ],
          "texture": "#0"
        }
      }
    },
    {
      "from": [
        7.6,
        -2,
        6
      ],
      "to": [
        12.1,
        3,
        11
      ],
      "rotation": {
        "angle": 45,
        "axis": "x",
        "origin": [
          8.18105,
          1.16895,
          8
        ]
      },
      "faces": {
        "north": {
          "uv": [
            3.0625,
            5.1875,
            2.5,
            5.8125
          ],
          "rotation": 180,
          "texture": "#0"
        },
        "east": {
          "uv": [
            1.875,
            5.1875,
            2.5,
            5.8125
          ],
          "rotation": 90,
          "texture": "#0"
        },
        "south": {
          "uv": [
            2.5,
            5.1875,
            3.0625,
            5.8125
          ],
          "rotation": 180,
          "texture": "#0"
        },
        "west": {
          "uv": [
            2.5,
            5.1875,
            1.875,
            5.8125
          ],
          "rotation": 90,
          "texture": "#0"
        },
        "up": {
          "uv": [
            2.5,
            5.1875,
            3.0625,
            5.8125
          ],
          "rotation": 180,
          "texture": "#0"
        },
        "down": {
          "uv": [
            2.5,
            5.1875,
            3.0625,
            5.8125
          ],
          "rotation": 180,
          "texture": "#0"
        }
      }
    },
    {
      "from": [
        11.33105,
        2.06895,
        5.5
      ],
      "to": [
        13.33105,
        5.06895,
        7.5
      ],
      "rotation": {
        "angle": 22.5,
        "axis": "x",
        "origin": [
          9.63105,
          6.3,
          8
        ]
      },
      "faces": {
        "north": {
          "uv": [
            2,
            1.3125,
            2.25,
            1.6875
          ],
          "texture": "#0"
        },
        "east": {
          "uv": [
            1.75,
            1.375,
            2,
            1.75
          ],
          "texture": "#0"
        },
        "south": {
          "uv": [
            2,
            1.3125,
            2.25,
            1.6875
          ],
          "texture": "#0"
        },
        "west": {
          "uv": [
            1.75,
            1.375,
            2,
            1.75
          ],
          "texture": "#0"
        },
        "up": {
          "uv": [
            1.5,
            1.5,
            1.75,
            1.75
          ],
          "texture": "#0"
        },
        "down": {
          "uv": [
            1.5,
            1.5,
            1.75,
            1.75
          ],
          "texture": "#0"
        }
      }
    },
    {
      "from": [
        9.68365,
        -9.51814,
        6.50313
      ],
      "to": [
        15.68365,
        -3.51814,
        6.50313
      ],
      "rotation": {
        "angle": -22.5,
        "axis": "z",
        "origin": [
          13.2,
          -2.68188,
          6.50313
        ]
      },
      "faces": {
        "north": {
          "uv": [
            12.5625,
            0.75,
            13.3125,
            0
          ],
          "rotation": 90,
          "texture": "#0"
        },
        "east": {
          "uv": [
            1.0625,
            1.75,
            1.3,
            2.125
          ],
          "texture": "#0"
        },
        "south": {
          "uv": [
            12.5625,
            0,
            13.3125,
            0.75
          ],
          "rotation": 90,
          "texture": "#0"
        },
        "west": {
          "uv": [
            1.0625,
            1.75,
            1.3,
            2.125
          ],
          "texture": "#0"
        },
        "up": {
          "uv": [
            1.6125,
            2,
            1.375,
            1.75
          ],
          "rotation": 270,
          "texture": "#0"
        },
        "down": {
          "uv": [
            1.6125,
            2,
            1.375,
            1.75
          ],
          "rotation": 270,
          "texture": "#0"
        }
      }
    },
    {
      "from": [
        11.57066,
        -1.62723,
        6.50313
      ],
      "to": [
        17.57066,
        4.37277,
        6.50313
      ],
      "rotation": {
        "angle": 22.5,
        "axis": "z",
        "origin": [
          13.2,
          -2.68188,
          6.50313
        ]
      },
      "faces": {
        "north": {
          "uv": [
            12.5625,
            0.75,
            13.3125,
            0
          ],
          "rotation": 90,
          "texture": "#0"
        },
        "east": {
          "uv": [
            1.0625,
            1.75,
            1.3,
            2.125
          ],
          "texture": "#0"
        },
        "south": {
          "uv": [
            12.5625,
            0,
            13.3125,
            0.75
          ],
          "rotation": 90,
          "texture": "#0"
        },
        "west": {
          "uv": [
            1.0625,
            1.75,
            1.3,
            2.125
          ],
          "texture": "#0"
        },
        "up": {
          "uv": [
            1.6125,
            2,
            1.375,
            1.75
          ],
          "rotation": 270,
          "texture": "#0"
        },
        "down": {
          "uv": [
            1.6125,
            2,
            1.375,
            1.75
          ],
          "rotation": 270,
          "texture": "#0"
        }
      }
    },
    {
      "from": [
        9.82544,
        -5.47003,
        6.50313
      ],
      "to": [
        15.82544,
        0.52997,
        6.50313
      ],
      "rotation": {
        "angle": 0,
        "axis": "y",
        "origin": [
          13.2,
          -2.68188,
          6.50313
        ]
      },
      "faces": {
        "north": {
          "uv": [
            12.5625,
            0.75,
            13.3125,
            0
          ],
          "rotation": 90,
          "texture": "#0"
        },
        "east": {
          "uv": [
            1.0625,
            1.75,
            1.3,
            2.125
          ],
          "texture": "#0"
        },
        "south": {
          "uv": [
            12.5625,
            0,
            13.3125,
            0.75
          ],
          "rotation": 90,
          "texture": "#0"
        },
        "west": {
          "uv": [
            1.0625,
            1.75,
            1.3,
            2.125
          ],
          "texture": "#0"
        },
        "up": {
          "uv": [
            1.6125,
            2,
            1.375,
            1.75
          ],
          "rotation": 270,
          "texture": "#0"
        },
        "down": {
          "uv": [
            1.6125,
            2,
            1.375,
            1.75
          ],
          "rotation": 270,
          "texture": "#0"
        }
      }
    },
    {
      "from": [
        11.57066,
        -1.62723,
        9.49687
      ],
      "to": [
        17.57066,
        4.37277,
        9.49687
      ],
      "rotation": {
        "angle": 22.5,
        "axis": "z",
        "origin": [
          13.2,
          -2.68188,
          9.49687
        ]
      },
      "faces": {
        "north": {
          "uv": [
            12.5625,
            0.75,
            13.3125,
            0
          ],
          "rotation": 90,
          "texture": "#0"
        },
        "east": {
          "uv": [
            1.3,
            1.75,
            1.0625,
            2.125
          ],
          "texture": "#0"
        },
        "south": {
          "uv": [
            12.5625,
            0,
            13.3125,
            0.75
          ],
          "rotation": 90,
          "texture": "#0"
        },
        "west": {
          "uv": [
            1.3,
            1.75,
            1.0625,
            2.125
          ],
          "texture": "#0"
        },
        "up": {
          "uv": [
            1.375,
            2,
            1.6125,
            1.75
          ],
          "rotation": 270,
          "texture": "#0"
        },
        "down": {
          "uv": [
            1.375,
            2,
            1.6125,
            1.75
          ],
          "rotation": 270,
          "texture": "#0"
        }
      }
    },
    {
      "from": [
        9.82544,
        -5.47003,
        9.49687
      ],
      "to": [
        15.82544,
        0.52997,
        9.49687
      ],
      "rotation": {
        "angle": 0,
        "axis": "y",
        "origin": [
          13.2,
          -2.68188,
          9.49687
        ]
      },
      "faces": {
        "north": {
          "uv": [
            12.5625,
            0.75,
            13.3125,
            0
          ],
          "rotation": 90,
          "texture": "#0"
        },
        "east": {
          "uv": [
            1.3,
            1.75,
            1.0625,
            2.125
          ],
          "texture": "#0"
        },
        "south": {
          "uv": [
            12.5625,
            0,
            13.3125,
            0.75
          ],
          "rotation": 90,
          "texture": "#0"
        },
        "west": {
          "uv": [
            1.3,
            1.75,
            1.0625,
            2.125
          ],
          "texture": "#0"
        },
        "up": {
          "uv": [
            1.375,
            2,
            1.6125,
            1.75
          ],
          "rotation": 270,
          "texture": "#0"
        },
        "down": {
          "uv": [
            1.375,
            2,
            1.6125,
            1.75
          ],
          "rotation": 270,
          "texture": "#0"
        }
      }
    },
    {
      "from": [
        9.68365,
        -9.51814,
        9.49687
      ],
      "to": [
        15.68365,
        -3.51814,
        9.49687
      ],
      "rotation": {
        "angle": -22.5,
        "axis": "z",
        "origin": [
          13.2,
          -2.68188,
          9.49687
        ]
      },
      "faces": {
        "north": {
          "uv": [
            12.5625,
            0.75,
            13.3125,
            0
          ],
          "rotation": 90,
          "texture": "#0"
        },
        "east": {
          "uv": [
            1.3,
            1.75,
            1.0625,
            2.125
          ],
          "texture": "#0"
        },
        "south": {
          "uv": [
            12.5625,
            0,
            13.3125,
            0.75
          ],
          "rotation": 90,
          "texture": "#0"
        },
        "west": {
          "uv": [
            1.3,
            1.75,
            1.0625,
            2.125
          ],
          "texture": "#0"
        },
        "up": {
          "uv": [
            1.375,
            2,
            1.6125,
            1.75
          ],
          "rotation": 270,
          "texture": "#0"
        },
        "down": {
          "uv": [
            1.375,
            2,
            1.6125,
            1.75
          ],
          "rotation": 270,
          "texture": "#0"
        }
      }
    },
    {
      "from": [
        8.33105,
        0.43534,
        6.52284
      ],
      "to": [
        10.33105,
        3.93534,
        8.52284
      ],
      "rotation": {
        "angle": 45,
        "axis": "x",
        "origin": [
          9.63105,
          6.3,
          8
        ]
      },
      "faces": {
        "north": {
          "uv": [
            0.25,
            1.375,
            0,
            1.8125
          ],
          "rotation": 180,
          "texture": "#0"
        },
        "east": {
          "uv": [
            0.25,
            1.375,
            0,
            1.8125
          ],
          "rotation": 180,
          "texture": "#0"
        },
        "south": {
          "uv": [
            0.25,
            1.375,
            0,
            1.8125
          ],
          "rotation": 180,
          "texture": "#0"
        },
        "west": {
          "uv": [
            0.25,
            1.375,
            0,
            1.8125
          ],
          "rotation": 180,
          "texture": "#0"
        },
        "up": {
          "uv": [
            0.5,
            1.375,
            0.25,
            1.625
          ],
          "rotation": 180,
          "texture": "#0"
        },
        "down": {
          "uv": [
            0.5,
            1.375,
            0.25,
            1.625
          ],
          "rotation": 180,
          "texture": "#0"
        }
      }
    },
    {
      "from": [
        8.73105,
        1.5,
        2.05397
      ],
      "to": [
        10.23105,
        3,
        4.55397
      ],
      "rotation": {
        "angle": -22.5,
        "axis": "x",
        "origin": [
          9.48105,
          0.75142,
          2.80397
        ]
      },
      "faces": {
        "north": {
          "uv": [
            1.5,
            1.1875,
            1.6875,
            1
          ],
          "rotation": 270,
          "texture": "#0"
        },
        "east": {
          "uv": [
            0.5625,
            1.625,
            0.75,
            1.3125
          ],
          "rotation": 90,
          "texture": "#0"
        },
        "south": {
          "uv": [
            1.5,
            1.1875,
            1.6875,
            1
          ],
          "rotation": 270,
          "texture": "#0"
        },
        "west": {
          "uv": [
            0.5625,
            1.625,
            0.75,
            1.3125
          ],
          "rotation": 90,
          "texture": "#0"
        },
        "up": {
          "uv": [
            0.75,
            1.625,
            0.9375,
            1.3125
          ],
          "texture": "#0"
        },
        "down": {
          "uv": [
            0.75,
            1.625,
            0.9375,
            1.3125
          ],
          "texture": "#0"
        }
      }
    },
    {
      "from": [
        8.73105,
        1.5,
        11.44603
      ],
      "to": [
        10.23105,
        3,
        13.94603
      ],
      "rotation": {
        "angle": 22.5,
        "axis": "x",
        "origin": [
          9.48105,
          0.75142,
          13.19603
        ]
      },
      "faces": {
        "north": {
          "uv": [
            1.5,
            1,
            1.6875,
            1.1875
          ],
          "rotation": 270,
          "texture": "#0"
        },
        "east": {
          "uv": [
            0.5625,
            1.3125,
            0.75,
            1.625
          ],
          "rotation": 90,
          "texture": "#0"
        },
        "south": {
          "uv": [
            1.5,
            1,
            1.6875,
            1.1875
          ],
          "rotation": 270,
          "texture": "#0"
        },
        "west": {
          "uv": [
            0.5625,
            1.3125,
            0.75,
            1.625
          ],
          "rotation": 90,
          "texture": "#0"
        },
        "up": {
          "uv": [
            0.75,
            1.3125,
            0.9375,
            1.625
          ],
          "texture": "#0"
        },
        "down": {
          "uv": [
            0.75,
            1.3125,
            0.9375,
            1.625
          ],
          "texture": "#0"
        }
      }
    },
    {
      "from": [
        8.33105,
        0.43534,
        7.47716
      ],
      "to": [
        10.33105,
        3.93534,
        9.47716
      ],
      "rotation": {
        "angle": -45,
        "axis": "x",
        "origin": [
          9.63105,
          6.3,
          8
        ]
      },
      "faces": {
        "north": {
          "uv": [
            0,
            1.375,
            0.25,
            1.8125
          ],
          "rotation": 180,
          "texture": "#0"
        },
        "east": {
          "uv": [
            0,
            1.375,
            0.25,
            1.8125
          ],
          "rotation": 180,
          "texture": "#0"
        },
        "south": {
          "uv": [
            0,
            1.375,
            0.25,
            1.8125
          ],
          "rotation": 180,
          "texture": "#0"
        },
        "west": {
          "uv": [
            0,
            1.375,
            0.25,
            1.8125
          ],
          "rotation": 180,
          "texture": "#0"
        },
        "up": {
          "uv": [
            0.5,
            1.625,
            0.25,
            1.375
          ],
          "rotation": 180,
          "texture": "#0"
        },
        "down": {
          "uv": [
            0.5,
            1.625,
            0.25,
            1.375
          ],
          "rotation": 180,
          "texture": "#0"
        }
      }
    },
    {
      "from": [
        5.79509,
        2.16895,
        8.1972
      ],
      "to": [
        8.29509,
        7.16895,
        10.1972
      ],
      "rotation": {
        "angle": 22.5,
        "axis": "y",
        "origin": [
          9.63105,
          6.3,
          8.5
        ]
      },
      "faces": {
        "north": {
          "uv": [
            3,
            0,
            2.6875,
            0.625
          ],
          "rotation": 180,
          "texture": "#0"
        },
        "east": {
          "uv": [
            3.25,
            0,
            3,
            0.625
          ],
          "texture": "#0"
        },
        "south": {
          "uv": [
            3,
            0,
            2.6875,
            0.625
          ],
          "rotation": 180,
          "texture": "#0"
        },
        "west": {
          "uv": [
            3.25,
            0,
            3,
            0.625
          ],
          "texture": "#0"
        },
        "up": {
          "uv": [
            1.1875,
            1.25,
            1.5,
            1
          ],
          "texture": "#0"
        },
        "down": {
          "uv": [
            1.1875,
            1.25,
            1.5,
            1
          ],
          "texture": "#0"
        }
      }
    },
    {
      "from": [
        11.33105,
        2.06895,
        8.5
      ],
      "to": [
        13.33105,
        5.06895,
        10.5
      ],
      "rotation": {
        "angle": -22.5,
        "axis": "x",
        "origin": [
          9.63105,
          6.3,
          8
        ]
      },
      "faces": {
        "north": {
          "uv": [
            2.25,
            1.3125,
            2,
            1.6875
          ],
          "texture": "#0"
        },
        "east": {
          "uv": [
            2,
            1.375,
            1.75,
            1.75
          ],
          "texture": "#0"
        },
        "south": {
          "uv": [
            2.25,
            1.3125,
            2,
            1.6875
          ],
          "texture": "#0"
        },
        "west": {
          "uv": [
            2,
            1.375,
            1.75,
            1.75
          ],
          "texture": "#0"
        },
        "up": {
          "uv": [
            1.5,
            1.75,
            1.75,
            1.5
          ],
          "texture": "#0"
        },
        "down": {
          "uv": [
            1.5,
            1.75,
            1.75,
            1.5
          ],
          "texture": "#0"
        }
      }
    },
    {
      "from": [
        10.52153,
        3.90231,
        8.5
      ],
      "to": [
        12.52153,
        7.90231,
        11
      ],
      "rotation": {
        "angle": 22.5,
        "axis": "z",
        "origin": [
          9.63105,
          6.3,
          8
        ]
      },
      "faces": {
        "north": {
          "uv": [
            3.125,
            0.625,
            2.875,
            1.125
          ],
          "rotation": 180,
          "texture": "#0"
        },
        "east": {
          "uv": [
            2.875,
            0.625,
            2.5625,
            1.125
          ],
          "texture": "#0"
        },
        "south": {
          "uv": [
            3.125,
            0.625,
            2.875,
            1.125
          ],
          "rotation": 180,
          "texture": "#0"
        },
        "west": {
          "uv": [
            2.875,
            0.625,
            2.5625,
            1.125
          ],
          "texture": "#0"
        },
        "up": {
          "uv": [
            1.5,
            1.5,
            1.75,
            1.1875
          ],
          "texture": "#0"
        },
        "down": {
          "uv": [
            1.5,
            1.5,
            1.75,
            1.1875
          ],
          "texture": "#0"
        }
      }
    },
    {
      "from": [
        12.5,
        -2.93105,
        9.5
      ],
      "to": [
        15.5,
        5.06895,
        9.5
      ],
      "rotation": {
        "angle": -22.5,
        "axis": "x",
        "origin": [
          9.63105,
          6.3,
          8
        ]
      },
      "faces": {
        "north": {
          "uv": [
            4.4375,
            0.3125,
            4.8125,
            1.3125
          ],
          "texture": "#0"
        },
        "east": {
          "uv": [
            1.75,
            1.375,
            1.75,
            2.375
          ],
          "texture": "#0"
        },
        "south": {
          "uv": [
            4.8125,
            0.3125,
            4.4375,
            1.3125
          ],
          "texture": "#0"
        },
        "west": {
          "uv": [
            2,
            1.375,
            1.75,
            1.75
          ],
          "texture": "#0"
        },
        "up": {
          "uv": [
            1.5,
            1.75,
            1.75,
            1.5
          ],
          "texture": "#0"
        },
        "down": {
          "uv": [
            1.5,
            1.75,
            1.75,
            1.5
          ],
          "texture": "#0"
        }
      }
    },
    {
      "from": [
        12.5,
        -2.93105,
        6.5
      ],
      "to": [
        15.5,
        5.06895,
        6.5
      ],
      "rotation": {
        "angle": 22.5,
        "axis": "x",
        "origin": [
          9.63105,
          6.3,
          8
        ]
      },
      "faces": {
        "north": {
          "uv": [
            4.4375,
            0.3125,
            4.8125,
            1.3125
          ],
          "texture": "#0"
        },
        "east": {
          "uv": [
            1.75,
            1.375,
            1.75,
            2.375
          ],
          "texture": "#0"
        },
        "south": {
          "uv": [
            4.8125,
            0.3125,
            4.4375,
            1.3125
          ],
          "texture": "#0"
        },
        "west": {
          "uv": [
            1.75,
            1.375,
            2,
            1.75
          ],
          "texture": "#0"
        },
        "up": {
          "uv": [
            1.5,
            1.5,
            1.75,
            1.75
          ],
          "texture": "#0"
        },
        "down": {
          "uv": [
            1.5,
            1.5,
            1.75,
            1.75
          ],
          "texture": "#0"
        }
      }
    },
    {
      "from": [
        12.5,
        -2.93105,
        8
      ],
      "to": [
        15.5,
        5.06895,
        8
      ],
      "rotation": {
        "angle": 22.5,
        "axis": "z",
        "origin": [
          13,
          0.06895,
          8
        ]
      },
      "faces": {
        "north": {
          "uv": [
            4.4375,
            0.3125,
            4.8125,
            1.3125
          ],
          "texture": "#0"
        },
        "east": {
          "uv": [
            1.75,
            1.375,
            1.75,
            2.375
          ],
          "texture": "#0"
        },
        "south": {
          "uv": [
            4.8125,
            0.3125,
            4.4375,
            1.3125
          ],
          "texture": "#0"
        },
        "west": {
          "uv": [
            1.75,
            1.375,
            2,
            1.75
          ],
          "texture": "#0"
        },
        "up": {
          "uv": [
            1.5,
            1.5,
            1.75,
            1.75
          ],
          "texture": "#0"
        },
        "down": {
          "uv": [
            1.5,
            1.5,
            1.75,
            1.75
          ],
          "texture": "#0"
        }
      }
    },
    {
      "from": [
        9.7,
        -5.33105,
        -0.5
      ],
      "to": [
        9.7,
        2.66895,
        2.5
      ],
      "rotation": {
        "angle": 0,
        "axis": "y",
        "origin": [
          9.7,
          -1.53105,
          1
        ]
      },
      "faces": {
        "north": {
          "uv": [
            1.75,
            1.375,
            1.75,
            2.375
          ],
          "texture": "#0"
        },
        "east": {
          "uv": [
            4.8125,
            0.3125,
            4.4375,
            1.3125
          ],
          "texture": "#0"
        },
        "south": {
          "uv": [
            1.75,
            1.375,
            2,
            1.75
          ],
          "texture": "#0"
        },
        "west": {
          "uv": [
            4.4375,
            0.3125,
            4.8125,
            1.3125
          ],
          "texture": "#0"
        },
        "up": {
          "uv": [
            1.5,
            1.5,
            1.75,
            1.75
          ],
          "rotation": 270,
          "texture": "#0"
        },
        "down": {
          "uv": [
            1.5,
            1.5,
            1.75,
            1.75
          ],
          "rotation": 90,
          "texture": "#0"
        }
      }
    },
    {
      "from": [
        5.7,
        -2.33105,
        2.5
      ],
      "to": [
        5.7,
        5.66895,
        5.5
      ],
      "rotation": {
        "angle": 45,
        "axis": "y",
        "origin": [
          6.7,
          1.66895,
          4
        ]
      },
      "faces": {
        "north": {
          "uv": [
            1.75,
            1.375,
            1.75,
            2.375
          ],
          "texture": "#0"
        },
        "east": {
          "uv": [
            4.8125,
            0.3125,
            4.4375,
            1.3125
          ],
          "texture": "#0"
        },
        "south": {
          "uv": [
            1.75,
            1.375,
            2,
            1.75
          ],
          "texture": "#0"
        },
        "west": {
          "uv": [
            4.4375,
            0.3125,
            4.8125,
            1.3125
          ],
          "texture": "#0"
        },
        "up": {
          "uv": [
            1.5,
            1.5,
            1.75,
            1.75
          ],
          "rotation": 270,
          "texture": "#0"
        },
        "down": {
          "uv": [
            1.5,
            1.5,
            1.75,
            1.75
          ],
          "rotation": 90,
          "texture": "#0"
        }
      }
    },
    {
      "from": [
        5.7,
        -2.33105,
        10.5
      ],
      "to": [
        5.7,
        5.66895,
        13.5
      ],
      "rotation": {
        "angle": -45,
        "axis": "y",
        "origin": [
          6.7,
          1.66895,
          12
        ]
      },
      "faces": {
        "north": {
          "uv": [
            2,
            1.375,
            1.75,
            1.75
          ],
          "texture": "#0"
        },
        "east": {
          "uv": [
            4.4375,
            0.3125,
            4.8125,
            1.3125
          ],
          "texture": "#0"
        },
        "south": {
          "uv": [
            1.75,
            1.375,
            1.75,
            2.375
          ],
          "texture": "#0"
        },
        "west": {
          "uv": [
            4.8125,
            0.3125,
            4.4375,
            1.3125
          ],
          "texture": "#0"
        },
        "up": {
          "uv": [
            1.75,
            1.5,
            1.5,
            1.75
          ],
          "rotation": 270,
          "texture": "#0"
        },
        "down": {
          "uv": [
            1.75,
            1.5,
            1.5,
            1.75
          ],
          "rotation": 90,
          "texture": "#0"
        }
      }
    },
    {
      "from": [
        9.7,
        -5.33105,
        13.5
      ],
      "to": [
        9.7,
        2.66895,
        16.5
      ],
      "rotation": {
        "angle": 0,
        "axis": "y",
        "origin": [
          9.7,
          -1.53105,
          15
        ]
      },
      "faces": {
        "north": {
          "uv": [
            2,
            1.375,
            1.75,
            1.75
          ],
          "texture": "#0"
        },
        "east": {
          "uv": [
            4.4375,
            0.3125,
            4.8125,
            1.3125
          ],
          "texture": "#0"
        },
        "south": {
          "uv": [
            1.75,
            1.375,
            1.75,
            2.375
          ],
          "texture": "#0"
        },
        "west": {
          "uv": [
            4.8125,
            0.3125,
            4.4375,
            1.3125
          ],
          "texture": "#0"
        },
        "up": {
          "uv": [
            1.75,
            1.5,
            1.5,
            1.75
          ],
          "rotation": 270,
          "texture": "#0"
        },
        "down": {
          "uv": [
            1.75,
            1.5,
            1.5,
            1.75
          ],
          "rotation": 90,
          "texture": "#0"
        }
      }
    },
    {
      "from": [
        9.2,
        -1.93105,
        1.5
      ],
      "to": [
        9.2,
        6.06895,
        4.5
      ],
      "rotation": {
        "angle": -22.5,
        "axis": "x",
        "origin": [
          14.7,
          1.06895,
          6.5
        ]
      },
      "faces": {
        "north": {
          "uv": [
            1.75,
            1.375,
            2,
            1.75
          ],
          "texture": "#0"
        },
        "east": {
          "uv": [
            4.8125,
            0.3125,
            4.4375,
            1.3125
          ],
          "texture": "#0"
        },
        "south": {
          "uv": [
            1.75,
            1.375,
            1.75,
            2.375
          ],
          "texture": "#0"
        },
        "west": {
          "uv": [
            4.4375,
            0.3125,
            4.8125,
            1.3125
          ],
          "texture": "#0"
        },
        "up": {
          "uv": [
            1.5,
            1.5,
            1.75,
            1.75
          ],
          "rotation": 90,
          "texture": "#0"
        },
        "down": {
          "uv": [
            1.5,
            1.5,
            1.75,
            1.75
          ],
          "rotation": 270,
          "texture": "#0"
        }
      }
    },
    {
      "from": [
        9.2,
        -1.93105,
        11.5
      ],
      "to": [
        9.2,
        6.06895,
        14.5
      ],
      "rotation": {
        "angle": 22.5,
        "axis": "x",
        "origin": [
          14.7,
          1.06895,
          9.5
        ]
      },
      "faces": {
        "north": {
          "uv": [
            1.75,
            1.375,
            1.75,
            2.375
          ],
          "texture": "#0"
        },
        "east": {
          "uv": [
            4.4375,
            0.3125,
            4.8125,
            1.3125
          ],
          "texture": "#0"
        },
        "south": {
          "uv": [
            2,
            1.375,
            1.75,
            1.75
          ],
          "texture": "#0"
        },
        "west": {
          "uv": [
            4.8125,
            0.3125,
            4.4375,
            1.3125
          ],
          "texture": "#0"
        },
        "up": {
          "uv": [
            1.75,
            1.5,
            1.5,
            1.75
          ],
          "rotation": 90,
          "texture": "#0"
        },
        "down": {
          "uv": [
            1.75,
            1.5,
            1.5,
            1.75
          ],
          "rotation": 270,
          "texture": "#0"
        }
      }
    },
    {
      "from": [
        6.86895,
        7.8,
        6.3
      ],
      "to": [
        7.86895,
        10.8,
        6.3
      ],
      "rotation": {
        "angle": -45,
        "axis": "z",
        "origin": [
          8.61895,
          8.16895,
          8
        ]
      },
      "faces": {
        "north": {
          "uv": [
            4.875,
            0,
            5,
            0.375
          ],
          "texture": "#0"
        },
        "east": {
          "uv": [
            1.75,
            0.5,
            1.1875,
            1
          ],
          "texture": "#0"
        },
        "south": {
          "uv": [
            5,
            0,
            4.875,
            0.375
          ],
          "texture": "#0"
        },
        "west": {
          "uv": [
            1.75,
            0,
            1.1875,
            0.5
          ],
          "texture": "#0"
        },
        "up": {
          "uv": [
            0.875,
            0.75,
            0.5625,
            1.3125
          ],
          "texture": "#0"
        },
        "down": {
          "uv": [
            0.875,
            0.75,
            0.5625,
            1.3125
          ],
          "texture": "#0"
        }
      }
    },
    {
      "from": [
        6.86895,
        7.8,
        9.7
      ],
      "to": [
        7.86895,
        10.8,
        9.7
      ],
      "rotation": {
        "angle": -45,
        "axis": "z",
        "origin": [
          8.61895,
          8.16895,
          8
        ]
      },
      "faces": {
        "north": {
          "uv": [
            4.875,
            0,
            5,
            0.375
          ],
          "texture": "#0"
        },
        "east": {
          "uv": [
            1.1875,
            0.5,
            1.75,
            1
          ],
          "texture": "#0"
        },
        "south": {
          "uv": [
            5,
            0,
            4.875,
            0.375
          ],
          "texture": "#0"
        },
        "west": {
          "uv": [
            1.1875,
            0,
            1.75,
            0.5
          ],
          "texture": "#0"
        },
        "up": {
          "uv": [
            0.875,
            1.3125,
            0.5625,
            0.75
          ],
          "texture": "#0"
        },
        "down": {
          "uv": [
            0.875,
            1.3125,
            0.5625,
            0.75
          ],
          "texture": "#0"
        }
      }
    },
    {
      "from": [
        7.43105,
        8.4,
        7
      ],
      "to": [
        8.43105,
        11.4,
        7
      ],
      "rotation": {
        "angle": 45,
        "axis": "z",
        "origin": [
          7.38105,
          8.16895,
          8
        ]
      },
      "faces": {
        "north": {
          "uv": [
            5,
            0,
            4.875,
            0.375
          ],
          "texture": "#0"
        },
        "east": {
          "uv": [
            1.1875,
            0,
            1.75,
            0.5
          ],
          "texture": "#0"
        },
        "south": {
          "uv": [
            4.875,
            0,
            5,
            0.375
          ],
          "texture": "#0"
        },
        "west": {
          "uv": [
            1.1875,
            0.5,
            1.75,
            1
          ],
          "texture": "#0"
        },
        "up": {
          "uv": [
            0.5625,
            0.75,
            0.875,
            1.3125
          ],
          "texture": "#0"
        },
        "down": {
          "uv": [
            0.5625,
            0.75,
            0.875,
            1.3125
          ],
          "texture": "#0"
        }
      }
    },
    {
      "from": [
        7.43105,
        8.4,
        9
      ],
      "to": [
        8.43105,
        11.4,
        9
      ],
      "rotation": {
        "angle": 45,
        "axis": "z",
        "origin": [
          7.38105,
          8.16895,
          8
        ]
      },
      "faces": {
        "north": {
          "uv": [
            5,
            0,
            4.875,
            0.375
          ],
          "texture": "#0"
        },
        "east": {
          "uv": [
            1.75,
            0,
            1.1875,
            0.5
          ],
          "texture": "#0"
        },
        "south": {
          "uv": [
            4.875,
            0,
            5,
            0.375
          ],
          "texture": "#0"
        },
        "west": {
          "uv": [
            1.75,
            0.5,
            1.1875,
            1
          ],
          "texture": "#0"
        },
        "up": {
          "uv": [
            0.5625,
            1.3125,
            0.875,
            0.75
          ],
          "texture": "#0"
        },
        "down": {
          "uv": [
            0.5625,
            1.3125,
            0.875,
            0.75
          ],
          "texture": "#0"
        }
      }
    },
    {
      "from": [
        7.05,
        0.02287,
        3.79025
      ],
      "to": [
        9.95,
        3.02287,
        7.79025
      ],
      "rotation": {
        "angle": -45,
        "axis": "x",
        "origin": [
          8.5,
          1.18184,
          4.5288
        ]
      },
      "faces": {
        "north": {
          "uv": [
            2.8125,
            2.0625,
            2.5,
            1.6875
          ],
          "texture": "#0"
        },
        "east": {
          "uv": [
            2.75,
            1.6875,
            2.25,
            1.3125
          ],
          "texture": "#0"
        },
        "south": {
          "uv": [
            2.8125,
            2.0625,
            2.5,
            1.6875
          ],
          "texture": "#0"
        },
        "west": {
          "uv": [
            2.25,
            1.6875,
            2.75,
            1.3125
          ],
          "texture": "#0"
        },
        "up": {
          "uv": [
            2.5,
            2,
            2,
            1.6875
          ],
          "rotation": 90,
          "texture": "#0"
        },
        "down": {
          "uv": [
            2,
            2,
            2.5,
            1.6875
          ],
          "rotation": 90,
          "texture": "#0"
        }
      }
    },
    {
      "from": [
        7.25,
        -1.6141,
        2.86113
      ],
      "to": [
        9.75,
        1.3859,
        5.86113
      ],
      "rotation": {
        "angle": 22.5,
        "axis": "x",
        "origin": [
          8.5,
          1.18184,
          4.5288
        ]
      },
      "faces": {
        "north": {
          "uv": [
            3.625,
            0.375,
            3.25,
            0.6875
          ],
          "rotation": 270,
          "texture": "#0"
        },
        "east": {
          "uv": [
            3.625,
            0.375,
            3.25,
            0
          ],
          "rotation": 90,
          "texture": "#0"
        },
        "south": {
          "uv": [
            3.25,
            0.375,
            3.625,
            0.6875
          ],
          "rotation": 90,
          "texture": "#0"
        },
        "west": {
          "uv": [
            3.25,
            0.375,
            3.625,
            0
          ],
          "rotation": 270,
          "texture": "#0"
        },
        "up": {
          "uv": [
            3.9375,
            0.375,
            3.625,
            0
          ],
          "texture": "#0"
        },
        "down": {
          "uv": [
            3.9375,
            0.375,
            3.625,
            0
          ],
          "rotation": 180,
          "texture": "#0"
        }
      }
    },
    {
      "from": [
        7.45,
        -3.779,
        2.11798
      ],
      "to": [
        9.55,
        -0.779,
        4.61798
      ],
      "rotation": {
        "angle": 0,
        "axis": "y",
        "origin": [
          8.5,
          -3.52189,
          4.33946
        ]
      },
      "faces": {
        "north": {
          "uv": [
            0.375,
            2.5,
            0,
            2.7625
          ],
          "rotation": 270,
          "texture": "#0"
        },
        "east": {
          "uv": [
            0.375,
            2.1875,
            0,
            2.5
          ],
          "rotation": 270,
          "texture": "#0"
        },
        "south": {
          "uv": [
            0.375,
            2.5,
            0,
            2.7625
          ],
          "rotation": 270,
          "texture": "#0"
        },
        "west": {
          "uv": [
            0.375,
            2.5,
            0,
            2.1875
          ],
          "rotation": 270,
          "texture": "#0"
        },
        "up": {
          "uv": [
            1.625,
            2.0125,
            1.9375,
            1.75
          ],
          "rotation": 270,
          "texture": "#0"
        },
        "down": {
          "uv": [
            1.625,
            2.0125,
            1.9375,
            1.75
          ],
          "rotation": 270,
          "texture": "#0"
        }
      }
    },
    {
      "from": [
        7.55,
        -5.5797,
        2.72312
      ],
      "to": [
        9.45,
        -2.5797,
        4.72312
      ],
      "rotation": {
        "angle": -22.5,
        "axis": "x",
        "origin": [
          8.5,
          -3.52189,
          4.33946
        ]
      },
      "faces": {
        "north": {
          "uv": [
            1.3,
            1.75,
            1.0625,
            2.125
          ],
          "texture": "#0"
        },
        "east": {
          "uv": [
            1,
            1.75,
            0.625,
            2
          ],
          "rotation": 270,
          "texture": "#0"
        },
        "south": {
          "uv": [
            1.3,
            1.75,
            1.0625,
            2.125
          ],
          "texture": "#0"
        },
        "west": {
          "uv": [
            0.625,
            1.75,
            1,
            2
          ],
          "rotation": 90,
          "texture": "#0"
        },
        "up": {
          "uv": [
            1.375,
            2,
            1.6125,
            1.75
          ],
          "texture": "#0"
        },
        "down": {
          "uv": [
            1.375,
            2,
            1.6125,
            1.75
          ],
          "rotation": 180,
          "texture": "#0"
        }
      }
    },
    {
      "from": [
        7.75,
        -8.77044,
        3.75285
      ],
      "to": [
        9.25,
        -5.27044,
        5.25285
      ],
      "rotation": {
        "angle": 0,
        "axis": "y",
        "origin": [
          8.5,
          -3.52189,
          4.33946
        ]
      },
      "faces": {
        "north": {
          "uv": [
            0.4375,
            2.1875,
            0,
            2
          ],
          "rotation": 90,
          "texture": "#0"
        },
        "east": {
          "uv": [
            0.4375,
            2,
            0,
            1.8125
          ],
          "rotation": 270,
          "texture": "#0"
        },
        "south": {
          "uv": [
            0.4375,
            2.1875,
            0,
            2
          ],
          "rotation": 270,
          "texture": "#0"
        },
        "west": {
          "uv": [
            0.4375,
            2,
            0,
            1.8125
          ],
          "rotation": 90,
          "texture": "#0"
        },
        "up": {
          "uv": [
            0.4375,
            1.8125,
            0.625,
            2
          ],
          "rotation": 180,
          "texture": "#0"
        },
        "down": {
          "uv": [
            0.4375,
            1.8125,
            0.625,
            2
          ],
          "texture": "#0"
        }
      }
    },
    {
      "from": [
        7.45,
        -3.779,
        11.38202
      ],
      "to": [
        9.55,
        -0.779,
        13.88202
      ],
      "rotation": {
        "angle": 0,
        "axis": "y",
        "origin": [
          8.5,
          -3.52189,
          11.66054
        ]
      },
      "faces": {
        "north": {
          "uv": [
            0.375,
            2.7625,
            0,
            2.5
          ],
          "rotation": 270,
          "texture": "#0"
        },
        "east": {
          "uv": [
            0.375,
            2.5,
            0,
            2.1875
          ],
          "rotation": 270,
          "texture": "#0"
        },
        "south": {
          "uv": [
            0.375,
            2.7625,
            0,
            2.5
          ],
          "rotation": 270,
          "texture": "#0"
        },
        "west": {
          "uv": [
            0.375,
            2.1875,
            0,
            2.5
          ],
          "rotation": 270,
          "texture": "#0"
        },
        "up": {
          "uv": [
            1.9375,
            2.0125,
            1.625,
            1.75
          ],
          "rotation": 270,
          "texture": "#0"
        },
        "down": {
          "uv": [
            1.9375,
            2.0125,
            1.625,
            1.75
          ],
          "rotation": 270,
          "texture": "#0"
        }
      }
    },
    {
      "from": [
        7.55,
        -5.5797,
        11.27688
      ],
      "to": [
        9.45,
        -2.5797,
        13.27688
      ],
      "rotation": {
        "angle": 22.5,
        "axis": "x",
        "origin": [
          8.5,
          -3.52189,
          11.66054
        ]
      },
      "faces": {
        "north": {
          "uv": [
            1.0625,
            1.75,
            1.3,
            2.125
          ],
          "texture": "#0"
        },
        "east": {
          "uv": [
            1,
            2,
            0.625,
            1.75
          ],
          "rotation": 270,
          "texture": "#0"
        },
        "south": {
          "uv": [
            1.0625,
            1.75,
            1.3,
            2.125
          ],
          "texture": "#0"
        },
        "west": {
          "uv": [
            0.625,
            2,
            1,
            1.75
          ],
          "rotation": 90,
          "texture": "#0"
        },
        "up": {
          "uv": [
            1.375,
            1.75,
            1.6125,
            2
          ],
          "texture": "#0"
        },
        "down": {
          "uv": [
            1.375,
            1.75,
            1.6125,
            2
          ],
          "rotation": 180,
          "texture": "#0"
        }
      }
    },
    {
      "from": [
        7.75,
        -8.77044,
        10.74715
      ],
      "to": [
        9.25,
        -5.27044,
        12.24715
      ],
      "rotation": {
        "angle": 0,
        "axis": "y",
        "origin": [
          8.5,
          -3.52189,
          11.66054
        ]
      },
      "faces": {
        "north": {
          "uv": [
            0.4375,
            2,
            0,
            2.1875
          ],
          "rotation": 270,
          "texture": "#0"
        },
        "east": {
          "uv": [
            0.4375,
            1.8125,
            0,
            2
          ],
          "rotation": 270,
          "texture": "#0"
        },
        "south": {
          "uv": [
            0.4375,
            2,
            0,
            2.1875
          ],
          "rotation": 90,
          "texture": "#0"
        },
        "west": {
          "uv": [
            0.4375,
            1.8125,
            0,
            2
          ],
          "rotation": 90,
          "texture": "#0"
        },
        "up": {
          "uv": [
            0.4375,
            2,
            0.625,
            1.8125
          ],
          "rotation": 180,
          "texture": "#0"
        },
        "down": {
          "uv": [
            0.4375,
            2,
            0.625,
            1.8125
          ],
          "texture": "#0"
        }
      }
    },
    {
      "from": [
        7.05,
        0.02287,
        8.20975
      ],
      "to": [
        9.95,
        3.02287,
        12.20975
      ],
      "rotation": {
        "angle": 45,
        "axis": "x",
        "origin": [
          8.5,
          1.18184,
          11.4712
        ]
      },
      "faces": {
        "north": {
          "uv": [
            2.5,
            2.0625,
            2.8125,
            1.6875
          ],
          "texture": "#0"
        },
        "east": {
          "uv": [
            2.25,
            1.6875,
            2.75,
            1.3125
          ],
          "texture": "#0"
        },
        "south": {
          "uv": [
            2.5,
            2.0625,
            2.8125,
            1.6875
          ],
          "texture": "#0"
        },
        "west": {
          "uv": [
            2.75,
            1.6875,
            2.25,
            1.3125
          ],
          "texture": "#0"
        },
        "up": {
          "uv": [
            2,
            2,
            2.5,
            1.6875
          ],
          "rotation": 90,
          "texture": "#0"
        },
        "down": {
          "uv": [
            2.5,
            2,
            2,
            1.6875
          ],
          "rotation": 90,
          "texture": "#0"
        }
      }
    },
    {
      "from": [
        7.25,
        -1.6141,
        10.13887
      ],
      "to": [
        9.75,
        1.3859,
        13.13887
      ],
      "rotation": {
        "angle": -22.5,
        "axis": "x",
        "origin": [
          8.5,
          1.18184,
          11.4712
        ]
      },
      "faces": {
        "north": {
          "uv": [
            3.25,
            0.6875,
            3.625,
            0.375
          ],
          "rotation": 90,
          "texture": "#0"
        },
        "east": {
          "uv": [
            3.625,
            0,
            3.25,
            0.375
          ],
          "rotation": 90,
          "texture": "#0"
        },
        "south": {
          "uv": [
            3.625,
            0.6875,
            3.25,
            0.375
          ],
          "rotation": 270,
          "texture": "#0"
        },
        "west": {
          "uv": [
            3.25,
            0,
            3.625,
            0.375
          ],
          "rotation": 270,
          "texture": "#0"
        },
        "up": {
          "uv": [
            3.9375,
            0,
            3.625,
            0.375
          ],
          "texture": "#0"
        },
        "down": {
          "uv": [
            3.9375,
            0,
            3.625,
            0.375
          ],
          "rotation": 180,
          "texture": "#0"
        }
      }
    },
    {
      "from": [
        7,
        -4.5,
        6
      ],
      "to": [
        11.5,
        0,
        10.5
      ],
      "rotation": {
        "angle": 45,
        "axis": "x",
        "origin": [
          8.18105,
          -1.83105,
          8
        ]
      },
      "faces": {
        "north": {
          "uv": [
            3.0625,
            5.1875,
            2.5,
            5.75
          ],
          "rotation": 180,
          "texture": "#0"
        },
        "east": {
          "uv": [
            1.9375,
            5.8125,
            2.5,
            6.375
          ],
          "rotation": 90,
          "texture": "#0"
        },
        "south": {
          "uv": [
            2.5,
            5.1875,
            3.0625,
            5.75
          ],
          "rotation": 180,
          "texture": "#0"
        },
        "west": {
          "uv": [
            2.5,
            5.8125,
            1.9375,
            6.375
          ],
          "rotation": 90,
          "texture": "#0"
        },
        "up": {
          "uv": [
            2.5,
            5.1875,
            3.0625,
            5.75
          ],
          "rotation": 180,
          "texture": "#0"
        },
        "down": {
          "uv": [
            2.5,
            5.1875,
            3.0625,
            5.75
          ],
          "rotation": 180,
          "texture": "#0"
        }
      }
    },
    {
      "from": [
        6.5,
        -7,
        6
      ],
      "to": [
        11,
        -3,
        10
      ],
      "rotation": {
        "angle": 45,
        "axis": "x",
        "origin": [
          8.18105,
          -4.83105,
          8
        ]
      },
      "faces": {
        "north": {
          "uv": [
            3.0625,
            5.1875,
            2.5,
            5.6875
          ],
          "rotation": 180,
          "texture": "#0"
        },
        "east": {
          "uv": [
            1.9375,
            5.8125,
            2.4375,
            6.3125
          ],
          "rotation": 90,
          "texture": "#0"
        },
        "south": {
          "uv": [
            2.5,
            5.1875,
            3.0625,
            5.6875
          ],
          "rotation": 180,
          "texture": "#0"
        },
        "west": {
          "uv": [
            2.4375,
            5.8125,
            1.9375,
            6.3125
          ],
          "rotation": 90,
          "texture": "#0"
        },
        "up": {
          "uv": [
            2.5,
            5.1875,
            3.0625,
            5.6875
          ],
          "rotation": 180,
          "texture": "#0"
        },
        "down": {
          "uv": [
            2.5,
            5.1875,
            3.0625,
            5.6875
          ],
          "rotation": 180,
          "texture": "#0"
        }
      }
    },
    {
      "from": [
        7,
        4,
        13.5
      ],
      "to": [
        12,
        9.5,
        13.5
      ],
      "rotation": {
        "angle": 22.5,
        "axis": "x",
        "origin": [
          6.8,
          11.75,
          18.5
        ]
      },
      "faces": {
        "north": {
          "uv": [
            0,
            7.5,
            5,
            2
          ],
          "rotation": 180,
          "texture": "#2"
        },
        "east": {
          "uv": [
            0,
            9,
            0,
            0
          ],
          "rotation": 180,
          "texture": "#2"
        },
        "south": {
          "uv": [
            5,
            7.5,
            0,
            2
          ],
          "rotation": 180,
          "texture": "#2"
        },
        "west": {
          "uv": [
            0,
            9,
            0,
            0
          ],
          "rotation": 180,
          "texture": "#2"
        },
        "up": {
          "uv": [
            0,
            5,
            0,
            0
          ],
          "rotation": 270,
          "texture": "#2"
        },
        "down": {
          "uv": [
            0,
            0,
            0,
            5
          ],
          "rotation": 90,
          "texture": "#2"
        }
      }
    },
    {
      "from": [
        7,
        4,
        2.5
      ],
      "to": [
        12,
        9.5,
        2.5
      ],
      "rotation": {
        "angle": -22.5,
        "axis": "x",
        "origin": [
          6.8,
          11.75,
          -2.5
        ]
      },
      "faces": {
        "north": {
          "uv": [
            0,
            7.5,
            5,
            2
          ],
          "rotation": 180,
          "texture": "#2"
        },
        "east": {
          "uv": [
            0,
            9,
            0,
            0
          ],
          "rotation": 180,
          "texture": "#2"
        },
        "south": {
          "uv": [
            5,
            7.5,
            0,
            2
          ],
          "rotation": 180,
          "texture": "#2"
        },
        "west": {
          "uv": [
            0,
            9,
            0,
            0
          ],
          "rotation": 180,
          "texture": "#2"
        },
        "up": {
          "uv": [
            0,
            5,
            0,
            0
          ],
          "rotation": 270,
          "texture": "#2"
        },
        "down": {
          "uv": [
            0,
            0,
            0,
            5
          ],
          "rotation": 90,
          "texture": "#2"
        }
      }
    },
    {
      "from": [
        8.5,
        -12.92749,
        -15.79621
      ],
      "to": [
        8.5,
        -2.92749,
        -7.79621
      ],
      "rotation": {
        "angle": -22.5,
        "axis": "x",
        "origin": [
          8.5,
          23.07251,
          -8.79621
        ]
      },
      "faces": {
        "east": {
          "uv": [
            8,
            0,
            0,
            10
          ],
          "rotation": 180,
          "texture": "#4"
        },
        "west": {
          "uv": [
            8,
            10,
            0,
            0
          ],
          "texture": "#4"
        }
      }
    },
    {
      "from": [
        8.5,
        -12.92749,
        23.79621
      ],
      "to": [
        8.5,
        -2.92749,
        31.79621
      ],
      "rotation": {
        "angle": 22.5,
        "axis": "x",
        "origin": [
          8.5,
          23.07251,
          24.79621
        ]
      },
      "faces": {
        "east": {
          "uv": [
            0,
            0,
            8,
            10
          ],
          "rotation": 180,
          "texture": "#4"
        },
        "west": {
          "uv": [
            0,
            10,
            8,
            0
          ],
          "texture": "#4"
        }
      }
    },
    {
      "from": [
        7.5,
        7.5,
        2
      ],
      "to": [
        7.5,
        16.5,
        7
      ],
      "rotation": {
        "angle": -22.5,
        "axis": "x",
        "origin": [
          7.3,
          12,
          2.5
        ]
      },
      "faces": {
        "north": {
          "uv": [
            0,
            0,
            0,
            9
          ],
          "texture": "#2"
        },
        "east": {
          "uv": [
            5,
            0,
            0,
            9
          ],
          "texture": "#2"
        },
        "south": {
          "uv": [
            0,
            0,
            0,
            9
          ],
          "texture": "#2"
        },
        "west": {
          "uv": [
            0,
            0,
            5,
            9
          ],
          "texture": "#2"
        },
        "up": {
          "uv": [
            0,
            5,
            0,
            0
          ],
          "texture": "#2"
        },
        "down": {
          "uv": [
            0,
            0,
            0,
            5
          ],
          "texture": "#2"
        }
      }
    },
    {
      "from": [
        7.5,
        7.5,
        9
      ],
      "to": [
        7.5,
        16.5,
        14
      ],
      "rotation": {
        "angle": 22.5,
        "axis": "x",
        "origin": [
          7.3,
          12,
          13.5
        ]
      },
      "faces": {
        "north": {
          "uv": [
            0,
            0,
            0,
            9
          ],
          "texture": "#2"
        },
        "east": {
          "uv": [
            0,
            0,
            5,
            9
          ],
          "texture": "#2"
        },
        "south": {
          "uv": [
            0,
            0,
            0,
            9
          ],
          "texture": "#2"
        },
        "west": {
          "uv": [
            5,
            0,
            0,
            9
          ],
          "texture": "#2"
        },
        "up": {
          "uv": [
            0,
            0,
            0,
            5
          ],
          "texture": "#2"
        },
        "down": {
          "uv": [
            0,
            5,
            0,
            0
          ],
          "texture": "#2"
        }
      }
    }
  ],
  "gui_light": "front",
  "display": {
    "thirdperson_righthand": {
      "rotation": [
        -90,
        0,
        0
      ],
      "translation": [
        0.5,
        -2,
        -1.25
      ],
      "scale": [
        0.8,
        0.8,
        0.8
      ]
    },
    "thirdperson_lefthand": {
      "rotation": [
        -90,
        180,
        0
      ],
      "translation": [
        0.5,
        -2,
        -1.25
      ],
      "scale": [
        0.8,
        0.8,
        0.8
      ]
    },
    "firstperson_righthand": {
      "rotation": [
        -45,
        -80,
        0
      ],
      "translation": [
        1,
        6.5,
        -2
      ],
      "scale": [
        0.4418,
        0.4418,
        0.4418
      ]
    },
    "firstperson_lefthand": {
      "rotation": [
        -45,
        100,
        0
      ],
      "translation": [
        1,
        7,
        -1.5
      ],
      "scale": [
        0.4418,
        0.4418,
        0.4418
      ]
    },
    "ground": {
      "translation": [
        0,
        11,
        0
      ],
      "scale": [
        0.6,
        0.6,
        0.6
      ]
    },
    "gui": {
      "rotation": [
        0,
        -65,
        0
      ],
      "translation": [
        -0.25,
        5.25,
        -1.5
      ],
      "scale": [
        0.70898,
        0.70898,
        0.70898
      ]
    },
    "head": {
      "scale": [
        0,
        0,
        0
      ]
    },
    "fixed": {
      "rotation": [
        0,
        90,
        0
      ],
      "translation": [
        0,
        9,
        -6
      ],
      "scale": [
        1.4,
        1.4,
        1.4
      ]
    }
  },
  "groups": [
    {
      "name": "group",
      "origin": [
        8.5,
        -1.86917,
        14.5744
      ],
      "color": 0,
      "children": [
        0,
        1,
        2,
        3,
        4,
        5,
        6,
        7,
        8,
        {
          "name": "group",
          "origin": [
            8,
            15.77662,
            -2.59447
          ],
          "color": 0,
          "children": [
            9,
            10,
            11,
            12,
            13,
            14
          ]
        },
        15,
        16,
        17,
        18,
        19,
        20,
        21,
        22,
        23,
        24,
        25,
        26,
        27,
        28,
        29,
        30,
        31,
        32,
        33,
        34,
        35,
        36,
        37,
        38,
        39,
        40,
        41,
        42,
        43,
        44,
        45,
        46
      ]
    },
    47,
    48,
    49,
    50,
    51,
    52
  ]
}