{"sources":[{"type":"single","resource":"lunar_studios:enderkariz/block_wars/obi/obi_leggings"},{"type":"single","resource":"lunar_studios:enderkariz/angel_set/angel_armor_helmet"},{"type":"single","resource":"_iainternal:icons/icon_left_blue"},{"type":"single","resource":"elitecreatures:christmas_holiday_2023/christmas_axe"},{"type":"single","resource":"lunar_studios:enderkariz/cupid_set/cupid_boots"},{"type":"single","resource":"lunar_studios:enderkariz/ares_set/ares_leggings"},{"type":"single","resource":"merry_christmasset:hoe"},{"type":"single","resource":"elitecreatures:newyear_2024_animated/newyear_animation_01"},{"type":"single","resource":"lunar_studios:enderkariz/ares_set/ares_boots"},{"type":"single","resource":"elitecreatures:newyear_2024_animated/newyear_animation_02"},{"type":"single","resource":"merry_christmasset:shovel"},{"type":"single","resource":"elitecreatures:newyear_2024_animated/armor/new_year_chestplate_icon"},{"type":"single","resource":"winterset:hoe"},{"type":"single","resource":"elitecreatures:newyear_2024_animated/newyear_animation_03"},{"type":"single","resource":"merry_christmasset:trident"},{"type":"single","resource":"elitecreatures:newyear_2024_animated/newyear_animation_04"},{"type":"single","resource":"lunar_studios:enderkariz/ares_set/ares_greatsword"},{"type":"single","resource":"corn_items:corn_shield"},{"type":"single","resource":"elitecreatures:christmas_holiday_2023/christmas_mace"},{"type":"single","resource":"elitecreatures:christmas_holiday_2023/christmas_battle_axe"},{"type":"single","resource":"lunar_studios:enderkariz/block_wars/sabers/red_saber"},{"type":"single","resource":"_iainternal:icons/icon_next_orange"},{"type":"single","resource":"lunar_studios:enderkariz/block_wars/darth/darth_mask"},{"type":"single","resource":"winterset:crossbow"},{"type":"single","resource":"merry_christmasset:wings"},{"type":"single","resource":"lunar_studios:enderkariz/block_wars/sabers/green_saber_anim"},{"type":"single","resource":"merry_christmasset:key"},{"type":"single","resource":"lunar_studios:enderkariz/block_wars/darth/darth_leggings"},{"type":"single","resource":"lunar_studios:enderkariz/cupid_set/cupid_chestplate"},{"type":"single","resource":"thanksgiving:turkey_leg_sword"},{"type":"single","resource":"winterset:key"},{"type":"single","resource":"winterset:scythe"},{"type":"single","resource":"merry_christmasset:crossbow"},{"type":"single","resource":"halloween:spider_web_fishing_rod"},{"type":"single","resource":"thanksgiving:pie_fork_axe"},{"type":"single","resource":"merry_christmasset:axe"},{"type":"single","resource":"halloween:raven_pickaxe"},{"type":"single","resource":"winterset:axe"},{"type":"single","resource":"winterset:armor/winter_helmet_icon"},{"type":"single","resource":"elitecreatures:christmas_holiday_2023/christmas_hood"},{"type":"single","resource":"lunar_studios:enderkariz/cupid_set/love_bow"},{"type":"single","resource":"lunar_studios:enderkariz/block_wars/darth/darth_cape"},{"type":"single","resource":"_iainternal:icons/icon_cancel"},{"type":"single","resource":"lunar_studios:enderkariz/angel_set/angel_armor_chestplate"},{"type":"single","resource":"elitecreatures:christmas_holiday_2023/christmas_bow"},{"type":"single","resource":"halloween:frankenstein_armor_helmet"},{"type":"single","resource":"halloween:headstone_shield"},{"type":"single","resource":"merry_christmasset:staff"},{"type":"single","resource":"merry_christmasset:armor/merry_christmas_boots_icon"},{"type":"single","resource":"lunar_studios:enderkariz/block_wars/sabers/yellow_saber_anim"},{"type":"single","resource":"_iainternal:icons/icon_arrow_chest"},{"type":"single","resource":"halloween:red_dragon_hoe"},{"type":"single","resource":"winterset:armor/winter_boots_icon"},{"type":"single","resource":"lunar_studios:enderkariz/loki_set/loki_helmet"},{"type":"single","resource":"lunar_studios:enderkariz/block_wars/sabers/white_saber"},{"type":"single","resource":"lunar_studios:enderkariz/ares_set/ares_chestplate"},{"type":"single","resource":"merry_christmasset:fishing_rod"},{"type":"single","resource":"thanksgiving:turkey_hat"},{"type":"single","resource":"winterset:backpack"},{"type":"single","resource":"merry_christmasset:spear"},{"type":"single","resource":"lunar_studios:enderkariz/cupid_set/cupid_leggings"},{"type":"single","resource":"lunar_studios:enderkariz/cupid_set/cupid_wings"},{"type":"single","resource":"halloween:machete_clean"},{"type":"single","resource":"halloween:frankenstein_armor_leggings"},{"type":"single","resource":"elitecreatures:christmas_holiday_2023/christmasholiday_armor_layer_1_icon"},{"type":"single","resource":"corn_items:corn_bow"},{"type":"single","resource":"lunar_studios:enderkariz/cupid_set/cupid_helmet"},{"type":"single","resource":"winterset:shovel"},{"type":"single","resource":"lunar_studios:enderkariz/block_wars/sabers/blue_saber_anim"},{"type":"single","resource":"elitecreatures:christmas_holiday_2023/christmas_shovel"},{"type":"single","resource":"elitecreatures:christmas_holiday_2023/christmasholiday_armor_layer_2_icon"},{"type":"single","resource":"winterset:spear"},{"type":"single","resource":"merry_christmasset:detail"},{"type":"single","resource":"thanksgiving:corn_pickaxe"},{"type":"single","resource":"lunar_studios:enderkariz/angel_set/angel_armor_helmet_2"},{"type":"single","resource":"lunar_studios:enderkariz/block_wars/sabers/green_saber"},{"type":"single","resource":"winterset:bow_1"},{"type":"single","resource":"elitecreatures:newyear_2024_animated/armor/new_year_boots_icon"},{"type":"single","resource":"lunar_studios:enderkariz/block_wars/sabers/red_saber_anim"},{"type":"single","resource":"winterset:bow"},{"type":"single","resource":"elitecreatures:newyear_2024_animated/armor/new_year_helmet_icon"},{"type":"single","resource":"merry_christmasset:bow"},{"type":"single","resource":"merry_christmasset:armor/merry_christmas_helmet_icon"},{"type":"single","resource":"merry_christmasset:hammer"},{"type":"single","resource":"lunar_studios:enderkariz/ares_set/ares_helmet"},{"type":"single","resource":"thanksgiving:potato_spoon_shovel"},{"type":"single","resource":"lunar_studios:enderkariz/block_wars/darth/darth_chestplate"},{"type":"single","resource":"halloween:pitchfork_trident"},{"type":"single","resource":"lunar_studios:enderkariz/block_wars/darth/darth_boots"},{"type":"single","resource":"halloween:skull_shield"},{"type":"single","resource":"winterset:crossbow_2"},{"type":"single","resource":"merry_christmasset:sword"},{"type":"single","resource":"merry_christmasset:pickaxe"},{"type":"single","resource":"winterset:armor/winter_leggings_icon"},{"type":"single","resource":"winterset:crossbow_1"},{"type":"single","resource":"elitecreatures:christmas_holiday_2023/christmas_staff"},{"type":"single","resource":"winterset:staff"},{"type":"single","resource":"lunar_studios:enderkariz/loki_set/loki_cape"},{"type":"single","resource":"lunar_studios:enderkariz/block_wars/sabers/blue_saber"},{"type":"single","resource":"winterset:fishing_rod_cast"},{"type":"single","resource":"merry_christmasset:armor/merry_christmas_leggings_icon"},{"type":"single","resource":"merry_christmasset:armor/merry_christmas_chestplate_icon"},{"type":"single","resource":"winterset:shield"},{"type":"single","resource":"halloween:bloody_scythe"},{"type":"single","resource":"lunar_studios:enderkariz/block_wars/sabers/base_saber"},{"type":"single","resource":"elitecreatures:christmas_holiday_2023/christmas_hoe"},{"type":"single","resource":"halloween:zombie_arm_shovel"},{"type":"single","resource":"merry_christmasset:bow_2"},{"type":"single","resource":"merry_christmasset:greatsword"},{"type":"single","resource":"merry_christmasset:bow_1"},{"type":"single","resource":"corn_items:corn_hoe"},{"type":"single","resource":"merry_christmasset:crossbow_2"},{"type":"single","resource":"merry_christmasset:crossbow_1"},{"type":"single","resource":"elitecreatures:christmas_holiday_2023/christmas_sword"},{"type":"single","resource":"winterset:wings"},{"type":"single","resource":"winterset:animations/animations_1"},{"type":"single","resource":"winterset:helmet"},{"type":"single","resource":"merry_christmasset:chest"},{"type":"single","resource":"elitecreatures:christmas_holiday_2023/christmas_shield"},{"type":"single","resource":"elitecreatures:christmas_holiday_2023/christmas_fishing_rod"},{"type":"single","resource":"elitecreatures:christmas_holiday_2023/pickaxe"},{"type":"single","resource":"merry_christmasset:hat"},{"type":"single","resource":"lunar_studios:enderkariz/block_wars/obi/obi_boots"},{"type":"single","resource":"lunar_studios:enderkariz/angel_set/angel_armor_leggings"},{"type":"single","resource":"lunar_studios:enderkariz/angel_set/angel_set_shield"},{"type":"single","resource":"lunar_studios:enderkariz/ares_set/ares_shield"},{"type":"single","resource":"lunar_studios:enderkariz/block_wars/sabers/white_saber_anim"},{"type":"single","resource":"corn_items:corn_fishing_rod"},{"type":"single","resource":"halloween:frankenstein_armor_boots"},{"type":"single","resource":"lunar_studios:enderkariz/loki_set/loki_scepter"},{"type":"single","resource":"lunar_studios:enderkariz/angel_set/angel_armor_boots"},{"type":"single","resource":"_iainternal:icons/icon_back_orange"},{"type":"single","resource":"winterset:trident"},{"type":"single","resource":"halloween:bone_bow_arrow"},{"type":"single","resource":"elitecreatures:newyear_2024_animated/armor/new_year_leggings_icon"},{"type":"single","resource":"elitecreatures:newyear_2024_animated/newyear_texture_01"},{"type":"single","resource":"halloween:frankenstein_armor_chestplate"},{"type":"single","resource":"winterset:sword"},{"type":"single","resource":"merry_christmasset:backpack"},{"type":"single","resource":"_iainternal:icons/icon_search"},{"type":"single","resource":"_iainternal:icons/icon_right_blue"},{"type":"single","resource":"winterset:armor/winter_chestplate_icon"},{"type":"single","resource":"winterset:bow_2"},{"type":"single","resource":"halloween:reapers_scythe"},{"type":"single","resource":"merry_christmasset:shield"},{"type":"single","resource":"winterset:greatsword"},{"type":"single","resource":"merry_christmasset:scythe"},{"type":"single","resource":"halloween:cleaver"},{"type":"single","resource":"elitecreatures:christmas_holiday_2023/christmas_chest"},{"type":"single","resource":"winterset:chest"},{"type":"single","resource":"lunar_studios:enderkariz/block_wars/sabers/yellow_saber"},{"type":"single","resource":"winterset:fishing_rod"},{"type":"single","resource":"lunar_studios:enderkariz/angel_set/angel_set_dagger"},{"type":"single","resource":"winterset:hammer"},{"type":"single","resource":"winterset:pickaxe"},{"type":"single","resource":"halloween:bone_bow"},{"type":"single","resource":"lunar_studios:enderkariz/block_wars/obi/obi_chestplate"}]}