{
  "credit": "Made with Blockbench by yungwilder",
  "texture_size": [
    32,
    32
  ],
  "textures": {
    "2": "halloween:bone_bow"
  },
  "elements": [
    {
      "from": [
        6.65482,
        1.44281,
        7
      ],
      "to": [
        8.65482,
        11.44281,
        9
      ],
      "rotation": {
        "angle": 45,
        "axis": "z",
        "origin": [
          7.65482,
          3.34518,
          8
        ]
      },
      "faces": {
        "north": {
          "uv": [
            0,
            0,
            1,
            5
          ],
          "texture": "#2"
        },
        "east": {
          "uv": [
            1,
            0,
            2,
            5
          ],
          "texture": "#2"
        },
        "south": {
          "uv": [
            2,
            0,
            3,
            5
          ],
          "texture": "#2"
        },
        "west": {
          "uv": [
            3,
            0,
            4,
            5
          ],
          "texture": "#2"
        },
        "down": {
          "uv": [
            7.5,
            7.5,
            6.5,
            8.5
          ],
          "texture": "#2"
        }
      }
    },
    {
      "from": [
        7.99999,
        1.99999,
        6.875
      ],
      "to": [
        10.99999,
        3.99999,
        9.125
      ],
      "rotation": {
        "angle": 0,
        "axis": "z",
        "origin": [
          7.65482,
          3.34518,
          8
        ]
      },
      "faces": {
        "north": {
          "uv": [
            0.5,
            5,
            2,
            6
          ],
          "texture": "#2"
        },
        "east": {
          "uv": [
            5.5,
            7.5,
            6.5,
            8.5
          ],
          "texture": "#2"
        },
        "south": {
          "uv": [
            2,
            5,
            3.5,
            6
          ],
          "texture": "#2"
        },
        "west": {
          "uv": [
            7.5,
            6,
            8.5,
            7
          ],
          "texture": "#2"
        },
        "up": {
          "uv": [
            7,
            1,
            5.5,
            0
          ],
          "texture": "#2"
        },
        "down": {
          "uv": [
            7,
            1,
            5.5,
            2
          ],
          "texture": "#2"
        }
      }
    },
    {
      "from": [
        7,
        0,
        6.9375
      ],
      "to": [
        9,
        3,
        9.0625
      ],
      "rotation": {
        "angle": 0,
        "axis": "y",
        "origin": [
          8,
          1.5,
          8
        ]
      },
      "faces": {
        "north": {
          "uv": [
            2,
            5,
            3.5,
            6
          ],
          "rotation": 90,
          "texture": "#2"
        },
        "east": {
          "uv": [
            7,
            1,
            5.5,
            2
          ],
          "rotation": 90,
          "texture": "#2"
        },
        "south": {
          "uv": [
            0.5,
            5,
            2,
            6
          ],
          "rotation": 270,
          "texture": "#2"
        },
        "west": {
          "uv": [
            7,
            1,
            5.5,
            0
          ],
          "rotation": 90,
          "texture": "#2"
        },
        "up": {
          "uv": [
            7.5,
            6,
            8.5,
            7
          ],
          "rotation": 270,
          "texture": "#2"
        },
        "down": {
          "uv": [
            5.5,
            7.5,
            6.5,
            8.5
          ],
          "rotation": 270,
          "texture": "#2"
        }
      }
    },
    {
      "from": [
        -0.125,
        7.125,
        6.9375
      ],
      "to": [
        2.875,
        9.125,
        9.0625
      ],
      "rotation": {
        "angle": 0,
        "axis": "z",
        "origin": [
          1.375,
          8.125,
          8
        ]
      },
      "faces": {
        "north": {
          "uv": [
            5.5,
            2,
            7,
            3
          ],
          "texture": "#2"
        },
        "east": {
          "uv": [
            7.5,
            7,
            8.5,
            8
          ],
          "texture": "#2"
        },
        "south": {
          "uv": [
            5.5,
            3,
            7,
            4
          ],
          "texture": "#2"
        },
        "west": {
          "uv": [
            8,
            0,
            9,
            1
          ],
          "texture": "#2"
        },
        "up": {
          "uv": [
            7,
            5,
            5.5,
            4
          ],
          "texture": "#2"
        },
        "down": {
          "uv": [
            7,
            5,
            5.5,
            6
          ],
          "texture": "#2"
        }
      }
    },
    {
      "from": [
        1.87499,
        8.12499,
        6.875
      ],
      "to": [
        3.87499,
        11.12499,
        9.125
      ],
      "rotation": {
        "angle": 0,
        "axis": "y",
        "origin": [
          2.87499,
          9.62499,
          8
        ]
      },
      "faces": {
        "north": {
          "uv": [
            5.5,
            3,
            7,
            4
          ],
          "rotation": 90,
          "texture": "#2"
        },
        "east": {
          "uv": [
            7,
            5,
            5.5,
            6
          ],
          "rotation": 90,
          "texture": "#2"
        },
        "south": {
          "uv": [
            5.5,
            2,
            7,
            3
          ],
          "rotation": 270,
          "texture": "#2"
        },
        "west": {
          "uv": [
            7,
            5,
            5.5,
            4
          ],
          "rotation": 90,
          "texture": "#2"
        },
        "up": {
          "uv": [
            8,
            0,
            9,
            1
          ],
          "rotation": 270,
          "texture": "#2"
        },
        "down": {
          "uv": [
            7.5,
            7,
            8.5,
            8
          ],
          "rotation": 270,
          "texture": "#2"
        }
      }
    },
    {
      "from": [
        7.99999,
        24.24999,
        6.875
      ],
      "to": [
        10.99999,
        26.24999,
        9.125
      ],
      "rotation": {
        "angle": 0,
        "axis": "z",
        "origin": [
          7.65482,
          24.90481,
          8
        ]
      },
      "faces": {
        "north": {
          "uv": [
            0.5,
            6,
            2,
            5
          ],
          "texture": "#2"
        },
        "east": {
          "uv": [
            5.5,
            8.5,
            6.5,
            7.5
          ],
          "texture": "#2"
        },
        "south": {
          "uv": [
            2,
            6,
            3.5,
            5
          ],
          "texture": "#2"
        },
        "west": {
          "uv": [
            7.5,
            7,
            8.5,
            6
          ],
          "texture": "#2"
        },
        "up": {
          "uv": [
            7,
            2,
            5.5,
            1
          ],
          "texture": "#2"
        },
        "down": {
          "uv": [
            7,
            0,
            5.5,
            1
          ],
          "texture": "#2"
        }
      }
    },
    {
      "from": [
        7,
        25.24999,
        6.9375
      ],
      "to": [
        9,
        28.24999,
        9.0625
      ],
      "rotation": {
        "angle": 0,
        "axis": "y",
        "origin": [
          8,
          26.74999,
          8
        ]
      },
      "faces": {
        "north": {
          "uv": [
            3.5,
            5,
            2,
            6
          ],
          "rotation": 90,
          "texture": "#2"
        },
        "east": {
          "uv": [
            5.5,
            1,
            7,
            2
          ],
          "rotation": 90,
          "texture": "#2"
        },
        "south": {
          "uv": [
            2,
            5,
            0.5,
            6
          ],
          "rotation": 270,
          "texture": "#2"
        },
        "west": {
          "uv": [
            5.5,
            1,
            7,
            0
          ],
          "rotation": 90,
          "texture": "#2"
        },
        "up": {
          "uv": [
            6.5,
            7.5,
            5.5,
            8.5
          ],
          "rotation": 270,
          "texture": "#2"
        },
        "down": {
          "uv": [
            8.5,
            6,
            7.5,
            7
          ],
          "rotation": 270,
          "texture": "#2"
        }
      }
    },
    {
      "from": [
        6.65482,
        16.80718,
        7
      ],
      "to": [
        8.65482,
        26.80718,
        9
      ],
      "rotation": {
        "angle": -45,
        "axis": "z",
        "origin": [
          7.65482,
          24.90481,
          8
        ]
      },
      "faces": {
        "north": {
          "uv": [
            0,
            5,
            1,
            0
          ],
          "texture": "#2"
        },
        "east": {
          "uv": [
            1,
            5,
            2,
            0
          ],
          "texture": "#2"
        },
        "south": {
          "uv": [
            2,
            5,
            3,
            0
          ],
          "texture": "#2"
        },
        "west": {
          "uv": [
            3,
            5,
            4,
            0
          ],
          "texture": "#2"
        },
        "up": {
          "uv": [
            7.5,
            8.5,
            6.5,
            7.5
          ],
          "texture": "#2"
        }
      }
    },
    {
      "from": [
        1.87499,
        17.12499,
        6.875
      ],
      "to": [
        3.87499,
        20.12499,
        9.125
      ],
      "rotation": {
        "angle": 0,
        "axis": "y",
        "origin": [
          2.87499,
          18.62499,
          8
        ]
      },
      "faces": {
        "north": {
          "uv": [
            7,
            3,
            5.5,
            4
          ],
          "rotation": 90,
          "texture": "#2"
        },
        "east": {
          "uv": [
            5.5,
            5,
            7,
            6
          ],
          "rotation": 90,
          "texture": "#2"
        },
        "south": {
          "uv": [
            7,
            2,
            5.5,
            3
          ],
          "rotation": 270,
          "texture": "#2"
        },
        "west": {
          "uv": [
            5.5,
            5,
            7,
            4
          ],
          "rotation": 90,
          "texture": "#2"
        },
        "up": {
          "uv": [
            8.5,
            7,
            7.5,
            8
          ],
          "rotation": 270,
          "texture": "#2"
        },
        "down": {
          "uv": [
            9,
            0,
            8,
            1
          ],
          "rotation": 270,
          "texture": "#2"
        }
      }
    },
    {
      "from": [
        -0.125,
        19.12499,
        6.9375
      ],
      "to": [
        2.875,
        21.12499,
        9.0625
      ],
      "rotation": {
        "angle": 0,
        "axis": "z",
        "origin": [
          1.375,
          20.12499,
          8
        ]
      },
      "faces": {
        "north": {
          "uv": [
            5.5,
            3,
            7,
            2
          ],
          "texture": "#2"
        },
        "east": {
          "uv": [
            7.5,
            8,
            8.5,
            7
          ],
          "texture": "#2"
        },
        "south": {
          "uv": [
            5.5,
            4,
            7,
            3
          ],
          "texture": "#2"
        },
        "west": {
          "uv": [
            8,
            1,
            9,
            0
          ],
          "texture": "#2"
        },
        "up": {
          "uv": [
            7,
            6,
            5.5,
            5
          ],
          "texture": "#2"
        },
        "down": {
          "uv": [
            7,
            4,
            5.5,
            5
          ],
          "texture": "#2"
        }
      }
    },
    {
      "from": [
        8.99999,
        13.24999,
        7.999
      ],
      "to": [
        9.99999,
        25.24999,
        8.049
      ],
      "rotation": {
        "angle": 0,
        "axis": "y",
        "origin": [
          -3.00001,
          -0.43751,
          1.124
        ]
      },
      "faces": {
        "north": {
          "uv": [
            4,
            0,
            4.5,
            6
          ],
          "texture": "#2"
        },
        "south": {
          "uv": [
            4.5,
            0,
            5,
            6
          ],
          "texture": "#2"
        }
      }
    },
    {
      "from": [
        8.99999,
        2.99999,
        7.974
      ],
      "to": [
        9.99999,
        14.99999,
        8.024
      ],
      "rotation": {
        "angle": 0,
        "axis": "y",
        "origin": [
          -3.00001,
          1.31249,
          1.124
        ]
      },
      "faces": {
        "north": {
          "uv": [
            0,
            5,
            0.5,
            11
          ],
          "texture": "#2"
        },
        "south": {
          "uv": [
            5,
            0,
            5.5,
            6
          ],
          "texture": "#2"
        }
      }
    },
    {
      "from": [
        2.37499,
        11.12499,
        7.5
      ],
      "to": [
        3.37499,
        17.12499,
        8.5
      ],
      "rotation": {
        "angle": 0,
        "axis": "y",
        "origin": [
          1.87499,
          11.12499,
          8
        ]
      },
      "faces": {
        "north": {
          "uv": [
            3.5,
            5,
            4,
            8
          ],
          "texture": "#2"
        },
        "east": {
          "uv": [
            0.5,
            6,
            1,
            9
          ],
          "texture": "#2"
        },
        "south": {
          "uv": [
            1,
            6,
            1.5,
            9
          ],
          "texture": "#2"
        },
        "west": {
          "uv": [
            1.5,
            6,
            2,
            9
          ],
          "texture": "#2"
        },
        "up": {
          "uv": [
            4,
            8.5,
            3.5,
            8
          ],
          "texture": "#2"
        },
        "down": {
          "uv": [
            8.5,
            5,
            8,
            5.5
          ],
          "texture": "#2"
        }
      }
    },
    {
      "from": [
        2.12499,
        10.62499,
        7.25
      ],
      "to": [
        3.62499,
        17.62499,
        8.75
      ],
      "rotation": {
        "angle": 0,
        "axis": "y",
        "origin": [
          1.87499,
          11.12499,
          8
        ]
      },
      "faces": {
        "north": {
          "uv": [
            2,
            6,
            2.5,
            9
          ],
          "texture": "#2"
        },
        "east": {
          "uv": [
            2.5,
            6,
            3,
            9
          ],
          "texture": "#2"
        },
        "south": {
          "uv": [
            3,
            6,
            3.5,
            9
          ],
          "texture": "#2"
        },
        "west": {
          "uv": [
            4,
            6,
            4.5,
            9
          ],
          "texture": "#2"
        },
        "up": {
          "uv": [
            8.5,
            6,
            8,
            5.5
          ],
          "texture": "#2"
        },
        "down": {
          "uv": [
            8,
            8,
            7.5,
            8.5
          ],
          "texture": "#2"
        }
      }
    },
    {
      "from": [
        2.12499,
        10.62499,
        8.75
      ],
      "to": [
        3.62499,
        17.62499,
        7.25
      ],
      "rotation": {
        "angle": 0,
        "axis": "y",
        "origin": [
          1.87499,
          11.12499,
          8
        ]
      },
      "faces": {
        "north": {
          "uv": [
            2,
            6,
            2.5,
            9
          ],
          "texture": "#2"
        },
        "east": {
          "uv": [
            2.5,
            6,
            3,
            9
          ],
          "texture": "#2"
        },
        "south": {
          "uv": [
            3,
            6,
            3.5,
            9
          ],
          "texture": "#2"
        },
        "west": {
          "uv": [
            4,
            6,
            4.5,
            9
          ],
          "texture": "#2"
        },
        "up": {
          "uv": [
            8.5,
            6,
            8,
            5.5
          ],
          "texture": "#2"
        },
        "down": {
          "uv": [
            8,
            8,
            7.5,
            8.5
          ],
          "texture": "#2"
        }
      }
    }
  ],
  "gui_light": "front",
  "display": {
    "thirdperson_righthand": {
      "rotation": [
        0,
        -90,
        0
      ],
      "translation": [
        0,
        -7.25,
        5
      ],
      "scale": [
        0.85,
        0.85,
        0.85
      ]
    },
    "thirdperson_lefthand": {
      "rotation": [
        0,
        90,
        0
      ],
      "translation": [
        0,
        -7.25,
        5
      ],
      "scale": [
        0.85,
        0.85,
        0.85
      ]
    },
    "firstperson_righthand": {
      "rotation": [
        15,
        -70,
        0
      ],
      "translation": [
        1.5,
        1.5,
        0
      ],
      "scale": [
        0.45,
        0.45,
        0.45
      ]
    },
    "firstperson_lefthand": {
      "rotation": [
        15,
        110,
        0
      ],
      "translation": [
        1.5,
        1.5,
        0
      ],
      "scale": [
        0.45,
        0.45,
        0.45
      ]
    },
    "ground": {
      "rotation": [
        25,
        0,
        0
      ],
      "translation": [
        1,
        0,
        0
      ],
      "scale": [
        0.35,
        0.35,
        0.35
      ]
    },
    "gui": {
      "rotation": [
        25,
        15,
        -45
      ],
      "translation": [
        -2,
        -2,
        0
      ],
      "scale": [
        0.5,
        0.5,
        0.5
      ]
    },
    "head": {
      "rotation": [
        0,
        0,
        90
      ],
      "translation": [
        8,
        8,
        0
      ],
      "scale": [
        1.3,
        1.3,
        1.3
      ]
    },
    "fixed": {
      "rotation": [
        0,
        -180,
        -45
      ],
      "translation": [
        3,
        -3,
        -1
      ],
      "scale": [
        0.7,
        0.7,
        0.7
      ]
    }
  }
}