{"credit":"Made with Blockbench by yungwilder","texture_size":[32,32],"textures":{"0":"halloween:spider_web_fishing_rod","particle":"halloween:spider_web_fishing_rod"},"elements":[{"from":[-4.46552,2.73291,6.5],"to":[-1.46552,5.73291,9.5],"rotation":{"angle":45,"axis":"z","origin":[9.43748,14.60302,8]},"faces":{"north":{"uv":[10.5,0,12,1.5],"texture":"#0"},"east":{"uv":[1,10.5,2.5,12],"texture":"#0"},"south":{"uv":[10.5,1.5,12,3],"texture":"#0"},"west":{"uv":[2.5,10.5,4,12],"texture":"#0"},"up":{"uv":[12,4.5,10.5,3],"texture":"#0"},"down":{"uv":[12,4.5,10.5,6],"texture":"#0"}}},{"from":[7,-0.5,7],"to":[9,6.5,9],"rotation":{"angle":0,"axis":"y","origin":[9.43748,14.60302,8]},"faces":{"north":{"uv":[7,7,8,10.5],"texture":"#0"},"east":{"uv":[5,7.5,6,11],"texture":"#0"},"south":{"uv":[6,7.5,7,11],"texture":"#0"},"west":{"uv":[8,7,9,10.5],"texture":"#0"},"up":{"uv":[12,10,11,9],"texture":"#0"},"down":{"uv":[8.5,11.5,7.5,12.5],"texture":"#0"}}},{"from":[11.40322,8.66952,7],"to":[13.40322,18.66952,9],"rotation":{"angle":-45,"axis":"z","origin":[9.43748,14.60302,8]},"faces":{"north":{"uv":[1,5.5,2,10.5],"texture":"#0"},"east":{"uv":[2,5.5,3,10.5],"texture":"#0"},"south":{"uv":[3,5.5,4,10.5],"texture":"#0"},"west":{"uv":[4,5.5,5,10.5],"texture":"#0"},"up":{"uv":[9.5,12.5,8.5,11.5],"texture":"#0"},"down":{"uv":[10.5,11.5,9.5,12.5],"texture":"#0"}}},{"from":[13.40322,10.66952,7.975],"to":[15.40322,22.66952,8.025],"rotation":{"angle":-45,"axis":"z","origin":[9.43748,14.60302,8]},"faces":{"north":{"uv":[0,5.5,1,11.5],"texture":"#0"},"south":{"uv":[1,5.5,0,11.5],"texture":"#0"}}},{"from":[10.40322,8.66952,7.975],"to":[11.40322,18.66952,8.025],"rotation":{"angle":-45,"axis":"z","origin":[9.43748,14.60302,8]},"faces":{"north":{"uv":[10,0,10.5,5],"texture":"#0"},"south":{"uv":[10,0,10.5,5],"texture":"#0"}}},{"from":[0.40322,15.66952,7.975],"to":[1.40322,17.66952,8.025],"rotation":{"angle":-45,"axis":"z","origin":[9.43748,14.60302,8]},"faces":{"north":{"uv":[9.5,12.5,10,13.5],"texture":"#0"},"south":{"uv":[9.5,12.5,10,13.5],"texture":"#0"}}},{"from":[3.80342,15.74533,7.95],"to":[4.80342,21.74533,8],"rotation":{"angle":0,"axis":"z","origin":[4.30342,20.74533,8]},"faces":{"north":{"uv":[7,11.5,7.5,14.5],"texture":"#0"},"south":{"uv":[7,11.5,7.5,14.5],"texture":"#0"}}},{"from":[3.30342,13.74533,7],"to":[5.30342,15.74533,9],"rotation":{"angle":0,"axis":"z","origin":[4.30342,20.74533,8]},"faces":{"north":{"uv":[12,7,13,8],"texture":"#0"},"east":{"uv":[12,8,13,9],"texture":"#0"},"south":{"uv":[12,9,13,10],"texture":"#0"},"west":{"uv":[12,10.5,13,11.5],"texture":"#0"},"up":{"uv":[13,12.5,12,11.5],"texture":"#0"},"down":{"uv":[13.5,6,12.5,7],"texture":"#0"}}},{"from":[3.80342,11.74533,7.975],"to":[5.80342,13.74533,8.025],"rotation":{"angle":0,"axis":"z","origin":[4.30342,20.74533,8]},"faces":{"north":{"uv":[7.5,12.5,8.5,13.5],"texture":"#0"},"south":{"uv":[8.5,12.5,7.5,13.5],"texture":"#0"}}},{"from":[0.40322,17.66952,7.975],"to":[10.40322,18.66952,8.025],"rotation":{"angle":-45,"axis":"z","origin":[9.43748,14.60302,8]},"faces":{"north":{"uv":[9,10,14,10.5],"texture":"#0"},"south":{"uv":[14,10,9,10.5],"texture":"#0"}}},{"from":[3.40322,10.66952,7.975],"to":[10.40322,17.66952,8.025],"rotation":{"angle":-45,"axis":"z","origin":[9.43748,14.60302,8]},"faces":{"north":{"uv":[0,0,3.5,3.5],"texture":"#0"},"south":{"uv":[3.5,0,0,3.5],"texture":"#0"}}},{"from":[9.40322,12.16952,7],"to":[11.40322,13.16952,9],"rotation":{"angle":-45,"axis":"z","origin":[9.43748,14.60302,8]},"faces":{"north":{"uv":[3.5,3,4.5,3.5],"texture":"#0"},"east":{"uv":[4.5,3,5.5,3.5],"texture":"#0"},"south":{"uv":[5.5,3,6.5,3.5],"texture":"#0"},"west":{"uv":[4,10.5,5,11],"texture":"#0"},"up":{"uv":[13,4,12,3],"texture":"#0"},"down":{"uv":[5,12,4,13],"texture":"#0"}}},{"from":[0.40322,18.66952,7],"to":[13.40322,20.66952,9],"rotation":{"angle":-45,"axis":"z","origin":[9.43748,14.60302,8]},"faces":{"north":{"uv":[0,3.5,6.5,4.5],"texture":"#0"},"east":{"uv":[12,0,13,1],"texture":"#0"},"south":{"uv":[3.5,0,10,1],"texture":"#0"},"west":{"uv":[1,12,2,13],"texture":"#0"},"up":{"uv":[10,2,3.5,1],"texture":"#0"},"down":{"uv":[10,2,3.5,3],"texture":"#0"}}},{"from":[1.40322,20.66952,7.975],"to":[13.40322,22.66952,8.025],"rotation":{"angle":-45,"axis":"z","origin":[9.43748,14.60302,8]},"faces":{"north":{"uv":[0,4.5,6,5.5],"texture":"#0"},"south":{"uv":[6,4.5,0,5.5],"texture":"#0"}}},{"from":[5.19251,19.68467,7],"to":[6.19251,21.68467,9],"rotation":{"angle":-45,"axis":"z","origin":[7.69251,20.68467,8]},"faces":{"north":{"uv":[6,4.5,6.5,5.5],"texture":"#0"},"east":{"uv":[12,2,13,3],"texture":"#0"},"south":{"uv":[10.5,11.5,11,12.5],"texture":"#0"},"west":{"uv":[3,12,4,13],"texture":"#0"},"up":{"uv":[9,13.5,8.5,12.5],"texture":"#0"},"down":{"uv":[9.5,12.5,9,13.5],"texture":"#0"}}},{"from":[8.40322,16.66952,7],"to":[9.40322,18.66952,9],"rotation":{"angle":-45,"axis":"z","origin":[9.43748,14.60302,8]},"faces":{"north":{"uv":[10,12.5,10.5,13.5],"texture":"#0"},"east":{"uv":[12,4,13,5],"texture":"#0"},"south":{"uv":[10.5,12.5,11,13.5],"texture":"#0"},"west":{"uv":[5,12,6,13],"texture":"#0"},"up":{"uv":[11.5,13.5,11,12.5],"texture":"#0"},"down":{"uv":[12,12.5,11.5,13.5],"texture":"#0"}}},{"from":[3.08064,22.46608,7.025],"to":[5.08064,26.46608,8.975],"rotation":{"angle":-22.5,"axis":"z","origin":[8.02326,16.01723,8]},"faces":{"north":{"uv":[6,11,7,13],"texture":"#0"},"east":{"uv":[11,7,12,9],"texture":"#0"},"south":{"uv":[11,10.5,12,12.5],"texture":"#0"},"west":{"uv":[0,11.5,1,13.5],"texture":"#0"},"up":{"uv":[13,2,12,1],"texture":"#0"},"down":{"uv":[3,12,2,13],"texture":"#0"}}},{"from":[3.08064,26.46608,7.975],"to":[5.08064,28.46608,8.025],"rotation":{"angle":-22.5,"axis":"z","origin":[8.02326,16.01723,8]},"faces":{"north":{"uv":[12,5,13,6],"texture":"#0"},"south":{"uv":[13,5,12,6],"texture":"#0"}}},{"from":[6,6.5,6],"to":[10,8.5,10],"rotation":{"angle":0,"axis":"y","origin":[9.43748,14.60302,8]},"faces":{"north":{"uv":[10.5,6,12.5,7],"texture":"#0"},"east":{"uv":[7,10.5,9,11.5],"texture":"#0"},"south":{"uv":[9,10.5,11,11.5],"texture":"#0"},"west":{"uv":[4,11,6,12],"texture":"#0"},"up":{"uv":[8.5,5,6.5,3],"texture":"#0"},"down":{"uv":[9,5,7,7],"texture":"#0"}}},{"from":[-0.42999,10.4253,6.5],"to":[3.57001,14.4253,9.5],"rotation":{"angle":45,"axis":"z","origin":[9.43748,14.60302,8]},"faces":{"north":{"uv":[5,5.5,7,7.5],"texture":"#0"},"east":{"uv":[8.5,3,10,5],"texture":"#0"},"south":{"uv":[7,5.5,5,7.5],"texture":"#0"},"west":{"uv":[9,5,10.5,7],"texture":"#0"},"up":{"uv":[11,8.5,9,7],"texture":"#0"},"down":{"uv":[11,8.5,9,10],"texture":"#0"}}}],"gui_light":"front","display":{"thirdperson_righthand":{"rotation":[0,-90,0],"translation":[0,3,1.5]},"thirdperson_lefthand":{"rotation":[0,90,0],"translation":[0,3,1.5]},"firstperson_righthand":{"rotation":[-15,-90,0],"translation":[0,2.5,0],"scale":[0.7,0.7,0.7]},"firstperson_lefthand":{"rotation":[-15,90,0],"translation":[0,2.5,0],"scale":[0.7,0.7,0.7]},"ground":{"rotation":[-45,0,0],"scale":[0.45,0.45,0.45]},"gui":{"rotation":[20,160,30],"translation":[-1.5,-2.25,0],"scale":[0.6,0.6,0.6]},"head":{"rotation":[-180,0,100],"translation":[4.5,9,0]},"fixed":{"rotation":[0,0,45],"translation":[3,-3,-1],"scale":[0.8,0.8,0.8]}}}