{
	"credit": "Made with Blockbench",
	"texture_size": [64, 64],
	"textures": {
		"0": "lunar_studios:enderkariz/ares_set/ares_greatsword",
		"particle": "lunar_studios:enderkariz/ares_set/ares_greatsword"
	},
	"elements": [
		{
			"from": [7, -13, 8],
			"to": [8, -3, 9],
			"rotation": {"angle": -45, "axis": "y", "origin": [7.5, -8.5, 8.5]},
			"faces": {
				"north": {"uv": [0, 0, 0.25, 2.5], "texture": "#0"},
				"east": {"uv": [0.25, 0, 0, 2.5], "texture": "#0"},
				"south": {"uv": [0, 0, 0.25, 2.5], "texture": "#0"},
				"west": {"uv": [0.25, 0, 0, 2.5], "texture": "#0"},
				"up": {"uv": [0, 0, 0.125, 0.125], "texture": "#0"},
				"down": {"uv": [0, 0, 0.125, 0.125], "texture": "#0"}
			}
		},
		{
			"from": [6.9, -13.1, 7.9],
			"to": [8.1, -2.9, 9.1],
			"rotation": {"angle": -45, "axis": "y", "origin": [7.5, -8.5, 8.5]},
			"faces": {
				"north": {"uv": [0.25, 0, 0.5, 2.5], "texture": "#0"},
				"east": {"uv": [0.5, 0, 0.25, 2.5], "texture": "#0"},
				"south": {"uv": [0.25, 0, 0.5, 2.5], "texture": "#0"},
				"west": {"uv": [0.5, 0, 0.25, 2.5], "texture": "#0"},
				"up": {"uv": [0.25, 0, 0.375, 0.125], "texture": "#0"},
				"down": {"uv": [0.375, 0.5, 0.5, 0.625], "texture": "#0"}
			}
		},
		{
			"from": [6.5, -12, 7.5],
			"to": [8.5, -11, 9.5],
			"rotation": {"angle": 0, "axis": "y", "origin": [7.5, -10.5, 8.5]},
			"faces": {
				"north": {"uv": [1.25, 0, 1.75, 0.25], "texture": "#0"},
				"east": {"uv": [1.25, 0, 1.75, 0.25], "texture": "#0"},
				"south": {"uv": [1.25, 0, 1.75, 0.25], "texture": "#0"},
				"west": {"uv": [1.25, 0, 1.75, 0.25], "texture": "#0"},
				"up": {"uv": [0.625, 0, 1.125, 0.5], "texture": "#0"},
				"down": {"uv": [0.625, 0.625, 1.125, 1.125], "texture": "#0"}
			}
		},
		{
			"from": [6.5, -4.5, 7.5],
			"to": [8.5, -3.5, 9.5],
			"rotation": {"angle": -45, "axis": "y", "origin": [7.5, -4, 8.5]},
			"faces": {
				"north": {"uv": [1.25, 0, 1.75, 0.25], "texture": "#0"},
				"east": {"uv": [1.25, 0, 1.75, 0.25], "texture": "#0"},
				"south": {"uv": [1.25, 0, 1.75, 0.25], "texture": "#0"},
				"west": {"uv": [1.25, 0, 1.75, 0.25], "texture": "#0"},
				"up": {"uv": [0.625, 0, 1.125, 0.5], "texture": "#0"},
				"down": {"uv": [0.625, 0.625, 1.125, 1.125], "texture": "#0"}
			}
		},
		{
			"from": [7, -15, 7.5],
			"to": [8, -13, 9.5],
			"rotation": {"angle": 45, "axis": "x", "origin": [7.5, -14, 8.5]},
			"faces": {
				"north": {"uv": [0.625, 1.875, 0.75, 2.375], "texture": "#0"},
				"east": {"uv": [1.125, 1.875, 0.625, 2.375], "texture": "#0"},
				"south": {"uv": [1, 1.875, 1.125, 2.375], "texture": "#0"},
				"west": {"uv": [0.625, 1.875, 1.125, 2.375], "texture": "#0"},
				"up": {"uv": [0.625, 1.875, 0.75, 2.375], "texture": "#0"},
				"down": {"uv": [1, 2.375, 1.125, 1.875], "texture": "#0"}
			}
		},
		{
			"from": [7.5, -16, 5.5],
			"to": [7.5, -11, 10.5],
			"rotation": {"angle": 45, "axis": "x", "origin": [7.5, -14, 8.5]},
			"faces": {
				"north": {"uv": [0, 0, 0, 5], "texture": "#missing"},
				"east": {"uv": [1.25, 2.625, 0, 3.875], "texture": "#0"},
				"south": {"uv": [0, 0, 0, 5], "texture": "#missing"},
				"west": {"uv": [0, 2.625, 1.25, 3.875], "texture": "#0"},
				"up": {"uv": [0, 0, 0, 5], "texture": "#missing"},
				"down": {"uv": [0, 0, 0, 5], "texture": "#missing"}
			}
		},
		{
			"from": [6, 1, 2],
			"to": [9, 2, 8],
			"rotation": {"angle": 45, "axis": "x", "origin": [7.5, 0.5, 8.5]},
			"faces": {
				"north": {"uv": [1.625, 3.5, 1.375, 3.375], "rotation": 90, "texture": "#0"},
				"east": {"uv": [1.375, 2.25, 2.875, 2], "texture": "#0"},
				"south": {"uv": [1.625, 2.125, 1.375, 2], "rotation": 90, "texture": "#0"},
				"west": {"uv": [2.875, 2.25, 1.375, 2], "texture": "#0"},
				"up": {"uv": [1.5, 5.25, 0, 4.5], "rotation": 90, "texture": "#0"},
				"down": {"uv": [1.375, 4.375, 2.875, 3.625], "rotation": 90, "texture": "#0"}
			}
		},
		{
			"from": [7, -3.97487, 6.23223],
			"to": [8, -1.47487, 7.23223],
			"rotation": {"angle": -45, "axis": "x", "origin": [7.5, -1.97487, 6.73223]},
			"faces": {
				"north": {"uv": [1.375, 0.375, 1.5, 1], "texture": "#0"},
				"east": {"uv": [1.25, 0.375, 1.5, 1], "texture": "#0"},
				"south": {"uv": [1.25, 0.375, 1.375, 1], "texture": "#0"},
				"west": {"uv": [1.5, 0.375, 1.25, 1], "texture": "#0"},
				"up": {"uv": [1.25, 0.375, 1.375, 0.5], "texture": "#0"},
				"down": {"uv": [1.375, 0.875, 1.5, 1], "texture": "#0"}
			}
		},
		{
			"from": [7.5, -4, 5.08579],
			"to": [7.5, -2, 8.08579],
			"rotation": {"angle": 0, "axis": "y", "origin": [7.5, -3, 7.58579]},
			"faces": {
				"north": {"uv": [0, 0, 0, 2], "texture": "#missing"},
				"east": {"uv": [0.625, 1.25, 1.375, 1.75], "texture": "#0"},
				"south": {"uv": [0, 0, 0, 2], "texture": "#missing"},
				"west": {"uv": [1.375, 1.25, 0.625, 1.75], "texture": "#0"},
				"up": {"uv": [0, 2, 0, 5], "texture": "#missing"},
				"down": {"uv": [0, 2, 0, 5], "texture": "#missing"}
			}
		},
		{
			"from": [7.5, -4, 8.91421],
			"to": [7.5, -2, 11.91421],
			"rotation": {"angle": 0, "axis": "y", "origin": [7.5, -2, 9.41421]},
			"faces": {
				"north": {"uv": [0, 0, 0, 2], "texture": "#missing"},
				"east": {"uv": [1.375, 1.25, 0.625, 1.75], "texture": "#0"},
				"south": {"uv": [0, 0, 0, 2], "texture": "#missing"},
				"west": {"uv": [0.625, 1.25, 1.375, 1.75], "texture": "#0"},
				"up": {"uv": [0, 5, 0, 2], "texture": "#missing"},
				"down": {"uv": [0, 5, 0, 2], "texture": "#missing"}
			}
		},
		{
			"from": [7.5, 2.38909, 10.68198],
			"to": [7.5, 4.38909, 13.68198],
			"rotation": {"angle": 0, "axis": "y", "origin": [7.5, 17.38909, 7.18198]},
			"faces": {
				"north": {"uv": [0, 2, 0, 0], "texture": "#missing"},
				"east": {"uv": [1.375, 1.75, 0.625, 1.25], "texture": "#0"},
				"south": {"uv": [0, 2, 0, 0], "texture": "#missing"},
				"west": {"uv": [0.625, 1.75, 1.375, 1.25], "texture": "#0"},
				"up": {"uv": [0, 2, 0, 5], "texture": "#missing"},
				"down": {"uv": [0, 2, 0, 5], "texture": "#missing"}
			}
		},
		{
			"from": [7, -3.97487, 9.76777],
			"to": [8, -1.47487, 10.76777],
			"rotation": {"angle": 45, "axis": "x", "origin": [7.5, -1.97487, 10.26777]},
			"faces": {
				"north": {"uv": [1.375, 0.375, 1.25, 1], "texture": "#0"},
				"east": {"uv": [1.5, 0.375, 1.25, 1], "texture": "#0"},
				"south": {"uv": [1.5, 0.375, 1.375, 1], "texture": "#0"},
				"west": {"uv": [1.25, 0.375, 1.5, 1], "texture": "#0"},
				"up": {"uv": [1.25, 0.5, 1.375, 0.375], "texture": "#0"},
				"down": {"uv": [1.375, 1, 1.5, 0.875], "texture": "#0"}
			}
		},
		{
			"from": [7, 1.68198, 11.18198],
			"to": [8, 4.18198, 12.18198],
			"rotation": {"angle": 45, "axis": "x", "origin": [7.5, 3.68198, 11.68198]},
			"faces": {
				"north": {"uv": [1.375, 0.375, 1.25, 1], "texture": "#0"},
				"east": {"uv": [1.5, 0.375, 1.25, 1], "texture": "#0"},
				"south": {"uv": [1.5, 0.375, 1.375, 1], "texture": "#0"},
				"west": {"uv": [1.25, 0.375, 1.5, 1], "texture": "#0"},
				"up": {"uv": [1.25, 0.5, 1.375, 0.375], "texture": "#0"},
				"down": {"uv": [1.375, 1, 1.5, 0.875], "texture": "#0"}
			}
		},
		{
			"from": [7.5, -5, 3],
			"to": [7.5, 6, 14],
			"rotation": {"angle": 45, "axis": "x", "origin": [7.5, 0.5, 8.5]},
			"faces": {
				"north": {"uv": [0, 0, 0, 2.75], "texture": "#missing"},
				"east": {"uv": [6, 0, 3.25, 2.75], "texture": "#0"},
				"south": {"uv": [0, 0, 0, 2.75], "texture": "#missing"},
				"west": {"uv": [3.25, 0, 6, 2.75], "texture": "#0"},
				"up": {"uv": [0, 0, 0, 2.75], "texture": "#missing"},
				"down": {"uv": [0, 0, 0, 2.75], "texture": "#missing"}
			}
		},
		{
			"from": [7, 1.5, 9.5],
			"to": [8, 3.5, 11.5],
			"rotation": {"angle": 45, "axis": "x", "origin": [7.5, 0.5, 8.5]},
			"faces": {
				"north": {"uv": [1.5, 1.375, 1.625, 1.875], "texture": "#0"},
				"east": {"uv": [1.5, 1.375, 2, 1.875], "texture": "#0"},
				"south": {"uv": [1.875, 1.375, 2, 1.875], "texture": "#0"},
				"west": {"uv": [1.5, 1.375, 2, 1.875], "texture": "#0"},
				"up": {"uv": [1.875, 1.875, 2, 1.375], "texture": "#0"},
				"down": {"uv": [1.5, 1.375, 1.625, 1.875], "texture": "#0"}
			}
		},
		{
			"from": [7, 1.5, 5.5],
			"to": [8, 3.5, 7.5],
			"rotation": {"angle": -45, "axis": "x", "origin": [7.5, 0.5, 8.5]},
			"faces": {
				"north": {"uv": [2, 1.375, 1.875, 1.875], "texture": "#0"},
				"east": {"uv": [2, 1.375, 1.5, 1.875], "texture": "#0"},
				"south": {"uv": [1.625, 1.375, 1.5, 1.875], "texture": "#0"},
				"west": {"uv": [2, 1.375, 1.5, 1.875], "texture": "#0"},
				"up": {"uv": [1.875, 1.375, 2, 1.875], "texture": "#0"},
				"down": {"uv": [1.5, 1.875, 1.625, 1.375], "texture": "#0"}
			}
		},
		{
			"from": [7.5, 2.38909, 3.31802],
			"to": [7.5, 4.38909, 6.31802],
			"rotation": {"angle": 0, "axis": "y", "origin": [7.5, 17.38909, 9.81802]},
			"faces": {
				"north": {"uv": [0, 2, 0, 0], "texture": "#missing"},
				"east": {"uv": [0.625, 1.75, 1.375, 1.25], "texture": "#0"},
				"south": {"uv": [0, 2, 0, 0], "texture": "#missing"},
				"west": {"uv": [1.375, 1.75, 0.625, 1.25], "texture": "#0"},
				"up": {"uv": [0, 5, 0, 2], "texture": "#missing"},
				"down": {"uv": [0, 5, 0, 2], "texture": "#missing"}
			}
		},
		{
			"from": [7, 1.68198, 4.81802],
			"to": [8, 4.18198, 5.81802],
			"rotation": {"angle": -45, "axis": "x", "origin": [7.5, 3.68198, 5.31802]},
			"faces": {
				"north": {"uv": [1.375, 0.375, 1.5, 1], "texture": "#0"},
				"east": {"uv": [1.25, 0.375, 1.5, 1], "texture": "#0"},
				"south": {"uv": [1.25, 0.375, 1.375, 1], "texture": "#0"},
				"west": {"uv": [1.5, 0.375, 1.25, 1], "texture": "#0"},
				"up": {"uv": [1.25, 0.375, 1.375, 0.5], "texture": "#0"},
				"down": {"uv": [1.375, 0.875, 1.5, 1], "texture": "#0"}
			}
		},
		{
			"from": [6.5, -2, 7],
			"to": [8.5, -1, 11],
			"rotation": {"angle": 45, "axis": "x", "origin": [7.5, 0.5, 8.5]},
			"faces": {
				"north": {"uv": [1.875, 1, 2, 1.125], "texture": "#0"},
				"east": {"uv": [1.875, 1, 2.875, 1.25], "texture": "#0"},
				"south": {"uv": [1.875, 1, 2, 1.125], "texture": "#0"},
				"west": {"uv": [2.875, 1, 1.875, 1.25], "texture": "#0"},
				"up": {"uv": [2.875, 1, 1.875, 1.125], "rotation": 90, "texture": "#0"},
				"down": {"uv": [1.875, 1.125, 2.875, 1.25], "rotation": 90, "texture": "#0"}
			}
		},
		{
			"from": [6.5, -1, 10],
			"to": [8.5, 2, 11],
			"rotation": {"angle": 45, "axis": "x", "origin": [7.5, 0.5, 8.5]},
			"faces": {
				"north": {"uv": [2, 0.25, 2.125, 1], "texture": "#0"},
				"east": {"uv": [1.875, 0.25, 2.125, 1], "texture": "#0"},
				"south": {"uv": [1.875, 0.25, 2, 1], "texture": "#0"},
				"west": {"uv": [2.125, 0.25, 1.875, 1], "texture": "#0"},
				"up": {"uv": [1.875, 1, 2, 1.125], "texture": "#0"},
				"down": {"uv": [1.875, 1, 2, 1.125], "texture": "#0"}
			}
		},
		{
			"from": [6.5, -2, 6],
			"to": [8.5, 1, 7],
			"rotation": {"angle": 45, "axis": "x", "origin": [7.5, 0.5, 8.5]},
			"faces": {
				"north": {"uv": [3, 0.5, 3.125, 1.25], "texture": "#0"},
				"east": {"uv": [2.875, 0.5, 3.125, 1.25], "texture": "#0"},
				"south": {"uv": [2.875, 0.5, 3, 1.25], "texture": "#0"},
				"west": {"uv": [3.125, 0.5, 2.875, 1.25], "texture": "#0"},
				"up": {"uv": [2.875, 0.5, 3.125, 0.625], "texture": "#0"},
				"down": {"uv": [3, 1.125, 3.125, 1.25], "texture": "#0"}
			}
		},
		{
			"from": [6.5, 2, 8],
			"to": [8.5, 3, 11],
			"rotation": {"angle": 45, "axis": "x", "origin": [7.5, 0.5, 8.5]},
			"faces": {
				"north": {"uv": [2.5, 0, 2.625, 0.125], "texture": "#0"},
				"east": {"uv": [1.875, 0, 2.625, 0.25], "texture": "#0"},
				"south": {"uv": [1.875, 0, 2, 0.125], "texture": "#0"},
				"west": {"uv": [2.625, 0, 1.875, 0.25], "texture": "#0"},
				"up": {"uv": [2.625, 0, 1.875, 0.125], "rotation": 90, "texture": "#0"},
				"down": {"uv": [1.875, 0.125, 2.625, 0.25], "rotation": 90, "texture": "#0"}
			}
		},
		{
			"from": [6, 2, 7],
			"to": [9, 7, 8],
			"rotation": {"angle": 45, "axis": "x", "origin": [7.5, 0.5, 8.5]},
			"faces": {
				"north": {"uv": [1.5, 5.25, 0.25, 4.5], "rotation": 90, "texture": "#0"},
				"east": {"uv": [1.375, 3.5, 1.625, 2.25], "texture": "#0"},
				"south": {"uv": [2.875, 4.375, 1.625, 3.625], "rotation": 90, "texture": "#0"},
				"west": {"uv": [1.625, 3.5, 1.375, 2.25], "texture": "#0"},
				"up": {"uv": [2.875, 2.25, 2.75, 2], "texture": "#0"},
				"down": {"uv": [1.5, 2.25, 1.375, 2], "texture": "#0"}
			}
		},
		{
			"from": [6.9, 11.5, 11.1],
			"to": [8.1, 13, 12.6],
			"rotation": {"angle": -45, "axis": "x", "origin": [7.4, 12, 12.1]},
			"faces": {
				"north": {"uv": [3, 3.625, 3.125, 4], "texture": "#0"},
				"east": {"uv": [3, 3.625, 3.375, 4], "texture": "#0"},
				"south": {"uv": [3.25, 3.625, 3.375, 4], "texture": "#0"},
				"west": {"uv": [3, 3.625, 3.375, 4], "texture": "#0"},
				"up": {"uv": [3, 3.625, 3.125, 4], "texture": "#0"},
				"down": {"uv": [3.25, 4, 3.375, 3.625], "texture": "#0"}
			}
		},
		{
			"from": [7.25, 11, 11.1],
			"to": [7.75, 13, 13.1],
			"rotation": {"angle": -45, "axis": "x", "origin": [7.4, 12, 12.1]},
			"faces": {
				"north": {"uv": [3, 3.625, 3.125, 4.125], "texture": "#0"},
				"east": {"uv": [3, 3.625, 3.5, 4.125], "texture": "#0"},
				"south": {"uv": [3.375, 3.625, 3.5, 4.125], "texture": "#0"},
				"west": {"uv": [3, 3.625, 3.5, 4.125], "texture": "#0"},
				"up": {"uv": [3, 3.625, 3.125, 4.125], "texture": "#0"},
				"down": {"uv": [3.375, 4.125, 3.5, 3.625], "texture": "#0"}
			}
		},
		{
			"from": [6.9, 11.5, 4.4],
			"to": [8.1, 13, 5.9],
			"rotation": {"angle": 45, "axis": "x", "origin": [7.4, 12, 4.9]},
			"faces": {
				"north": {"uv": [3.375, 3.625, 3.25, 4], "texture": "#0"},
				"east": {"uv": [3.375, 3.625, 3, 4], "texture": "#0"},
				"south": {"uv": [3.125, 3.625, 3, 4], "texture": "#0"},
				"west": {"uv": [3.375, 3.625, 3, 4], "texture": "#0"},
				"up": {"uv": [3, 4, 3.125, 3.625], "texture": "#0"},
				"down": {"uv": [3.25, 3.625, 3.375, 4], "texture": "#0"}
			}
		},
		{
			"from": [7.25, 11, 3.9],
			"to": [7.75, 13, 5.9],
			"rotation": {"angle": 45, "axis": "x", "origin": [7.4, 12, 4.9]},
			"faces": {
				"north": {"uv": [3.5, 3.625, 3.375, 4.125], "texture": "#0"},
				"east": {"uv": [3.5, 3.625, 3, 4.125], "texture": "#0"},
				"south": {"uv": [3.125, 3.625, 3, 4.125], "texture": "#0"},
				"west": {"uv": [3.5, 3.625, 3, 4.125], "texture": "#0"},
				"up": {"uv": [3, 4.125, 3.125, 3.625], "texture": "#0"},
				"down": {"uv": [3.375, 3.625, 3.5, 4.125], "texture": "#0"}
			}
		},
		{
			"from": [6.9, 20.5, 11.1],
			"to": [8.1, 22, 12.6],
			"rotation": {"angle": -45, "axis": "x", "origin": [7.4, 21, 12.1]},
			"faces": {
				"north": {"uv": [3, 3.625, 3.125, 4], "texture": "#0"},
				"east": {"uv": [3, 3.625, 3.375, 4], "texture": "#0"},
				"south": {"uv": [3.25, 3.625, 3.375, 4], "texture": "#0"},
				"west": {"uv": [3, 3.625, 3.375, 4], "texture": "#0"},
				"up": {"uv": [3, 3.625, 3.125, 4], "texture": "#0"},
				"down": {"uv": [3.25, 4, 3.375, 3.625], "texture": "#0"}
			}
		},
		{
			"from": [7.25, 20, 11.1],
			"to": [7.75, 22, 13.1],
			"rotation": {"angle": -45, "axis": "x", "origin": [7.4, 21, 12.1]},
			"faces": {
				"north": {"uv": [3, 3.625, 3.125, 4.125], "texture": "#0"},
				"east": {"uv": [3, 3.625, 3.5, 4.125], "texture": "#0"},
				"south": {"uv": [3.375, 3.625, 3.5, 4.125], "texture": "#0"},
				"west": {"uv": [3, 3.625, 3.5, 4.125], "texture": "#0"},
				"up": {"uv": [3, 3.625, 3.125, 4.125], "texture": "#0"},
				"down": {"uv": [3.375, 4.125, 3.5, 3.625], "texture": "#0"}
			}
		},
		{
			"from": [6.9, 20.5, 4.4],
			"to": [8.1, 22, 5.9],
			"rotation": {"angle": 45, "axis": "x", "origin": [7.4, 21, 4.9]},
			"faces": {
				"north": {"uv": [3.375, 3.625, 3.25, 4], "texture": "#0"},
				"east": {"uv": [3.375, 3.625, 3, 4], "texture": "#0"},
				"south": {"uv": [3.125, 3.625, 3, 4], "texture": "#0"},
				"west": {"uv": [3.375, 3.625, 3, 4], "texture": "#0"},
				"up": {"uv": [3, 4, 3.125, 3.625], "texture": "#0"},
				"down": {"uv": [3.25, 3.625, 3.375, 4], "texture": "#0"}
			}
		},
		{
			"from": [7.25, 20, 3.9],
			"to": [7.75, 22, 5.9],
			"rotation": {"angle": 45, "axis": "x", "origin": [7.4, 21, 4.9]},
			"faces": {
				"north": {"uv": [3.5, 3.625, 3.375, 4.125], "texture": "#0"},
				"east": {"uv": [3.5, 3.625, 3, 4.125], "texture": "#0"},
				"south": {"uv": [3.125, 3.625, 3, 4.125], "texture": "#0"},
				"west": {"uv": [3.5, 3.625, 3, 4.125], "texture": "#0"},
				"up": {"uv": [3, 4.125, 3.125, 3.625], "texture": "#0"},
				"down": {"uv": [3.375, 3.625, 3.5, 4.125], "texture": "#0"}
			}
		},
		{
			"from": [6.75, 3.5, 5.5],
			"to": [8.25, 12, 7.5],
			"rotation": {"angle": 0, "axis": "y", "origin": [7.5, 1, 8.5]},
			"faces": {
				"north": {"uv": [0, 9.375, 0.125, 11.5], "texture": "#0"},
				"east": {"uv": [0.5, 9.375, 0, 11.5], "texture": "#0"},
				"south": {"uv": [0.375, 9.375, 0.5, 11.5], "texture": "#0"},
				"west": {"uv": [0, 9.375, 0.5, 11.5], "texture": "#0"},
				"up": {"uv": [0, 9.375, 0.5, 9.5], "texture": "#0"},
				"down": {"uv": [0.5, 11.375, 0, 11.5], "rotation": 90, "texture": "#0"}
			}
		},
		{
			"from": [7, 12, 5.5],
			"to": [8, 28, 7],
			"rotation": {"angle": 0, "axis": "y", "origin": [7.4, 12.25, 6.5]},
			"faces": {
				"north": {"uv": [0, 5.375, 0.125, 9.375], "texture": "#0"},
				"east": {"uv": [0.375, 5.375, 0, 9.375], "texture": "#0"},
				"south": {"uv": [0.25, 5.375, 0.375, 9.375], "texture": "#0"},
				"west": {"uv": [0, 5.375, 0.375, 9.375], "texture": "#0"},
				"up": {"uv": [0, 5.375, 0.375, 5.5], "rotation": 90, "texture": "#0"},
				"down": {"uv": [0, 5.375, 0.375, 9.375], "texture": "#0"}
			}
		},
		{
			"from": [7, 12, 10],
			"to": [8, 28, 11.5],
			"rotation": {"angle": 0, "axis": "y", "origin": [7.4, 12.25, 9.5]},
			"faces": {
				"north": {"uv": [0.375, 5.375, 0.25, 9.375], "texture": "#0"},
				"east": {"uv": [0, 5.375, 0.375, 9.375], "texture": "#0"},
				"south": {"uv": [0.125, 5.375, 0, 9.375], "texture": "#0"},
				"west": {"uv": [0.375, 5.375, 0, 9.375], "texture": "#0"},
				"up": {"uv": [0.375, 5.375, 0, 5.5], "rotation": 90, "texture": "#0"},
				"down": {"uv": [0, 9.375, 0.375, 5.375], "texture": "#0"}
			}
		},
		{
			"from": [6.75, 3.5, 9.5],
			"to": [8.25, 12, 11.5],
			"rotation": {"angle": 0, "axis": "y", "origin": [7.5, 1, 7.5]},
			"faces": {
				"north": {"uv": [0.5, 9.375, 0.375, 11.5], "texture": "#0"},
				"east": {"uv": [0, 9.375, 0.5, 11.5], "texture": "#0"},
				"south": {"uv": [0.125, 9.375, 0, 11.5], "texture": "#0"},
				"west": {"uv": [0.5, 9.375, 0, 11.5], "texture": "#0"},
				"up": {"uv": [0, 9.5, 0.5, 9.375], "texture": "#0"},
				"down": {"uv": [0, 11.375, 0.5, 11.5], "rotation": 90, "texture": "#0"}
			}
		},
		{
			"from": [7, 17, 7],
			"to": [8, 28, 10],
			"rotation": {"angle": 0, "axis": "y", "origin": [7.5, 1, 7.5]},
			"faces": {
				"north": {"uv": [0.375, 5.375, 0.5, 8.125], "texture": "#0"},
				"east": {"uv": [0.375, 5.375, 1.125, 8.125], "texture": "#0"},
				"south": {"uv": [1, 5.375, 1.125, 8.125], "texture": "#0"},
				"west": {"uv": [0.375, 5.375, 1.125, 8.125], "texture": "#0"},
				"up": {"uv": [0.375, 5.375, 1.125, 5.5], "rotation": 90, "texture": "#0"},
				"down": {"uv": [0.375, 8, 1.125, 8.125], "rotation": 90, "texture": "#0"}
			}
		},
		{
			"from": [7.25, 26, 4.5],
			"to": [7.75, 31, 9.5],
			"rotation": {"angle": -45, "axis": "x", "origin": [7.5, 30, 8.5]},
			"faces": {
				"north": {"uv": [3.625, 5.375, 3.5, 6.625], "texture": "#0"},
				"east": {"uv": [4.75, 5.375, 3.5, 6.625], "texture": "#0"},
				"south": {"uv": [4.75, 5.375, 4.625, 6.625], "texture": "#0"},
				"west": {"uv": [3.5, 5.375, 4.75, 6.625], "texture": "#0"},
				"up": {"uv": [4.75, 6.625, 4.625, 5.375], "texture": "#0"},
				"down": {"uv": [3.625, 5.375, 3.5, 6.625], "texture": "#0"}
			}
		},
		{
			"from": [7.5, 26, 4.5],
			"to": [7.5, 32, 10.5],
			"rotation": {"angle": -45, "axis": "x", "origin": [7.5, 30, 8.5]},
			"faces": {
				"north": {"uv": [2, 0, 2, 1.5], "texture": "#missing"},
				"east": {"uv": [5, 5.125, 3.5, 6.625], "texture": "#0"},
				"south": {"uv": [2, 0, 2, 1.5], "texture": "#missing"},
				"west": {"uv": [3.5, 5.125, 5, 6.625], "texture": "#0"},
				"up": {"uv": [0, 1, 0, 2.5], "texture": "#missing"},
				"down": {"uv": [0, 1, 0, 2.5], "texture": "#missing"}
			}
		},
		{
			"from": [7.5, 5, 5],
			"to": [7.5, 28, 12],
			"rotation": {"angle": 0, "axis": "y", "origin": [7.5, 1, 7.5]},
			"faces": {
				"north": {"uv": [2, 0, 2, 16], "texture": "#missing"},
				"east": {"uv": [1.625, 5.375, 3.375, 11.125], "texture": "#0"},
				"south": {"uv": [2, 0, 2, 16], "texture": "#missing"},
				"west": {"uv": [1.625, 5.375, 3.375, 11.125], "texture": "#0"},
				"up": {"uv": [0, 1, 0, 8], "texture": "#missing"},
				"down": {"uv": [0, 1, 0, 8], "texture": "#missing"}
			}
		}
	],
	"display": {
		"thirdperson_righthand": {
			"rotation": [-0.65, 2.4, 0.87],
			"translation": [0, 13.25, 0.75],
			"scale": [0.9, 0.9, 0.9]
		},
		"thirdperson_lefthand": {
			"rotation": [-0.65, 2.4, 0.87],
			"translation": [-0.75, 13.25, 0.75],
			"scale": [0.9, 0.9, 0.9]
		},
		"firstperson_righthand": {
			"rotation": [-3.5, 7.5, 0],
			"translation": [0.75, 0, -0.75]
		},
		"firstperson_lefthand": {
			"rotation": [-3.5, 7.5, 0],
			"translation": [0.75, 0, -0.75]
		},
		"ground": {
			"translation": [0, 21.75, 0]
		},
		"gui": {
			"rotation": [-36.07, -41.73, -65.54],
			"translation": [0, -0.25, 0],
			"scale": [0.41406, 0.41406, 0.41406]
		},
		"fixed": {
			"rotation": [0, 90, 0],
			"translation": [0, 0, -2.5],
			"scale": [2, 2, 2]
		}
	},
	"groups": [
		{
			"name": "group",
			"origin": [7.498, 13.88909, 7.68198],
			"color": 0,
			"children": [0, 1, 2, 3, 4, 5, 6, 7, 8, 9, 10, 11, 12, 13, 14, 15, 16, 17, 18, 19, 20, 21, 22, 23, 24, 25, 26, 27, 28, 29, 30, 31, 32, 33, 34, 35, 36, 37, 38]
		}
	]
}