{
  "credit": "Made by PolygonMC",
  "texture_size": [
    32,
    32
  ],
  "textures": {
    "1": "easterset:animations/animations_2",
    "3": "easterset:backpack",
    "particle": "easterset:animations/animations_2"
  },
  "elements": [
    {
      "from": [
        5,
        -14,
        6
      ],
      "to": [
        11,
        -9,
        10
      ],
      "rotation": {
        "angle": 0,
        "axis": "y",
        "origin": [
          5,
          -14,
          0
        ]
      },
      "faces": {
        "north": {
          "uv": [
            0,
            0,
            3,
            2.5
          ],
          "texture": "#3",
          "tintindex": 0
        },
        "east": {
          "uv": [
            3,
            4,
            5,
            6.5
          ],
          "texture": "#3",
          "tintindex": 0
        },
        "south": {
          "uv": [
            0,
            2.5,
            3,
            5
          ],
          "texture": "#3",
          "tintindex": 0
        },
        "west": {
          "uv": [
            0,
            5,
            2,
            7.5
          ],
          "texture": "#3",
          "tintindex": 0
        },
        "up": {
          "uv": [
            6,
            2,
            3,
            0
          ],
          "texture": "#3",
          "tintindex": 0
        },
        "down": {
          "uv": [
            6,
            2,
            3,
            4
          ],
          "texture": "#3",
          "tintindex": 0
        }
      }
    },
    {
      "from": [
        5,
        -9,
        6
      ],
      "to": [
        11,
        -6,
        9
      ],
      "rotation": {
        "angle": 0,
        "axis": "y",
        "origin": [
          5,
          -14,
          0
        ]
      },
      "faces": {
        "north": {
          "uv": [
            5,
            4,
            8,
            5.5
          ],
          "texture": "#3",
          "tintindex": 0
        },
        "east": {
          "uv": [
            8,
            3,
            9.5,
            4.5
          ],
          "texture": "#3",
          "tintindex": 0
        },
        "south": {
          "uv": [
            5,
            5.5,
            8,
            7
          ],
          "texture": "#3",
          "tintindex": 0
        },
        "west": {
          "uv": [
            8,
            4.5,
            9.5,
            6
          ],
          "texture": "#3",
          "tintindex": 0
        },
        "up": {
          "uv": [
            9,
            1.5,
            6,
            0
          ],
          "texture": "#3",
          "tintindex": 0
        }
      }
    },
    {
      "from": [
        4,
        -13,
        7
      ],
      "to": [
        5,
        -11,
        9
      ],
      "rotation": {
        "angle": 0,
        "axis": "y",
        "origin": [
          4,
          -14,
          8
        ]
      },
      "faces": {
        "north": {
          "uv": [
            0,
            12.5,
            0.5,
            13.5
          ],
          "texture": "#3",
          "tintindex": 0
        },
        "south": {
          "uv": [
            1,
            12.5,
            1.5,
            13.5
          ],
          "texture": "#3",
          "tintindex": 0
        },
        "west": {
          "uv": [
            7,
            10.5,
            8,
            11.5
          ],
          "texture": "#3",
          "tintindex": 0
        },
        "up": {
          "uv": [
            2,
            13.5,
            1.5,
            12.5
          ],
          "texture": "#3",
          "tintindex": 0
        },
        "down": {
          "uv": [
            2.5,
            12.5,
            2,
            13.5
          ],
          "texture": "#3",
          "tintindex": 0
        }
      }
    },
    {
      "from": [
        11,
        -13,
        7
      ],
      "to": [
        12,
        -11,
        9
      ],
      "rotation": {
        "angle": 0,
        "axis": "y",
        "origin": [
          12,
          -14,
          8
        ]
      },
      "faces": {
        "north": {
          "uv": [
            0.5,
            12.5,
            0,
            13.5
          ],
          "texture": "#3",
          "tintindex": 0
        },
        "east": {
          "uv": [
            8,
            10.5,
            7,
            11.5
          ],
          "texture": "#3",
          "tintindex": 0
        },
        "south": {
          "uv": [
            1.5,
            12.5,
            1,
            13.5
          ],
          "texture": "#3",
          "tintindex": 0
        },
        "up": {
          "uv": [
            1.5,
            13.5,
            2,
            12.5
          ],
          "texture": "#3",
          "tintindex": 0
        },
        "down": {
          "uv": [
            2,
            12.5,
            2.5,
            13.5
          ],
          "texture": "#3",
          "tintindex": 0
        }
      }
    },
    {
      "from": [
        5.5,
        -5.001,
        3
      ],
      "to": [
        6.5,
        -5.001,
        6
      ],
      "rotation": {
        "angle": 0,
        "axis": "x",
        "origin": [
          6,
          -5.001,
          5
        ]
      },
      "faces": {
        "up": {
          "uv": [
            1,
            13.5,
            0.5,
            12
          ],
          "texture": "#3",
          "tintindex": 0
        },
        "down": {
          "uv": [
            1,
            12,
            0.5,
            13.5
          ],
          "texture": "#3",
          "tintindex": 0
        }
      }
    },
    {
      "from": [
        5.5,
        -12.001,
        3
      ],
      "to": [
        6.5,
        -12.001,
        6
      ],
      "rotation": {
        "angle": 0,
        "axis": "x",
        "origin": [
          6,
          -12.001,
          5
        ]
      },
      "faces": {
        "up": {
          "uv": [
            1,
            13.5,
            0.5,
            12
          ],
          "texture": "#3",
          "tintindex": 0
        },
        "down": {
          "uv": [
            1,
            12,
            0.5,
            13.5
          ],
          "texture": "#3",
          "tintindex": 0
        }
      }
    },
    {
      "from": [
        5.5,
        -12,
        3
      ],
      "to": [
        6.5,
        -5,
        3
      ],
      "rotation": {
        "angle": 0,
        "axis": "y",
        "origin": [
          6.5,
          -7,
          3
        ]
      },
      "faces": {
        "north": {
          "uv": [
            0,
            9,
            0.5,
            12.5
          ],
          "texture": "#3",
          "tintindex": 0
        },
        "south": {
          "uv": [
            0.5,
            9,
            0,
            12.5
          ],
          "texture": "#3",
          "tintindex": 0
        }
      }
    },
    {
      "from": [
        5.5,
        -6,
        6
      ],
      "to": [
        6.5,
        -5,
        6
      ],
      "rotation": {
        "angle": 0,
        "axis": "y",
        "origin": [
          6.5,
          -6,
          6
        ]
      },
      "faces": {
        "north": {
          "uv": [
            10,
            7,
            9.5,
            7.5
          ],
          "texture": "#3",
          "tintindex": 0
        },
        "south": {
          "uv": [
            9.5,
            7,
            10,
            7.5
          ],
          "texture": "#3",
          "tintindex": 0
        }
      }
    },
    {
      "from": [
        9.5,
        -6,
        6
      ],
      "to": [
        10.5,
        -5,
        6
      ],
      "rotation": {
        "angle": 0,
        "axis": "y",
        "origin": [
          9.5,
          -6,
          6
        ]
      },
      "faces": {
        "north": {
          "uv": [
            9.5,
            7,
            10,
            7.5
          ],
          "texture": "#3",
          "tintindex": 0
        },
        "south": {
          "uv": [
            10,
            7,
            9.5,
            7.5
          ],
          "texture": "#3",
          "tintindex": 0
        }
      }
    },
    {
      "from": [
        9.5,
        -5.001,
        3
      ],
      "to": [
        10.5,
        -5.001,
        6
      ],
      "rotation": {
        "angle": 0,
        "axis": "x",
        "origin": [
          10,
          -5.001,
          5
        ]
      },
      "faces": {
        "up": {
          "uv": [
            0.5,
            13.5,
            1,
            12
          ],
          "texture": "#3",
          "tintindex": 0
        },
        "down": {
          "uv": [
            0.5,
            12,
            1,
            13.5
          ],
          "texture": "#3",
          "tintindex": 0
        }
      }
    },
    {
      "from": [
        9.5,
        -12,
        3
      ],
      "to": [
        10.5,
        -5,
        3
      ],
      "rotation": {
        "angle": 0,
        "axis": "y",
        "origin": [
          9.5,
          -7,
          3
        ]
      },
      "faces": {
        "north": {
          "uv": [
            0.5,
            9,
            0,
            12.5
          ],
          "texture": "#3",
          "tintindex": 0
        },
        "south": {
          "uv": [
            0,
            9,
            0.5,
            12.5
          ],
          "texture": "#3",
          "tintindex": 0
        }
      }
    },
    {
      "from": [
        9.5,
        -12.001,
        3
      ],
      "to": [
        10.5,
        -12.001,
        6
      ],
      "rotation": {
        "angle": 0,
        "axis": "x",
        "origin": [
          10,
          -12.001,
          5
        ]
      },
      "faces": {
        "up": {
          "uv": [
            0.5,
            13.5,
            1,
            12
          ],
          "texture": "#3",
          "tintindex": 0
        },
        "down": {
          "uv": [
            0.5,
            12,
            1,
            13.5
          ],
          "texture": "#3",
          "tintindex": 0
        }
      }
    },
    {
      "from": [
        6,
        -14,
        10
      ],
      "to": [
        10,
        -12,
        11
      ],
      "rotation": {
        "angle": 0,
        "axis": "y",
        "origin": [
          6,
          -14,
          10
        ]
      },
      "faces": {
        "east": {
          "uv": [
            2.5,
            12.5,
            3,
            13.5
          ],
          "texture": "#3",
          "tintindex": 0
        },
        "south": {
          "uv": [
            8,
            7.5,
            10,
            8.5
          ],
          "texture": "#3",
          "tintindex": 0
        },
        "west": {
          "uv": [
            3,
            12.5,
            3.5,
            13.5
          ],
          "texture": "#3",
          "tintindex": 0
        },
        "up": {
          "uv": [
            8,
            4,
            6,
            3.5
          ],
          "texture": "#3",
          "tintindex": 0
        },
        "down": {
          "uv": [
            12,
            2.5,
            10,
            3
          ],
          "texture": "#3",
          "tintindex": 0
        }
      }
    },
    {
      "from": [
        7.5,
        -12.5,
        10.5
      ],
      "to": [
        8.5,
        -11.5,
        11.5
      ],
      "rotation": {
        "angle": 0,
        "axis": "y",
        "origin": [
          7.5,
          -13.5,
          10.5
        ]
      },
      "faces": {
        "north": {
          "uv": [
            8,
            10.5,
            8.5,
            11
          ],
          "texture": "#3",
          "tintindex": 0
        },
        "east": {
          "uv": [
            4,
            13.5,
            4.5,
            14
          ],
          "texture": "#3",
          "tintindex": 0
        },
        "south": {
          "uv": [
            4.5,
            13.5,
            5,
            14
          ],
          "texture": "#3",
          "tintindex": 0
        },
        "west": {
          "uv": [
            5,
            13.5,
            5.5,
            14
          ],
          "texture": "#3",
          "tintindex": 0
        },
        "up": {
          "uv": [
            6,
            14,
            5.5,
            13.5
          ],
          "texture": "#3",
          "tintindex": 0
        },
        "down": {
          "uv": [
            6.5,
            13.5,
            6,
            14
          ],
          "texture": "#3",
          "tintindex": 0
        }
      }
    },
    {
      "from": [
        6,
        -9,
        9.2
      ],
      "to": [
        7,
        -7,
        9.7
      ],
      "rotation": {
        "angle": 0,
        "axis": "y",
        "origin": [
          6,
          -9,
          9.2
        ]
      },
      "faces": {
        "north": {
          "uv": [
            3.5,
            12.5,
            4,
            13.5
          ],
          "texture": "#3",
          "tintindex": 0
        },
        "east": {
          "uv": [
            6.5,
            13.5,
            6.75,
            14.5
          ],
          "texture": "#3",
          "tintindex": 0
        },
        "south": {
          "uv": [
            12.5,
            9.5,
            13,
            10.5
          ],
          "texture": "#3",
          "tintindex": 0
        },
        "west": {
          "uv": [
            7,
            13.5,
            7.25,
            14.5
          ],
          "texture": "#3",
          "tintindex": 0
        },
        "down": {
          "uv": [
            6,
            14,
            5.5,
            14.25
          ],
          "texture": "#3",
          "tintindex": 0
        }
      }
    },
    {
      "from": [
        6,
        -7,
        9.2
      ],
      "to": [
        7,
        -5,
        9.7
      ],
      "rotation": {
        "angle": 22.5,
        "axis": "x",
        "origin": [
          6,
          -7,
          9.2
        ]
      },
      "faces": {
        "north": {
          "uv": [
            11,
            12.5,
            11.5,
            13.5
          ],
          "texture": "#3",
          "tintindex": 0
        },
        "east": {
          "uv": [
            13.5,
            7,
            13.75,
            8
          ],
          "texture": "#3",
          "tintindex": 0
        },
        "south": {
          "uv": [
            11.5,
            12.5,
            12,
            13.5
          ],
          "texture": "#3",
          "tintindex": 0
        },
        "west": {
          "uv": [
            7.5,
            13.5,
            7.75,
            14.5
          ],
          "texture": "#3",
          "tintindex": 0
        },
        "up": {
          "uv": [
            6.5,
            14.25,
            6,
            14
          ],
          "texture": "#3",
          "tintindex": 0
        }
      }
    },
    {
      "from": [
        5.5,
        -7,
        9.2
      ],
      "to": [
        6,
        -5.5,
        9.7
      ],
      "rotation": {
        "angle": 22.5,
        "axis": "x",
        "origin": [
          4.5,
          -7,
          9.2
        ]
      },
      "faces": {
        "north": {
          "uv": [
            11.5,
            13.5,
            11.75,
            14.25
          ],
          "texture": "#3",
          "tintindex": 0
        },
        "south": {
          "uv": [
            1,
            14,
            1.25,
            14.75
          ],
          "texture": "#3",
          "tintindex": 0
        },
        "west": {
          "uv": [
            1.5,
            14,
            1.75,
            14.75
          ],
          "texture": "#3",
          "tintindex": 0
        },
        "up": {
          "uv": [
            11.25,
            14.25,
            11,
            14
          ],
          "texture": "#3",
          "tintindex": 0
        }
      }
    },
    {
      "from": [
        5.5,
        -8.5,
        9.2
      ],
      "to": [
        6,
        -7,
        9.7
      ],
      "rotation": {
        "angle": 0,
        "axis": "y",
        "origin": [
          4.5,
          -8.5,
          9.2
        ]
      },
      "faces": {
        "north": {
          "uv": [
            2,
            14,
            2.25,
            14.75
          ],
          "texture": "#3",
          "tintindex": 0
        },
        "south": {
          "uv": [
            14,
            2,
            14.25,
            2.75
          ],
          "texture": "#3",
          "tintindex": 0
        },
        "west": {
          "uv": [
            2.5,
            14,
            2.75,
            14.75
          ],
          "texture": "#3",
          "tintindex": 0
        },
        "down": {
          "uv": [
            12.25,
            14,
            12,
            14.25
          ],
          "texture": "#3",
          "tintindex": 0
        }
      }
    },
    {
      "from": [
        7,
        -8.5,
        9.2
      ],
      "to": [
        7.5,
        -7,
        9.7
      ],
      "rotation": {
        "angle": 0,
        "axis": "y",
        "origin": [
          6,
          -8.5,
          9.2
        ]
      },
      "faces": {
        "north": {
          "uv": [
            4.5,
            14,
            4.75,
            14.75
          ],
          "texture": "#3",
          "tintindex": 0
        },
        "east": {
          "uv": [
            5,
            14,
            5.25,
            14.75
          ],
          "texture": "#3",
          "tintindex": 0
        },
        "south": {
          "uv": [
            14,
            5,
            14.25,
            5.75
          ],
          "texture": "#3",
          "tintindex": 0
        },
        "down": {
          "uv": [
            13.25,
            14,
            13,
            14.25
          ],
          "texture": "#3",
          "tintindex": 0
        }
      }
    },
    {
      "from": [
        7,
        -7,
        9.2
      ],
      "to": [
        7.5,
        -5.5,
        9.7
      ],
      "rotation": {
        "angle": 22.5,
        "axis": "x",
        "origin": [
          6,
          -7,
          9.2
        ]
      },
      "faces": {
        "north": {
          "uv": [
            14,
            3,
            14.25,
            3.75
          ],
          "texture": "#3",
          "tintindex": 0
        },
        "east": {
          "uv": [
            4,
            14,
            4.25,
            14.75
          ],
          "texture": "#3",
          "tintindex": 0
        },
        "south": {
          "uv": [
            14,
            4,
            14.25,
            4.75
          ],
          "texture": "#3",
          "tintindex": 0
        },
        "up": {
          "uv": [
            12.75,
            14.25,
            12.5,
            14
          ],
          "texture": "#3",
          "tintindex": 0
        }
      }
    },
    {
      "from": [
        9,
        -9,
        9.2
      ],
      "to": [
        10,
        -7,
        9.7
      ],
      "rotation": {
        "angle": 0,
        "axis": "y",
        "origin": [
          10,
          -9,
          9.2
        ]
      },
      "faces": {
        "north": {
          "uv": [
            4,
            12.5,
            3.5,
            13.5
          ],
          "texture": "#3",
          "tintindex": 0
        },
        "east": {
          "uv": [
            7.25,
            13.5,
            7,
            14.5
          ],
          "texture": "#3",
          "tintindex": 0
        },
        "south": {
          "uv": [
            13,
            9.5,
            12.5,
            10.5
          ],
          "texture": "#3",
          "tintindex": 0
        },
        "west": {
          "uv": [
            6.75,
            13.5,
            6.5,
            14.5
          ],
          "texture": "#3",
          "tintindex": 0
        },
        "down": {
          "uv": [
            5.5,
            14,
            6,
            14.25
          ],
          "texture": "#3",
          "tintindex": 0
        }
      }
    },
    {
      "from": [
        9,
        -7,
        9.2
      ],
      "to": [
        10,
        -5,
        9.7
      ],
      "rotation": {
        "angle": 22.5,
        "axis": "x",
        "origin": [
          10,
          -7,
          9.2
        ]
      },
      "faces": {
        "north": {
          "uv": [
            11.5,
            12.5,
            11,
            13.5
          ],
          "texture": "#3",
          "tintindex": 0
        },
        "east": {
          "uv": [
            7.75,
            13.5,
            7.5,
            14.5
          ],
          "texture": "#3",
          "tintindex": 0
        },
        "south": {
          "uv": [
            12,
            12.5,
            11.5,
            13.5
          ],
          "texture": "#3",
          "tintindex": 0
        },
        "west": {
          "uv": [
            13.75,
            7,
            13.5,
            8
          ],
          "texture": "#3",
          "tintindex": 0
        },
        "up": {
          "uv": [
            6,
            14.25,
            6.5,
            14
          ],
          "texture": "#3",
          "tintindex": 0
        }
      }
    },
    {
      "from": [
        10,
        -7,
        9.2
      ],
      "to": [
        10.5,
        -5.5,
        9.7
      ],
      "rotation": {
        "angle": 22.5,
        "axis": "x",
        "origin": [
          11.5,
          -7,
          9.2
        ]
      },
      "faces": {
        "north": {
          "uv": [
            11.75,
            13.5,
            11.5,
            14.25
          ],
          "texture": "#3",
          "tintindex": 0
        },
        "east": {
          "uv": [
            1.75,
            14,
            1.5,
            14.75
          ],
          "texture": "#3",
          "tintindex": 0
        },
        "south": {
          "uv": [
            1.25,
            14,
            1,
            14.75
          ],
          "texture": "#3",
          "tintindex": 0
        },
        "up": {
          "uv": [
            11,
            14.25,
            11.25,
            14
          ],
          "texture": "#3",
          "tintindex": 0
        }
      }
    },
    {
      "from": [
        10,
        -8.5,
        9.2
      ],
      "to": [
        10.5,
        -7,
        9.7
      ],
      "rotation": {
        "angle": 0,
        "axis": "y",
        "origin": [
          11.5,
          -8.5,
          9.2
        ]
      },
      "faces": {
        "north": {
          "uv": [
            2.25,
            14,
            2,
            14.75
          ],
          "texture": "#3",
          "tintindex": 0
        },
        "east": {
          "uv": [
            2.75,
            14,
            2.5,
            14.75
          ],
          "texture": "#3",
          "tintindex": 0
        },
        "south": {
          "uv": [
            14.25,
            2,
            14,
            2.75
          ],
          "texture": "#3",
          "tintindex": 0
        },
        "down": {
          "uv": [
            12,
            14,
            12.25,
            14.25
          ],
          "texture": "#3",
          "tintindex": 0
        }
      }
    },
    {
      "from": [
        8.5,
        -7,
        9.2
      ],
      "to": [
        9,
        -5.5,
        9.7
      ],
      "rotation": {
        "angle": 22.5,
        "axis": "x",
        "origin": [
          10,
          -7,
          9.2
        ]
      },
      "faces": {
        "north": {
          "uv": [
            14.25,
            3,
            14,
            3.75
          ],
          "texture": "#3",
          "tintindex": 0
        },
        "south": {
          "uv": [
            14.25,
            4,
            14,
            4.75
          ],
          "texture": "#3",
          "tintindex": 0
        },
        "west": {
          "uv": [
            4.25,
            14,
            4,
            14.75
          ],
          "texture": "#3",
          "tintindex": 0
        },
        "up": {
          "uv": [
            12.5,
            14.25,
            12.75,
            14
          ],
          "texture": "#3",
          "tintindex": 0
        }
      }
    },
    {
      "from": [
        8.5,
        -8.5,
        9.2
      ],
      "to": [
        9,
        -7,
        9.7
      ],
      "rotation": {
        "angle": 0,
        "axis": "y",
        "origin": [
          10,
          -8.5,
          9.2
        ]
      },
      "faces": {
        "north": {
          "uv": [
            4.75,
            14,
            4.5,
            14.75
          ],
          "texture": "#3",
          "tintindex": 0
        },
        "south": {
          "uv": [
            14.25,
            5,
            14,
            5.75
          ],
          "texture": "#3",
          "tintindex": 0
        },
        "west": {
          "uv": [
            5.25,
            14,
            5,
            14.75
          ],
          "texture": "#3",
          "tintindex": 0
        },
        "down": {
          "uv": [
            13,
            14,
            13.25,
            14.25
          ],
          "texture": "#3",
          "tintindex": 0
        }
      }
    },
    {
      "from": [
        3.25,
        -14,
        11.65
      ],
      "to": [
        12.75,
        -3,
        11.65
      ],
      "rotation": {
        "angle": 0,
        "axis": "y",
        "origin": [
          7.25,
          -10.25,
          11.25
        ]
      },
      "faces": {
        "south": {
          "uv": [
            0,
            0,
            9.5,
            11
          ],
          "texture": "#1",
          "tintindex": 0
        }
      }
    },
    {
      "from": [
        9.06771,
        -3.58066,
        6.8
      ],
      "to": [
        10.56771,
        -2.08066,
        8.3
      ],
      "rotation": {
        "angle": -22.5,
        "axis": "z",
        "origin": [
          8,
          -3.95059,
          7.55
        ]
      },
      "faces": {
        "north": {
          "uv": [
            4,
            12,
            4.75,
            12.75
          ],
          "texture": "#3",
          "tintindex": 0
        },
        "east": {
          "uv": [
            12,
            4,
            12.75,
            4.75
          ],
          "texture": "#3",
          "tintindex": 0
        },
        "south": {
          "uv": [
            5,
            12,
            5.75,
            12.75
          ],
          "texture": "#3",
          "tintindex": 0
        },
        "west": {
          "uv": [
            12,
            5,
            12.75,
            5.75
          ],
          "texture": "#3",
          "tintindex": 0
        },
        "up": {
          "uv": [
            6.75,
            12.75,
            6,
            12
          ],
          "texture": "#3",
          "tintindex": 0
        },
        "down": {
          "uv": [
            12.75,
            6,
            12,
            6.75
          ],
          "texture": "#3",
          "tintindex": 0
        }
      }
    },
    {
      "from": [
        9.21771,
        -4.08066,
        6.95
      ],
      "to": [
        10.41771,
        -3.58066,
        8.15
      ],
      "rotation": {
        "angle": -22.5,
        "axis": "z",
        "origin": [
          8,
          -3.95059,
          7.55
        ]
      },
      "faces": {
        "north": {
          "uv": [
            14,
            6,
            14.5,
            6.25
          ],
          "texture": "#3",
          "tintindex": 0
        },
        "east": {
          "uv": [
            14,
            6.5,
            14.5,
            6.75
          ],
          "texture": "#3",
          "tintindex": 0
        },
        "south": {
          "uv": [
            14,
            7,
            14.5,
            7.25
          ],
          "texture": "#3",
          "tintindex": 0
        },
        "west": {
          "uv": [
            14,
            7.5,
            14.5,
            7.75
          ],
          "texture": "#3",
          "tintindex": 0
        },
        "down": {
          "uv": [
            8.5,
            13.5,
            8,
            14
          ],
          "texture": "#3",
          "tintindex": 0
        }
      }
    },
    {
      "from": [
        9.21771,
        -2.08066,
        6.95
      ],
      "to": [
        10.41771,
        -1.58066,
        8.15
      ],
      "rotation": {
        "angle": -22.5,
        "axis": "z",
        "origin": [
          8,
          -3.95059,
          7.55
        ]
      },
      "faces": {
        "north": {
          "uv": [
            8,
            14,
            8.5,
            14.25
          ],
          "texture": "#3",
          "tintindex": 0
        },
        "east": {
          "uv": [
            14,
            8,
            14.5,
            8.25
          ],
          "texture": "#3",
          "tintindex": 0
        },
        "south": {
          "uv": [
            8.5,
            14,
            9,
            14.25
          ],
          "texture": "#3",
          "tintindex": 0
        },
        "west": {
          "uv": [
            14,
            8.5,
            14.5,
            8.75
          ],
          "texture": "#3",
          "tintindex": 0
        },
        "up": {
          "uv": [
            14,
            8.5,
            13.5,
            8
          ],
          "texture": "#3",
          "tintindex": 0
        }
      }
    },
    {
      "from": [
        10.10353,
        -2.73115,
        7.05
      ],
      "to": [
        11.10353,
        -1.23115,
        8.05
      ],
      "rotation": {
        "angle": -45,
        "axis": "z",
        "origin": [
          8,
          -3.95059,
          7.55
        ]
      },
      "faces": {
        "north": {
          "uv": [
            13,
            11,
            13.5,
            11.75
          ],
          "texture": "#3",
          "tintindex": 0
        },
        "east": {
          "uv": [
            12,
            13,
            12.5,
            13.75
          ],
          "texture": "#3",
          "tintindex": 0
        },
        "south": {
          "uv": [
            13,
            12,
            13.5,
            12.75
          ],
          "texture": "#3",
          "tintindex": 0
        },
        "west": {
          "uv": [
            12.5,
            13,
            13,
            13.75
          ],
          "texture": "#3",
          "tintindex": 0
        },
        "up": {
          "uv": [
            9,
            14,
            8.5,
            13.5
          ],
          "texture": "#3",
          "tintindex": 0
        },
        "down": {
          "uv": [
            9.5,
            13.5,
            9,
            14
          ],
          "texture": "#3",
          "tintindex": 0
        }
      }
    },
    {
      "from": [
        5.58229,
        -2.08066,
        6.95
      ],
      "to": [
        6.78229,
        -1.58066,
        8.15
      ],
      "rotation": {
        "angle": 22.5,
        "axis": "z",
        "origin": [
          8,
          -3.95059,
          7.55
        ]
      },
      "faces": {
        "north": {
          "uv": [
            9,
            14,
            9.5,
            14.25
          ],
          "texture": "#3",
          "tintindex": 0
        },
        "east": {
          "uv": [
            14,
            9,
            14.5,
            9.25
          ],
          "texture": "#3",
          "tintindex": 0
        },
        "south": {
          "uv": [
            9.5,
            14,
            10,
            14.25
          ],
          "texture": "#3",
          "tintindex": 0
        },
        "west": {
          "uv": [
            14,
            9.5,
            14.5,
            9.75
          ],
          "texture": "#3",
          "tintindex": 0
        },
        "up": {
          "uv": [
            10,
            14,
            9.5,
            13.5
          ],
          "texture": "#3",
          "tintindex": 0
        }
      }
    },
    {
      "from": [
        5.43229,
        -3.58066,
        6.8
      ],
      "to": [
        6.93229,
        -2.08066,
        8.3
      ],
      "rotation": {
        "angle": 22.5,
        "axis": "z",
        "origin": [
          8,
          -3.95059,
          7.55
        ]
      },
      "faces": {
        "north": {
          "uv": [
            7,
            12,
            7.75,
            12.75
          ],
          "texture": "#3",
          "tintindex": 0
        },
        "east": {
          "uv": [
            8,
            12,
            8.75,
            12.75
          ],
          "texture": "#3",
          "tintindex": 0
        },
        "south": {
          "uv": [
            9,
            12,
            9.75,
            12.75
          ],
          "texture": "#3",
          "tintindex": 0
        },
        "west": {
          "uv": [
            10,
            12,
            10.75,
            12.75
          ],
          "texture": "#3",
          "tintindex": 0
        },
        "up": {
          "uv": [
            12.75,
            11.75,
            12,
            11
          ],
          "texture": "#3",
          "tintindex": 0
        },
        "down": {
          "uv": [
            12.75,
            12,
            12,
            12.75
          ],
          "texture": "#3",
          "tintindex": 0
        }
      }
    },
    {
      "from": [
        5.58229,
        -4.08066,
        6.95
      ],
      "to": [
        6.78229,
        -3.58066,
        8.15
      ],
      "rotation": {
        "angle": 22.5,
        "axis": "z",
        "origin": [
          8,
          -3.95059,
          7.55
        ]
      },
      "faces": {
        "north": {
          "uv": [
            10,
            14,
            10.5,
            14.25
          ],
          "texture": "#3",
          "tintindex": 0
        },
        "east": {
          "uv": [
            14,
            10,
            14.5,
            10.25
          ],
          "texture": "#3",
          "tintindex": 0
        },
        "south": {
          "uv": [
            10.5,
            14,
            11,
            14.25
          ],
          "texture": "#3",
          "tintindex": 0
        },
        "west": {
          "uv": [
            14,
            10.5,
            14.5,
            10.75
          ],
          "texture": "#3",
          "tintindex": 0
        },
        "down": {
          "uv": [
            10.5,
            13.5,
            10,
            14
          ],
          "texture": "#3",
          "tintindex": 0
        }
      }
    },
    {
      "from": [
        4.89647,
        -2.73115,
        7.05
      ],
      "to": [
        5.89647,
        -1.23115,
        8.05
      ],
      "rotation": {
        "angle": 45,
        "axis": "z",
        "origin": [
          8,
          -3.95059,
          7.55
        ]
      },
      "faces": {
        "north": {
          "uv": [
            13,
            13,
            13.5,
            13.75
          ],
          "texture": "#3",
          "tintindex": 0
        },
        "east": {
          "uv": [
            0,
            13.5,
            0.5,
            14.25
          ],
          "texture": "#3",
          "tintindex": 0
        },
        "south": {
          "uv": [
            13.5,
            0,
            14,
            0.75
          ],
          "texture": "#3",
          "tintindex": 0
        },
        "west": {
          "uv": [
            0.5,
            13.5,
            1,
            14.25
          ],
          "texture": "#3",
          "tintindex": 0
        },
        "up": {
          "uv": [
            11,
            14,
            10.5,
            13.5
          ],
          "texture": "#3",
          "tintindex": 0
        },
        "down": {
          "uv": [
            11.5,
            13.5,
            11,
            14
          ],
          "texture": "#3",
          "tintindex": 0
        }
      }
    },
    {
      "from": [
        6.5,
        -6.5,
        6.05
      ],
      "to": [
        9.5,
        -5.5,
        9.05
      ],
      "rotation": {
        "angle": 0,
        "axis": "y",
        "origin": [
          8,
          -3.95059,
          7.55
        ]
      },
      "faces": {
        "north": {
          "uv": [
            11.5,
            10.5,
            13,
            11
          ],
          "texture": "#3",
          "tintindex": 0
        },
        "east": {
          "uv": [
            1,
            12,
            2.5,
            12.5
          ],
          "texture": "#3",
          "tintindex": 0
        },
        "south": {
          "uv": [
            2.5,
            12,
            4,
            12.5
          ],
          "texture": "#3",
          "tintindex": 0
        },
        "west": {
          "uv": [
            12,
            2.5,
            13.5,
            3
          ],
          "texture": "#3",
          "tintindex": 0
        },
        "down": {
          "uv": [
            9.5,
            6,
            8,
            7.5
          ],
          "texture": "#3",
          "tintindex": 0
        }
      }
    },
    {
      "from": [
        6,
        -5.5,
        5.55
      ],
      "to": [
        10,
        -4.5,
        9.55
      ],
      "rotation": {
        "angle": 0,
        "axis": "y",
        "origin": [
          8,
          -3.95059,
          7.55
        ]
      },
      "faces": {
        "north": {
          "uv": [
            8,
            11,
            10,
            11.5
          ],
          "texture": "#3",
          "tintindex": 0
        },
        "east": {
          "uv": [
            11,
            8.5,
            13,
            9
          ],
          "texture": "#3",
          "tintindex": 0
        },
        "south": {
          "uv": [
            11,
            9,
            13,
            9.5
          ],
          "texture": "#3",
          "tintindex": 0
        },
        "west": {
          "uv": [
            10,
            11,
            12,
            11.5
          ],
          "texture": "#3",
          "tintindex": 0
        },
        "up": {
          "uv": [
            8,
            3.5,
            6,
            1.5
          ],
          "texture": "#3",
          "tintindex": 0
        },
        "down": {
          "uv": [
            4,
            6.5,
            2,
            8.5
          ],
          "texture": "#3",
          "tintindex": 0
        }
      }
    },
    {
      "from": [
        9.96143,
        -5.73192,
        6.051
      ],
      "to": [
        11.61143,
        -4.68192,
        9.049
      ],
      "rotation": {
        "angle": -22.5,
        "axis": "z",
        "origin": [
          8,
          -3.95059,
          7.55
        ]
      },
      "faces": {
        "north": {
          "uv": [
            1,
            13.5,
            1.75,
            14
          ],
          "texture": "#3",
          "tintindex": 0
        },
        "east": {
          "uv": [
            12,
            3,
            13.5,
            3.5
          ],
          "texture": "#3",
          "tintindex": 0
        },
        "south": {
          "uv": [
            13.5,
            1,
            14.25,
            1.5
          ],
          "texture": "#3",
          "tintindex": 0
        },
        "down": {
          "uv": [
            5.75,
            10.5,
            5,
            12
          ],
          "texture": "#3",
          "tintindex": 0
        }
      }
    },
    {
      "from": [
        10.05801,
        -4.69281,
        5.551
      ],
      "to": [
        12.05801,
        -3.69281,
        9.549
      ],
      "rotation": {
        "angle": -22.5,
        "axis": "z",
        "origin": [
          8,
          -3.95059,
          7.55
        ]
      },
      "faces": {
        "north": {
          "uv": [
            4,
            6.5,
            5,
            7
          ],
          "texture": "#3",
          "tintindex": 0
        },
        "east": {
          "uv": [
            11.5,
            0,
            13.5,
            0.5
          ],
          "texture": "#3",
          "tintindex": 0
        },
        "south": {
          "uv": [
            9,
            1,
            10,
            1.5
          ],
          "texture": "#3",
          "tintindex": 0
        },
        "up": {
          "uv": [
            3,
            10.5,
            2,
            8.5
          ],
          "texture": "#3",
          "tintindex": 0
        },
        "down": {
          "uv": [
            4,
            8.5,
            3,
            10.5
          ],
          "texture": "#3",
          "tintindex": 0
        }
      }
    },
    {
      "from": [
        12.05801,
        -3.69281,
        5.551
      ],
      "to": [
        12.05801,
        -2.69281,
        9.549
      ],
      "rotation": {
        "angle": -22.5,
        "axis": "z",
        "origin": [
          8,
          -3.95059,
          7.55
        ]
      },
      "faces": {
        "east": {
          "uv": [
            11.5,
            0.5,
            13.5,
            1
          ],
          "texture": "#3",
          "tintindex": 0
        },
        "west": {
          "uv": [
            11.5,
            1,
            13.5,
            1.5
          ],
          "texture": "#3",
          "tintindex": 0
        }
      }
    },
    {
      "from": [
        12.05801,
        -5.69282,
        5.551
      ],
      "to": [
        12.05801,
        -4.69282,
        9.549
      ],
      "rotation": {
        "angle": -22.5,
        "axis": "z",
        "origin": [
          8,
          -3.95059,
          7.55
        ]
      },
      "faces": {
        "east": {
          "uv": [
            11.5,
            1.5,
            13.5,
            2
          ],
          "texture": "#3",
          "tintindex": 0
        },
        "west": {
          "uv": [
            11.5,
            2,
            13.5,
            2.5
          ],
          "texture": "#3",
          "tintindex": 0
        }
      }
    },
    {
      "from": [
        10.05801,
        -3.69281,
        5.551
      ],
      "to": [
        12.05801,
        -2.69281,
        5.551
      ],
      "rotation": {
        "angle": -22.5,
        "axis": "z",
        "origin": [
          8,
          -3.95059,
          7.55
        ]
      },
      "faces": {
        "north": {
          "uv": [
            4,
            13,
            5,
            13.5
          ],
          "texture": "#3",
          "tintindex": 0
        },
        "south": {
          "uv": [
            13,
            4,
            14,
            4.5
          ],
          "texture": "#3",
          "tintindex": 0
        }
      }
    },
    {
      "from": [
        10.058,
        -5.69281,
        5.576
      ],
      "to": [
        12.058,
        -4.69281,
        5.576
      ],
      "rotation": {
        "angle": -22.5,
        "axis": "z",
        "origin": [
          8,
          -3.95059,
          7.55
        ]
      },
      "faces": {
        "north": {
          "uv": [
            13,
            4.5,
            14,
            5
          ],
          "texture": "#3",
          "tintindex": 0
        },
        "south": {
          "uv": [
            5,
            13,
            6,
            13.5
          ],
          "texture": "#3",
          "tintindex": 0
        }
      }
    },
    {
      "from": [
        3.942,
        -5.69281,
        5.576
      ],
      "to": [
        5.942,
        -4.69281,
        5.576
      ],
      "rotation": {
        "angle": 22.5,
        "axis": "z",
        "origin": [
          8,
          -3.95059,
          7.55
        ]
      },
      "faces": {
        "north": {
          "uv": [
            13,
            5,
            14,
            5.5
          ],
          "texture": "#3",
          "tintindex": 0
        },
        "south": {
          "uv": [
            13,
            5.5,
            14,
            6
          ],
          "texture": "#3",
          "tintindex": 0
        }
      }
    },
    {
      "from": [
        3.94199,
        -5.69282,
        5.551
      ],
      "to": [
        3.94199,
        -4.69282,
        9.549
      ],
      "rotation": {
        "angle": 22.5,
        "axis": "z",
        "origin": [
          8,
          -3.95059,
          7.55
        ]
      },
      "faces": {
        "east": {
          "uv": [
            7,
            11.5,
            9,
            12
          ],
          "texture": "#3",
          "tintindex": 0
        },
        "west": {
          "uv": [
            11.5,
            7,
            13.5,
            7.5
          ],
          "texture": "#3",
          "tintindex": 0
        }
      }
    },
    {
      "from": [
        5.5,
        -5.07612,
        5.576
      ],
      "to": [
        10.4,
        -3.57612,
        5.576
      ],
      "rotation": {
        "angle": 0,
        "axis": "y",
        "origin": [
          8,
          -3.95059,
          7.55
        ]
      },
      "faces": {
        "north": {
          "uv": [
            6,
            8.5,
            8.5,
            9.25
          ],
          "texture": "#3",
          "tintindex": 0
        },
        "south": {
          "uv": [
            8.5,
            8.5,
            11,
            9.25
          ],
          "texture": "#3",
          "tintindex": 0
        }
      }
    },
    {
      "from": [
        5.5,
        -6.45112,
        5.601
      ],
      "to": [
        10.4,
        -4.95112,
        5.601
      ],
      "rotation": {
        "angle": 0,
        "axis": "y",
        "origin": [
          8,
          -3.95059,
          7.55
        ]
      },
      "faces": {
        "north": {
          "uv": [
            9,
            0,
            11.5,
            0.75
          ],
          "texture": "#3",
          "tintindex": 0
        },
        "south": {
          "uv": [
            9.5,
            3,
            12,
            3.75
          ],
          "texture": "#3",
          "tintindex": 0
        }
      }
    },
    {
      "from": [
        10.058,
        -5.69281,
        9.524
      ],
      "to": [
        12.058,
        -4.69281,
        9.524
      ],
      "rotation": {
        "angle": -22.5,
        "axis": "z",
        "origin": [
          8,
          -3.95059,
          7.55
        ]
      },
      "faces": {
        "north": {
          "uv": [
            6,
            13,
            7,
            13.5
          ],
          "texture": "#3",
          "tintindex": 0
        },
        "south": {
          "uv": [
            13,
            6,
            14,
            6.5
          ],
          "texture": "#3",
          "tintindex": 0
        }
      }
    },
    {
      "from": [
        3.942,
        -5.69281,
        9.524
      ],
      "to": [
        5.942,
        -4.69281,
        9.524
      ],
      "rotation": {
        "angle": 22.5,
        "axis": "z",
        "origin": [
          8,
          -3.95059,
          7.55
        ]
      },
      "faces": {
        "north": {
          "uv": [
            13,
            6.5,
            14,
            7
          ],
          "texture": "#3",
          "tintindex": 0
        },
        "south": {
          "uv": [
            7,
            13,
            8,
            13.5
          ],
          "texture": "#3",
          "tintindex": 0
        }
      }
    },
    {
      "from": [
        5.5,
        -6.45112,
        9.499
      ],
      "to": [
        10.4,
        -4.95112,
        9.499
      ],
      "rotation": {
        "angle": 0,
        "axis": "y",
        "origin": [
          8,
          -3.95059,
          7.55
        ]
      },
      "faces": {
        "north": {
          "uv": [
            9.5,
            4,
            12,
            4.75
          ],
          "texture": "#3",
          "tintindex": 0
        },
        "south": {
          "uv": [
            9.5,
            5,
            12,
            5.75
          ],
          "texture": "#3",
          "tintindex": 0
        }
      }
    },
    {
      "from": [
        10.05801,
        -3.69281,
        9.549
      ],
      "to": [
        12.05801,
        -2.69281,
        9.549
      ],
      "rotation": {
        "angle": -22.5,
        "axis": "z",
        "origin": [
          8,
          -3.95059,
          7.55
        ]
      },
      "faces": {
        "north": {
          "uv": [
            8,
            13,
            9,
            13.5
          ],
          "texture": "#3",
          "tintindex": 0
        },
        "south": {
          "uv": [
            13,
            8.5,
            14,
            9
          ],
          "texture": "#3",
          "tintindex": 0
        }
      }
    },
    {
      "from": [
        3.94199,
        -3.69281,
        5.551
      ],
      "to": [
        3.94199,
        -2.69281,
        9.549
      ],
      "rotation": {
        "angle": 22.5,
        "axis": "z",
        "origin": [
          8,
          -3.95059,
          7.55
        ]
      },
      "faces": {
        "east": {
          "uv": [
            11.5,
            7.5,
            13.5,
            8
          ],
          "texture": "#3",
          "tintindex": 0
        },
        "west": {
          "uv": [
            11.5,
            8,
            13.5,
            8.5
          ],
          "texture": "#3",
          "tintindex": 0
        }
      }
    },
    {
      "from": [
        3.94199,
        -3.69281,
        9.549
      ],
      "to": [
        5.94199,
        -2.69281,
        9.549
      ],
      "rotation": {
        "angle": 22.5,
        "axis": "z",
        "origin": [
          8,
          -3.95059,
          7.55
        ]
      },
      "faces": {
        "north": {
          "uv": [
            9,
            13,
            10,
            13.5
          ],
          "texture": "#3",
          "tintindex": 0
        },
        "south": {
          "uv": [
            13,
            9,
            14,
            9.5
          ],
          "texture": "#3",
          "tintindex": 0
        }
      }
    },
    {
      "from": [
        3.94199,
        -3.69281,
        5.551
      ],
      "to": [
        5.94199,
        -2.69281,
        5.551
      ],
      "rotation": {
        "angle": 22.5,
        "axis": "z",
        "origin": [
          8,
          -3.95059,
          7.55
        ]
      },
      "faces": {
        "north": {
          "uv": [
            13,
            9.5,
            14,
            10
          ],
          "texture": "#3",
          "tintindex": 0
        },
        "south": {
          "uv": [
            10,
            13,
            11,
            13.5
          ],
          "texture": "#3",
          "tintindex": 0
        }
      }
    },
    {
      "from": [
        5.5,
        -5.07612,
        9.524
      ],
      "to": [
        10.4,
        -3.57612,
        9.524
      ],
      "rotation": {
        "angle": 0,
        "axis": "y",
        "origin": [
          8,
          -3.95059,
          7.55
        ]
      },
      "faces": {
        "north": {
          "uv": [
            6,
            9.5,
            8.5,
            10.25
          ],
          "texture": "#3",
          "tintindex": 0
        },
        "south": {
          "uv": [
            9.5,
            6,
            12,
            6.75
          ],
          "texture": "#3",
          "tintindex": 0
        }
      }
    },
    {
      "from": [
        4.38857,
        -5.73192,
        6.051
      ],
      "to": [
        6.03857,
        -4.68192,
        9.049
      ],
      "rotation": {
        "angle": 22.5,
        "axis": "z",
        "origin": [
          8,
          -3.95059,
          7.55
        ]
      },
      "faces": {
        "north": {
          "uv": [
            13.5,
            1.5,
            14.25,
            2
          ],
          "texture": "#3",
          "tintindex": 0
        },
        "south": {
          "uv": [
            2,
            13.5,
            2.75,
            14
          ],
          "texture": "#3",
          "tintindex": 0
        },
        "west": {
          "uv": [
            12,
            3.5,
            13.5,
            4
          ],
          "texture": "#3",
          "tintindex": 0
        },
        "down": {
          "uv": [
            6.75,
            10.5,
            6,
            12
          ],
          "texture": "#3",
          "tintindex": 0
        }
      }
    },
    {
      "from": [
        3.94199,
        -4.69281,
        5.551
      ],
      "to": [
        5.94199,
        -3.69281,
        9.549
      ],
      "rotation": {
        "angle": 22.5,
        "axis": "z",
        "origin": [
          8,
          -3.95059,
          7.55
        ]
      },
      "faces": {
        "north": {
          "uv": [
            13,
            10,
            14,
            10.5
          ],
          "texture": "#3",
          "tintindex": 0
        },
        "south": {
          "uv": [
            13,
            10.5,
            14,
            11
          ],
          "texture": "#3",
          "tintindex": 0
        },
        "west": {
          "uv": [
            9,
            11.5,
            11,
            12
          ],
          "texture": "#3",
          "tintindex": 0
        },
        "up": {
          "uv": [
            5,
            10.5,
            4,
            8.5
          ],
          "texture": "#3",
          "tintindex": 0
        },
        "down": {
          "uv": [
            6,
            8.5,
            5,
            10.5
          ],
          "texture": "#3",
          "tintindex": 0
        }
      }
    },
    {
      "from": [
        10.059,
        -3.74281,
        5.549
      ],
      "to": [
        10.109,
        -0.74281,
        9.549
      ],
      "rotation": {
        "angle": -22.5,
        "axis": "z",
        "origin": [
          8,
          -3.95059,
          7.55
        ]
      },
      "faces": {
        "east": {
          "uv": [
            4,
            7,
            6,
            8.5
          ],
          "texture": "#3",
          "tintindex": 0
        },
        "west": {
          "uv": [
            6,
            7,
            8,
            8.5
          ],
          "texture": "#3",
          "tintindex": 0
        }
      }
    },
    {
      "from": [
        5.891,
        -3.74281,
        5.549
      ],
      "to": [
        5.941,
        -0.74281,
        9.549
      ],
      "rotation": {
        "angle": 22.5,
        "axis": "z",
        "origin": [
          8,
          -3.95059,
          7.55
        ]
      },
      "faces": {
        "east": {
          "uv": [
            0,
            7.5,
            2,
            9
          ],
          "texture": "#3",
          "tintindex": 0
        },
        "west": {
          "uv": [
            8,
            1.5,
            10,
            3
          ],
          "texture": "#3",
          "tintindex": 0
        }
      }
    },
    {
      "from": [
        4.97751,
        -3.34452,
        6.5
      ],
      "to": [
        6.72751,
        -0.59452,
        6.55
      ],
      "rotation": {
        "angle": 45,
        "axis": "z",
        "origin": [
          8,
          -3.95059,
          7.55
        ]
      },
      "faces": {
        "north": {
          "uv": [
            2,
            5,
            3,
            6.5
          ],
          "texture": "#3",
          "tintindex": 0
        },
        "south": {
          "uv": [
            2,
            10.5,
            3,
            12
          ],
          "texture": "#3",
          "tintindex": 0
        }
      }
    },
    {
      "from": [
        9.27249,
        -3.34452,
        8.55
      ],
      "to": [
        11.02249,
        -0.59452,
        8.6
      ],
      "rotation": {
        "angle": -45,
        "axis": "z",
        "origin": [
          8,
          -3.95059,
          7.55
        ]
      },
      "faces": {
        "north": {
          "uv": [
            3,
            10.5,
            4,
            12
          ],
          "texture": "#3",
          "tintindex": 0
        },
        "south": {
          "uv": [
            4,
            10.5,
            5,
            12
          ],
          "texture": "#3",
          "tintindex": 0
        }
      }
    },
    {
      "from": [
        9.69927,
        -3.16774,
        6.55
      ],
      "to": [
        10.69927,
        -1.66774,
        6.6
      ],
      "rotation": {
        "angle": -45,
        "axis": "z",
        "origin": [
          8,
          -3.95059,
          7.55
        ]
      },
      "faces": {
        "north": {
          "uv": [
            13.5,
            2,
            14,
            2.75
          ],
          "texture": "#3",
          "tintindex": 0
        },
        "south": {
          "uv": [
            3,
            13.5,
            3.5,
            14.25
          ],
          "texture": "#3",
          "tintindex": 0
        }
      }
    },
    {
      "from": [
        5.30073,
        -3.16774,
        8.5
      ],
      "to": [
        6.30073,
        -1.66774,
        8.55
      ],
      "rotation": {
        "angle": 45,
        "axis": "z",
        "origin": [
          8,
          -3.95059,
          7.55
        ]
      },
      "faces": {
        "north": {
          "uv": [
            13.5,
            3,
            14,
            3.75
          ],
          "texture": "#3",
          "tintindex": 0
        },
        "south": {
          "uv": [
            3.5,
            13.5,
            4,
            14.25
          ],
          "texture": "#3",
          "tintindex": 0
        }
      }
    },
    {
      "from": [
        7,
        -4.5,
        6.55
      ],
      "to": [
        9,
        -4,
        8.55
      ],
      "rotation": {
        "angle": 0,
        "axis": "y",
        "origin": [
          8,
          -3.95059,
          7.55
        ]
      },
      "faces": {
        "north": {
          "uv": [
            13.5,
            11,
            14.5,
            11.25
          ],
          "texture": "#3",
          "tintindex": 0
        },
        "east": {
          "uv": [
            13.5,
            11.5,
            14.5,
            11.75
          ],
          "texture": "#3",
          "tintindex": 0
        },
        "south": {
          "uv": [
            13.5,
            12,
            14.5,
            12.25
          ],
          "texture": "#3",
          "tintindex": 0
        },
        "west": {
          "uv": [
            13.5,
            12.5,
            14.5,
            12.75
          ],
          "texture": "#3",
          "tintindex": 0
        },
        "down": {
          "uv": [
            12.5,
            9.5,
            11.5,
            10.5
          ],
          "texture": "#3",
          "tintindex": 0
        }
      }
    },
    {
      "from": [
        7,
        -1.5,
        6.55
      ],
      "to": [
        9,
        -1,
        8.55
      ],
      "rotation": {
        "angle": 0,
        "axis": "y",
        "origin": [
          8,
          -3.95059,
          7.55
        ]
      },
      "faces": {
        "north": {
          "uv": [
            13.5,
            13,
            14.5,
            13.25
          ],
          "texture": "#3",
          "tintindex": 0
        },
        "east": {
          "uv": [
            13.5,
            13.5,
            14.5,
            13.75
          ],
          "texture": "#3",
          "tintindex": 0
        },
        "south": {
          "uv": [
            14,
            0,
            15,
            0.25
          ],
          "texture": "#3",
          "tintindex": 0
        },
        "west": {
          "uv": [
            14,
            0.5,
            15,
            0.75
          ],
          "texture": "#3",
          "tintindex": 0
        },
        "up": {
          "uv": [
            12,
            12.5,
            11,
            11.5
          ],
          "texture": "#3",
          "tintindex": 0
        }
      }
    },
    {
      "from": [
        6.75,
        -4,
        6.3
      ],
      "to": [
        9.25,
        -1.5,
        8.8
      ],
      "rotation": {
        "angle": 0,
        "axis": "y",
        "origin": [
          8,
          -3.95059,
          7.55
        ]
      },
      "faces": {
        "north": {
          "uv": [
            0.5,
            9,
            1.75,
            10.25
          ],
          "texture": "#3",
          "tintindex": 0
        },
        "east": {
          "uv": [
            8.5,
            9.5,
            9.75,
            10.75
          ],
          "texture": "#3",
          "tintindex": 0
        },
        "south": {
          "uv": [
            10,
            1,
            11.25,
            2.25
          ],
          "texture": "#3",
          "tintindex": 0
        },
        "west": {
          "uv": [
            10,
            7,
            11.25,
            8.25
          ],
          "texture": "#3",
          "tintindex": 0
        },
        "up": {
          "uv": [
            11.25,
            10.75,
            10,
            9.5
          ],
          "texture": "#3",
          "tintindex": 0
        },
        "down": {
          "uv": [
            1.75,
            10.5,
            0.5,
            11.75
          ],
          "texture": "#3",
          "tintindex": 0
        }
      }
    },
    {
      "from": [
        3.5,
        -13.75,
        10.5
      ],
      "to": [
        6,
        -12.25,
        10.5
      ],
      "rotation": {
        "angle": 0,
        "axis": "y",
        "origin": [
          4,
          -13.75,
          10.5
        ]
      },
      "faces": {
        "north": {
          "uv": [
            16,
            1.25,
            14.75,
            2
          ],
          "texture": "#3",
          "tintindex": 0
        },
        "east": {
          "uv": [
            0,
            0,
            0,
            0.75
          ],
          "texture": "#3",
          "tintindex": 0
        },
        "south": {
          "uv": [
            14.75,
            1.25,
            16,
            2
          ],
          "texture": "#3",
          "tintindex": 0
        },
        "west": {
          "uv": [
            0,
            0,
            0,
            0.75
          ],
          "texture": "#3",
          "tintindex": 0
        },
        "up": {
          "uv": [
            14.75,
            1.25,
            16,
            1.25
          ],
          "texture": "#3",
          "tintindex": 0
        },
        "down": {
          "uv": [
            14.75,
            1.25,
            16,
            1.25
          ],
          "texture": "#3",
          "tintindex": 0
        }
      }
    },
    {
      "from": [
        10,
        -13.75,
        10.5
      ],
      "to": [
        12.5,
        -12.25,
        10.5
      ],
      "rotation": {
        "angle": 0,
        "axis": "y",
        "origin": [
          12,
          -13.75,
          10.5
        ]
      },
      "faces": {
        "north": {
          "uv": [
            14.75,
            1.25,
            16,
            2
          ],
          "texture": "#3",
          "tintindex": 0
        },
        "east": {
          "uv": [
            0,
            0,
            0,
            0.75
          ],
          "texture": "#3",
          "tintindex": 0
        },
        "south": {
          "uv": [
            16,
            1.25,
            14.75,
            2
          ],
          "texture": "#3",
          "tintindex": 0
        },
        "west": {
          "uv": [
            0,
            0,
            0,
            0.75
          ],
          "texture": "#3",
          "tintindex": 0
        },
        "up": {
          "uv": [
            16,
            1.25,
            14.75,
            1.25
          ],
          "texture": "#3",
          "tintindex": 0
        },
        "down": {
          "uv": [
            16,
            1.25,
            14.75,
            1.25
          ],
          "texture": "#3",
          "tintindex": 0
        }
      }
    },
    {
      "from": [
        7,
        -15.4,
        5.9
      ],
      "to": [
        9,
        -13.4,
        7.9
      ],
      "rotation": {
        "angle": 22.5,
        "axis": "x",
        "origin": [
          8,
          -14.4,
          6.9
        ]
      },
      "faces": {
        "north": {
          "uv": [
            15,
            2.5,
            16,
            3.5
          ],
          "texture": "#3",
          "tintindex": 0
        },
        "east": {
          "uv": [
            15,
            8.75,
            16,
            9.75
          ],
          "texture": "#3",
          "tintindex": 0
        },
        "south": {
          "uv": [
            15,
            7.5,
            16,
            8.5
          ],
          "texture": "#3",
          "tintindex": 0
        },
        "west": {
          "uv": [
            15,
            3.75,
            16,
            4.75
          ],
          "texture": "#3",
          "tintindex": 0
        },
        "up": {
          "uv": [
            15,
            6.25,
            16,
            7.25
          ],
          "texture": "#3",
          "tintindex": 0
        },
        "down": {
          "uv": [
            15,
            5,
            16,
            6
          ],
          "texture": "#3",
          "tintindex": 0
        }
      }
    }
  ],
  "gui_light": "front",
  "display": {
    "thirdperson_righthand": {
      "rotation": [
        33,
        180,
        0
      ],
      "translation": [
        0,
        0.5,
        -2
      ],
      "scale": [
        1.00078,
        1.00078,
        1.00078
      ]
    },
    "thirdperson_lefthand": {
      "rotation": [
        68,
        0,
        0
      ],
      "translation": [
        -6,
        -6.75,
        12.75
      ],
      "scale": [
        1.5,
        1.5,
        1.5
      ]
    },
    "firstperson_righthand": {
      "rotation": [
        -25.75,
        0,
        0
      ],
      "translation": [
        -1,
        8.25,
        -0.25
      ]
    },
    "firstperson_lefthand": {
      "scale": [
        0,
        0,
        0
      ]
    },
    "ground": {
      "rotation": [
        -40,
        0,
        0
      ],
      "translation": [
        0,
        8.25,
        0
      ]
    },
    "gui": {
      "rotation": [
        25,
        -45,
        0
      ],
      "translation": [
        -0.75,
        16.75,
        0
      ],
      "scale": [
        1.19727,
        1.19727,
        1.19727
      ]
    },
    "head": {
      "translation": [
        0,
        -69,
        7.75
      ],
      "scale": [
        2.3,
        2.3,
        2.3
      ]
    },
    "fixed": {
      "rotation": [
        -90,
        180,
        0
      ],
      "translation": [
        0,
        1,
        -28.75
      ],
      "scale": [
        3.54883,
        3.54883,
        3.54883
      ]
    }
  },
  "groups": [
    0,
    1,
    2,
    3,
    4,
    5,
    6,
    7,
    8,
    9,
    10,
    11,
    12,
    13,
    14,
    15,
    16,
    17,
    18,
    19,
    20,
    21,
    22,
    23,
    24,
    25,
    26,
    {
      "name": "group",
      "origin": [
        8,
        10.04941,
        17
      ],
      "color": 0,
      "children": [
        27,
        28,
        29,
        30,
        31,
        32,
        33,
        34,
        35,
        36,
        37,
        38,
        39,
        40,
        41,
        42,
        43,
        44,
        45,
        46,
        47,
        48,
        49,
        50,
        51,
        52,
        53,
        54,
        55,
        56,
        57,
        58,
        59,
        60,
        61,
        62,
        63,
        64,
        65
      ]
    },
    66,
    67,
    68
  ]
}