{
  "credit": "Made by PolygonMC",
  "texture_size": [
    40,
    40
  ],
  "textures": {
    "1": "easterset:animations/animations_2",
    "2": "easterset:chest",
    "particle": "easterset:animations/animations_2"
  },
  "elements": [
    {
      "from": [
        2.25,
        5,
        4.25
      ],
      "to": [
        13.75,
        6,
        11.75
      ],
      "rotation": {
        "angle": 0,
        "axis": "y",
        "origin": [
          0,
          -3,
          0
        ]
      },
      "faces": {
        "north": {
          "uv": [
            6.8,
            10,
            11.4,
            10.4
          ],
          "texture": "#2"
        },
        "east": {
          "uv": [
            10.8,
            10.8,
            13.8,
            11.2
          ],
          "texture": "#2"
        },
        "south": {
          "uv": [
            6.8,
            10.4,
            11.4,
            10.8
          ],
          "texture": "#2"
        },
        "west": {
          "uv": [
            0,
            11.2,
            3,
            11.6
          ],
          "texture": "#2"
        },
        "up": {
          "uv": [
            9.4,
            3,
            4.8,
            0
          ],
          "texture": "#2"
        },
        "down": {
          "uv": [
            9.4,
            3.2,
            4.8,
            6.2
          ],
          "texture": "#2"
        }
      }
    },
    {
      "from": [
        2,
        5.5,
        4
      ],
      "to": [
        2.75,
        6.5,
        4.75
      ],
      "rotation": {
        "angle": 0,
        "axis": "y",
        "origin": [
          0,
          -3,
          0
        ]
      },
      "faces": {
        "north": {
          "uv": [
            4,
            9.2,
            4.4,
            9.6
          ],
          "texture": "#2"
        },
        "west": {
          "uv": [
            12.4,
            9.2,
            12.8,
            9.6
          ],
          "texture": "#2"
        },
        "up": {
          "uv": [
            13.2,
            1.6,
            12.8,
            1.2
          ],
          "texture": "#2"
        },
        "down": {
          "uv": [
            2,
            12.8,
            1.6,
            13.2
          ],
          "texture": "#2"
        }
      }
    },
    {
      "from": [
        2,
        5.5,
        4.75
      ],
      "to": [
        2.75,
        6.5,
        5.75
      ],
      "rotation": {
        "angle": 0,
        "axis": "y",
        "origin": [
          0,
          -3,
          0
        ]
      },
      "faces": {
        "north": {
          "uv": [
            12.8,
            1.6,
            13.2,
            2
          ],
          "texture": "#2"
        },
        "east": {
          "uv": [
            2,
            12.8,
            2.4,
            13.2
          ],
          "texture": "#2"
        },
        "south": {
          "uv": [
            12.8,
            2,
            13.2,
            2.4
          ],
          "texture": "#2"
        },
        "west": {
          "uv": [
            12.8,
            2.4,
            13.2,
            2.8
          ],
          "texture": "#2"
        },
        "up": {
          "uv": [
            13.2,
            3.2,
            12.8,
            2.8
          ],
          "texture": "#2"
        },
        "down": {
          "uv": [
            13.2,
            3.2,
            12.8,
            3.6
          ],
          "texture": "#2"
        }
      }
    },
    {
      "from": [
        2.75,
        5.5,
        4
      ],
      "to": [
        3.75,
        6.5,
        4.75
      ],
      "rotation": {
        "angle": 0,
        "axis": "y",
        "origin": [
          0,
          -3,
          0
        ]
      },
      "faces": {
        "north": {
          "uv": [
            4.8,
            12.8,
            5.2,
            13.2
          ],
          "texture": "#2"
        },
        "east": {
          "uv": [
            5.2,
            12.8,
            5.6,
            13.2
          ],
          "texture": "#2"
        },
        "south": {
          "uv": [
            12.8,
            5.2,
            13.2,
            5.6
          ],
          "texture": "#2"
        },
        "west": {
          "uv": [
            12.8,
            5.6,
            13.2,
            6
          ],
          "texture": "#2"
        },
        "up": {
          "uv": [
            13.2,
            8.4,
            12.8,
            8
          ],
          "texture": "#2"
        },
        "down": {
          "uv": [
            13.2,
            8.4,
            12.8,
            8.8
          ],
          "texture": "#2"
        }
      }
    },
    {
      "from": [
        10.84755,
        7.24986,
        7.25
      ],
      "to": [
        12.34755,
        8.74986,
        8.75
      ],
      "rotation": {
        "angle": -22.5,
        "axis": "z",
        "origin": [
          9.375,
          7.8573,
          8
        ]
      },
      "faces": {
        "north": {
          "uv": [
            3.2,
            12.4,
            3.8,
            13
          ],
          "texture": "#2"
        },
        "east": {
          "uv": [
            11.6,
            8.8,
            12.2,
            9.4
          ],
          "texture": "#2"
        },
        "south": {
          "uv": [
            11.6,
            10,
            12.2,
            10.6
          ],
          "texture": "#2"
        },
        "west": {
          "uv": [
            2.4,
            12.4,
            3,
            13
          ],
          "texture": "#2"
        },
        "up": {
          "uv": [
            13,
            4.2,
            12.4,
            3.6
          ],
          "rotation": 90,
          "texture": "#2"
        },
        "down": {
          "uv": [
            4.6,
            12.4,
            4,
            13
          ],
          "rotation": 270,
          "texture": "#2"
        }
      }
    },
    {
      "from": [
        10.99755,
        6.74986,
        7.4
      ],
      "to": [
        12.19755,
        7.24986,
        8.6
      ],
      "rotation": {
        "angle": -22.5,
        "axis": "z",
        "origin": [
          9.375,
          7.8573,
          8
        ]
      },
      "faces": {
        "north": {
          "uv": [
            7.6,
            13.2,
            8,
            13.4
          ],
          "texture": "#2"
        },
        "east": {
          "uv": [
            6.8,
            13.2,
            7.2,
            13.4
          ],
          "texture": "#2"
        },
        "south": {
          "uv": [
            7.2,
            13.2,
            7.6,
            13.4
          ],
          "texture": "#2"
        },
        "west": {
          "uv": [
            13.2,
            7.2,
            13.6,
            7.4
          ],
          "texture": "#2"
        },
        "down": {
          "uv": [
            9.2,
            12.8,
            8.8,
            13.2
          ],
          "rotation": 270,
          "texture": "#2"
        }
      }
    },
    {
      "from": [
        10.99755,
        8.74986,
        7.4
      ],
      "to": [
        12.19755,
        9.24986,
        8.6
      ],
      "rotation": {
        "angle": -22.5,
        "axis": "z",
        "origin": [
          9.375,
          7.8573,
          8
        ]
      },
      "faces": {
        "north": {
          "uv": [
            8.4,
            13.2,
            8.8,
            13.4
          ],
          "texture": "#2"
        },
        "east": {
          "uv": [
            13.2,
            7.6,
            13.6,
            7.8
          ],
          "texture": "#2"
        },
        "south": {
          "uv": [
            8,
            13.2,
            8.4,
            13.4
          ],
          "texture": "#2"
        },
        "west": {
          "uv": [
            13.2,
            8,
            13.6,
            8.2
          ],
          "texture": "#2"
        },
        "up": {
          "uv": [
            9.6,
            13.2,
            9.2,
            12.8
          ],
          "rotation": 90,
          "texture": "#2"
        }
      }
    },
    {
      "from": [
        12.10157,
        8.3287,
        7.5
      ],
      "to": [
        13.10157,
        9.8287,
        8.5
      ],
      "rotation": {
        "angle": -45,
        "axis": "z",
        "origin": [
          9.25,
          7.8573,
          8
        ]
      },
      "faces": {
        "north": {
          "uv": [
            10.4,
            12.4,
            10.8,
            13
          ],
          "texture": "#2"
        },
        "east": {
          "uv": [
            9.6,
            12.4,
            10,
            13
          ],
          "texture": "#2"
        },
        "south": {
          "uv": [
            10,
            12.4,
            10.4,
            13
          ],
          "texture": "#2"
        },
        "west": {
          "uv": [
            12.4,
            10,
            12.8,
            10.6
          ],
          "texture": "#2"
        },
        "up": {
          "uv": [
            13.2,
            9.6,
            12.8,
            9.2
          ],
          "rotation": 90,
          "texture": "#2"
        },
        "down": {
          "uv": [
            13.2,
            10,
            12.8,
            10.4
          ],
          "rotation": 270,
          "texture": "#2"
        }
      }
    },
    {
      "from": [
        3.80245,
        8.74986,
        7.4
      ],
      "to": [
        5.00245,
        9.24986,
        8.6
      ],
      "rotation": {
        "angle": 22.5,
        "axis": "z",
        "origin": [
          6.625,
          7.8573,
          8
        ]
      },
      "faces": {
        "north": {
          "uv": [
            9.2,
            13.2,
            9.6,
            13.4
          ],
          "texture": "#2"
        },
        "east": {
          "uv": [
            13.2,
            8.4,
            13.6,
            8.6
          ],
          "texture": "#2"
        },
        "south": {
          "uv": [
            8.8,
            13.2,
            9.2,
            13.4
          ],
          "texture": "#2"
        },
        "west": {
          "uv": [
            13.2,
            8.8,
            13.6,
            9
          ],
          "texture": "#2"
        },
        "up": {
          "uv": [
            13.2,
            10.8,
            12.8,
            10.4
          ],
          "rotation": 90,
          "texture": "#2"
        }
      }
    },
    {
      "from": [
        3.65245,
        7.24986,
        7.25
      ],
      "to": [
        5.15245,
        8.74986,
        8.75
      ],
      "rotation": {
        "angle": 22.5,
        "axis": "z",
        "origin": [
          6.625,
          7.8573,
          8
        ]
      },
      "faces": {
        "north": {
          "uv": [
            12.4,
            6.4,
            13,
            7
          ],
          "texture": "#2"
        },
        "east": {
          "uv": [
            12.4,
            4.4,
            13,
            5
          ],
          "texture": "#2"
        },
        "south": {
          "uv": [
            5.6,
            12.4,
            6.2,
            13
          ],
          "texture": "#2"
        },
        "west": {
          "uv": [
            6.4,
            12.4,
            7,
            13
          ],
          "texture": "#2"
        },
        "up": {
          "uv": [
            7.8,
            13,
            7.2,
            12.4
          ],
          "rotation": 90,
          "texture": "#2"
        },
        "down": {
          "uv": [
            13,
            7.2,
            12.4,
            7.8
          ],
          "rotation": 270,
          "texture": "#2"
        }
      }
    },
    {
      "from": [
        3.80245,
        6.74986,
        7.4
      ],
      "to": [
        5.00245,
        7.24986,
        8.6
      ],
      "rotation": {
        "angle": 22.5,
        "axis": "z",
        "origin": [
          6.625,
          7.8573,
          8
        ]
      },
      "faces": {
        "north": {
          "uv": [
            13.2,
            10,
            13.6,
            10.2
          ],
          "texture": "#2"
        },
        "east": {
          "uv": [
            13.2,
            9.2,
            13.6,
            9.4
          ],
          "texture": "#2"
        },
        "south": {
          "uv": [
            9.6,
            13.2,
            10,
            13.4
          ],
          "texture": "#2"
        },
        "west": {
          "uv": [
            10,
            13.2,
            10.4,
            13.4
          ],
          "texture": "#2"
        },
        "down": {
          "uv": [
            13.2,
            11.2,
            12.8,
            11.6
          ],
          "rotation": 270,
          "texture": "#2"
        }
      }
    },
    {
      "from": [
        2.89843,
        8.3287,
        7.5
      ],
      "to": [
        3.89843,
        9.8287,
        8.5
      ],
      "rotation": {
        "angle": 45,
        "axis": "z",
        "origin": [
          6.75,
          7.8573,
          8
        ]
      },
      "faces": {
        "north": {
          "uv": [
            12,
            12.4,
            12.4,
            13
          ],
          "texture": "#2"
        },
        "east": {
          "uv": [
            10.8,
            12.4,
            11.2,
            13
          ],
          "texture": "#2"
        },
        "south": {
          "uv": [
            11.2,
            12.4,
            11.6,
            13
          ],
          "texture": "#2"
        },
        "west": {
          "uv": [
            11.6,
            12.4,
            12,
            13
          ],
          "texture": "#2"
        },
        "up": {
          "uv": [
            13.2,
            12,
            12.8,
            11.6
          ],
          "rotation": 90,
          "texture": "#2"
        },
        "down": {
          "uv": [
            13.2,
            12,
            12.8,
            12.4
          ],
          "rotation": 270,
          "texture": "#2"
        }
      }
    },
    {
      "from": [
        2.7,
        5.72974,
        9.07334
      ],
      "to": [
        4.45,
        8.47974,
        9.12334
      ],
      "rotation": {
        "angle": 45,
        "axis": "z",
        "origin": [
          3.975,
          7.47974,
          14.09834
        ]
      },
      "faces": {
        "north": {
          "uv": [
            10,
            11.2,
            9.2,
            12.4
          ],
          "texture": "#2"
        },
        "south": {
          "uv": [
            4,
            11.2,
            3.2,
            12.4
          ],
          "texture": "#2"
        }
      }
    },
    {
      "from": [
        12.3,
        5.72974,
        7.07334
      ],
      "to": [
        13.3,
        7.22974,
        7.12334
      ],
      "rotation": {
        "angle": -45,
        "axis": "z",
        "origin": [
          12.525,
          7.47974,
          13.09834
        ]
      },
      "faces": {
        "north": {
          "uv": [
            0,
            12.8,
            0.4,
            13.4
          ],
          "texture": "#2"
        },
        "south": {
          "uv": [
            12.4,
            12.4,
            12.8,
            13
          ],
          "texture": "#2"
        }
      }
    },
    {
      "from": [
        3.2505,
        6.75,
        3.2505
      ],
      "to": [
        12.7505,
        17.75,
        3.2505
      ],
      "rotation": {
        "angle": 0,
        "axis": "y",
        "origin": [
          8.0005,
          12.25,
          3.2505
        ]
      },
      "faces": {
        "north": {
          "uv": [
            9.5,
            0,
            0,
            11
          ],
          "texture": "#1"
        }
      }
    },
    {
      "from": [
        5.5,
        6,
        6
      ],
      "to": [
        10.5,
        11,
        11
      ],
      "rotation": {
        "angle": 0,
        "axis": "y",
        "origin": [
          5.5,
          6,
          5.25
        ]
      },
      "faces": {
        "north": {
          "uv": [
            0,
            9.2,
            2,
            11.2
          ],
          "texture": "#2"
        },
        "east": {
          "uv": [
            2,
            9.2,
            4,
            11.2
          ],
          "texture": "#2"
        },
        "south": {
          "uv": [
            9.6,
            0,
            11.6,
            2
          ],
          "texture": "#2"
        },
        "west": {
          "uv": [
            9.6,
            2,
            11.6,
            4
          ],
          "texture": "#2"
        },
        "up": {
          "uv": [
            6,
            11.6,
            4,
            9.6
          ],
          "texture": "#2"
        },
        "down": {
          "uv": [
            11.6,
            4,
            9.6,
            6
          ],
          "texture": "#2"
        }
      }
    },
    {
      "from": [
        6.5,
        6,
        5
      ],
      "to": [
        9.5,
        8,
        6
      ],
      "rotation": {
        "angle": 0,
        "axis": "y",
        "origin": [
          4,
          5.75,
          5.65
        ]
      },
      "faces": {
        "north": {
          "uv": [
            11.6,
            1.2,
            12.8,
            2
          ],
          "texture": "#2"
        },
        "east": {
          "uv": [
            5.6,
            11.6,
            6,
            12.4
          ],
          "texture": "#2"
        },
        "west": {
          "uv": [
            8,
            12.4,
            8.4,
            13.2
          ],
          "texture": "#2"
        },
        "up": {
          "uv": [
            12.8,
            5.6,
            11.6,
            5.2
          ],
          "texture": "#2"
        },
        "down": {
          "uv": [
            12.8,
            5.6,
            11.6,
            6
          ],
          "texture": "#2"
        }
      }
    },
    {
      "from": [
        7.25,
        13.13418,
        8.175
      ],
      "to": [
        7.75,
        15.13418,
        8.675
      ],
      "rotation": {
        "angle": -22.5,
        "axis": "x",
        "origin": [
          8,
          13.35459,
          7.73284
        ]
      },
      "faces": {
        "north": {
          "uv": [
            13.2,
            2,
            13.4,
            2.8
          ],
          "texture": "#2"
        },
        "east": {
          "uv": [
            2.4,
            13.2,
            2.6,
            14
          ],
          "texture": "#2"
        },
        "south": {
          "uv": [
            2.8,
            13.2,
            3,
            14
          ],
          "texture": "#2"
        },
        "up": {
          "uv": [
            10.6,
            13.4,
            10.4,
            13.2
          ],
          "texture": "#2"
        }
      }
    },
    {
      "from": [
        7.25,
        12.01151,
        8.18763
      ],
      "to": [
        7.75,
        13.51151,
        8.68763
      ],
      "rotation": {
        "angle": 0,
        "axis": "y",
        "origin": [
          8,
          13.35459,
          7.73284
        ]
      },
      "faces": {
        "north": {
          "uv": [
            13.2,
            4.8,
            13.4,
            5.4
          ],
          "texture": "#2"
        },
        "east": {
          "uv": [
            5.2,
            13.2,
            5.4,
            13.8
          ],
          "texture": "#2"
        },
        "south": {
          "uv": [
            5.6,
            13.2,
            5.8,
            13.8
          ],
          "texture": "#2"
        },
        "down": {
          "uv": [
            13.4,
            10.4,
            13.2,
            10.6
          ],
          "texture": "#2"
        }
      }
    },
    {
      "from": [
        5.25,
        12.01151,
        8.18763
      ],
      "to": [
        5.75,
        13.51151,
        8.68763
      ],
      "rotation": {
        "angle": 0,
        "axis": "y",
        "origin": [
          8,
          13.35459,
          7.73284
        ]
      },
      "faces": {
        "north": {
          "uv": [
            6,
            13.2,
            6.2,
            13.8
          ],
          "texture": "#2"
        },
        "south": {
          "uv": [
            6.4,
            13.2,
            6.6,
            13.8
          ],
          "texture": "#2"
        },
        "west": {
          "uv": [
            13.2,
            6.4,
            13.4,
            7
          ],
          "texture": "#2"
        },
        "down": {
          "uv": [
            11,
            13.2,
            10.8,
            13.4
          ],
          "texture": "#2"
        }
      }
    },
    {
      "from": [
        5.25,
        13.13418,
        8.175
      ],
      "to": [
        5.75,
        15.13418,
        8.675
      ],
      "rotation": {
        "angle": -22.5,
        "axis": "x",
        "origin": [
          8,
          13.35459,
          7.73284
        ]
      },
      "faces": {
        "north": {
          "uv": [
            13.2,
            2.8,
            13.4,
            3.6
          ],
          "texture": "#2"
        },
        "south": {
          "uv": [
            3.2,
            13.2,
            3.4,
            14
          ],
          "texture": "#2"
        },
        "west": {
          "uv": [
            3.6,
            13.2,
            3.8,
            14
          ],
          "texture": "#2"
        },
        "up": {
          "uv": [
            11.4,
            13.4,
            11.2,
            13.2
          ],
          "texture": "#2"
        }
      }
    },
    {
      "from": [
        5.75,
        13.13418,
        8.175
      ],
      "to": [
        7.25,
        15.63418,
        8.675
      ],
      "rotation": {
        "angle": -22.5,
        "axis": "x",
        "origin": [
          8,
          13.35459,
          7.73284
        ]
      },
      "faces": {
        "north": {
          "uv": [
            4.8,
            11.6,
            5.4,
            12.6
          ],
          "texture": "#2"
        },
        "east": {
          "uv": [
            12.8,
            0,
            13,
            1
          ],
          "texture": "#2"
        },
        "south": {
          "uv": [
            11.6,
            6.4,
            12.2,
            7.4
          ],
          "texture": "#2"
        },
        "west": {
          "uv": [
            0.4,
            12.8,
            0.6,
            13.8
          ],
          "texture": "#2"
        },
        "up": {
          "uv": [
            13.8,
            5.8,
            13.2,
            5.6
          ],
          "texture": "#2"
        }
      }
    },
    {
      "from": [
        5.75,
        11.01151,
        8.18763
      ],
      "to": [
        7.25,
        13.51151,
        8.68763
      ],
      "rotation": {
        "angle": 0,
        "axis": "y",
        "origin": [
          8,
          13.35459,
          7.73284
        ]
      },
      "faces": {
        "north": {
          "uv": [
            11.6,
            7.6,
            12.2,
            8.6
          ],
          "texture": "#2"
        },
        "east": {
          "uv": [
            0.8,
            12.8,
            1,
            13.8
          ],
          "texture": "#2"
        },
        "south": {
          "uv": [
            12,
            11.2,
            12.6,
            12.2
          ],
          "texture": "#2"
        },
        "west": {
          "uv": [
            1.2,
            12.8,
            1.4,
            13.8
          ],
          "texture": "#2"
        }
      }
    },
    {
      "from": [
        7.5,
        7.5,
        4.5
      ],
      "to": [
        8.5,
        8.5,
        5.5
      ],
      "rotation": {
        "angle": 0,
        "axis": "y",
        "origin": [
          7.5,
          8,
          5
        ]
      },
      "faces": {
        "north": {
          "uv": [
            13.2,
            3.6,
            13.6,
            4
          ],
          "texture": "#2"
        },
        "east": {
          "uv": [
            4,
            13.2,
            4.4,
            13.6
          ],
          "texture": "#2"
        },
        "south": {
          "uv": [
            13.2,
            4,
            13.6,
            4.4
          ],
          "texture": "#2"
        },
        "west": {
          "uv": [
            4.4,
            13.2,
            4.8,
            13.6
          ],
          "texture": "#2"
        },
        "up": {
          "uv": [
            13.6,
            4.8,
            13.2,
            4.4
          ],
          "texture": "#2"
        },
        "down": {
          "uv": [
            5.2,
            13.2,
            4.8,
            13.6
          ],
          "texture": "#2"
        }
      }
    },
    {
      "from": [
        4,
        6.25,
        5.5
      ],
      "to": [
        7,
        7.75,
        5.55
      ],
      "rotation": {
        "angle": 0,
        "axis": "y",
        "origin": [
          5.5,
          7,
          5.525
        ]
      },
      "faces": {
        "north": {
          "uv": [
            11.6,
            2,
            12.8,
            2.6
          ],
          "texture": "#2"
        },
        "south": {
          "uv": [
            11.6,
            2.8,
            12.8,
            3.4
          ],
          "texture": "#2"
        }
      }
    },
    {
      "from": [
        13.25,
        5.5,
        4.75
      ],
      "to": [
        14,
        6.5,
        5.75
      ],
      "rotation": {
        "angle": 0,
        "axis": "y",
        "origin": [
          16,
          -3,
          0
        ]
      },
      "faces": {
        "north": {
          "uv": [
            13.2,
            1.6,
            12.8,
            2
          ],
          "texture": "#2"
        },
        "east": {
          "uv": [
            13.2,
            2.4,
            12.8,
            2.8
          ],
          "texture": "#2"
        },
        "south": {
          "uv": [
            13.2,
            2,
            12.8,
            2.4
          ],
          "texture": "#2"
        },
        "west": {
          "uv": [
            2.4,
            12.8,
            2,
            13.2
          ],
          "texture": "#2"
        },
        "up": {
          "uv": [
            12.8,
            3.2,
            13.2,
            2.8
          ],
          "texture": "#2"
        },
        "down": {
          "uv": [
            12.8,
            3.2,
            13.2,
            3.6
          ],
          "texture": "#2"
        }
      }
    },
    {
      "from": [
        13.25,
        5.5,
        4
      ],
      "to": [
        14,
        6.5,
        4.75
      ],
      "rotation": {
        "angle": 0,
        "axis": "y",
        "origin": [
          16,
          -3,
          0
        ]
      },
      "faces": {
        "north": {
          "uv": [
            4.4,
            9.2,
            4,
            9.6
          ],
          "texture": "#2"
        },
        "east": {
          "uv": [
            12.8,
            9.2,
            12.4,
            9.6
          ],
          "texture": "#2"
        },
        "up": {
          "uv": [
            12.8,
            1.6,
            13.2,
            1.2
          ],
          "texture": "#2"
        },
        "down": {
          "uv": [
            1.6,
            12.8,
            2,
            13.2
          ],
          "texture": "#2"
        }
      }
    },
    {
      "from": [
        12.25,
        5.5,
        4
      ],
      "to": [
        13.25,
        6.5,
        4.75
      ],
      "rotation": {
        "angle": 0,
        "axis": "y",
        "origin": [
          16,
          -3,
          0
        ]
      },
      "faces": {
        "north": {
          "uv": [
            5.2,
            12.8,
            4.8,
            13.2
          ],
          "texture": "#2"
        },
        "east": {
          "uv": [
            13.2,
            5.6,
            12.8,
            6
          ],
          "texture": "#2"
        },
        "south": {
          "uv": [
            13.2,
            5.2,
            12.8,
            5.6
          ],
          "texture": "#2"
        },
        "west": {
          "uv": [
            5.6,
            12.8,
            5.2,
            13.2
          ],
          "texture": "#2"
        },
        "up": {
          "uv": [
            12.8,
            8.4,
            13.2,
            8
          ],
          "texture": "#2"
        },
        "down": {
          "uv": [
            12.8,
            8.4,
            13.2,
            8.8
          ],
          "texture": "#2"
        }
      }
    },
    {
      "from": [
        2,
        5.5,
        10.25
      ],
      "to": [
        2.75,
        6.5,
        11.25
      ],
      "rotation": {
        "angle": 0,
        "axis": "y",
        "origin": [
          0,
          -3,
          16
        ]
      },
      "faces": {
        "north": {
          "uv": [
            13.2,
            2,
            12.8,
            2.4
          ],
          "texture": "#2"
        },
        "east": {
          "uv": [
            2.4,
            12.8,
            2,
            13.2
          ],
          "texture": "#2"
        },
        "south": {
          "uv": [
            13.2,
            1.6,
            12.8,
            2
          ],
          "texture": "#2"
        },
        "west": {
          "uv": [
            13.2,
            2.4,
            12.8,
            2.8
          ],
          "texture": "#2"
        },
        "up": {
          "uv": [
            13.2,
            2.8,
            12.8,
            3.2
          ],
          "texture": "#2"
        },
        "down": {
          "uv": [
            13.2,
            3.6,
            12.8,
            3.2
          ],
          "texture": "#2"
        }
      }
    },
    {
      "from": [
        2,
        5.5,
        11.25
      ],
      "to": [
        2.75,
        6.5,
        12
      ],
      "rotation": {
        "angle": 0,
        "axis": "y",
        "origin": [
          0,
          -3,
          16
        ]
      },
      "faces": {
        "south": {
          "uv": [
            4.4,
            9.2,
            4,
            9.6
          ],
          "texture": "#2"
        },
        "west": {
          "uv": [
            12.8,
            9.2,
            12.4,
            9.6
          ],
          "texture": "#2"
        },
        "up": {
          "uv": [
            13.2,
            1.2,
            12.8,
            1.6
          ],
          "texture": "#2"
        },
        "down": {
          "uv": [
            2,
            13.2,
            1.6,
            12.8
          ],
          "texture": "#2"
        }
      }
    },
    {
      "from": [
        2.75,
        5.5,
        11.25
      ],
      "to": [
        3.75,
        6.5,
        12
      ],
      "rotation": {
        "angle": 0,
        "axis": "y",
        "origin": [
          0,
          -3,
          16
        ]
      },
      "faces": {
        "north": {
          "uv": [
            13.2,
            5.2,
            12.8,
            5.6
          ],
          "texture": "#2"
        },
        "east": {
          "uv": [
            5.6,
            12.8,
            5.2,
            13.2
          ],
          "texture": "#2"
        },
        "south": {
          "uv": [
            5.2,
            12.8,
            4.8,
            13.2
          ],
          "texture": "#2"
        },
        "west": {
          "uv": [
            13.2,
            5.6,
            12.8,
            6
          ],
          "texture": "#2"
        },
        "up": {
          "uv": [
            13.2,
            8,
            12.8,
            8.4
          ],
          "texture": "#2"
        },
        "down": {
          "uv": [
            13.2,
            8.8,
            12.8,
            8.4
          ],
          "texture": "#2"
        }
      }
    },
    {
      "from": [
        13.25,
        5.5,
        10.25
      ],
      "to": [
        14,
        6.5,
        11.25
      ],
      "rotation": {
        "angle": 0,
        "axis": "y",
        "origin": [
          16,
          -3,
          16
        ]
      },
      "faces": {
        "north": {
          "uv": [
            12.8,
            2,
            13.2,
            2.4
          ],
          "texture": "#2"
        },
        "east": {
          "uv": [
            12.8,
            2.4,
            13.2,
            2.8
          ],
          "texture": "#2"
        },
        "south": {
          "uv": [
            12.8,
            1.6,
            13.2,
            2
          ],
          "texture": "#2"
        },
        "west": {
          "uv": [
            2,
            12.8,
            2.4,
            13.2
          ],
          "texture": "#2"
        },
        "up": {
          "uv": [
            12.8,
            2.8,
            13.2,
            3.2
          ],
          "texture": "#2"
        },
        "down": {
          "uv": [
            12.8,
            3.6,
            13.2,
            3.2
          ],
          "texture": "#2"
        }
      }
    },
    {
      "from": [
        13.25,
        5.5,
        11.25
      ],
      "to": [
        14,
        6.5,
        12
      ],
      "rotation": {
        "angle": 0,
        "axis": "y",
        "origin": [
          16,
          -3,
          16
        ]
      },
      "faces": {
        "east": {
          "uv": [
            12.4,
            9.2,
            12.8,
            9.6
          ],
          "texture": "#2"
        },
        "south": {
          "uv": [
            4,
            9.2,
            4.4,
            9.6
          ],
          "texture": "#2"
        },
        "up": {
          "uv": [
            12.8,
            1.2,
            13.2,
            1.6
          ],
          "texture": "#2"
        },
        "down": {
          "uv": [
            1.6,
            13.2,
            2,
            12.8
          ],
          "texture": "#2"
        }
      }
    },
    {
      "from": [
        12.25,
        5.5,
        11.25
      ],
      "to": [
        13.25,
        6.5,
        12
      ],
      "rotation": {
        "angle": 0,
        "axis": "y",
        "origin": [
          16,
          -3,
          16
        ]
      },
      "faces": {
        "north": {
          "uv": [
            12.8,
            5.2,
            13.2,
            5.6
          ],
          "texture": "#2"
        },
        "east": {
          "uv": [
            12.8,
            5.6,
            13.2,
            6
          ],
          "texture": "#2"
        },
        "south": {
          "uv": [
            4.8,
            12.8,
            5.2,
            13.2
          ],
          "texture": "#2"
        },
        "west": {
          "uv": [
            5.2,
            12.8,
            5.6,
            13.2
          ],
          "texture": "#2"
        },
        "up": {
          "uv": [
            12.8,
            8,
            13.2,
            8.4
          ],
          "texture": "#2"
        },
        "down": {
          "uv": [
            12.8,
            8.8,
            13.2,
            8.4
          ],
          "texture": "#2"
        }
      }
    },
    {
      "from": [
        8.75,
        11.01151,
        8.18763
      ],
      "to": [
        10.25,
        13.51151,
        8.68763
      ],
      "rotation": {
        "angle": 0,
        "axis": "y",
        "origin": [
          8,
          13.35459,
          7.73284
        ]
      },
      "faces": {
        "north": {
          "uv": [
            12.2,
            7.6,
            11.6,
            8.6
          ],
          "texture": "#2"
        },
        "east": {
          "uv": [
            1.4,
            12.8,
            1.2,
            13.8
          ],
          "texture": "#2"
        },
        "south": {
          "uv": [
            12.6,
            11.2,
            12,
            12.2
          ],
          "texture": "#2"
        },
        "west": {
          "uv": [
            1,
            12.8,
            0.8,
            13.8
          ],
          "texture": "#2"
        }
      }
    },
    {
      "from": [
        8.75,
        13.13418,
        8.175
      ],
      "to": [
        10.25,
        15.63418,
        8.675
      ],
      "rotation": {
        "angle": -22.5,
        "axis": "x",
        "origin": [
          8,
          13.35459,
          7.73284
        ]
      },
      "faces": {
        "north": {
          "uv": [
            5.4,
            11.6,
            4.8,
            12.6
          ],
          "texture": "#2"
        },
        "east": {
          "uv": [
            0.6,
            12.8,
            0.4,
            13.8
          ],
          "texture": "#2"
        },
        "south": {
          "uv": [
            12.2,
            6.4,
            11.6,
            7.4
          ],
          "texture": "#2"
        },
        "west": {
          "uv": [
            13,
            0,
            12.8,
            1
          ],
          "texture": "#2"
        },
        "up": {
          "uv": [
            13.2,
            5.8,
            13.8,
            5.6
          ],
          "texture": "#2"
        }
      }
    },
    {
      "from": [
        10.25,
        13.13418,
        8.175
      ],
      "to": [
        10.75,
        15.13418,
        8.675
      ],
      "rotation": {
        "angle": -22.5,
        "axis": "x",
        "origin": [
          8,
          13.35459,
          7.73284
        ]
      },
      "faces": {
        "north": {
          "uv": [
            13.4,
            2.8,
            13.2,
            3.6
          ],
          "texture": "#2"
        },
        "east": {
          "uv": [
            3.8,
            13.2,
            3.6,
            14
          ],
          "texture": "#2"
        },
        "south": {
          "uv": [
            3.4,
            13.2,
            3.2,
            14
          ],
          "texture": "#2"
        },
        "up": {
          "uv": [
            11.2,
            13.4,
            11.4,
            13.2
          ],
          "texture": "#2"
        }
      }
    },
    {
      "from": [
        10.25,
        12.01151,
        8.18763
      ],
      "to": [
        10.75,
        13.51151,
        8.68763
      ],
      "rotation": {
        "angle": 0,
        "axis": "y",
        "origin": [
          8,
          13.35459,
          7.73284
        ]
      },
      "faces": {
        "north": {
          "uv": [
            6.2,
            13.2,
            6,
            13.8
          ],
          "texture": "#2"
        },
        "east": {
          "uv": [
            13.4,
            6.4,
            13.2,
            7
          ],
          "texture": "#2"
        },
        "south": {
          "uv": [
            6.6,
            13.2,
            6.4,
            13.8
          ],
          "texture": "#2"
        },
        "down": {
          "uv": [
            10.8,
            13.2,
            11,
            13.4
          ],
          "texture": "#2"
        }
      }
    },
    {
      "from": [
        8.25,
        12.01151,
        8.18763
      ],
      "to": [
        8.75,
        13.51151,
        8.68763
      ],
      "rotation": {
        "angle": 0,
        "axis": "y",
        "origin": [
          8,
          13.35459,
          7.73284
        ]
      },
      "faces": {
        "north": {
          "uv": [
            13.4,
            4.8,
            13.2,
            5.4
          ],
          "texture": "#2"
        },
        "south": {
          "uv": [
            5.8,
            13.2,
            5.6,
            13.8
          ],
          "texture": "#2"
        },
        "west": {
          "uv": [
            5.4,
            13.2,
            5.2,
            13.8
          ],
          "texture": "#2"
        },
        "down": {
          "uv": [
            13.2,
            10.4,
            13.4,
            10.6
          ],
          "texture": "#2"
        }
      }
    },
    {
      "from": [
        8.25,
        13.13418,
        8.175
      ],
      "to": [
        8.75,
        15.13418,
        8.675
      ],
      "rotation": {
        "angle": -22.5,
        "axis": "x",
        "origin": [
          8,
          13.35459,
          7.73284
        ]
      },
      "faces": {
        "north": {
          "uv": [
            13.4,
            2,
            13.2,
            2.8
          ],
          "texture": "#2"
        },
        "south": {
          "uv": [
            3,
            13.2,
            2.8,
            14
          ],
          "texture": "#2"
        },
        "west": {
          "uv": [
            2.6,
            13.2,
            2.4,
            14
          ],
          "texture": "#2"
        },
        "up": {
          "uv": [
            10.4,
            13.4,
            10.6,
            13.2
          ],
          "texture": "#2"
        }
      }
    },
    {
      "from": [
        9,
        6.25,
        5.5
      ],
      "to": [
        12,
        7.75,
        5.55
      ],
      "rotation": {
        "angle": 0,
        "axis": "y",
        "origin": [
          10.5,
          7,
          5.525
        ]
      },
      "faces": {
        "north": {
          "uv": [
            12.8,
            2,
            11.6,
            2.6
          ],
          "texture": "#2"
        },
        "south": {
          "uv": [
            12.8,
            2.8,
            11.6,
            3.4
          ],
          "texture": "#2"
        }
      }
    },
    {
      "from": [
        3.2505,
        6.75,
        3.2505
      ],
      "to": [
        3.2505,
        17.75,
        12.7505
      ],
      "rotation": {
        "angle": 0,
        "axis": "y",
        "origin": [
          3.2505,
          12.25,
          8.0005
        ]
      },
      "faces": {
        "west": {
          "uv": [
            9.5,
            0,
            0,
            11
          ],
          "texture": "#1"
        }
      }
    },
    {
      "from": [
        12.7495,
        6.75,
        3.2505
      ],
      "to": [
        12.7495,
        17.75,
        12.7505
      ],
      "rotation": {
        "angle": 0,
        "axis": "y",
        "origin": [
          12.7495,
          12.25,
          8.0005
        ]
      },
      "faces": {
        "east": {
          "uv": [
            0,
            0,
            9.5,
            11
          ],
          "texture": "#1"
        }
      }
    },
    {
      "from": [
        3.2505,
        6.75,
        12.7495
      ],
      "to": [
        12.7505,
        17.75,
        12.7495
      ],
      "rotation": {
        "angle": 0,
        "axis": "y",
        "origin": [
          8.0005,
          12.25,
          12.7495
        ]
      },
      "faces": {
        "south": {
          "uv": [
            0,
            0,
            9.5,
            11
          ],
          "texture": "#1"
        }
      }
    },
    {
      "from": [
        2,
        0,
        4
      ],
      "to": [
        14,
        1,
        12
      ],
      "faces": {
        "north": {
          "uv": [
            6,
            9.6,
            10.8,
            10
          ],
          "texture": "#2"
        },
        "east": {
          "uv": [
            6.8,
            10.8,
            10,
            11.2
          ],
          "texture": "#2"
        },
        "south": {
          "uv": [
            9.6,
            6,
            14.4,
            6.4
          ],
          "texture": "#2"
        },
        "west": {
          "uv": [
            10.8,
            9.6,
            14,
            10
          ],
          "texture": "#2"
        },
        "up": {
          "uv": [
            4.8,
            3.2,
            0,
            0
          ],
          "texture": "#2"
        },
        "down": {
          "uv": [
            4.8,
            3.2,
            0,
            6.4
          ],
          "texture": "#2"
        }
      }
    },
    {
      "from": [
        2.5,
        1,
        4.5
      ],
      "to": [
        13.5,
        5,
        11.5
      ],
      "faces": {
        "north": {
          "uv": [
            4.4,
            6.4,
            8.8,
            8
          ],
          "texture": "#2"
        },
        "east": {
          "uv": [
            8.8,
            6.4,
            11.6,
            8
          ],
          "texture": "#2"
        },
        "south": {
          "uv": [
            4.4,
            8,
            8.8,
            9.6
          ],
          "texture": "#2"
        },
        "west": {
          "uv": [
            8.8,
            8,
            11.6,
            9.6
          ],
          "texture": "#2"
        },
        "up": {
          "uv": [
            4.4,
            9.2,
            0,
            6.4
          ],
          "texture": "#2"
        }
      }
    },
    {
      "from": [
        -0.175,
        -0.5,
        4.75
      ],
      "to": [
        1.825,
        3.5,
        4.78
      ],
      "rotation": {
        "angle": 45,
        "axis": "z",
        "origin": [
          0.825,
          1.5,
          4.765
        ]
      },
      "faces": {
        "north": {
          "uv": [
            10,
            10.8,
            10.8,
            12.4
          ],
          "texture": "#2"
        },
        "south": {
          "uv": [
            10.8,
            10.8,
            10,
            12.4
          ],
          "texture": "#2"
        }
      }
    },
    {
      "from": [
        0.325,
        -0.25,
        11.25
      ],
      "to": [
        2.325,
        5.75,
        11.28
      ],
      "rotation": {
        "angle": 22.5,
        "axis": "z",
        "origin": [
          1.325,
          2.75,
          11.265
        ]
      },
      "faces": {
        "north": {
          "uv": [
            6,
            10,
            6.8,
            12.4
          ],
          "texture": "#2"
        },
        "south": {
          "uv": [
            6.8,
            10,
            6,
            12.4
          ],
          "texture": "#2"
        }
      }
    },
    {
      "from": [
        7,
        3.5,
        3.5
      ],
      "to": [
        9,
        5.5,
        4.5
      ],
      "rotation": {
        "angle": -45,
        "axis": "z",
        "origin": [
          8,
          4.5,
          4
        ]
      },
      "faces": {
        "north": {
          "uv": [
            4,
            11.6,
            4.8,
            12.4
          ],
          "texture": "#2"
        },
        "east": {
          "uv": [
            12.4,
            8,
            12.8,
            8.8
          ],
          "texture": "#2"
        },
        "south": {
          "uv": [
            11.6,
            4.4,
            12.4,
            5.2
          ],
          "texture": "#2"
        },
        "west": {
          "uv": [
            8.4,
            12.4,
            8.8,
            13.2
          ],
          "texture": "#2"
        },
        "up": {
          "uv": [
            9.6,
            12.8,
            8.8,
            12.4
          ],
          "texture": "#2"
        },
        "down": {
          "uv": [
            13.2,
            8.8,
            12.4,
            9.2
          ],
          "texture": "#2"
        }
      }
    },
    {
      "from": [
        13.675,
        -0.25,
        11.25
      ],
      "to": [
        15.675,
        5.75,
        11.28
      ],
      "rotation": {
        "angle": -22.5,
        "axis": "z",
        "origin": [
          14.675,
          2.75,
          11.265
        ]
      },
      "faces": {
        "north": {
          "uv": [
            6.8,
            10,
            6,
            12.4
          ],
          "texture": "#2"
        },
        "south": {
          "uv": [
            6,
            10,
            6.8,
            12.4
          ],
          "texture": "#2"
        }
      }
    },
    {
      "from": [
        14.175,
        -0.5,
        4.75
      ],
      "to": [
        16.175,
        3.5,
        4.78
      ],
      "rotation": {
        "angle": -45,
        "axis": "z",
        "origin": [
          15.175,
          1.5,
          4.765
        ]
      },
      "faces": {
        "north": {
          "uv": [
            10.8,
            10.8,
            10,
            12.4
          ],
          "texture": "#2"
        },
        "south": {
          "uv": [
            10,
            10.8,
            10.8,
            12.4
          ],
          "texture": "#2"
        }
      }
    }
  ],
  "gui_light": "front",
  "display": {
    "thirdperson_righthand": {
      "rotation": [
        56.25,
        0,
        0
      ],
      "translation": [
        0,
        6.25,
        5.25
      ]
    },
    "thirdperson_lefthand": {
      "rotation": [
        56.25,
        0,
        0
      ],
      "translation": [
        0,
        6.25,
        5.25
      ]
    },
    "firstperson_righthand": {
      "rotation": [
        -10,
        180,
        0
      ],
      "translation": [
        0,
        6.5,
        -2.5
      ]
    },
    "firstperson_lefthand": {
      "rotation": [
        -10,
        180,
        0
      ],
      "translation": [
        0,
        6.5,
        -2.5
      ]
    },
    "ground": {
      "translation": [
        0,
        8.5,
        0
      ]
    },
    "gui": {
      "rotation": [
        0,
        135,
        0
      ],
      "scale": [
        1.05664,
        1.05664,
        1.05664
      ]
    },
    "head": {
      "rotation": [
        0,
        180,
        0
      ],
      "translation": [
        0,
        -23.25,
        0
      ],
      "scale": [
        2.4707,
        2.4707,
        2.4707
      ]
    },
    "fixed": {
      "rotation": [
        -90,
        0,
        0
      ],
      "translation": [
        0,
        0,
        -28.25
      ],
      "scale": [
        3.52734,
        3.52734,
        3.52734
      ]
    }
  },
  "groups": [
    {
      "name": "group",
      "origin": [
        8.0005,
        15.25,
        12.7495
      ],
      "color": 0,
      "children": [
        0,
        1,
        2,
        3,
        4,
        5,
        6,
        7,
        8,
        9,
        10,
        11,
        12,
        13,
        14,
        15,
        16,
        17,
        18,
        19,
        20,
        21,
        22,
        23,
        24,
        25,
        26,
        27,
        28,
        29,
        30,
        31,
        32,
        33,
        34,
        35,
        36,
        37,
        38,
        39,
        40,
        41,
        42,
        43
      ]
    },
    {
      "name": "group",
      "origin": [
        15.175,
        1.5,
        4.765
      ],
      "color": 0,
      "children": [
        44,
        45,
        46,
        47,
        48,
        49,
        50
      ]
    }
  ]
}