{
  "credit": "Made by PolygonMC",
  "texture_size": [
    32,
    32
  ],
  "textures": {
    "1": "easterset:animations/animations_1",
    "2": "easterset:fishing_rod"
  },
  "elements": [
    {
      "from": [
        7.5,
        0.8,
        7.5
      ],
      "to": [
        8.5,
        1.8,
        8.5
      ],
      "rotation": {
        "angle": 0,
        "axis": "y",
        "origin": [
          7.5,
          0,
          7.5
        ]
      },
      "faces": {
        "north": {
          "uv": [
            6,
            5.5,
            6.5,
            6
          ],
          "texture": "#2"
        },
        "east": {
          "uv": [
            7,
            8.5,
            7.5,
            9
          ],
          "texture": "#2"
        },
        "south": {
          "uv": [
            3.5,
            10.5,
            4,
            11
          ],
          "texture": "#2"
        },
        "west": {
          "uv": [
            10.5,
            6.5,
            11,
            7
          ],
          "texture": "#2"
        },
        "up": {
          "uv": [
            10,
            13,
            9.5,
            12.5
          ],
          "texture": "#2"
        }
      }
    },
    {
      "from": [
        7.5,
        2.8,
        7.5
      ],
      "to": [
        8.5,
        3.8,
        8.5
      ],
      "rotation": {
        "angle": 0,
        "axis": "y",
        "origin": [
          7.5,
          0,
          7.5
        ]
      },
      "faces": {
        "north": {
          "uv": [
            10,
            12.5,
            10.5,
            13
          ],
          "texture": "#2"
        },
        "east": {
          "uv": [
            12.5,
            10,
            13,
            10.5
          ],
          "texture": "#2"
        },
        "south": {
          "uv": [
            10.5,
            12.5,
            11,
            13
          ],
          "texture": "#2"
        },
        "west": {
          "uv": [
            12.5,
            10.5,
            13,
            11
          ],
          "texture": "#2"
        },
        "up": {
          "uv": [
            11.5,
            13,
            11,
            12.5
          ],
          "texture": "#2"
        },
        "down": {
          "uv": [
            13,
            11,
            12.5,
            11.5
          ],
          "texture": "#2"
        }
      }
    },
    {
      "from": [
        7.5,
        4.8,
        7.5
      ],
      "to": [
        8.5,
        5.8,
        8.5
      ],
      "rotation": {
        "angle": 0,
        "axis": "y",
        "origin": [
          7.5,
          0,
          7.5
        ]
      },
      "faces": {
        "north": {
          "uv": [
            11.5,
            12.5,
            12,
            13
          ],
          "texture": "#2"
        },
        "east": {
          "uv": [
            12.5,
            11.5,
            13,
            12
          ],
          "texture": "#2"
        },
        "south": {
          "uv": [
            12,
            12.5,
            12.5,
            13
          ],
          "texture": "#2"
        },
        "west": {
          "uv": [
            12.5,
            12,
            13,
            12.5
          ],
          "texture": "#2"
        },
        "down": {
          "uv": [
            13,
            12.5,
            12.5,
            13
          ],
          "texture": "#2"
        }
      }
    },
    {
      "from": [
        7.6,
        1.8,
        7.6
      ],
      "to": [
        8.4,
        4.8,
        8.4
      ],
      "rotation": {
        "angle": 0,
        "axis": "y",
        "origin": [
          7.5,
          0,
          7.5
        ]
      },
      "faces": {
        "north": {
          "uv": [
            7.5,
            10,
            8,
            11.5
          ],
          "texture": "#2"
        },
        "east": {
          "uv": [
            8,
            10,
            8.5,
            11.5
          ],
          "texture": "#2"
        },
        "south": {
          "uv": [
            8.5,
            10,
            9,
            11.5
          ],
          "texture": "#2"
        },
        "west": {
          "uv": [
            9,
            10,
            9.5,
            11.5
          ],
          "texture": "#2"
        }
      }
    },
    {
      "from": [
        7.39,
        -0.11,
        7.39
      ],
      "to": [
        8.61,
        1.11,
        8.61
      ],
      "rotation": {
        "angle": -45,
        "axis": "x",
        "origin": [
          8,
          0.5,
          8
        ]
      },
      "faces": {
        "north": {
          "uv": [
            0,
            13,
            0.5,
            13.5
          ],
          "texture": "#2"
        },
        "east": {
          "uv": [
            13,
            0,
            13.5,
            0.5
          ],
          "texture": "#2"
        },
        "south": {
          "uv": [
            0.5,
            13,
            1,
            13.5
          ],
          "texture": "#2"
        },
        "west": {
          "uv": [
            13,
            0.5,
            13.5,
            1
          ],
          "texture": "#2"
        },
        "up": {
          "uv": [
            13.5,
            1.5,
            13,
            1
          ],
          "texture": "#2"
        },
        "down": {
          "uv": [
            13.5,
            1.5,
            13,
            2
          ],
          "texture": "#2"
        }
      }
    },
    {
      "from": [
        7.19,
        0.09,
        7.59
      ],
      "to": [
        8.81,
        0.91,
        8.41
      ],
      "rotation": {
        "angle": -45,
        "axis": "x",
        "origin": [
          8,
          0.5,
          8
        ]
      },
      "faces": {
        "north": {
          "uv": [
            12,
            9.5,
            12.75,
            10
          ],
          "texture": "#2"
        },
        "east": {
          "uv": [
            13,
            2,
            13.5,
            2.5
          ],
          "texture": "#2"
        },
        "south": {
          "uv": [
            10.5,
            12,
            11.25,
            12.5
          ],
          "texture": "#2"
        },
        "west": {
          "uv": [
            13,
            2.5,
            13.5,
            3
          ],
          "texture": "#2"
        },
        "up": {
          "uv": [
            12.25,
            12.5,
            11.5,
            12
          ],
          "texture": "#2"
        },
        "down": {
          "uv": [
            0.75,
            12.5,
            0,
            13
          ],
          "texture": "#2"
        }
      }
    },
    {
      "from": [
        7.35,
        5.7,
        7
      ],
      "to": [
        8.65,
        7.7,
        9
      ],
      "rotation": {
        "angle": -45,
        "axis": "x",
        "origin": [
          8,
          6.7,
          8
        ]
      },
      "faces": {
        "north": {
          "uv": [
            10,
            2,
            10.75,
            3
          ],
          "texture": "#2"
        },
        "east": {
          "uv": [
            9,
            5,
            10,
            6
          ],
          "texture": "#2"
        },
        "south": {
          "uv": [
            9.5,
            10,
            10.25,
            11
          ],
          "texture": "#2"
        },
        "west": {
          "uv": [
            9,
            6,
            10,
            7
          ],
          "texture": "#2"
        },
        "up": {
          "uv": [
            0.75,
            11.5,
            0,
            10.5
          ],
          "texture": "#2"
        },
        "down": {
          "uv": [
            1.75,
            10.5,
            1,
            11.5
          ],
          "texture": "#2"
        }
      }
    },
    {
      "from": [
        7.15,
        5.95,
        7.25
      ],
      "to": [
        8.85,
        7.45,
        8.75
      ],
      "rotation": {
        "angle": -45,
        "axis": "x",
        "origin": [
          8,
          6.7,
          8
        ]
      },
      "faces": {
        "north": {
          "uv": [
            10.5,
            4.5,
            11.25,
            5.25
          ],
          "texture": "#2"
        },
        "east": {
          "uv": [
            5,
            10.5,
            5.75,
            11.25
          ],
          "texture": "#2"
        },
        "south": {
          "uv": [
            10.5,
            5.5,
            11.25,
            6.25
          ],
          "texture": "#2"
        },
        "west": {
          "uv": [
            6,
            10.5,
            6.75,
            11.25
          ],
          "texture": "#2"
        },
        "up": {
          "uv": [
            11.25,
            10.75,
            10.5,
            10
          ],
          "texture": "#2"
        },
        "down": {
          "uv": [
            2.75,
            11,
            2,
            11.75
          ],
          "texture": "#2"
        }
      }
    },
    {
      "from": [
        7.25,
        11.55363,
        11.66235
      ],
      "to": [
        8.75,
        13.05363,
        13.16235
      ],
      "rotation": {
        "angle": -22.5,
        "axis": "x",
        "origin": [
          8,
          10.50349,
          11.25
        ]
      },
      "faces": {
        "north": {
          "uv": [
            11.25,
            11,
            10.5,
            11.75
          ],
          "rotation": 180,
          "texture": "#2"
        },
        "east": {
          "uv": [
            3,
            11,
            3.75,
            11.75
          ],
          "rotation": 270,
          "texture": "#2"
        },
        "south": {
          "uv": [
            10.25,
            11.75,
            9.5,
            11
          ],
          "texture": "#2"
        },
        "west": {
          "uv": [
            11,
            9,
            11.75,
            9.75
          ],
          "rotation": 90,
          "texture": "#2"
        },
        "up": {
          "uv": [
            11,
            2,
            11.75,
            2.75
          ],
          "rotation": 180,
          "texture": "#2"
        },
        "down": {
          "uv": [
            11,
            6.5,
            11.75,
            7.25
          ],
          "texture": "#2"
        }
      }
    },
    {
      "from": [
        7.4,
        11.70363,
        11.16235
      ],
      "to": [
        8.6,
        12.90363,
        11.66235
      ],
      "rotation": {
        "angle": -22.5,
        "axis": "x",
        "origin": [
          8,
          10.50349,
          11.25
        ]
      },
      "faces": {
        "north": {
          "uv": [
            13.5,
            3,
            13,
            3.5
          ],
          "rotation": 180,
          "texture": "#2"
        },
        "east": {
          "uv": [
            13.5,
            4,
            14,
            4.25
          ],
          "rotation": 270,
          "texture": "#2"
        },
        "west": {
          "uv": [
            13.5,
            4.5,
            14,
            4.75
          ],
          "rotation": 90,
          "texture": "#2"
        },
        "up": {
          "uv": [
            13.5,
            3.5,
            14,
            3.75
          ],
          "rotation": 180,
          "texture": "#2"
        },
        "down": {
          "uv": [
            4.5,
            13.5,
            5,
            13.75
          ],
          "texture": "#2"
        }
      }
    },
    {
      "from": [
        7.4,
        11.70363,
        13.16235
      ],
      "to": [
        8.6,
        12.90363,
        13.66235
      ],
      "rotation": {
        "angle": -22.5,
        "axis": "x",
        "origin": [
          8,
          10.50349,
          11.25
        ]
      },
      "faces": {
        "east": {
          "uv": [
            13.5,
            5,
            14,
            5.25
          ],
          "rotation": 270,
          "texture": "#2"
        },
        "south": {
          "uv": [
            13.5,
            4,
            13,
            3.5
          ],
          "texture": "#2"
        },
        "west": {
          "uv": [
            13.5,
            5.5,
            14,
            5.75
          ],
          "rotation": 90,
          "texture": "#2"
        },
        "up": {
          "uv": [
            5,
            13.5,
            5.5,
            13.75
          ],
          "rotation": 180,
          "texture": "#2"
        },
        "down": {
          "uv": [
            5.5,
            13.5,
            6,
            13.75
          ],
          "texture": "#2"
        }
      }
    },
    {
      "from": [
        7.15,
        9.65349,
        13.65468
      ],
      "to": [
        8.85,
        11.35349,
        14.15468
      ],
      "rotation": {
        "angle": 0,
        "axis": "x",
        "origin": [
          8,
          10.50349,
          11.25
        ]
      },
      "faces": {
        "east": {
          "uv": [
            1.5,
            13.5,
            2.25,
            13.75
          ],
          "rotation": 270,
          "texture": "#2"
        },
        "south": {
          "uv": [
            0.75,
            12.25,
            0,
            11.5
          ],
          "texture": "#2"
        },
        "west": {
          "uv": [
            13.5,
            2,
            14.25,
            2.25
          ],
          "rotation": 90,
          "texture": "#2"
        },
        "up": {
          "uv": [
            13.5,
            1,
            14.25,
            1.25
          ],
          "rotation": 180,
          "texture": "#2"
        },
        "down": {
          "uv": [
            13.5,
            1.5,
            14.25,
            1.75
          ],
          "texture": "#2"
        }
      }
    },
    {
      "from": [
        7,
        9.50349,
        11.15468
      ],
      "to": [
        9,
        11.50349,
        13.65468
      ],
      "rotation": {
        "angle": 0,
        "axis": "x",
        "origin": [
          8,
          10.50349,
          11.25
        ]
      },
      "faces": {
        "north": {
          "uv": [
            9,
            9,
            8,
            10
          ],
          "rotation": 180,
          "texture": "#2"
        },
        "east": {
          "uv": [
            8.5,
            7.5,
            9.5,
            8.75
          ],
          "rotation": 270,
          "texture": "#2"
        },
        "south": {
          "uv": [
            8,
            10,
            7,
            9
          ],
          "texture": "#2"
        },
        "west": {
          "uv": [
            9,
            1.5,
            10,
            2.75
          ],
          "rotation": 90,
          "texture": "#2"
        },
        "up": {
          "uv": [
            8,
            4,
            9,
            5.25
          ],
          "rotation": 180,
          "texture": "#2"
        },
        "down": {
          "uv": [
            9,
            0,
            10,
            1.25
          ],
          "texture": "#2"
        }
      }
    },
    {
      "from": [
        7.15,
        9.65349,
        10.65468
      ],
      "to": [
        8.85,
        11.35349,
        11.15468
      ],
      "rotation": {
        "angle": 0,
        "axis": "x",
        "origin": [
          8,
          10.50349,
          11.25
        ]
      },
      "faces": {
        "north": {
          "uv": [
            1.75,
            11.5,
            1,
            12.25
          ],
          "rotation": 180,
          "texture": "#2"
        },
        "east": {
          "uv": [
            13.5,
            2.5,
            14.25,
            2.75
          ],
          "rotation": 270,
          "texture": "#2"
        },
        "west": {
          "uv": [
            3.5,
            13.5,
            4.25,
            13.75
          ],
          "rotation": 90,
          "texture": "#2"
        },
        "up": {
          "uv": [
            2.5,
            13.5,
            3.25,
            13.75
          ],
          "rotation": 180,
          "texture": "#2"
        },
        "down": {
          "uv": [
            13.5,
            3,
            14.25,
            3.25
          ],
          "texture": "#2"
        }
      }
    },
    {
      "from": [
        7.5,
        11.7554,
        8.17894
      ],
      "to": [
        8.5,
        13.2554,
        9.17894
      ],
      "rotation": {
        "angle": 45,
        "axis": "x",
        "origin": [
          8,
          10.50349,
          11.25
        ]
      },
      "faces": {
        "north": {
          "uv": [
            8.5,
            0,
            9,
            0.75
          ],
          "texture": "#2"
        },
        "east": {
          "uv": [
            7,
            12,
            7.5,
            12.75
          ],
          "texture": "#2"
        },
        "south": {
          "uv": [
            1,
            12.5,
            1.5,
            13.25
          ],
          "texture": "#2"
        },
        "west": {
          "uv": [
            1.5,
            12.5,
            2,
            13.25
          ],
          "texture": "#2"
        },
        "up": {
          "uv": [
            4.5,
            13.5,
            4,
            13
          ],
          "texture": "#2"
        },
        "down": {
          "uv": [
            13.5,
            4,
            13,
            4.5
          ],
          "texture": "#2"
        }
      }
    },
    {
      "from": [
        7.4,
        8.10335,
        13.16235
      ],
      "to": [
        8.6,
        9.30335,
        13.66235
      ],
      "rotation": {
        "angle": 22.5,
        "axis": "x",
        "origin": [
          8,
          10.50349,
          11.25
        ]
      },
      "faces": {
        "east": {
          "uv": [
            13.5,
            6,
            14,
            6.25
          ],
          "rotation": 270,
          "texture": "#2"
        },
        "south": {
          "uv": [
            5,
            13.5,
            4.5,
            13
          ],
          "texture": "#2"
        },
        "west": {
          "uv": [
            13.5,
            6.5,
            14,
            6.75
          ],
          "rotation": 90,
          "texture": "#2"
        },
        "up": {
          "uv": [
            6,
            13.5,
            6.5,
            13.75
          ],
          "rotation": 180,
          "texture": "#2"
        },
        "down": {
          "uv": [
            6.5,
            13.5,
            7,
            13.75
          ],
          "texture": "#2"
        }
      }
    },
    {
      "from": [
        7.25,
        7.95335,
        11.66235
      ],
      "to": [
        8.75,
        9.45335,
        13.16235
      ],
      "rotation": {
        "angle": 22.5,
        "axis": "x",
        "origin": [
          8,
          10.50349,
          11.25
        ]
      },
      "faces": {
        "north": {
          "uv": [
            12.25,
            7.5,
            11.5,
            8.25
          ],
          "rotation": 180,
          "texture": "#2"
        },
        "east": {
          "uv": [
            5,
            11.5,
            5.75,
            12.25
          ],
          "rotation": 270,
          "texture": "#2"
        },
        "south": {
          "uv": [
            8.25,
            12.25,
            7.5,
            11.5
          ],
          "texture": "#2"
        },
        "west": {
          "uv": [
            6,
            11.5,
            6.75,
            12.25
          ],
          "rotation": 90,
          "texture": "#2"
        },
        "up": {
          "uv": [
            11.5,
            4.5,
            12.25,
            5.25
          ],
          "rotation": 180,
          "texture": "#2"
        },
        "down": {
          "uv": [
            11.5,
            5.5,
            12.25,
            6.25
          ],
          "texture": "#2"
        }
      }
    },
    {
      "from": [
        7.4,
        8.10335,
        11.16235
      ],
      "to": [
        8.6,
        9.30335,
        11.66235
      ],
      "rotation": {
        "angle": 22.5,
        "axis": "x",
        "origin": [
          8,
          10.50349,
          11.25
        ]
      },
      "faces": {
        "north": {
          "uv": [
            5.5,
            13,
            5,
            13.5
          ],
          "rotation": 180,
          "texture": "#2"
        },
        "east": {
          "uv": [
            13.5,
            7,
            14,
            7.25
          ],
          "rotation": 270,
          "texture": "#2"
        },
        "west": {
          "uv": [
            13.5,
            7.5,
            14,
            7.75
          ],
          "rotation": 90,
          "texture": "#2"
        },
        "up": {
          "uv": [
            7,
            13.5,
            7.5,
            13.75
          ],
          "rotation": 180,
          "texture": "#2"
        },
        "down": {
          "uv": [
            7.5,
            13.5,
            8,
            13.75
          ],
          "texture": "#2"
        }
      }
    },
    {
      "from": [
        7.5,
        7.43243,
        12.50191
      ],
      "to": [
        8.5,
        8.43243,
        14.00191
      ],
      "rotation": {
        "angle": 45,
        "axis": "x",
        "origin": [
          8,
          10.50349,
          11.25
        ]
      },
      "faces": {
        "north": {
          "uv": [
            13.5,
            5.5,
            13,
            6
          ],
          "rotation": 180,
          "texture": "#2"
        },
        "east": {
          "uv": [
            2.5,
            12.5,
            3,
            13.25
          ],
          "rotation": 270,
          "texture": "#2"
        },
        "south": {
          "uv": [
            6,
            13.5,
            5.5,
            13
          ],
          "texture": "#2"
        },
        "west": {
          "uv": [
            3.5,
            12.5,
            4,
            13.25
          ],
          "rotation": 90,
          "texture": "#2"
        },
        "up": {
          "uv": [
            2,
            12.5,
            2.5,
            13.25
          ],
          "rotation": 180,
          "texture": "#2"
        },
        "down": {
          "uv": [
            3,
            12.5,
            3.5,
            13.25
          ],
          "texture": "#2"
        }
      }
    },
    {
      "from": [
        6.5,
        9.00349,
        8.74651
      ],
      "to": [
        9.5,
        12.00349,
        9.74651
      ],
      "rotation": {
        "angle": 0,
        "axis": "x",
        "origin": [
          8,
          10.50349,
          11.25
        ]
      },
      "faces": {
        "north": {
          "uv": [
            6,
            4.5,
            4.5,
            6
          ],
          "rotation": 180,
          "texture": "#2"
        },
        "east": {
          "uv": [
            5,
            7,
            6.5,
            7.5
          ],
          "rotation": 270,
          "texture": "#2"
        },
        "west": {
          "uv": [
            10.5,
            3,
            12,
            3.5
          ],
          "rotation": 90,
          "texture": "#2"
        },
        "up": {
          "uv": [
            6.5,
            4,
            8,
            4.5
          ],
          "rotation": 180,
          "texture": "#2"
        },
        "down": {
          "uv": [
            2,
            10.5,
            3.5,
            11
          ],
          "texture": "#2"
        }
      }
    },
    {
      "from": [
        6,
        8.50349,
        9.74651
      ],
      "to": [
        10,
        12.50349,
        10.74651
      ],
      "rotation": {
        "angle": 0,
        "axis": "x",
        "origin": [
          8,
          10.50349,
          11.25
        ]
      },
      "faces": {
        "north": {
          "uv": [
            4.5,
            2,
            2.5,
            4
          ],
          "rotation": 180,
          "texture": "#2"
        },
        "east": {
          "uv": [
            9,
            7,
            11,
            7.5
          ],
          "rotation": 270,
          "texture": "#2"
        },
        "south": {
          "uv": [
            4.5,
            2,
            2.5,
            0
          ],
          "texture": "#2"
        },
        "west": {
          "uv": [
            0,
            9.5,
            2,
            10
          ],
          "rotation": 90,
          "texture": "#2"
        },
        "up": {
          "uv": [
            2.5,
            6.5,
            4.5,
            7
          ],
          "rotation": 180,
          "texture": "#2"
        },
        "down": {
          "uv": [
            9,
            9,
            11,
            9.5
          ],
          "texture": "#2"
        }
      }
    },
    {
      "from": [
        6.501,
        12.44735,
        9.5111
      ],
      "to": [
        9.499,
        14.09735,
        10.5611
      ],
      "rotation": {
        "angle": -22.5,
        "axis": "x",
        "origin": [
          8,
          10.50349,
          11.25
        ]
      },
      "faces": {
        "north": {
          "uv": [
            10.5,
            3,
            9,
            3.75
          ],
          "rotation": 180,
          "texture": "#2"
        },
        "east": {
          "uv": [
            4,
            12.5,
            4.75,
            13
          ],
          "rotation": 270,
          "texture": "#2"
        },
        "west": {
          "uv": [
            12.5,
            4.5,
            13.25,
            5
          ],
          "rotation": 90,
          "texture": "#2"
        },
        "up": {
          "uv": [
            10.5,
            3.5,
            12,
            4
          ],
          "rotation": 180,
          "texture": "#2"
        }
      }
    },
    {
      "from": [
        6.001,
        12.54393,
        10.5502
      ],
      "to": [
        9.999,
        14.54393,
        11.5502
      ],
      "rotation": {
        "angle": -22.5,
        "axis": "x",
        "origin": [
          8,
          10.50349,
          11.25
        ]
      },
      "faces": {
        "north": {
          "uv": [
            6.5,
            6,
            4.5,
            7
          ],
          "rotation": 180,
          "texture": "#2"
        },
        "east": {
          "uv": [
            2,
            9.5,
            3,
            10
          ],
          "rotation": 270,
          "texture": "#2"
        },
        "south": {
          "uv": [
            4.5,
            6.5,
            2.5,
            5.5
          ],
          "texture": "#2"
        },
        "west": {
          "uv": [
            11.5,
            8.5,
            12.5,
            9
          ],
          "rotation": 90,
          "texture": "#2"
        },
        "up": {
          "uv": [
            9.5,
            7.5,
            11.5,
            8
          ],
          "rotation": 180,
          "texture": "#2"
        }
      }
    },
    {
      "from": [
        6.001,
        14.54393,
        11.5502
      ],
      "to": [
        9.999,
        14.54393,
        12.5502
      ],
      "rotation": {
        "angle": -22.5,
        "axis": "x",
        "origin": [
          8,
          10.50349,
          11.25
        ]
      },
      "faces": {
        "up": {
          "uv": [
            9.5,
            8,
            11.5,
            8.5
          ],
          "rotation": 180,
          "texture": "#2"
        },
        "down": {
          "uv": [
            9.5,
            8.5,
            11.5,
            9
          ],
          "texture": "#2"
        }
      }
    },
    {
      "from": [
        6.001,
        14.54392,
        9.5502
      ],
      "to": [
        9.999,
        14.54392,
        10.5502
      ],
      "rotation": {
        "angle": -22.5,
        "axis": "x",
        "origin": [
          8,
          10.50349,
          11.25
        ]
      },
      "faces": {
        "up": {
          "uv": [
            9,
            9.5,
            11,
            10
          ],
          "rotation": 180,
          "texture": "#2"
        },
        "down": {
          "uv": [
            0,
            10,
            2,
            10.5
          ],
          "texture": "#2"
        }
      }
    },
    {
      "from": [
        6.001,
        12.54393,
        11.5502
      ],
      "to": [
        6.001,
        14.54393,
        12.5502
      ],
      "rotation": {
        "angle": -22.5,
        "axis": "x",
        "origin": [
          8,
          10.50349,
          11.25
        ]
      },
      "faces": {
        "east": {
          "uv": [
            11.5,
            11,
            12.5,
            11.5
          ],
          "rotation": 270,
          "texture": "#2"
        },
        "west": {
          "uv": [
            11.5,
            11.5,
            12.5,
            12
          ],
          "rotation": 90,
          "texture": "#2"
        }
      }
    },
    {
      "from": [
        6.026,
        12.54392,
        9.5502
      ],
      "to": [
        6.026,
        14.54392,
        10.5502
      ],
      "rotation": {
        "angle": -22.5,
        "axis": "x",
        "origin": [
          8,
          10.50349,
          11.25
        ]
      },
      "faces": {
        "east": {
          "uv": [
            12,
            0,
            13,
            0.5
          ],
          "rotation": 270,
          "texture": "#2"
        },
        "west": {
          "uv": [
            12,
            0.5,
            13,
            1
          ],
          "rotation": 90,
          "texture": "#2"
        }
      }
    },
    {
      "from": [
        6.026,
        6.46306,
        9.5502
      ],
      "to": [
        6.026,
        8.46306,
        10.5502
      ],
      "rotation": {
        "angle": 22.5,
        "axis": "x",
        "origin": [
          8,
          10.50349,
          11.25
        ]
      },
      "faces": {
        "east": {
          "uv": [
            12,
            1,
            13,
            1.5
          ],
          "rotation": 270,
          "texture": "#2"
        },
        "west": {
          "uv": [
            12,
            1.5,
            13,
            2
          ],
          "rotation": 90,
          "texture": "#2"
        }
      }
    },
    {
      "from": [
        6.001,
        6.46306,
        9.5502
      ],
      "to": [
        9.999,
        6.46306,
        10.5502
      ],
      "rotation": {
        "angle": 22.5,
        "axis": "x",
        "origin": [
          8,
          10.50349,
          11.25
        ]
      },
      "faces": {
        "up": {
          "uv": [
            10,
            0,
            12,
            0.5
          ],
          "rotation": 180,
          "texture": "#2"
        },
        "down": {
          "uv": [
            10,
            0.5,
            12,
            1
          ],
          "texture": "#2"
        }
      }
    },
    {
      "from": [
        6.026,
        8.00349,
        10.17039
      ],
      "to": [
        6.026,
        12.90349,
        11.67039
      ],
      "rotation": {
        "angle": 0,
        "axis": "x",
        "origin": [
          8,
          10.50349,
          11.25
        ]
      },
      "faces": {
        "east": {
          "uv": [
            6.5,
            1,
            9,
            1.75
          ],
          "rotation": 270,
          "texture": "#2"
        },
        "west": {
          "uv": [
            6.5,
            2,
            9,
            2.75
          ],
          "rotation": 90,
          "texture": "#2"
        }
      }
    },
    {
      "from": [
        6.051,
        8.00349,
        8.79539
      ],
      "to": [
        6.051,
        12.90349,
        10.29539
      ],
      "rotation": {
        "angle": 0,
        "axis": "x",
        "origin": [
          8,
          10.50349,
          11.25
        ]
      },
      "faces": {
        "east": {
          "uv": [
            6.5,
            3,
            9,
            3.75
          ],
          "rotation": 270,
          "texture": "#2"
        },
        "west": {
          "uv": [
            6.5,
            5.5,
            9,
            6.25
          ],
          "rotation": 90,
          "texture": "#2"
        }
      }
    },
    {
      "from": [
        9.974,
        12.54392,
        9.5502
      ],
      "to": [
        9.974,
        14.54392,
        10.5502
      ],
      "rotation": {
        "angle": -22.5,
        "axis": "x",
        "origin": [
          8,
          10.50349,
          11.25
        ]
      },
      "faces": {
        "east": {
          "uv": [
            2,
            12,
            3,
            12.5
          ],
          "rotation": 270,
          "texture": "#2"
        },
        "west": {
          "uv": [
            12,
            2,
            13,
            2.5
          ],
          "rotation": 90,
          "texture": "#2"
        }
      }
    },
    {
      "from": [
        9.974,
        6.46306,
        9.5502
      ],
      "to": [
        9.974,
        8.46306,
        10.5502
      ],
      "rotation": {
        "angle": 22.5,
        "axis": "x",
        "origin": [
          8,
          10.50349,
          11.25
        ]
      },
      "faces": {
        "east": {
          "uv": [
            12,
            2.5,
            13,
            3
          ],
          "rotation": 270,
          "texture": "#2"
        },
        "west": {
          "uv": [
            3,
            12,
            4,
            12.5
          ],
          "rotation": 90,
          "texture": "#2"
        }
      }
    },
    {
      "from": [
        9.949,
        8.00349,
        8.79539
      ],
      "to": [
        9.949,
        12.90349,
        10.29539
      ],
      "rotation": {
        "angle": 0,
        "axis": "x",
        "origin": [
          8,
          10.50349,
          11.25
        ]
      },
      "faces": {
        "east": {
          "uv": [
            6.5,
            6.5,
            9,
            7.25
          ],
          "rotation": 270,
          "texture": "#2"
        },
        "west": {
          "uv": [
            0,
            7,
            2.5,
            7.75
          ],
          "rotation": 90,
          "texture": "#2"
        }
      }
    },
    {
      "from": [
        9.999,
        12.54393,
        11.5502
      ],
      "to": [
        9.999,
        14.54393,
        12.5502
      ],
      "rotation": {
        "angle": -22.5,
        "axis": "x",
        "origin": [
          8,
          10.50349,
          11.25
        ]
      },
      "faces": {
        "east": {
          "uv": [
            12,
            3,
            13,
            3.5
          ],
          "rotation": 270,
          "texture": "#2"
        },
        "west": {
          "uv": [
            12,
            3.5,
            13,
            4
          ],
          "rotation": 90,
          "texture": "#2"
        }
      }
    },
    {
      "from": [
        6.001,
        6.46305,
        11.5502
      ],
      "to": [
        9.999,
        6.46305,
        12.5502
      ],
      "rotation": {
        "angle": 22.5,
        "axis": "x",
        "origin": [
          8,
          10.50349,
          11.25
        ]
      },
      "faces": {
        "up": {
          "uv": [
            10,
            1,
            12,
            1.5
          ],
          "rotation": 180,
          "texture": "#2"
        },
        "down": {
          "uv": [
            10,
            1.5,
            12,
            2
          ],
          "texture": "#2"
        }
      }
    },
    {
      "from": [
        9.999,
        6.46305,
        11.5502
      ],
      "to": [
        9.999,
        8.46305,
        12.5502
      ],
      "rotation": {
        "angle": 22.5,
        "axis": "x",
        "origin": [
          8,
          10.50349,
          11.25
        ]
      },
      "faces": {
        "east": {
          "uv": [
            4,
            12,
            5,
            12.5
          ],
          "rotation": 270,
          "texture": "#2"
        },
        "west": {
          "uv": [
            12,
            4,
            13,
            4.5
          ],
          "rotation": 90,
          "texture": "#2"
        }
      }
    },
    {
      "from": [
        6.001,
        6.46305,
        11.5502
      ],
      "to": [
        6.001,
        8.46305,
        12.5502
      ],
      "rotation": {
        "angle": 22.5,
        "axis": "x",
        "origin": [
          8,
          10.50349,
          11.25
        ]
      },
      "faces": {
        "east": {
          "uv": [
            12,
            6.5,
            13,
            7
          ],
          "rotation": 270,
          "texture": "#2"
        },
        "west": {
          "uv": [
            12,
            7,
            13,
            7.5
          ],
          "rotation": 90,
          "texture": "#2"
        }
      }
    },
    {
      "from": [
        9.974,
        8.00349,
        10.17039
      ],
      "to": [
        9.974,
        12.90349,
        11.67039
      ],
      "rotation": {
        "angle": 0,
        "axis": "x",
        "origin": [
          8,
          10.50349,
          11.25
        ]
      },
      "faces": {
        "east": {
          "uv": [
            2.5,
            7,
            5,
            7.75
          ],
          "rotation": 270,
          "texture": "#2"
        },
        "west": {
          "uv": [
            5,
            7.5,
            7.5,
            8.25
          ],
          "rotation": 90,
          "texture": "#2"
        }
      }
    },
    {
      "from": [
        6.501,
        6.90963,
        9.5111
      ],
      "to": [
        9.499,
        8.55963,
        10.5611
      ],
      "rotation": {
        "angle": 22.5,
        "axis": "x",
        "origin": [
          8,
          10.50349,
          11.25
        ]
      },
      "faces": {
        "north": {
          "uv": [
            10.5,
            4,
            9,
            4.75
          ],
          "rotation": 180,
          "texture": "#2"
        },
        "east": {
          "uv": [
            5,
            12.5,
            5.75,
            13
          ],
          "rotation": 270,
          "texture": "#2"
        },
        "west": {
          "uv": [
            12.5,
            5,
            13.25,
            5.5
          ],
          "rotation": 90,
          "texture": "#2"
        },
        "down": {
          "uv": [
            10.5,
            4,
            12,
            4.5
          ],
          "texture": "#2"
        }
      }
    },
    {
      "from": [
        6.001,
        6.46305,
        10.5502
      ],
      "to": [
        9.999,
        8.46305,
        11.5502
      ],
      "rotation": {
        "angle": 22.5,
        "axis": "x",
        "origin": [
          8,
          10.50349,
          11.25
        ]
      },
      "faces": {
        "north": {
          "uv": [
            8.5,
            0,
            6.5,
            1
          ],
          "rotation": 180,
          "texture": "#2"
        },
        "east": {
          "uv": [
            12,
            9,
            13,
            9.5
          ],
          "rotation": 270,
          "texture": "#2"
        },
        "south": {
          "uv": [
            8,
            5.5,
            6,
            4.5
          ],
          "texture": "#2"
        },
        "west": {
          "uv": [
            9.5,
            12,
            10.5,
            12.5
          ],
          "rotation": 90,
          "texture": "#2"
        },
        "down": {
          "uv": [
            2,
            10,
            4,
            10.5
          ],
          "texture": "#2"
        }
      }
    },
    {
      "from": [
        5.999,
        12.54492,
        11.5002
      ],
      "to": [
        9.999,
        12.59492,
        14.5002
      ],
      "rotation": {
        "angle": -22.5,
        "axis": "x",
        "origin": [
          8,
          10.50349,
          11.25
        ]
      },
      "faces": {
        "up": {
          "uv": [
            2.5,
            4,
            4.5,
            5.5
          ],
          "rotation": 180,
          "texture": "#2"
        },
        "down": {
          "uv": [
            4.5,
            0,
            6.5,
            1.5
          ],
          "texture": "#2"
        }
      }
    },
    {
      "from": [
        5.999,
        8.41206,
        11.5002
      ],
      "to": [
        9.999,
        8.46206,
        14.5002
      ],
      "rotation": {
        "angle": 22.5,
        "axis": "x",
        "origin": [
          8,
          10.50349,
          11.25
        ]
      },
      "faces": {
        "up": {
          "uv": [
            4.5,
            1.5,
            6.5,
            3
          ],
          "rotation": 180,
          "texture": "#2"
        },
        "down": {
          "uv": [
            4.5,
            3,
            6.5,
            4.5
          ],
          "texture": "#2"
        }
      }
    },
    {
      "from": [
        6.95,
        7.51347,
        11.88854
      ],
      "to": [
        7,
        9.26347,
        14.63854
      ],
      "rotation": {
        "angle": 45,
        "axis": "x",
        "origin": [
          8,
          10.50349,
          11.25
        ]
      },
      "faces": {
        "east": {
          "uv": [
            7.5,
            7.5,
            8.5,
            9
          ],
          "rotation": 270,
          "texture": "#2"
        },
        "west": {
          "uv": [
            0,
            8,
            1,
            9.5
          ],
          "rotation": 90,
          "texture": "#2"
        }
      }
    },
    {
      "from": [
        9,
        11.14203,
        8.25998
      ],
      "to": [
        9.05,
        13.89203,
        10.00998
      ],
      "rotation": {
        "angle": 45,
        "axis": "x",
        "origin": [
          8,
          10.50349,
          11.25
        ]
      },
      "faces": {
        "east": {
          "uv": [
            1,
            8,
            2,
            9.5
          ],
          "texture": "#2"
        },
        "west": {
          "uv": [
            2,
            8,
            3,
            9.5
          ],
          "texture": "#2"
        }
      }
    },
    {
      "from": [
        7,
        11.31881,
        8.5832
      ],
      "to": [
        7.05,
        12.81881,
        9.5832
      ],
      "rotation": {
        "angle": 45,
        "axis": "x",
        "origin": [
          8,
          10.50349,
          11.25
        ]
      },
      "faces": {
        "east": {
          "uv": [
            12.5,
            5.5,
            13,
            6.25
          ],
          "texture": "#2"
        },
        "west": {
          "uv": [
            6,
            12.5,
            6.5,
            13.25
          ],
          "texture": "#2"
        }
      }
    },
    {
      "from": [
        8.95,
        7.83669,
        12.06532
      ],
      "to": [
        9,
        8.83669,
        13.56532
      ],
      "rotation": {
        "angle": 45,
        "axis": "x",
        "origin": [
          8,
          10.50349,
          11.25
        ]
      },
      "faces": {
        "east": {
          "uv": [
            6.5,
            12.5,
            7,
            13.25
          ],
          "rotation": 270,
          "texture": "#2"
        },
        "west": {
          "uv": [
            7.5,
            12.5,
            8,
            13.25
          ],
          "rotation": 90,
          "texture": "#2"
        }
      }
    },
    {
      "from": [
        7.4,
        7.5,
        7.4
      ],
      "to": [
        8.6,
        8.5,
        8.6
      ],
      "rotation": {
        "angle": 0,
        "axis": "y",
        "origin": [
          7.5,
          6.75,
          7.5
        ]
      },
      "faces": {
        "north": {
          "uv": [
            13,
            6,
            13.5,
            6.5
          ],
          "texture": "#2"
        },
        "east": {
          "uv": [
            13,
            6.5,
            13.5,
            7
          ],
          "texture": "#2"
        },
        "south": {
          "uv": [
            7,
            13,
            7.5,
            13.5
          ],
          "texture": "#2"
        },
        "west": {
          "uv": [
            13,
            7,
            13.5,
            7.5
          ],
          "texture": "#2"
        }
      }
    },
    {
      "from": [
        7.4,
        12.25,
        7.4
      ],
      "to": [
        8.6,
        13.45,
        8.6
      ],
      "rotation": {
        "angle": 0,
        "axis": "y",
        "origin": [
          7.5,
          4.5,
          8.5
        ]
      },
      "faces": {
        "north": {
          "uv": [
            13,
            7.5,
            13.5,
            8
          ],
          "texture": "#2"
        },
        "east": {
          "uv": [
            13,
            8,
            13.5,
            8.5
          ],
          "texture": "#2"
        },
        "south": {
          "uv": [
            13,
            8.5,
            13.5,
            9
          ],
          "texture": "#2"
        },
        "west": {
          "uv": [
            13,
            9,
            13.5,
            9.5
          ],
          "texture": "#2"
        },
        "up": {
          "uv": [
            10,
            13.5,
            9.5,
            13
          ],
          "texture": "#2"
        }
      }
    },
    {
      "from": [
        7.544,
        13.45,
        7.544
      ],
      "to": [
        8.456,
        16.92,
        8.456
      ],
      "rotation": {
        "angle": 0,
        "axis": "y",
        "origin": [
          8,
          15.085,
          8
        ]
      },
      "faces": {
        "north": {
          "uv": [
            7.5,
            10,
            7,
            11.75
          ],
          "texture": "#2"
        },
        "east": {
          "uv": [
            7,
            10,
            7.5,
            11.75
          ],
          "texture": "#2"
        },
        "south": {
          "uv": [
            7.5,
            10,
            7,
            11.75
          ],
          "texture": "#2"
        },
        "west": {
          "uv": [
            7,
            10,
            7.5,
            11.75
          ],
          "texture": "#2"
        },
        "up": {
          "uv": [
            13.5,
            10,
            13,
            9.5
          ],
          "texture": "#2"
        }
      }
    },
    {
      "from": [
        7.65344,
        16.92,
        7.65344
      ],
      "to": [
        8.34656,
        19.5572,
        8.34656
      ],
      "rotation": {
        "angle": 0,
        "axis": "y",
        "origin": [
          8,
          15.3626,
          8
        ]
      },
      "faces": {
        "north": {
          "uv": [
            12.5,
            7.5,
            12.75,
            8.75
          ],
          "texture": "#2"
        },
        "east": {
          "uv": [
            8,
            12.5,
            8.25,
            13.75
          ],
          "texture": "#2"
        },
        "south": {
          "uv": [
            8.5,
            12.5,
            8.75,
            13.75
          ],
          "texture": "#2"
        },
        "west": {
          "uv": [
            9,
            12.5,
            9.25,
            13.75
          ],
          "texture": "#2"
        },
        "up": {
          "uv": [
            13.75,
            11.25,
            13.5,
            11
          ],
          "texture": "#2"
        }
      }
    },
    {
      "from": [
        7.25,
        8.5,
        7.25
      ],
      "to": [
        8.75,
        12.25,
        8.75
      ],
      "rotation": {
        "angle": 0,
        "axis": "y",
        "origin": [
          7.5,
          7.5,
          7.5
        ]
      },
      "faces": {
        "north": {
          "uv": [
            3,
            8,
            3.75,
            10
          ],
          "texture": "#2"
        },
        "east": {
          "uv": [
            4,
            8,
            4.75,
            10
          ],
          "texture": "#2"
        },
        "south": {
          "uv": [
            5,
            8.5,
            5.75,
            10.5
          ],
          "texture": "#2"
        },
        "west": {
          "uv": [
            6,
            8.5,
            6.75,
            10.5
          ],
          "texture": "#2"
        },
        "up": {
          "uv": [
            9.25,
            12.25,
            8.5,
            11.5
          ],
          "texture": "#2"
        },
        "down": {
          "uv": [
            12.25,
            10,
            11.5,
            10.75
          ],
          "texture": "#2"
        }
      }
    },
    {
      "from": [
        7,
        8.75,
        5.675
      ],
      "to": [
        7.5,
        9.25,
        7.675
      ],
      "rotation": {
        "angle": 0,
        "axis": "y",
        "origin": [
          7,
          0,
          0
        ]
      },
      "faces": {
        "north": {
          "uv": [
            11.5,
            13.5,
            11.75,
            13.75
          ],
          "texture": "#2"
        },
        "east": {
          "uv": [
            10,
            13,
            11,
            13.25
          ],
          "texture": "#2"
        },
        "south": {
          "uv": [
            12,
            13.5,
            12.25,
            13.75
          ],
          "texture": "#2"
        },
        "west": {
          "uv": [
            13,
            10,
            14,
            10.25
          ],
          "texture": "#2"
        },
        "up": {
          "uv": [
            13.25,
            11.5,
            13,
            10.5
          ],
          "texture": "#2"
        },
        "down": {
          "uv": [
            11.25,
            13,
            11,
            14
          ],
          "texture": "#2"
        }
      }
    },
    {
      "from": [
        8.5,
        8.75,
        5.675
      ],
      "to": [
        9,
        9.25,
        7.675
      ],
      "rotation": {
        "angle": 0,
        "axis": "y",
        "origin": [
          7,
          0,
          0
        ]
      },
      "faces": {
        "north": {
          "uv": [
            13.5,
            12,
            13.75,
            12.25
          ],
          "texture": "#2"
        },
        "east": {
          "uv": [
            11.5,
            13,
            12.5,
            13.25
          ],
          "texture": "#2"
        },
        "south": {
          "uv": [
            13.5,
            12.5,
            13.75,
            12.75
          ],
          "texture": "#2"
        },
        "west": {
          "uv": [
            13,
            11.5,
            14,
            11.75
          ],
          "texture": "#2"
        },
        "up": {
          "uv": [
            13.25,
            13,
            13,
            12
          ],
          "texture": "#2"
        },
        "down": {
          "uv": [
            12.75,
            13,
            12.5,
            14
          ],
          "texture": "#2"
        }
      }
    },
    {
      "from": [
        7.5,
        8.75,
        7.175
      ],
      "to": [
        8.5,
        9.25,
        7.675
      ],
      "rotation": {
        "angle": 0,
        "axis": "y",
        "origin": [
          7,
          0,
          0
        ]
      },
      "faces": {
        "north": {
          "uv": [
            13.5,
            8,
            14,
            8.25
          ],
          "texture": "#2"
        },
        "south": {
          "uv": [
            13.5,
            8.5,
            14,
            8.75
          ],
          "texture": "#2"
        },
        "up": {
          "uv": [
            14,
            9.25,
            13.5,
            9
          ],
          "texture": "#2"
        },
        "down": {
          "uv": [
            10,
            13.5,
            9.5,
            13.75
          ],
          "texture": "#2"
        }
      }
    },
    {
      "from": [
        7.5,
        8.75,
        5.675
      ],
      "to": [
        8.5,
        9.25,
        6.175
      ],
      "rotation": {
        "angle": 0,
        "axis": "y",
        "origin": [
          7,
          0,
          0
        ]
      },
      "faces": {
        "north": {
          "uv": [
            13.5,
            9.5,
            14,
            9.75
          ],
          "texture": "#2"
        },
        "south": {
          "uv": [
            10,
            13.5,
            10.5,
            13.75
          ],
          "texture": "#2"
        },
        "up": {
          "uv": [
            11,
            13.75,
            10.5,
            13.5
          ],
          "texture": "#2"
        },
        "down": {
          "uv": [
            14,
            10.5,
            13.5,
            10.75
          ],
          "texture": "#2"
        }
      }
    },
    {
      "from": [
        7,
        12.25,
        5.675
      ],
      "to": [
        7.5,
        12.75,
        7.675
      ],
      "rotation": {
        "angle": 0,
        "axis": "y",
        "origin": [
          7,
          0,
          0
        ]
      },
      "faces": {
        "north": {
          "uv": [
            11.5,
            13.5,
            11.75,
            13.75
          ],
          "texture": "#2"
        },
        "east": {
          "uv": [
            10,
            13,
            11,
            13.25
          ],
          "texture": "#2"
        },
        "south": {
          "uv": [
            12,
            13.5,
            12.25,
            13.75
          ],
          "texture": "#2"
        },
        "west": {
          "uv": [
            13,
            10,
            14,
            10.25
          ],
          "texture": "#2"
        },
        "up": {
          "uv": [
            13.25,
            11.5,
            13,
            10.5
          ],
          "texture": "#2"
        },
        "down": {
          "uv": [
            11.25,
            13,
            11,
            14
          ],
          "texture": "#2"
        }
      }
    },
    {
      "from": [
        8.5,
        12.25,
        5.675
      ],
      "to": [
        9,
        12.75,
        7.675
      ],
      "rotation": {
        "angle": 0,
        "axis": "y",
        "origin": [
          7,
          0,
          0
        ]
      },
      "faces": {
        "north": {
          "uv": [
            13.5,
            12,
            13.75,
            12.25
          ],
          "texture": "#2"
        },
        "east": {
          "uv": [
            11.5,
            13,
            12.5,
            13.25
          ],
          "texture": "#2"
        },
        "south": {
          "uv": [
            13.5,
            12.5,
            13.75,
            12.75
          ],
          "texture": "#2"
        },
        "west": {
          "uv": [
            13,
            11.5,
            14,
            11.75
          ],
          "texture": "#2"
        },
        "up": {
          "uv": [
            13.25,
            13,
            13,
            12
          ],
          "texture": "#2"
        },
        "down": {
          "uv": [
            12.75,
            13,
            12.5,
            14
          ],
          "texture": "#2"
        }
      }
    },
    {
      "from": [
        7.5,
        12.25,
        7.175
      ],
      "to": [
        8.5,
        12.75,
        7.675
      ],
      "rotation": {
        "angle": 0,
        "axis": "y",
        "origin": [
          7,
          0,
          0
        ]
      },
      "faces": {
        "north": {
          "uv": [
            13.5,
            8,
            14,
            8.25
          ],
          "texture": "#2"
        },
        "south": {
          "uv": [
            13.5,
            8.5,
            14,
            8.75
          ],
          "texture": "#2"
        },
        "up": {
          "uv": [
            14,
            9.25,
            13.5,
            9
          ],
          "texture": "#2"
        },
        "down": {
          "uv": [
            10,
            13.5,
            9.5,
            13.75
          ],
          "texture": "#2"
        }
      }
    },
    {
      "from": [
        7.5,
        12.25,
        5.675
      ],
      "to": [
        8.5,
        12.75,
        6.175
      ],
      "rotation": {
        "angle": 0,
        "axis": "y",
        "origin": [
          7,
          0,
          0
        ]
      },
      "faces": {
        "north": {
          "uv": [
            13.5,
            9.5,
            14,
            9.75
          ],
          "texture": "#2"
        },
        "south": {
          "uv": [
            10,
            13.5,
            10.5,
            13.75
          ],
          "texture": "#2"
        },
        "up": {
          "uv": [
            11,
            13.75,
            10.5,
            13.5
          ],
          "texture": "#2"
        },
        "down": {
          "uv": [
            14,
            10.5,
            13.5,
            10.75
          ],
          "texture": "#2"
        }
      }
    },
    {
      "from": [
        7,
        15.75,
        5.675
      ],
      "to": [
        7.5,
        16.25,
        7.675
      ],
      "rotation": {
        "angle": 0,
        "axis": "y",
        "origin": [
          7,
          0,
          0
        ]
      },
      "faces": {
        "north": {
          "uv": [
            11.5,
            13.5,
            11.75,
            13.75
          ],
          "texture": "#2"
        },
        "east": {
          "uv": [
            10,
            13,
            11,
            13.25
          ],
          "texture": "#2"
        },
        "south": {
          "uv": [
            12,
            13.5,
            12.25,
            13.75
          ],
          "texture": "#2"
        },
        "west": {
          "uv": [
            13,
            10,
            14,
            10.25
          ],
          "texture": "#2"
        },
        "up": {
          "uv": [
            13.25,
            11.5,
            13,
            10.5
          ],
          "texture": "#2"
        },
        "down": {
          "uv": [
            11.25,
            13,
            11,
            14
          ],
          "texture": "#2"
        }
      }
    },
    {
      "from": [
        8.5,
        15.75,
        5.675
      ],
      "to": [
        9,
        16.25,
        7.675
      ],
      "rotation": {
        "angle": 0,
        "axis": "y",
        "origin": [
          7,
          0,
          0
        ]
      },
      "faces": {
        "north": {
          "uv": [
            13.5,
            12,
            13.75,
            12.25
          ],
          "texture": "#2"
        },
        "east": {
          "uv": [
            11.5,
            13,
            12.5,
            13.25
          ],
          "texture": "#2"
        },
        "south": {
          "uv": [
            13.5,
            12.5,
            13.75,
            12.75
          ],
          "texture": "#2"
        },
        "west": {
          "uv": [
            13,
            11.5,
            14,
            11.75
          ],
          "texture": "#2"
        },
        "up": {
          "uv": [
            13.25,
            13,
            13,
            12
          ],
          "texture": "#2"
        },
        "down": {
          "uv": [
            12.75,
            13,
            12.5,
            14
          ],
          "texture": "#2"
        }
      }
    },
    {
      "from": [
        7.5,
        15.75,
        7.175
      ],
      "to": [
        8.5,
        16.25,
        7.675
      ],
      "rotation": {
        "angle": 0,
        "axis": "y",
        "origin": [
          7,
          0,
          0
        ]
      },
      "faces": {
        "north": {
          "uv": [
            13.5,
            8,
            14,
            8.25
          ],
          "texture": "#2"
        },
        "south": {
          "uv": [
            13.5,
            8.5,
            14,
            8.75
          ],
          "texture": "#2"
        },
        "up": {
          "uv": [
            14,
            9.25,
            13.5,
            9
          ],
          "texture": "#2"
        },
        "down": {
          "uv": [
            10,
            13.5,
            9.5,
            13.75
          ],
          "texture": "#2"
        }
      }
    },
    {
      "from": [
        7.5,
        15.75,
        5.675
      ],
      "to": [
        8.5,
        16.25,
        6.175
      ],
      "rotation": {
        "angle": 0,
        "axis": "y",
        "origin": [
          7,
          0,
          0
        ]
      },
      "faces": {
        "north": {
          "uv": [
            13.5,
            9.5,
            14,
            9.75
          ],
          "texture": "#2"
        },
        "south": {
          "uv": [
            10,
            13.5,
            10.5,
            13.75
          ],
          "texture": "#2"
        },
        "up": {
          "uv": [
            11,
            13.75,
            10.5,
            13.5
          ],
          "texture": "#2"
        },
        "down": {
          "uv": [
            14,
            10.5,
            13.5,
            10.75
          ],
          "texture": "#2"
        }
      }
    },
    {
      "from": [
        7,
        19.25,
        5.675
      ],
      "to": [
        7.5,
        19.75,
        7.675
      ],
      "rotation": {
        "angle": 0,
        "axis": "y",
        "origin": [
          7,
          0,
          0
        ]
      },
      "faces": {
        "north": {
          "uv": [
            11.5,
            13.5,
            11.75,
            13.75
          ],
          "texture": "#2"
        },
        "east": {
          "uv": [
            10,
            13,
            11,
            13.25
          ],
          "texture": "#2"
        },
        "south": {
          "uv": [
            12,
            13.5,
            12.25,
            13.75
          ],
          "texture": "#2"
        },
        "west": {
          "uv": [
            13,
            10,
            14,
            10.25
          ],
          "texture": "#2"
        },
        "up": {
          "uv": [
            13.25,
            11.5,
            13,
            10.5
          ],
          "texture": "#2"
        },
        "down": {
          "uv": [
            11.25,
            13,
            11,
            14
          ],
          "texture": "#2"
        }
      }
    },
    {
      "from": [
        8.5,
        19.25,
        5.675
      ],
      "to": [
        9,
        19.75,
        7.675
      ],
      "rotation": {
        "angle": 0,
        "axis": "y",
        "origin": [
          7,
          0,
          0
        ]
      },
      "faces": {
        "north": {
          "uv": [
            13.5,
            12,
            13.75,
            12.25
          ],
          "texture": "#2"
        },
        "east": {
          "uv": [
            11.5,
            13,
            12.5,
            13.25
          ],
          "texture": "#2"
        },
        "south": {
          "uv": [
            13.5,
            12.5,
            13.75,
            12.75
          ],
          "texture": "#2"
        },
        "west": {
          "uv": [
            13,
            11.5,
            14,
            11.75
          ],
          "texture": "#2"
        },
        "up": {
          "uv": [
            13.25,
            13,
            13,
            12
          ],
          "texture": "#2"
        },
        "down": {
          "uv": [
            12.75,
            13,
            12.5,
            14
          ],
          "texture": "#2"
        }
      }
    },
    {
      "from": [
        7.5,
        19.25,
        7.175
      ],
      "to": [
        8.5,
        19.75,
        7.675
      ],
      "rotation": {
        "angle": 0,
        "axis": "y",
        "origin": [
          7,
          0,
          0
        ]
      },
      "faces": {
        "north": {
          "uv": [
            13.5,
            8,
            14,
            8.25
          ],
          "texture": "#2"
        },
        "south": {
          "uv": [
            13.5,
            8.5,
            14,
            8.75
          ],
          "texture": "#2"
        },
        "up": {
          "uv": [
            14,
            9.25,
            13.5,
            9
          ],
          "texture": "#2"
        },
        "down": {
          "uv": [
            10,
            13.5,
            9.5,
            13.75
          ],
          "texture": "#2"
        }
      }
    },
    {
      "from": [
        7.5,
        19.25,
        5.675
      ],
      "to": [
        8.5,
        19.75,
        6.175
      ],
      "rotation": {
        "angle": 0,
        "axis": "y",
        "origin": [
          7,
          0,
          0
        ]
      },
      "faces": {
        "north": {
          "uv": [
            13.5,
            9.5,
            14,
            9.75
          ],
          "texture": "#2"
        },
        "south": {
          "uv": [
            10,
            13.5,
            10.5,
            13.75
          ],
          "texture": "#2"
        },
        "up": {
          "uv": [
            11,
            13.75,
            10.5,
            13.5
          ],
          "texture": "#2"
        },
        "down": {
          "uv": [
            14,
            10.5,
            13.5,
            10.75
          ],
          "texture": "#2"
        }
      }
    },
    {
      "from": [
        7.975,
        6.75,
        2.675
      ],
      "to": [
        8.025,
        20.75,
        7.675
      ],
      "rotation": {
        "angle": 0,
        "axis": "y",
        "origin": [
          7.975,
          0,
          0
        ]
      },
      "faces": {
        "east": {
          "uv": [
            2.5,
            0,
            0,
            7
          ],
          "texture": "#2"
        },
        "west": {
          "uv": [
            0,
            0,
            2.5,
            7
          ],
          "texture": "#2"
        }
      }
    },
    {
      "from": [
        7.575,
        13.775,
        3.5
      ],
      "to": [
        8.425,
        14.625,
        4.35
      ],
      "rotation": {
        "angle": 0,
        "axis": "y",
        "origin": [
          7.575,
          0.075,
          0.075
        ]
      },
      "faces": {
        "north": {
          "uv": [
            13,
            13,
            13.5,
            13.5
          ],
          "texture": "#2"
        },
        "east": {
          "uv": [
            0,
            13.5,
            0.5,
            14
          ],
          "texture": "#2"
        },
        "south": {
          "uv": [
            13.5,
            0,
            14,
            0.5
          ],
          "texture": "#2"
        },
        "west": {
          "uv": [
            0.5,
            13.5,
            1,
            14
          ],
          "texture": "#2"
        },
        "up": {
          "uv": [
            14,
            1,
            13.5,
            0.5
          ],
          "texture": "#2"
        },
        "down": {
          "uv": [
            1.5,
            13.5,
            1,
            14
          ],
          "texture": "#2"
        }
      }
    },
    {
      "from": [
        7.35,
        4.75,
        2
      ],
      "to": [
        7.35,
        22.75,
        8.5
      ],
      "faces": {
        "west": {
          "uv": [
            0,
            0,
            4.33333,
            12
          ],
          "texture": "#1"
        }
      }
    },
    {
      "from": [
        8.65,
        4.75,
        2
      ],
      "to": [
        8.65,
        22.75,
        8.5
      ],
      "rotation": {
        "angle": 0,
        "axis": "y",
        "origin": [
          16,
          0,
          0
        ]
      },
      "faces": {
        "east": {
          "uv": [
            4.33333,
            0,
            0,
            12
          ],
          "texture": "#1"
        }
      }
    }
  ],
  "gui_light": "front",
  "display": {
    "thirdperson_righthand": {
      "translation": [
        0,
        2.25,
        0.75
      ]
    },
    "thirdperson_lefthand": {
      "translation": [
        0,
        2.25,
        0.75
      ]
    },
    "firstperson_righthand": {
      "rotation": [
        -10,
        0,
        0
      ],
      "translation": [
        0,
        1.5,
        0
      ]
    },
    "firstperson_lefthand": {
      "rotation": [
        -10,
        0,
        0
      ],
      "translation": [
        0,
        1.5,
        0
      ]
    },
    "ground": {
      "rotation": [
        -45,
        0,
        0
      ],
      "translation": [
        0,
        7.75,
        0
      ]
    },
    "gui": {
      "rotation": [
        -90,
        45,
        90
      ],
      "translation": [
        2.5,
        -1,
        0
      ],
      "scale": [
        0.86328,
        0.86328,
        0.86328
      ]
    },
    "head": {
      "rotation": [
        0,
        90,
        0
      ]
    },
    "fixed": {
      "rotation": [
        90,
        -90,
        90
      ],
      "translation": [
        0,
        -5.25,
        -2
      ],
      "scale": [
        2,
        2,
        2
      ]
    }
  }
}