{
  "credit": "Made by PolygonMC",
  "texture_size": [
    32,
    32
  ],
  "textures": {
    "1": "easterset:animations/animations_2",
    "3": "easterset:pickaxe",
    "particle": "easterset:animations/animations_2"
  },
  "elements": [
    {
      "from": [
        7.5,
        0.8,
        7.5
      ],
      "to": [
        8.5,
        1.8,
        8.5
      ],
      "rotation": {
        "angle": 0,
        "axis": "y",
        "origin": [
          7.5,
          0,
          7.5
        ]
      },
      "faces": {
        "north": {
          "uv": [
            7.5,
            1,
            8,
            1.5
          ],
          "texture": "#3"
        },
        "east": {
          "uv": [
            8,
            4,
            8.5,
            4.5
          ],
          "texture": "#3"
        },
        "south": {
          "uv": [
            4.5,
            8,
            5,
            8.5
          ],
          "texture": "#3"
        },
        "west": {
          "uv": [
            10.5,
            9.5,
            11,
            10
          ],
          "texture": "#3"
        },
        "up": {
          "uv": [
            1.5,
            11.5,
            1,
            11
          ],
          "texture": "#3"
        }
      }
    },
    {
      "from": [
        7.5,
        2.8,
        7.5
      ],
      "to": [
        8.5,
        3.8,
        8.5
      ],
      "rotation": {
        "angle": 0,
        "axis": "y",
        "origin": [
          7.5,
          0,
          7.5
        ]
      },
      "faces": {
        "north": {
          "uv": [
            12.5,
            5,
            13,
            5.5
          ],
          "texture": "#3"
        },
        "east": {
          "uv": [
            5.5,
            12.5,
            6,
            13
          ],
          "texture": "#3"
        },
        "south": {
          "uv": [
            12.5,
            5.5,
            13,
            6
          ],
          "texture": "#3"
        },
        "west": {
          "uv": [
            6,
            12.5,
            6.5,
            13
          ],
          "texture": "#3"
        },
        "up": {
          "uv": [
            13,
            6.5,
            12.5,
            6
          ],
          "texture": "#3"
        },
        "down": {
          "uv": [
            7,
            12.5,
            6.5,
            13
          ],
          "texture": "#3"
        }
      }
    },
    {
      "from": [
        7.5,
        4.8,
        7.5
      ],
      "to": [
        8.5,
        5.8,
        8.5
      ],
      "rotation": {
        "angle": 0,
        "axis": "y",
        "origin": [
          7.5,
          0,
          7.5
        ]
      },
      "faces": {
        "north": {
          "uv": [
            12.5,
            6.5,
            13,
            7
          ],
          "texture": "#3"
        },
        "east": {
          "uv": [
            7,
            12.5,
            7.5,
            13
          ],
          "texture": "#3"
        },
        "south": {
          "uv": [
            12.5,
            7,
            13,
            7.5
          ],
          "texture": "#3"
        },
        "west": {
          "uv": [
            7.5,
            12.5,
            8,
            13
          ],
          "texture": "#3"
        },
        "down": {
          "uv": [
            8.5,
            12.5,
            8,
            13
          ],
          "texture": "#3"
        }
      }
    },
    {
      "from": [
        7.6,
        1.8,
        7.6
      ],
      "to": [
        8.4,
        4.8,
        8.4
      ],
      "rotation": {
        "angle": 0,
        "axis": "y",
        "origin": [
          7.5,
          0,
          7.5
        ]
      },
      "faces": {
        "north": {
          "uv": [
            2,
            8.5,
            2.5,
            10
          ],
          "texture": "#3"
        },
        "east": {
          "uv": [
            10,
            2.5,
            10.5,
            4
          ],
          "texture": "#3"
        },
        "south": {
          "uv": [
            4,
            10,
            4.5,
            11.5
          ],
          "texture": "#3"
        },
        "west": {
          "uv": [
            4.5,
            10,
            5,
            11.5
          ],
          "texture": "#3"
        }
      }
    },
    {
      "from": [
        7.39,
        -0.11,
        7.39
      ],
      "to": [
        8.61,
        1.11,
        8.61
      ],
      "rotation": {
        "angle": -45,
        "axis": "x",
        "origin": [
          8,
          0.5,
          8
        ]
      },
      "faces": {
        "north": {
          "uv": [
            8.5,
            12.5,
            9,
            13
          ],
          "texture": "#3"
        },
        "east": {
          "uv": [
            12.5,
            8.5,
            13,
            9
          ],
          "texture": "#3"
        },
        "south": {
          "uv": [
            9,
            12.5,
            9.5,
            13
          ],
          "texture": "#3"
        },
        "west": {
          "uv": [
            12.5,
            9,
            13,
            9.5
          ],
          "texture": "#3"
        },
        "up": {
          "uv": [
            10,
            13,
            9.5,
            12.5
          ],
          "texture": "#3"
        },
        "down": {
          "uv": [
            10.5,
            12.5,
            10,
            13
          ],
          "texture": "#3"
        }
      }
    },
    {
      "from": [
        7.19,
        0.09,
        7.59
      ],
      "to": [
        8.81,
        0.91,
        8.41
      ],
      "rotation": {
        "angle": -45,
        "axis": "x",
        "origin": [
          8,
          0.5,
          8
        ]
      },
      "faces": {
        "north": {
          "uv": [
            12,
            10,
            12.75,
            10.5
          ],
          "texture": "#3"
        },
        "east": {
          "uv": [
            10.5,
            12.5,
            11,
            13
          ],
          "texture": "#3"
        },
        "south": {
          "uv": [
            12,
            10.5,
            12.75,
            11
          ],
          "texture": "#3"
        },
        "west": {
          "uv": [
            11,
            12.5,
            11.5,
            13
          ],
          "texture": "#3"
        },
        "up": {
          "uv": [
            11.75,
            12.5,
            11,
            12
          ],
          "texture": "#3"
        },
        "down": {
          "uv": [
            12.75,
            11,
            12,
            11.5
          ],
          "texture": "#3"
        }
      }
    },
    {
      "from": [
        7.35,
        5.7,
        7
      ],
      "to": [
        8.65,
        7.7,
        9
      ],
      "rotation": {
        "angle": -45,
        "axis": "x",
        "origin": [
          8,
          6.7,
          8
        ]
      },
      "faces": {
        "north": {
          "uv": [
            5,
            10,
            5.75,
            11
          ],
          "texture": "#3"
        },
        "east": {
          "uv": [
            9,
            1,
            10,
            2
          ],
          "texture": "#3"
        },
        "south": {
          "uv": [
            6,
            10,
            6.75,
            11
          ],
          "texture": "#3"
        },
        "west": {
          "uv": [
            9,
            2,
            10,
            3
          ],
          "texture": "#3"
        },
        "up": {
          "uv": [
            7.75,
            11,
            7,
            10
          ],
          "texture": "#3"
        },
        "down": {
          "uv": [
            10.75,
            7.5,
            10,
            8.5
          ],
          "texture": "#3"
        }
      }
    },
    {
      "from": [
        7.15,
        5.95,
        7.25
      ],
      "to": [
        8.85,
        7.45,
        8.75
      ],
      "rotation": {
        "angle": -45,
        "axis": "x",
        "origin": [
          8,
          6.7,
          8
        ]
      },
      "faces": {
        "north": {
          "uv": [
            1.5,
            10.5,
            2.25,
            11.25
          ],
          "texture": "#3"
        },
        "east": {
          "uv": [
            2.5,
            10.5,
            3.25,
            11.25
          ],
          "texture": "#3"
        },
        "south": {
          "uv": [
            10.5,
            2.5,
            11.25,
            3.25
          ],
          "texture": "#3"
        },
        "west": {
          "uv": [
            8,
            10.5,
            8.75,
            11.25
          ],
          "texture": "#3"
        },
        "up": {
          "uv": [
            9.75,
            11.25,
            9,
            10.5
          ],
          "texture": "#3"
        },
        "down": {
          "uv": [
            10.75,
            10.5,
            10,
            11.25
          ],
          "texture": "#3"
        }
      }
    },
    {
      "from": [
        7.25,
        15.4,
        5.1
      ],
      "to": [
        8.75,
        16.9,
        6.6
      ],
      "rotation": {
        "angle": -22.5,
        "axis": "x",
        "origin": [
          8,
          16.25,
          5.9
        ]
      },
      "faces": {
        "north": {
          "uv": [
            0,
            11,
            0.75,
            11.75
          ],
          "texture": "#3"
        },
        "east": {
          "uv": [
            5,
            11,
            5.75,
            11.75
          ],
          "texture": "#3"
        },
        "south": {
          "uv": [
            6,
            11,
            6.75,
            11.75
          ],
          "texture": "#3"
        },
        "west": {
          "uv": [
            7,
            11,
            7.75,
            11.75
          ],
          "texture": "#3"
        },
        "up": {
          "uv": [
            11.75,
            8.25,
            11,
            7.5
          ],
          "texture": "#3"
        },
        "down": {
          "uv": [
            11.75,
            9.5,
            11,
            10.25
          ],
          "texture": "#3"
        }
      }
    },
    {
      "from": [
        7.4,
        14.9,
        5.25
      ],
      "to": [
        8.6,
        15.4,
        6.45
      ],
      "rotation": {
        "angle": -22.5,
        "axis": "x",
        "origin": [
          8,
          16.25,
          5.9
        ]
      },
      "faces": {
        "north": {
          "uv": [
            13,
            12.5,
            13.5,
            12.75
          ],
          "texture": "#3"
        },
        "east": {
          "uv": [
            0,
            13.5,
            0.5,
            13.75
          ],
          "texture": "#3"
        },
        "south": {
          "uv": [
            13.5,
            0,
            14,
            0.25
          ],
          "texture": "#3"
        },
        "west": {
          "uv": [
            0.5,
            13.5,
            1,
            13.75
          ],
          "texture": "#3"
        },
        "down": {
          "uv": [
            12,
            12.5,
            11.5,
            13
          ],
          "texture": "#3"
        }
      }
    },
    {
      "from": [
        7.4,
        16.9,
        5.25
      ],
      "to": [
        8.6,
        17.4,
        6.45
      ],
      "rotation": {
        "angle": -22.5,
        "axis": "x",
        "origin": [
          8,
          16.25,
          5.9
        ]
      },
      "faces": {
        "north": {
          "uv": [
            13.5,
            0.5,
            14,
            0.75
          ],
          "texture": "#3"
        },
        "east": {
          "uv": [
            1,
            13.5,
            1.5,
            13.75
          ],
          "texture": "#3"
        },
        "south": {
          "uv": [
            13.5,
            1,
            14,
            1.25
          ],
          "texture": "#3"
        },
        "west": {
          "uv": [
            1.5,
            13.5,
            2,
            13.75
          ],
          "texture": "#3"
        },
        "up": {
          "uv": [
            13,
            12,
            12.5,
            11.5
          ],
          "texture": "#3"
        }
      }
    },
    {
      "from": [
        7.15,
        18.15817,
        7.15
      ],
      "to": [
        8.85,
        18.65817,
        8.85
      ],
      "rotation": {
        "angle": 0,
        "axis": "x",
        "origin": [
          8,
          16.80817,
          8
        ]
      },
      "faces": {
        "north": {
          "uv": [
            13,
            10,
            13.75,
            10.25
          ],
          "texture": "#3"
        },
        "east": {
          "uv": [
            10.5,
            13,
            11.25,
            13.25
          ],
          "texture": "#3"
        },
        "south": {
          "uv": [
            13,
            10.5,
            13.75,
            10.75
          ],
          "texture": "#3"
        },
        "west": {
          "uv": [
            13,
            11,
            13.75,
            11.25
          ],
          "texture": "#3"
        },
        "up": {
          "uv": [
            11.75,
            11.25,
            11,
            10.5
          ],
          "texture": "#3"
        }
      }
    },
    {
      "from": [
        7,
        15.65817,
        7
      ],
      "to": [
        9,
        18.15817,
        9
      ],
      "rotation": {
        "angle": 0,
        "axis": "x",
        "origin": [
          8,
          16.80817,
          8
        ]
      },
      "faces": {
        "north": {
          "uv": [
            4.5,
            8.5,
            5.5,
            9.75
          ],
          "texture": "#3"
        },
        "east": {
          "uv": [
            5.5,
            8.5,
            6.5,
            9.75
          ],
          "texture": "#3"
        },
        "south": {
          "uv": [
            8.5,
            6,
            9.5,
            7.25
          ],
          "texture": "#3"
        },
        "west": {
          "uv": [
            6.5,
            8.5,
            7.5,
            9.75
          ],
          "texture": "#3"
        },
        "up": {
          "uv": [
            10,
            4,
            9,
            3
          ],
          "texture": "#3"
        },
        "down": {
          "uv": [
            8.5,
            9,
            7.5,
            10
          ],
          "texture": "#3"
        }
      }
    },
    {
      "from": [
        7.15,
        15.15817,
        7.15
      ],
      "to": [
        8.85,
        15.65817,
        8.85
      ],
      "rotation": {
        "angle": 0,
        "axis": "x",
        "origin": [
          8,
          16.80817,
          8
        ]
      },
      "faces": {
        "north": {
          "uv": [
            11.5,
            13,
            12.25,
            13.25
          ],
          "texture": "#3"
        },
        "east": {
          "uv": [
            13,
            11.5,
            13.75,
            11.75
          ],
          "texture": "#3"
        },
        "south": {
          "uv": [
            13,
            12,
            13.75,
            12.25
          ],
          "texture": "#3"
        },
        "west": {
          "uv": [
            12.5,
            13,
            13.25,
            13.25
          ],
          "texture": "#3"
        },
        "down": {
          "uv": [
            1.75,
            11.5,
            1,
            12.25
          ],
          "texture": "#3"
        }
      }
    },
    {
      "from": [
        7.5,
        14.325,
        4.65
      ],
      "to": [
        8.5,
        15.825,
        5.65
      ],
      "rotation": {
        "angle": -45,
        "axis": "x",
        "origin": [
          7.5,
          14.75,
          4.625
        ]
      },
      "faces": {
        "north": {
          "uv": [
            3.5,
            10.5,
            4,
            11.25
          ],
          "texture": "#3"
        },
        "east": {
          "uv": [
            12,
            11.5,
            12.5,
            12.25
          ],
          "texture": "#3"
        },
        "south": {
          "uv": [
            0,
            12.5,
            0.5,
            13.25
          ],
          "texture": "#3"
        },
        "west": {
          "uv": [
            0.5,
            12.5,
            1,
            13.25
          ],
          "texture": "#3"
        },
        "up": {
          "uv": [
            12.5,
            13,
            12,
            12.5
          ],
          "texture": "#3"
        },
        "down": {
          "uv": [
            13,
            12,
            12.5,
            12.5
          ],
          "texture": "#3"
        }
      }
    },
    {
      "from": [
        7.4,
        16.9,
        9.55
      ],
      "to": [
        8.6,
        17.4,
        10.75
      ],
      "rotation": {
        "angle": 22.5,
        "axis": "x",
        "origin": [
          8,
          16.25,
          10.1
        ]
      },
      "faces": {
        "north": {
          "uv": [
            13.5,
            1.5,
            14,
            1.75
          ],
          "texture": "#3"
        },
        "east": {
          "uv": [
            2,
            13.5,
            2.5,
            13.75
          ],
          "texture": "#3"
        },
        "south": {
          "uv": [
            13.5,
            2,
            14,
            2.25
          ],
          "texture": "#3"
        },
        "west": {
          "uv": [
            2.5,
            13.5,
            3,
            13.75
          ],
          "texture": "#3"
        },
        "up": {
          "uv": [
            13,
            13,
            12.5,
            12.5
          ],
          "texture": "#3"
        }
      }
    },
    {
      "from": [
        7.25,
        15.4,
        9.4
      ],
      "to": [
        8.75,
        16.9,
        10.9
      ],
      "rotation": {
        "angle": 22.5,
        "axis": "x",
        "origin": [
          8,
          16.25,
          10.1
        ]
      },
      "faces": {
        "north": {
          "uv": [
            2,
            11.5,
            2.75,
            12.25
          ],
          "texture": "#3"
        },
        "east": {
          "uv": [
            11.5,
            2.5,
            12.25,
            3.25
          ],
          "texture": "#3"
        },
        "south": {
          "uv": [
            3,
            11.5,
            3.75,
            12.25
          ],
          "texture": "#3"
        },
        "west": {
          "uv": [
            11.5,
            3.5,
            12.25,
            4.25
          ],
          "texture": "#3"
        },
        "up": {
          "uv": [
            4.75,
            12.25,
            4,
            11.5
          ],
          "texture": "#3"
        },
        "down": {
          "uv": [
            12.25,
            4.5,
            11.5,
            5.25
          ],
          "texture": "#3"
        }
      }
    },
    {
      "from": [
        7.4,
        14.9,
        9.55
      ],
      "to": [
        8.6,
        15.4,
        10.75
      ],
      "rotation": {
        "angle": 22.5,
        "axis": "x",
        "origin": [
          8,
          16.25,
          10.1
        ]
      },
      "faces": {
        "north": {
          "uv": [
            13.5,
            2.5,
            14,
            2.75
          ],
          "texture": "#3"
        },
        "east": {
          "uv": [
            13.5,
            3,
            14,
            3.25
          ],
          "texture": "#3"
        },
        "south": {
          "uv": [
            3.5,
            13.5,
            4,
            13.75
          ],
          "texture": "#3"
        },
        "west": {
          "uv": [
            13.5,
            3.5,
            14,
            3.75
          ],
          "texture": "#3"
        },
        "down": {
          "uv": [
            13.5,
            0,
            13,
            0.5
          ],
          "texture": "#3"
        }
      }
    },
    {
      "from": [
        7.5,
        14.325,
        10.35
      ],
      "to": [
        8.5,
        15.825,
        11.35
      ],
      "rotation": {
        "angle": 45,
        "axis": "x",
        "origin": [
          7.5,
          14.75,
          11.375
        ]
      },
      "faces": {
        "north": {
          "uv": [
            1,
            12.5,
            1.5,
            13.25
          ],
          "texture": "#3"
        },
        "east": {
          "uv": [
            1.5,
            12.5,
            2,
            13.25
          ],
          "texture": "#3"
        },
        "south": {
          "uv": [
            2,
            12.5,
            2.5,
            13.25
          ],
          "texture": "#3"
        },
        "west": {
          "uv": [
            2.5,
            12.5,
            3,
            13.25
          ],
          "texture": "#3"
        },
        "up": {
          "uv": [
            13.5,
            1,
            13,
            0.5
          ],
          "texture": "#3"
        },
        "down": {
          "uv": [
            13.5,
            1,
            13,
            1.5
          ],
          "texture": "#3"
        }
      }
    },
    {
      "from": [
        6.5,
        13.25,
        6.5
      ],
      "to": [
        9.5,
        14.25,
        9.5
      ],
      "rotation": {
        "angle": 0,
        "axis": "y",
        "origin": [
          6.5,
          13.25,
          6.5
        ]
      },
      "faces": {
        "north": {
          "uv": [
            2.5,
            6.5,
            4,
            7
          ],
          "texture": "#3"
        },
        "east": {
          "uv": [
            8,
            10,
            9.5,
            10.5
          ],
          "texture": "#3"
        },
        "south": {
          "uv": [
            10,
            8.5,
            11.5,
            9
          ],
          "texture": "#3"
        },
        "west": {
          "uv": [
            10,
            9,
            11.5,
            9.5
          ],
          "texture": "#3"
        },
        "down": {
          "uv": [
            7.5,
            0,
            6,
            1.5
          ],
          "texture": "#3"
        }
      }
    },
    {
      "from": [
        6,
        14.25,
        6
      ],
      "to": [
        10,
        15.25,
        10
      ],
      "rotation": {
        "angle": 0,
        "axis": "y",
        "origin": [
          6.5,
          14.25,
          6.5
        ]
      },
      "faces": {
        "north": {
          "uv": [
            9.5,
            4,
            11.5,
            4.5
          ],
          "texture": "#3"
        },
        "east": {
          "uv": [
            9.5,
            4.5,
            11.5,
            5
          ],
          "texture": "#3"
        },
        "south": {
          "uv": [
            9.5,
            5,
            11.5,
            5.5
          ],
          "texture": "#3"
        },
        "west": {
          "uv": [
            9.5,
            5.5,
            11.5,
            6
          ],
          "texture": "#3"
        },
        "up": {
          "uv": [
            2,
            16,
            0,
            14
          ],
          "texture": "#3"
        },
        "down": {
          "uv": [
            4,
            14,
            2,
            16
          ],
          "texture": "#3"
        }
      }
    },
    {
      "from": [
        6.501,
        12.59985,
        4.9815
      ],
      "to": [
        9.499,
        13.64985,
        6.6315
      ],
      "rotation": {
        "angle": -22.5,
        "axis": "x",
        "origin": [
          8.001,
          13.59985,
          4.7315
        ]
      },
      "faces": {
        "north": {
          "uv": [
            9.5,
            10,
            11,
            10.5
          ],
          "texture": "#3"
        },
        "east": {
          "uv": [
            12.5,
            2.5,
            13.25,
            3
          ],
          "texture": "#3"
        },
        "west": {
          "uv": [
            3,
            12.5,
            3.75,
            13
          ],
          "texture": "#3"
        },
        "down": {
          "uv": [
            10,
            7.5,
            8.5,
            8.25
          ],
          "texture": "#3"
        }
      }
    },
    {
      "from": [
        6.001,
        13.56075,
        4.53492
      ],
      "to": [
        9.999,
        14.56075,
        6.53492
      ],
      "rotation": {
        "angle": -22.5,
        "axis": "x",
        "origin": [
          8.001,
          13.56075,
          4.53492
        ]
      },
      "faces": {
        "north": {
          "uv": [
            9.5,
            6,
            11.5,
            6.5
          ],
          "texture": "#3"
        },
        "east": {
          "uv": [
            5,
            7,
            6,
            7.5
          ],
          "texture": "#3"
        },
        "west": {
          "uv": [
            2.5,
            9.5,
            3.5,
            10
          ],
          "texture": "#3"
        },
        "up": {
          "uv": [
            8,
            2.5,
            6,
            1.5
          ],
          "texture": "#3"
        },
        "down": {
          "uv": [
            8,
            2.5,
            6,
            3.5
          ],
          "texture": "#3"
        }
      }
    },
    {
      "from": [
        6.001,
        14.56075,
        4.53492
      ],
      "to": [
        9.999,
        15.56075,
        4.53492
      ],
      "rotation": {
        "angle": -22.5,
        "axis": "x",
        "origin": [
          8.001,
          13.56075,
          4.53492
        ]
      },
      "faces": {
        "north": {
          "uv": [
            9.5,
            6.5,
            11.5,
            7
          ],
          "texture": "#3"
        },
        "south": {
          "uv": [
            9.5,
            7,
            11.5,
            7.5
          ],
          "texture": "#3"
        }
      }
    },
    {
      "from": [
        6.001,
        12.59881,
        4.72627
      ],
      "to": [
        9.999,
        13.59881,
        4.72627
      ],
      "rotation": {
        "angle": -22.5,
        "axis": "x",
        "origin": [
          8,
          13.09881,
          4.72627
        ]
      },
      "faces": {
        "north": {
          "uv": [
            8.5,
            9.5,
            10.5,
            10
          ],
          "texture": "#3"
        },
        "south": {
          "uv": [
            10,
            0,
            12,
            0.5
          ],
          "texture": "#3"
        }
      }
    },
    {
      "from": [
        6.001,
        14.56075,
        4.53492
      ],
      "to": [
        6.001,
        15.56075,
        6.53492
      ],
      "rotation": {
        "angle": -22.5,
        "axis": "x",
        "origin": [
          8.001,
          13.56075,
          4.53492
        ]
      },
      "faces": {
        "east": {
          "uv": [
            10.5,
            3.5,
            11.5,
            4
          ],
          "texture": "#3"
        },
        "west": {
          "uv": [
            8,
            11.5,
            9,
            12
          ],
          "texture": "#3"
        }
      }
    },
    {
      "from": [
        6.026,
        12.9815,
        4.65015
      ],
      "to": [
        6.026,
        13.9815,
        6.65015
      ],
      "rotation": {
        "angle": -22.5,
        "axis": "x",
        "origin": [
          6.001,
          13.4815,
          5.65015
        ]
      },
      "faces": {
        "east": {
          "uv": [
            11.5,
            8.5,
            12.5,
            9
          ],
          "texture": "#3"
        },
        "west": {
          "uv": [
            9,
            11.5,
            10,
            12
          ],
          "texture": "#3"
        }
      }
    },
    {
      "from": [
        6.026,
        12.9815,
        9.34985
      ],
      "to": [
        6.026,
        13.9815,
        11.34985
      ],
      "rotation": {
        "angle": 22.5,
        "axis": "x",
        "origin": [
          6.001,
          13.4815,
          10.34985
        ]
      },
      "faces": {
        "east": {
          "uv": [
            11.5,
            9,
            12.5,
            9.5
          ],
          "texture": "#3"
        },
        "west": {
          "uv": [
            10,
            11.5,
            11,
            12
          ],
          "texture": "#3"
        }
      }
    },
    {
      "from": [
        6.001,
        12.59881,
        11.27373
      ],
      "to": [
        9.999,
        13.59881,
        11.27373
      ],
      "rotation": {
        "angle": 22.5,
        "axis": "x",
        "origin": [
          8,
          13.09881,
          11.27373
        ]
      },
      "faces": {
        "north": {
          "uv": [
            10,
            0.5,
            12,
            1
          ],
          "texture": "#3"
        },
        "south": {
          "uv": [
            10,
            1,
            12,
            1.5
          ],
          "texture": "#3"
        }
      }
    },
    {
      "from": [
        6.026,
        14.67388,
        5.6
      ],
      "to": [
        6.026,
        16.17388,
        10.5
      ],
      "rotation": {
        "angle": 0,
        "axis": "x",
        "origin": [
          5.976,
          15.67388,
          7
        ]
      },
      "faces": {
        "east": {
          "uv": [
            6,
            4.5,
            8.5,
            5.25
          ],
          "texture": "#3"
        },
        "west": {
          "uv": [
            6,
            5.5,
            8.5,
            6.25
          ],
          "texture": "#3"
        }
      }
    },
    {
      "from": [
        6.051,
        13.29888,
        5.6
      ],
      "to": [
        6.051,
        14.79888,
        10.5
      ],
      "rotation": {
        "angle": 0,
        "axis": "x",
        "origin": [
          6.026,
          12.42388,
          8.05
        ]
      },
      "faces": {
        "east": {
          "uv": [
            0,
            6.5,
            2.5,
            7.25
          ],
          "texture": "#3"
        },
        "west": {
          "uv": [
            6,
            6.5,
            8.5,
            7.25
          ],
          "texture": "#3"
        }
      }
    },
    {
      "from": [
        9.974,
        12.9815,
        4.65015
      ],
      "to": [
        9.974,
        13.9815,
        6.65015
      ],
      "rotation": {
        "angle": -22.5,
        "axis": "x",
        "origin": [
          9.999,
          13.4815,
          5.65015
        ]
      },
      "faces": {
        "east": {
          "uv": [
            11,
            11.5,
            12,
            12
          ],
          "texture": "#3"
        },
        "west": {
          "uv": [
            0,
            12,
            1,
            12.5
          ],
          "texture": "#3"
        }
      }
    },
    {
      "from": [
        9.974,
        12.9815,
        9.34985
      ],
      "to": [
        9.974,
        13.9815,
        11.34985
      ],
      "rotation": {
        "angle": 22.5,
        "axis": "x",
        "origin": [
          9.999,
          13.4815,
          10.34985
        ]
      },
      "faces": {
        "east": {
          "uv": [
            12,
            0,
            13,
            0.5
          ],
          "texture": "#3"
        },
        "west": {
          "uv": [
            12,
            0.5,
            13,
            1
          ],
          "texture": "#3"
        }
      }
    },
    {
      "from": [
        9.949,
        13.29888,
        5.6
      ],
      "to": [
        9.949,
        14.79888,
        10.5
      ],
      "rotation": {
        "angle": 0,
        "axis": "x",
        "origin": [
          9.974,
          12.42388,
          8.05
        ]
      },
      "faces": {
        "east": {
          "uv": [
            2.5,
            7,
            5,
            7.75
          ],
          "texture": "#3"
        },
        "west": {
          "uv": [
            0,
            7.5,
            2.5,
            8.25
          ],
          "texture": "#3"
        }
      }
    },
    {
      "from": [
        9.999,
        14.56075,
        4.53492
      ],
      "to": [
        9.999,
        15.56075,
        6.53492
      ],
      "rotation": {
        "angle": -22.5,
        "axis": "x",
        "origin": [
          7.999,
          13.56075,
          4.53492
        ]
      },
      "faces": {
        "east": {
          "uv": [
            12,
            1,
            13,
            1.5
          ],
          "texture": "#3"
        },
        "west": {
          "uv": [
            12,
            1.5,
            13,
            2
          ],
          "texture": "#3"
        }
      }
    },
    {
      "from": [
        6.001,
        14.56075,
        11.46508
      ],
      "to": [
        9.999,
        15.56075,
        11.46508
      ],
      "rotation": {
        "angle": 22.5,
        "axis": "x",
        "origin": [
          8.001,
          13.56075,
          11.46508
        ]
      },
      "faces": {
        "north": {
          "uv": [
            10,
            1.5,
            12,
            2
          ],
          "texture": "#3"
        },
        "south": {
          "uv": [
            2,
            10,
            4,
            10.5
          ],
          "texture": "#3"
        }
      }
    },
    {
      "from": [
        9.999,
        14.56075,
        9.46508
      ],
      "to": [
        9.999,
        15.56075,
        11.46508
      ],
      "rotation": {
        "angle": 22.5,
        "axis": "x",
        "origin": [
          7.999,
          13.56075,
          11.46508
        ]
      },
      "faces": {
        "east": {
          "uv": [
            12,
            2,
            13,
            2.5
          ],
          "texture": "#3"
        },
        "west": {
          "uv": [
            5,
            12,
            6,
            12.5
          ],
          "texture": "#3"
        }
      }
    },
    {
      "from": [
        6.001,
        14.56075,
        9.46508
      ],
      "to": [
        6.001,
        15.56075,
        11.46508
      ],
      "rotation": {
        "angle": 22.5,
        "axis": "x",
        "origin": [
          8.001,
          13.56075,
          11.46508
        ]
      },
      "faces": {
        "east": {
          "uv": [
            6,
            12,
            7,
            12.5
          ],
          "texture": "#3"
        },
        "west": {
          "uv": [
            7,
            12,
            8,
            12.5
          ],
          "texture": "#3"
        }
      }
    },
    {
      "from": [
        9.974,
        14.67388,
        5.6
      ],
      "to": [
        9.974,
        16.17388,
        10.5
      ],
      "rotation": {
        "angle": 0,
        "axis": "x",
        "origin": [
          10.024,
          15.67388,
          7
        ]
      },
      "faces": {
        "east": {
          "uv": [
            7.5,
            0,
            10,
            0.75
          ],
          "texture": "#3"
        },
        "west": {
          "uv": [
            5,
            7.5,
            7.5,
            8.25
          ],
          "texture": "#3"
        }
      }
    },
    {
      "from": [
        6.501,
        12.59985,
        9.3685
      ],
      "to": [
        9.499,
        13.64985,
        11.0185
      ],
      "rotation": {
        "angle": 22.5,
        "axis": "x",
        "origin": [
          8.001,
          13.59985,
          11.2685
        ]
      },
      "faces": {
        "east": {
          "uv": [
            12.5,
            3,
            13.25,
            3.5
          ],
          "texture": "#3"
        },
        "south": {
          "uv": [
            0,
            10.5,
            1.5,
            11
          ],
          "texture": "#3"
        },
        "west": {
          "uv": [
            12.5,
            3.5,
            13.25,
            4
          ],
          "texture": "#3"
        },
        "down": {
          "uv": [
            10,
            8.5,
            8.5,
            9.25
          ],
          "texture": "#3"
        }
      }
    },
    {
      "from": [
        6.001,
        13.56075,
        9.46508
      ],
      "to": [
        9.999,
        14.56075,
        11.46508
      ],
      "rotation": {
        "angle": 22.5,
        "axis": "x",
        "origin": [
          8.001,
          13.56075,
          11.46508
        ]
      },
      "faces": {
        "east": {
          "uv": [
            12,
            7.5,
            13,
            8
          ],
          "texture": "#3"
        },
        "south": {
          "uv": [
            10,
            2,
            12,
            2.5
          ],
          "texture": "#3"
        },
        "west": {
          "uv": [
            8,
            12,
            9,
            12.5
          ],
          "texture": "#3"
        },
        "up": {
          "uv": [
            8,
            4.5,
            6,
            3.5
          ],
          "texture": "#3"
        },
        "down": {
          "uv": [
            6,
            6,
            4,
            7
          ],
          "texture": "#3"
        }
      }
    },
    {
      "from": [
        5.999,
        15.19962,
        5.94908
      ],
      "to": [
        9.999,
        18.19962,
        5.99908
      ],
      "rotation": {
        "angle": -22.5,
        "axis": "x",
        "origin": [
          4.999,
          15.24962,
          5.99908
        ]
      },
      "faces": {
        "north": {
          "uv": [
            14,
            4,
            16,
            5.5
          ],
          "texture": "#3"
        },
        "south": {
          "uv": [
            14,
            5.5,
            16,
            7
          ],
          "texture": "#3"
        }
      }
    },
    {
      "from": [
        5.999,
        15.19962,
        10.00092
      ],
      "to": [
        9.999,
        18.19962,
        10.05092
      ],
      "rotation": {
        "angle": 22.5,
        "axis": "x",
        "origin": [
          4.999,
          15.24962,
          10.00092
        ]
      },
      "faces": {
        "north": {
          "uv": [
            0,
            5,
            2,
            6.5
          ],
          "texture": "#3"
        },
        "south": {
          "uv": [
            2,
            5,
            4,
            6.5
          ],
          "texture": "#3"
        }
      }
    },
    {
      "from": [
        6.95,
        14.47974,
        10.42666
      ],
      "to": [
        7,
        17.22974,
        12.17666
      ],
      "rotation": {
        "angle": 45,
        "axis": "x",
        "origin": [
          6.975,
          16.22974,
          10.90166
        ]
      },
      "faces": {
        "east": {
          "uv": [
            7.5,
            7.5,
            8.5,
            9
          ],
          "texture": "#3"
        },
        "west": {
          "uv": [
            8,
            1,
            9,
            2.5
          ],
          "texture": "#3"
        }
      }
    },
    {
      "from": [
        9,
        14.47974,
        3.82334
      ],
      "to": [
        9.05,
        17.22974,
        5.57334
      ],
      "rotation": {
        "angle": -45,
        "axis": "x",
        "origin": [
          9.025,
          16.22974,
          5.09834
        ]
      },
      "faces": {
        "east": {
          "uv": [
            2.5,
            8,
            3.5,
            9.5
          ],
          "texture": "#3"
        },
        "west": {
          "uv": [
            8,
            2.5,
            9,
            4
          ],
          "texture": "#3"
        }
      }
    },
    {
      "from": [
        7,
        14.47974,
        4.07334
      ],
      "to": [
        7.05,
        15.97974,
        5.07334
      ],
      "rotation": {
        "angle": -45,
        "axis": "x",
        "origin": [
          9.025,
          16.22974,
          4.84834
        ]
      },
      "faces": {
        "east": {
          "uv": [
            4,
            12.5,
            4.5,
            13.25
          ],
          "texture": "#3"
        },
        "west": {
          "uv": [
            12.5,
            4,
            13,
            4.75
          ],
          "texture": "#3"
        }
      }
    },
    {
      "from": [
        8.95,
        14.47974,
        10.92666
      ],
      "to": [
        9,
        15.97974,
        11.92666
      ],
      "rotation": {
        "angle": 45,
        "axis": "x",
        "origin": [
          6.975,
          16.22974,
          11.15166
        ]
      },
      "faces": {
        "east": {
          "uv": [
            4.5,
            12.5,
            5,
            13.25
          ],
          "texture": "#3"
        },
        "west": {
          "uv": [
            5,
            12.5,
            5.5,
            13.25
          ],
          "texture": "#3"
        }
      }
    },
    {
      "from": [
        7.75,
        13.17807,
        2.61104
      ],
      "to": [
        8.25,
        14.17807,
        4.61104
      ],
      "rotation": {
        "angle": -22.5,
        "axis": "x",
        "origin": [
          7.75,
          13.17807,
          3.61104
        ]
      },
      "faces": {
        "north": {
          "uv": [
            7,
            13.5,
            7.25,
            14
          ],
          "texture": "#3"
        },
        "east": {
          "uv": [
            12,
            9.5,
            13,
            10
          ],
          "texture": "#3"
        },
        "south": {
          "uv": [
            13.5,
            7,
            13.75,
            7.5
          ],
          "texture": "#3"
        },
        "west": {
          "uv": [
            10,
            12,
            11,
            12.5
          ],
          "texture": "#3"
        },
        "up": {
          "uv": [
            6.25,
            14,
            6,
            13
          ],
          "texture": "#3"
        },
        "down": {
          "uv": [
            13.25,
            6,
            13,
            7
          ],
          "texture": "#3"
        }
      }
    },
    {
      "from": [
        7.7501,
        12.79538,
        1.68716
      ],
      "to": [
        8.2499,
        13.72038,
        2.68716
      ],
      "rotation": {
        "angle": 0,
        "axis": "x",
        "origin": [
          8.0001,
          13.29538,
          1.68716
        ]
      },
      "faces": {
        "north": {
          "uv": [
            7.5,
            13.5,
            7.75,
            14
          ],
          "texture": "#3"
        },
        "east": {
          "uv": [
            6.5,
            13,
            7,
            13.5
          ],
          "texture": "#3"
        },
        "west": {
          "uv": [
            7,
            13,
            7.5,
            13.5
          ],
          "texture": "#3"
        },
        "up": {
          "uv": [
            13.75,
            8,
            13.5,
            7.5
          ],
          "texture": "#3"
        },
        "down": {
          "uv": [
            8.25,
            13.5,
            8,
            14
          ],
          "texture": "#3"
        }
      }
    },
    {
      "from": [
        7.75035,
        13.38517,
        0.26328
      ],
      "to": [
        8.24965,
        14.17517,
        1.26328
      ],
      "rotation": {
        "angle": 45,
        "axis": "x",
        "origin": [
          8.00035,
          13.88517,
          0.76328
        ]
      },
      "faces": {
        "north": {
          "uv": [
            13.5,
            8,
            13.75,
            8.5
          ],
          "texture": "#3"
        },
        "east": {
          "uv": [
            13,
            7,
            13.5,
            7.5
          ],
          "texture": "#3"
        },
        "west": {
          "uv": [
            7.5,
            13,
            8,
            13.5
          ],
          "texture": "#3"
        },
        "up": {
          "uv": [
            8.75,
            14,
            8.5,
            13.5
          ],
          "texture": "#3"
        },
        "down": {
          "uv": [
            13.75,
            8.5,
            13.5,
            9
          ],
          "texture": "#3"
        }
      }
    },
    {
      "from": [
        7.7502,
        12.75732,
        0.8785
      ],
      "to": [
        8.2498,
        13.61232,
        1.8785
      ],
      "rotation": {
        "angle": 22.5,
        "axis": "x",
        "origin": [
          8.0002,
          13.25732,
          1.8785
        ]
      },
      "faces": {
        "north": {
          "uv": [
            9,
            13.5,
            9.25,
            14
          ],
          "texture": "#3"
        },
        "east": {
          "uv": [
            13,
            7.5,
            13.5,
            8
          ],
          "texture": "#3"
        },
        "west": {
          "uv": [
            8,
            13,
            8.5,
            13.5
          ],
          "texture": "#3"
        },
        "up": {
          "uv": [
            13.75,
            9.5,
            13.5,
            9
          ],
          "texture": "#3"
        },
        "down": {
          "uv": [
            9.75,
            13.5,
            9.5,
            14
          ],
          "texture": "#3"
        }
      }
    },
    {
      "from": [
        7.985,
        9.75,
        -3.75
      ],
      "to": [
        8.015,
        15.75,
        7.75
      ],
      "rotation": {
        "angle": 0,
        "axis": "y",
        "origin": [
          -0.015,
          -3,
          0
        ]
      },
      "faces": {
        "east": {
          "uv": [
            5.75,
            0,
            0,
            3
          ],
          "texture": "#3"
        },
        "west": {
          "uv": [
            0,
            0,
            5.75,
            3
          ],
          "texture": "#3"
        }
      }
    },
    {
      "from": [
        7.75,
        13.17807,
        11.38896
      ],
      "to": [
        8.25,
        14.17807,
        13.38896
      ],
      "rotation": {
        "angle": 22.5,
        "axis": "x",
        "origin": [
          7.75,
          13.17807,
          12.38896
        ]
      },
      "faces": {
        "north": {
          "uv": [
            13.75,
            7,
            13.5,
            7.5
          ],
          "texture": "#3"
        },
        "east": {
          "uv": [
            13,
            9.5,
            12,
            10
          ],
          "texture": "#3"
        },
        "south": {
          "uv": [
            7.25,
            13.5,
            7,
            14
          ],
          "texture": "#3"
        },
        "west": {
          "uv": [
            11,
            12,
            10,
            12.5
          ],
          "texture": "#3"
        },
        "up": {
          "uv": [
            6.25,
            13,
            6,
            14
          ],
          "texture": "#3"
        },
        "down": {
          "uv": [
            13.25,
            7,
            13,
            6
          ],
          "texture": "#3"
        }
      }
    },
    {
      "from": [
        7.7501,
        12.79538,
        13.31284
      ],
      "to": [
        8.2499,
        13.72038,
        14.31284
      ],
      "rotation": {
        "angle": 0,
        "axis": "x",
        "origin": [
          8.0001,
          13.29538,
          14.31284
        ]
      },
      "faces": {
        "east": {
          "uv": [
            7,
            13,
            6.5,
            13.5
          ],
          "texture": "#3"
        },
        "south": {
          "uv": [
            7.75,
            13.5,
            7.5,
            14
          ],
          "texture": "#3"
        },
        "west": {
          "uv": [
            7.5,
            13,
            7,
            13.5
          ],
          "texture": "#3"
        },
        "up": {
          "uv": [
            13.75,
            7.5,
            13.5,
            8
          ],
          "texture": "#3"
        },
        "down": {
          "uv": [
            8.25,
            14,
            8,
            13.5
          ],
          "texture": "#3"
        }
      }
    },
    {
      "from": [
        7.75035,
        13.38517,
        14.73672
      ],
      "to": [
        8.24965,
        14.17517,
        15.73672
      ],
      "rotation": {
        "angle": -45,
        "axis": "x",
        "origin": [
          8.00035,
          13.88517,
          15.23672
        ]
      },
      "faces": {
        "east": {
          "uv": [
            13.5,
            7,
            13,
            7.5
          ],
          "texture": "#3"
        },
        "south": {
          "uv": [
            13.75,
            8,
            13.5,
            8.5
          ],
          "texture": "#3"
        },
        "west": {
          "uv": [
            8,
            13,
            7.5,
            13.5
          ],
          "texture": "#3"
        },
        "up": {
          "uv": [
            8.75,
            13.5,
            8.5,
            14
          ],
          "texture": "#3"
        },
        "down": {
          "uv": [
            13.75,
            9,
            13.5,
            8.5
          ],
          "texture": "#3"
        }
      }
    },
    {
      "from": [
        7.7502,
        12.75732,
        14.1215
      ],
      "to": [
        8.2498,
        13.61232,
        15.1215
      ],
      "rotation": {
        "angle": -22.5,
        "axis": "x",
        "origin": [
          8.0002,
          13.25732,
          14.1215
        ]
      },
      "faces": {
        "east": {
          "uv": [
            13.5,
            7.5,
            13,
            8
          ],
          "texture": "#3"
        },
        "south": {
          "uv": [
            9.25,
            13.5,
            9,
            14
          ],
          "texture": "#3"
        },
        "west": {
          "uv": [
            8.5,
            13,
            8,
            13.5
          ],
          "texture": "#3"
        },
        "up": {
          "uv": [
            13.75,
            9,
            13.5,
            9.5
          ],
          "texture": "#3"
        },
        "down": {
          "uv": [
            9.75,
            14,
            9.5,
            13.5
          ],
          "texture": "#3"
        }
      }
    },
    {
      "from": [
        7.985,
        9.75,
        8.25
      ],
      "to": [
        8.015,
        15.75,
        19.75
      ],
      "rotation": {
        "angle": 0,
        "axis": "y",
        "origin": [
          -0.015,
          -3,
          16
        ]
      },
      "faces": {
        "east": {
          "uv": [
            0,
            0,
            5.75,
            3
          ],
          "texture": "#3"
        },
        "west": {
          "uv": [
            5.75,
            0,
            0,
            3
          ],
          "texture": "#3"
        }
      }
    },
    {
      "from": [
        7.4,
        7.5,
        7.4
      ],
      "to": [
        8.6,
        8.5,
        8.6
      ],
      "rotation": {
        "angle": 0,
        "axis": "y",
        "origin": [
          7.5,
          6.75,
          7.5
        ]
      },
      "faces": {
        "north": {
          "uv": [
            13,
            8,
            13.5,
            8.5
          ],
          "texture": "#3"
        },
        "east": {
          "uv": [
            8.5,
            13,
            9,
            13.5
          ],
          "texture": "#3"
        },
        "south": {
          "uv": [
            13,
            8.5,
            13.5,
            9
          ],
          "texture": "#3"
        },
        "west": {
          "uv": [
            9,
            13,
            9.5,
            13.5
          ],
          "texture": "#3"
        }
      }
    },
    {
      "from": [
        7.4,
        12.25,
        7.4
      ],
      "to": [
        8.6,
        13.25,
        8.6
      ],
      "rotation": {
        "angle": 0,
        "axis": "y",
        "origin": [
          7.5,
          4.5,
          7.5
        ]
      },
      "faces": {
        "north": {
          "uv": [
            13,
            9,
            13.5,
            9.5
          ],
          "texture": "#3"
        },
        "east": {
          "uv": [
            9.5,
            13,
            10,
            13.5
          ],
          "texture": "#3"
        },
        "south": {
          "uv": [
            13,
            9.5,
            13.5,
            10
          ],
          "texture": "#3"
        },
        "west": {
          "uv": [
            10,
            13,
            10.5,
            13.5
          ],
          "texture": "#3"
        }
      }
    },
    {
      "from": [
        7.25,
        8.5,
        7.25
      ],
      "to": [
        8.75,
        12.25,
        8.75
      ],
      "rotation": {
        "angle": 0,
        "axis": "y",
        "origin": [
          7.5,
          7.5,
          7.5
        ]
      },
      "faces": {
        "north": {
          "uv": [
            3.5,
            8,
            4.25,
            10
          ],
          "texture": "#3"
        },
        "east": {
          "uv": [
            0,
            8.5,
            0.75,
            10.5
          ],
          "texture": "#3"
        },
        "south": {
          "uv": [
            1,
            8.5,
            1.75,
            10.5
          ],
          "texture": "#3"
        },
        "west": {
          "uv": [
            8.5,
            4,
            9.25,
            6
          ],
          "texture": "#3"
        },
        "up": {
          "uv": [
            12.25,
            6.25,
            11.5,
            5.5
          ],
          "texture": "#3"
        },
        "down": {
          "uv": [
            12.25,
            6.5,
            11.5,
            7.25
          ],
          "texture": "#3"
        }
      }
    },
    {
      "from": [
        7.6,
        7.75,
        -2.75
      ],
      "to": [
        7.6,
        18.75,
        6.75
      ],
      "faces": {
        "west": {
          "uv": [
            0,
            0,
            9.5,
            11
          ],
          "texture": "#1"
        }
      }
    },
    {
      "from": [
        8.4,
        7.75,
        -2.75
      ],
      "to": [
        8.4,
        18.75,
        6.75
      ],
      "rotation": {
        "angle": 0,
        "axis": "y",
        "origin": [
          16,
          0,
          0
        ]
      },
      "faces": {
        "east": {
          "uv": [
            9.5,
            0,
            0,
            11
          ],
          "texture": "#1"
        }
      }
    },
    {
      "from": [
        7.6,
        7.75,
        9.25
      ],
      "to": [
        7.6,
        18.75,
        18.75
      ],
      "rotation": {
        "angle": 0,
        "axis": "y",
        "origin": [
          0,
          0,
          16
        ]
      },
      "faces": {
        "west": {
          "uv": [
            9.5,
            0,
            0,
            11
          ],
          "texture": "#1"
        }
      }
    },
    {
      "from": [
        8.4,
        7.75,
        9.25
      ],
      "to": [
        8.4,
        18.75,
        18.75
      ],
      "rotation": {
        "angle": 0,
        "axis": "y",
        "origin": [
          16,
          0,
          16
        ]
      },
      "faces": {
        "east": {
          "uv": [
            0,
            0,
            9.5,
            11
          ],
          "texture": "#1"
        }
      }
    }
  ],
  "gui_light": "front",
  "display": {
    "thirdperson_righthand": {
      "translation": [
        0,
        2.25,
        0.75
      ]
    },
    "thirdperson_lefthand": {
      "translation": [
        0,
        2.25,
        0.75
      ]
    },
    "firstperson_righthand": {
      "rotation": [
        -10,
        0,
        0
      ],
      "translation": [
        0,
        3.25,
        0
      ]
    },
    "firstperson_lefthand": {
      "rotation": [
        -10,
        0,
        0
      ],
      "translation": [
        0,
        3.25,
        0
      ]
    },
    "ground": {
      "rotation": [
        45,
        0,
        0
      ],
      "translation": [
        0,
        7.75,
        0
      ]
    },
    "gui": {
      "rotation": [
        90,
        -45,
        90
      ],
      "translation": [
        1.5,
        -1.5,
        0
      ],
      "scale": [
        0.86328,
        0.86328,
        0.86328
      ]
    },
    "head": {
      "rotation": [
        0,
        90,
        0
      ]
    },
    "fixed": {
      "rotation": [
        90,
        -90,
        90
      ],
      "translation": [
        0,
        -2.5,
        -2
      ],
      "scale": [
        2,
        2,
        2
      ]
    }
  }
}