{"credit":"Made by PolygonMC","texture_size":[32,32],"textures":{"1":"easterset:animations/animations_2","4":"easterset:scythe","particle":"easterset:animations/animations_2"},"elements":[{"from":[7.5,0.8,7.5],"to":[8.5,1.8,8.5],"rotation":{"angle":0,"axis":"y","origin":[7.5,0,7.5]},"faces":{"north":{"uv":[1.5,7.5,2,8],"texture":"#4"},"east":{"uv":[7.5,4,8,4.5],"texture":"#4"},"south":{"uv":[1,9,1.5,9.5],"texture":"#4"},"west":{"uv":[8,11,8.5,11.5],"texture":"#4"},"up":{"uv":[13,12.5,12.5,12],"texture":"#4"}}},{"from":[7.5,2.8,7.5],"to":[8.5,3.8,8.5],"rotation":{"angle":0,"axis":"y","origin":[7.5,0,7.5]},"faces":{"north":{"uv":[13,1,13.5,1.5],"texture":"#4"},"east":{"uv":[1.5,13,2,13.5],"texture":"#4"},"south":{"uv":[13,1.5,13.5,2],"texture":"#4"},"west":{"uv":[2,13,2.5,13.5],"texture":"#4"},"up":{"uv":[13.5,2.5,13,2],"texture":"#4"},"down":{"uv":[3,13,2.5,13.5],"texture":"#4"}}},{"from":[7.5,4.8,7.5],"to":[8.5,5.8,8.5],"rotation":{"angle":0,"axis":"y","origin":[7.5,0,7.5]},"faces":{"north":{"uv":[13,2.5,13.5,3],"texture":"#4"},"east":{"uv":[3,13,3.5,13.5],"texture":"#4"},"south":{"uv":[13,3,13.5,3.5],"texture":"#4"},"west":{"uv":[3.5,13,4,13.5],"texture":"#4"},"down":{"uv":[13.5,3.5,13,4],"texture":"#4"}}},{"from":[7.6,1.8,7.6],"to":[8.4,4.8,8.4],"rotation":{"angle":0,"axis":"y","origin":[7.5,0,7.5]},"faces":{"north":{"uv":[8.5,10,9,11.5],"texture":"#4"},"east":{"uv":[0,10.5,0.5,12],"texture":"#4"},"south":{"uv":[10.5,0,11,1.5],"texture":"#4"},"west":{"uv":[0.5,10.5,1,12],"texture":"#4"}}},{"from":[7.39,-0.11,7.39],"to":[8.61,1.11,8.61],"rotation":{"angle":-45,"axis":"x","origin":[8,0.5,8]},"faces":{"north":{"uv":[4,13,4.5,13.5],"texture":"#4"},"east":{"uv":[4.5,13,5,13.5],"texture":"#4"},"south":{"uv":[5,13,5.5,13.5],"texture":"#4"},"west":{"uv":[5.5,13,6,13.5],"texture":"#4"},"up":{"uv":[13.5,6,13,5.5],"texture":"#4"},"down":{"uv":[13.5,6,13,6.5],"texture":"#4"}}},{"from":[7.19,0.09,7.59],"to":[8.81,0.91,8.41],"rotation":{"angle":-45,"axis":"x","origin":[8,0.5,8]},"faces":{"north":{"uv":[12,9,12.75,9.5],"texture":"#4"},"east":{"uv":[13,6.5,13.5,7],"texture":"#4"},"south":{"uv":[9.5,12,10.25,12.5],"texture":"#4"},"west":{"uv":[13,7,13.5,7.5],"texture":"#4"},"up":{"uv":[12.75,10,12,9.5],"texture":"#4"},"down":{"uv":[12.75,10,12,10.5],"texture":"#4"}}},{"from":[7.19,5.74,7.59],"to":[8.81,6.56,8.41],"rotation":{"angle":-45,"axis":"x","origin":[8,6.15,8]},"faces":{"north":{"uv":[10.5,12,11.25,12.5],"texture":"#4"},"east":{"uv":[13,7.5,13.5,8],"texture":"#4"},"south":{"uv":[12,10.5,12.75,11],"texture":"#4"},"west":{"uv":[13,8,13.5,8.5],"texture":"#4"},"up":{"uv":[12.75,11.5,12,11],"texture":"#4"},"down":{"uv":[12.25,12,11.5,12.5],"texture":"#4"}}},{"from":[7.39,5.54,7.39],"to":[8.61,6.76,8.61],"rotation":{"angle":-45,"axis":"x","origin":[8,6.15,8]},"faces":{"north":{"uv":[13,8.5,13.5,9],"texture":"#4"},"east":{"uv":[9,13,9.5,13.5],"texture":"#4"},"south":{"uv":[13,9,13.5,9.5],"texture":"#4"},"west":{"uv":[13,9.5,13.5,10],"texture":"#4"},"up":{"uv":[10.5,13.5,10,13],"texture":"#4"},"down":{"uv":[13.5,10,13,10.5],"texture":"#4"}}},{"from":[7.5,12.55,7.5],"to":[8.5,13.55,8.5],"rotation":{"angle":0,"axis":"y","origin":[7.5,11.75,7.5]},"faces":{"north":{"uv":[10.5,13,11,13.5],"texture":"#4"},"east":{"uv":[13,10.5,13.5,11],"texture":"#4"},"south":{"uv":[11,13,11.5,13.5],"texture":"#4"},"west":{"uv":[13,11,13.5,11.5],"texture":"#4"},"up":{"uv":[12,13.5,11.5,13],"texture":"#4"}}},{"from":[7.5,14.55,7.5],"to":[8.5,15.55,8.5],"rotation":{"angle":0,"axis":"y","origin":[7.5,11.75,7.5]},"faces":{"north":{"uv":[13,11.5,13.5,12],"texture":"#4"},"east":{"uv":[12,13,12.5,13.5],"texture":"#4"},"south":{"uv":[13,12,13.5,12.5],"texture":"#4"},"west":{"uv":[12.5,13,13,13.5],"texture":"#4"},"up":{"uv":[13.5,13,13,12.5],"texture":"#4"},"down":{"uv":[13.5,13,13,13.5],"texture":"#4"}}},{"from":[7.5,16.55,7.5],"to":[8.5,17.55,8.5],"rotation":{"angle":0,"axis":"y","origin":[7.5,11.75,7.5]},"faces":{"north":{"uv":[13.5,0,14,0.5],"texture":"#4"},"east":{"uv":[13.5,0.5,14,1],"texture":"#4"},"south":{"uv":[13.5,1,14,1.5],"texture":"#4"},"west":{"uv":[1.5,13.5,2,14],"texture":"#4"},"down":{"uv":[14,1.5,13.5,2],"texture":"#4"}}},{"from":[7.6,13.55,7.6],"to":[8.4,16.55,8.4],"rotation":{"angle":0,"axis":"y","origin":[7.5,11.75,7.5]},"faces":{"north":{"uv":[3,10.5,3.5,12],"texture":"#4"},"east":{"uv":[3.5,10.5,4,12],"texture":"#4"},"south":{"uv":[4,10.5,4.5,12],"texture":"#4"},"west":{"uv":[4.5,10.5,5,12],"texture":"#4"}}},{"from":[7.5,20.05,7.5],"to":[8.5,21.05,8.5],"rotation":{"angle":0,"axis":"y","origin":[7.5,15.25,7.5]},"faces":{"north":{"uv":[2,13.5,2.5,14],"texture":"#4"},"east":{"uv":[13.5,2,14,2.5],"texture":"#4"},"south":{"uv":[2.5,13.5,3,14],"texture":"#4"},"west":{"uv":[13.5,2.5,14,3],"texture":"#4"},"down":{"uv":[3.5,13.5,3,14],"texture":"#4"}}},{"from":[7.6,17.05,7.6],"to":[8.4,20.05,8.4],"rotation":{"angle":0,"axis":"y","origin":[7.5,15.25,7.5]},"faces":{"north":{"uv":[5,10.5,5.5,12],"texture":"#4"},"east":{"uv":[5.5,10.5,6,12],"texture":"#4"},"south":{"uv":[6,10.5,6.5,12],"texture":"#4"},"west":{"uv":[6.5,10.5,7,12],"texture":"#4"}}},{"from":[7.39,11.64,7.39],"to":[8.61,12.86,8.61],"rotation":{"angle":-45,"axis":"x","origin":[8,12.25,8]},"faces":{"north":{"uv":[13.5,3,14,3.5],"texture":"#4"},"east":{"uv":[3.5,13.5,4,14],"texture":"#4"},"south":{"uv":[13.5,3.5,14,4],"texture":"#4"},"west":{"uv":[4,13.5,4.5,14],"texture":"#4"},"up":{"uv":[14,4.5,13.5,4],"texture":"#4"},"down":{"uv":[5,13.5,4.5,14],"texture":"#4"}}},{"from":[7.19,11.84,7.59],"to":[8.81,12.66,8.41],"rotation":{"angle":-45,"axis":"x","origin":[8,12.25,8]},"faces":{"north":{"uv":[12,11.5,12.75,12],"texture":"#4"},"east":{"uv":[13.5,4.5,14,5],"texture":"#4"},"south":{"uv":[1,12.5,1.75,13],"texture":"#4"},"west":{"uv":[5,13.5,5.5,14],"texture":"#4"},"up":{"uv":[2.75,13,2,12.5],"texture":"#4"},"down":{"uv":[3.75,12.5,3,13],"texture":"#4"}}},{"from":[7.39,17.29,7.39],"to":[8.61,18.51,8.61],"rotation":{"angle":-45,"axis":"x","origin":[8,17.9,8]},"faces":{"north":{"uv":[13.5,5,14,5.5],"texture":"#4"},"east":{"uv":[5.5,13.5,6,14],"texture":"#4"},"south":{"uv":[13.5,5.5,14,6],"texture":"#4"},"west":{"uv":[6,13.5,6.5,14],"texture":"#4"},"up":{"uv":[14,6.5,13.5,6],"texture":"#4"},"down":{"uv":[7,13.5,6.5,14],"texture":"#4"}}},{"from":[7.19,17.49,7.59],"to":[8.81,18.31,8.41],"rotation":{"angle":-45,"axis":"x","origin":[8,17.9,8]},"faces":{"north":{"uv":[4,12.5,4.75,13],"texture":"#4"},"east":{"uv":[13.5,6.5,14,7],"texture":"#4"},"south":{"uv":[12.5,4,13.25,4.5],"texture":"#4"},"west":{"uv":[7,13.5,7.5,14],"texture":"#4"},"up":{"uv":[13.25,5,12.5,4.5],"texture":"#4"},"down":{"uv":[5.75,12.5,5,13],"texture":"#4"}}},{"from":[7.25,23.15,5.1],"to":[8.75,24.65,6.6],"rotation":{"angle":-22.5,"axis":"x","origin":[8,24,5.9]},"faces":{"north":{"uv":[11,0,11.75,0.75],"texture":"#4"},"east":{"uv":[11,2,11.75,2.75],"texture":"#4"},"south":{"uv":[7,11,7.75,11.75],"texture":"#4"},"west":{"uv":[11,8.5,11.75,9.25],"texture":"#4"},"up":{"uv":[9.75,11.75,9,11],"texture":"#4"},"down":{"uv":[11.75,9.5,11,10.25],"texture":"#4"}}},{"from":[7.4,22.65,5.25],"to":[8.6,23.15,6.45],"rotation":{"angle":-22.5,"axis":"x","origin":[8,24,5.9]},"faces":{"north":{"uv":[14,2,14.5,2.25],"texture":"#4"},"east":{"uv":[14,2.5,14.5,2.75],"texture":"#4"},"south":{"uv":[3,14,3.5,14.25],"texture":"#4"},"west":{"uv":[14,3,14.5,3.25],"texture":"#4"},"down":{"uv":[14,7,13.5,7.5],"texture":"#4"}}},{"from":[7.4,24.65,5.25],"to":[8.6,25.15,6.45],"rotation":{"angle":-22.5,"axis":"x","origin":[8,24,5.9]},"faces":{"north":{"uv":[3.5,14,4,14.25],"texture":"#4"},"east":{"uv":[14,3.5,14.5,3.75],"texture":"#4"},"south":{"uv":[4,14,4.5,14.25],"texture":"#4"},"west":{"uv":[14,4,14.5,4.25],"texture":"#4"},"up":{"uv":[8,14,7.5,13.5],"texture":"#4"}}},{"from":[7.5,22.075,4.65],"to":[8.5,23.575,5.65],"rotation":{"angle":-45,"axis":"x","origin":[7.5,22.5,4.625]},"faces":{"north":{"uv":[6,12.5,6.5,13.25],"texture":"#4"},"east":{"uv":[6.5,12.5,7,13.25],"texture":"#4"},"south":{"uv":[7,12.5,7.5,13.25],"texture":"#4"},"west":{"uv":[7.5,12.5,8,13.25],"texture":"#4"},"up":{"uv":[14,8,13.5,7.5],"texture":"#4"},"down":{"uv":[8.5,13.5,8,14],"texture":"#4"}}},{"from":[7.4,24.65,9.55],"to":[8.6,25.15,10.75],"rotation":{"angle":22.5,"axis":"x","origin":[8,24,10.1]},"faces":{"north":{"uv":[4.5,14,5,14.25],"texture":"#4"},"east":{"uv":[14,4.5,14.5,4.75],"texture":"#4"},"south":{"uv":[5,14,5.5,14.25],"texture":"#4"},"west":{"uv":[14,5,14.5,5.25],"texture":"#4"},"up":{"uv":[14,8.5,13.5,8],"texture":"#4"}}},{"from":[7.25,23.15,9.4],"to":[8.75,24.65,10.9],"rotation":{"angle":22.5,"axis":"x","origin":[8,24,10.1]},"faces":{"north":{"uv":[10,11,10.75,11.75],"texture":"#4"},"east":{"uv":[11,11,11.75,11.75],"texture":"#4"},"south":{"uv":[1,11.5,1.75,12.25],"texture":"#4"},"west":{"uv":[2,11.5,2.75,12.25],"texture":"#4"},"up":{"uv":[12.25,4.75,11.5,4],"texture":"#4"},"down":{"uv":[12.25,7.5,11.5,8.25],"texture":"#4"}}},{"from":[7.4,22.65,9.55],"to":[8.6,23.15,10.75],"rotation":{"angle":22.5,"axis":"x","origin":[8,24,10.1]},"faces":{"north":{"uv":[5.5,14,6,14.25],"texture":"#4"},"east":{"uv":[14,5.5,14.5,5.75],"texture":"#4"},"south":{"uv":[6,14,6.5,14.25],"texture":"#4"},"west":{"uv":[14,6,14.5,6.25],"texture":"#4"},"down":{"uv":[9,13.5,8.5,14],"texture":"#4"}}},{"from":[7.5,22.075,10.35],"to":[8.5,23.575,11.35],"rotation":{"angle":45,"axis":"x","origin":[7.5,22.5,11.375]},"faces":{"north":{"uv":[12.5,7.5,13,8.25],"texture":"#4"},"east":{"uv":[8,12.5,8.5,13.25],"texture":"#4"},"south":{"uv":[8.5,12.5,9,13.25],"texture":"#4"},"west":{"uv":[9.5,12.5,10,13.25],"texture":"#4"},"up":{"uv":[14,9,13.5,8.5],"texture":"#4"},"down":{"uv":[9.5,13.5,9,14],"texture":"#4"}}},{"from":[6.5,21,6.5],"to":[9.5,22,9.5],"rotation":{"angle":0,"axis":"y","origin":[6.5,21,6.5]},"faces":{"north":{"uv":[4.5,7,6,7.5],"texture":"#4"},"east":{"uv":[10.5,1.5,12,2],"texture":"#4"},"south":{"uv":[7,10.5,8.5,11],"texture":"#4"},"west":{"uv":[10.5,7,12,7.5],"texture":"#4"},"down":{"uv":[16,8,14.5,9.5],"texture":"#4"}}},{"from":[6,22,6],"to":[10,23,10],"rotation":{"angle":0,"axis":"y","origin":[6.5,22,6.5]},"faces":{"north":{"uv":[2,6.5,4,7],"texture":"#4"},"east":{"uv":[8.5,7,10.5,7.5],"texture":"#4"},"south":{"uv":[9.5,4,11.5,4.5],"texture":"#4"},"west":{"uv":[9.5,4.5,11.5,5],"texture":"#4"},"up":{"uv":[16,11.5,14,9.5],"texture":"#4"},"down":{"uv":[16,11.5,14,13.5],"texture":"#4"}}},{"from":[6.501,20.34985,4.9815],"to":[9.499,21.39985,6.6315],"rotation":{"angle":-22.5,"axis":"x","origin":[8.001,21.34985,4.7315]},"faces":{"north":{"uv":[9,10.5,10.5,11],"texture":"#4"},"east":{"uv":[12.5,5,13.25,5.5],"texture":"#4"},"west":{"uv":[10,12.5,10.75,13],"texture":"#4"},"down":{"uv":[11,2,9.5,2.75],"texture":"#4"}}},{"from":[6.001,21.31075,4.53492],"to":[9.999,22.31075,6.53492],"rotation":{"angle":-22.5,"axis":"x","origin":[8.001,21.31075,4.53492]},"faces":{"north":{"uv":[9.5,5,11.5,5.5],"texture":"#4"},"east":{"uv":[11,1,12,1.5],"texture":"#4"},"west":{"uv":[11.5,5,12.5,5.5],"texture":"#4"},"up":{"uv":[6,7,4,6],"texture":"#4"},"down":{"uv":[8,4.5,6,5.5],"texture":"#4"}}},{"from":[6.001,22.31075,4.53492],"to":[9.999,23.31075,4.53492],"rotation":{"angle":-22.5,"axis":"x","origin":[8.001,21.31075,4.53492]},"faces":{"north":{"uv":[9.5,7.5,11.5,8],"texture":"#4"},"south":{"uv":[9.5,8,11.5,8.5],"texture":"#4"}}},{"from":[6.001,20.34881,4.72627],"to":[9.999,21.34881,4.72627],"rotation":{"angle":-22.5,"axis":"x","origin":[8,20.84881,4.72627]},"faces":{"north":{"uv":[10,3,12,3.5],"texture":"#4"},"south":{"uv":[10,3.5,12,4],"texture":"#4"}}},{"from":[6.001,22.31075,4.53492],"to":[6.001,23.31075,6.53492],"rotation":{"angle":-22.5,"axis":"x","origin":[8.001,21.31075,4.53492]},"faces":{"east":{"uv":[12,0,13,0.5],"texture":"#4"},"west":{"uv":[12,0.5,13,1],"texture":"#4"}}},{"from":[6.026,20.7315,4.65015],"to":[6.026,21.7315,6.65015],"rotation":{"angle":-22.5,"axis":"x","origin":[6.001,21.2315,5.65015]},"faces":{"east":{"uv":[12,1,13,1.5],"texture":"#4"},"west":{"uv":[12,1.5,13,2],"texture":"#4"}}},{"from":[6.026,20.7315,9.34985],"to":[6.026,21.7315,11.34985],"rotation":{"angle":22.5,"axis":"x","origin":[6.001,21.2315,10.34985]},"faces":{"east":{"uv":[12,2,13,2.5],"texture":"#4"},"west":{"uv":[12,2.5,13,3],"texture":"#4"}}},{"from":[6.001,20.34881,11.27373],"to":[9.999,21.34881,11.27373],"rotation":{"angle":22.5,"axis":"x","origin":[8,20.84881,11.27373]},"faces":{"north":{"uv":[4.5,10,6.5,10.5],"texture":"#4"},"south":{"uv":[10,5.5,12,6],"texture":"#4"}}},{"from":[6.026,22.42388,5.6],"to":[6.026,23.92388,10.5],"rotation":{"angle":0,"axis":"x","origin":[5.976,23.42388,7]},"faces":{"east":{"uv":[6,6.5,8.5,7.25],"texture":"#4"},"west":{"uv":[7,0,9.5,0.75],"texture":"#4"}}},{"from":[6.051,21.04888,5.6],"to":[6.051,22.54888,10.5],"rotation":{"angle":0,"axis":"x","origin":[6.026,20.17388,8.05]},"faces":{"east":{"uv":[7,1,9.5,1.75],"texture":"#4"},"west":{"uv":[2,7,4.5,7.75],"texture":"#4"}}},{"from":[9.974,20.7315,4.65015],"to":[9.974,21.7315,6.65015],"rotation":{"angle":-22.5,"axis":"x","origin":[9.999,21.2315,5.65015]},"faces":{"east":{"uv":[3,12,4,12.5],"texture":"#4"},"west":{"uv":[12,3,13,3.5],"texture":"#4"}}},{"from":[9.974,20.7315,9.34985],"to":[9.974,21.7315,11.34985],"rotation":{"angle":22.5,"axis":"x","origin":[9.999,21.2315,10.34985]},"faces":{"east":{"uv":[12,3.5,13,4],"texture":"#4"},"west":{"uv":[4,12,5,12.5],"texture":"#4"}}},{"from":[9.949,21.04888,5.6],"to":[9.949,22.54888,10.5],"rotation":{"angle":0,"axis":"x","origin":[9.974,20.17388,8.05]},"faces":{"east":{"uv":[7,2,9.5,2.75],"texture":"#4"},"west":{"uv":[7.5,3,10,3.75],"texture":"#4"}}},{"from":[9.999,22.31075,4.53492],"to":[9.999,23.31075,6.53492],"rotation":{"angle":-22.5,"axis":"x","origin":[7.999,21.31075,4.53492]},"faces":{"east":{"uv":[5,12,6,12.5],"texture":"#4"},"west":{"uv":[12,5.5,13,6],"texture":"#4"}}},{"from":[6.001,22.31075,11.46508],"to":[9.999,23.31075,11.46508],"rotation":{"angle":22.5,"axis":"x","origin":[8.001,21.31075,11.46508]},"faces":{"north":{"uv":[10,6,12,6.5],"texture":"#4"},"south":{"uv":[6.5,10,8.5,10.5],"texture":"#4"}}},{"from":[9.999,22.31075,9.46508],"to":[9.999,23.31075,11.46508],"rotation":{"angle":22.5,"axis":"x","origin":[7.999,21.31075,11.46508]},"faces":{"east":{"uv":[6,12,7,12.5],"texture":"#4"},"west":{"uv":[12,6,13,6.5],"texture":"#4"}}},{"from":[6.001,22.31075,9.46508],"to":[6.001,23.31075,11.46508],"rotation":{"angle":22.5,"axis":"x","origin":[8.001,21.31075,11.46508]},"faces":{"east":{"uv":[12,6.5,13,7],"texture":"#4"},"west":{"uv":[7,12,8,12.5],"texture":"#4"}}},{"from":[9.974,22.42388,5.6],"to":[9.974,23.92388,10.5],"rotation":{"angle":0,"axis":"x","origin":[10.024,23.42388,7]},"faces":{"east":{"uv":[4.5,7.5,7,8.25],"texture":"#4"},"west":{"uv":[7,7.5,9.5,8.25],"texture":"#4"}}},{"from":[6.501,20.34985,9.3685],"to":[9.499,21.39985,11.0185],"rotation":{"angle":22.5,"axis":"x","origin":[8.001,21.34985,11.2685]},"faces":{"east":{"uv":[11,12.5,11.75,13],"texture":"#4"},"south":{"uv":[10.5,10.5,12,11],"texture":"#4"},"west":{"uv":[12,12.5,12.75,13],"texture":"#4"},"down":{"uv":[4.5,9.5,3,10.25],"texture":"#4"}}},{"from":[6.001,21.31075,9.46508],"to":[9.999,22.31075,11.46508],"rotation":{"angle":22.5,"axis":"x","origin":[8.001,21.31075,11.46508]},"faces":{"east":{"uv":[12,7,13,7.5],"texture":"#4"},"south":{"uv":[10,6.5,12,7],"texture":"#4"},"west":{"uv":[12,8.5,13,9],"texture":"#4"},"up":{"uv":[8,6.5,6,5.5],"texture":"#4"},"down":{"uv":[2,6.5,0,7.5],"texture":"#4"}}},{"from":[5.999,22.94962,5.94908],"to":[9.999,25.94962,5.99908],"rotation":{"angle":-22.5,"axis":"x","origin":[4.999,22.99962,5.99908]},"faces":{"north":{"uv":[14,14.5,16,16],"texture":"#4"},"south":{"uv":[4,4.5,6,6],"texture":"#4"}}},{"from":[5.999,22.94962,10.00092],"to":[9.999,25.94962,10.05092],"rotation":{"angle":22.5,"axis":"x","origin":[4.999,22.99962,10.00092]},"faces":{"north":{"uv":[0,5,2,6.5],"texture":"#4"},"south":{"uv":[2,5,4,6.5],"texture":"#4"}}},{"from":[6.95,22.22974,10.42666],"to":[7,24.97974,12.17666],"rotation":{"angle":45,"axis":"x","origin":[6.975,23.97974,10.90166]},"faces":{"east":{"uv":[6,8.5,7,10],"texture":"#4"},"west":{"uv":[7,8.5,8,10],"texture":"#4"}}},{"from":[9,22.22974,3.82334],"to":[9.05,24.97974,5.57334],"rotation":{"angle":-45,"axis":"x","origin":[9.025,23.97974,5.09834]},"faces":{"east":{"uv":[8,8.5,9,10],"texture":"#4"},"west":{"uv":[0,9,1,10.5],"texture":"#4"}}},{"from":[7,22.22974,4.07334],"to":[7.05,23.72974,5.07334],"rotation":{"angle":-45,"axis":"x","origin":[9.025,23.97974,4.84834]},"faces":{"east":{"uv":[0,13,0.5,13.75],"texture":"#4"},"west":{"uv":[13,0,13.5,0.75],"texture":"#4"}}},{"from":[8.95,22.22974,10.92666],"to":[9,23.72974,11.92666],"rotation":{"angle":45,"axis":"x","origin":[6.975,23.97974,11.15166]},"faces":{"east":{"uv":[0.5,13,1,13.75],"texture":"#4"},"west":{"uv":[1,13,1.5,13.75],"texture":"#4"}}},{"from":[7.75,19.62899,2.73328],"to":[8.25,20.62899,4.73328],"rotation":{"angle":-45,"axis":"x","origin":[8,20.73043,2.50458]},"faces":{"north":{"uv":[6.75,14.5,6.5,14],"rotation":180,"texture":"#4"},"east":{"uv":[8,5.5,8.5,6.5],"rotation":90,"texture":"#4"},"south":{"uv":[14.25,6.5,14,7],"texture":"#4"},"west":{"uv":[9,12,9.5,13],"rotation":270,"texture":"#4"},"up":{"uv":[9.5,13.5,9.75,14.5],"texture":"#4"},"down":{"uv":[13.5,9,13.75,10],"rotation":180,"texture":"#4"}}},{"from":[7.7501,19.80034,2.13737],"to":[8.2499,20.72534,3.13737],"rotation":{"angle":-22.5,"axis":"x","origin":[8,20.73043,2.50458]},"faces":{"north":{"uv":[7.75,14.5,7.5,14],"rotation":180,"texture":"#4"},"east":{"uv":[10,13.5,10.5,14],"rotation":90,"texture":"#4"},"west":{"uv":[13.5,10,14,10.5],"rotation":270,"texture":"#4"},"up":{"uv":[14,7,14.25,7.5],"texture":"#4"},"down":{"uv":[7,14,7.25,14.5],"rotation":180,"texture":"#4"}}},{"from":[7.75035,19.43043,0.97871],"to":[8.24965,20.22043,1.97871],"rotation":{"angle":22.5,"axis":"x","origin":[8,20.73043,2.50458]},"faces":{"north":{"uv":[14,7.5,14.25,8],"rotation":180,"texture":"#4"},"east":{"uv":[10.5,13.5,11,14],"rotation":180,"texture":"#4"},"west":{"uv":[13.5,10.5,14,11],"rotation":180,"texture":"#4"},"up":{"uv":[14.25,8,14,8.5],"texture":"#4"},"down":{"uv":[8.25,14.5,8,14],"texture":"#4"}}},{"from":[7.7502,19.73062,1.52125],"to":[8.2498,20.58562,2.52125],"rotation":{"angle":0,"axis":"x","origin":[8,20.73043,2.50458]},"faces":{"north":{"uv":[9.25,14.5,9,14],"rotation":180,"texture":"#4"},"east":{"uv":[11,13.5,11.5,14],"rotation":90,"texture":"#4"},"west":{"uv":[13.5,11,14,11.5],"rotation":270,"texture":"#4"},"up":{"uv":[14,8.5,14.25,9],"texture":"#4"},"down":{"uv":[8.5,14,8.75,14.5],"rotation":180,"texture":"#4"}}},{"from":[7.4,6.25,7.4],"to":[8.6,7.25,8.6],"rotation":{"angle":0,"axis":"y","origin":[7.5,5.5,7.5]},"faces":{"north":{"uv":[11.5,13.5,12,14],"texture":"#4"},"east":{"uv":[13.5,11.5,14,12],"texture":"#4"},"south":{"uv":[12,13.5,12.5,14],"texture":"#4"},"west":{"uv":[13.5,12,14,12.5],"texture":"#4"}}},{"from":[7.4,11,7.4],"to":[8.6,12,8.6],"rotation":{"angle":0,"axis":"y","origin":[7.5,3.25,8.5]},"faces":{"north":{"uv":[13.5,13.5,13,14],"texture":"#4"},"east":{"uv":[14,12.5,13.5,13],"texture":"#4"},"south":{"uv":[13,13.5,12.5,14],"texture":"#4"},"west":{"uv":[14,13,13.5,13.5],"texture":"#4"}}},{"from":[7.25,7.25,7.25],"to":[8.75,11,8.75],"rotation":{"angle":0,"axis":"y","origin":[7.5,6.25,7.5]},"faces":{"north":{"uv":[9,8.5,9.75,10.5],"texture":"#4"},"east":{"uv":[9.5,0,10.25,2],"texture":"#4"},"south":{"uv":[1,9.5,1.75,11.5],"texture":"#4"},"west":{"uv":[2,9.5,2.75,11.5],"texture":"#4"},"up":{"uv":[8.75,12.25,8,11.5],"texture":"#4"},"down":{"uv":[0.75,12,0,12.75],"texture":"#4"}}},{"from":[7.6,13.25,-5],"to":[7.6,24.25,4.5],"rotation":{"angle":45,"axis":"x","origin":[8,17,-1]},"faces":{"west":{"uv":[0,0,9.5,11],"texture":"#1"}}},{"from":[8.4,13.25,-5],"to":[8.4,24.25,4.5],"rotation":{"angle":45,"axis":"x","origin":[8,17,-1]},"faces":{"east":{"uv":[9.5,0,0,11],"texture":"#1"}}},{"from":[7,23,7],"to":[9,23.5,9],"rotation":{"angle":0,"axis":"y","origin":[7,-5.75,7]},"faces":{"north":{"uv":[13.5,13.5,14.5,13.75],"texture":"#4"},"east":{"uv":[0,14,1,14.25],"texture":"#4"},"south":{"uv":[14,0,15,0.25],"texture":"#4"},"west":{"uv":[14,0.5,15,0.75],"texture":"#4"},"down":{"uv":[11,8.5,10,9.5],"texture":"#4"}}},{"from":[7,26,7],"to":[9,26.5,9],"rotation":{"angle":0,"axis":"y","origin":[7,-5.75,7]},"faces":{"north":{"uv":[1,14,2,14.25],"texture":"#4"},"east":{"uv":[14,1,15,1.25],"texture":"#4"},"south":{"uv":[14,1.5,15,1.75],"texture":"#4"},"west":{"uv":[2,14,3,14.25],"texture":"#4"},"up":{"uv":[11,10.5,10,9.5],"texture":"#4"}}},{"from":[6.75,23.5,6.75],"to":[9.25,26,9.25],"rotation":{"angle":0,"axis":"y","origin":[7,-5.75,7]},"faces":{"north":{"uv":[0,7.5,1.25,8.75],"texture":"#4"},"east":{"uv":[1.5,8,2.75,9.25],"texture":"#4"},"south":{"uv":[3,8,4.25,9.25],"texture":"#4"},"west":{"uv":[8,4,9.25,5.25],"texture":"#4"},"up":{"uv":[5.75,9.75,4.5,8.5],"texture":"#4"},"down":{"uv":[9.75,5.5,8.5,6.75],"texture":"#4"}}},{"from":[7.985,13.675,-4.325],"to":[8.015,19.675,9.675],"rotation":{"angle":-22.5,"axis":"x","origin":[7.985,13.75,-0.325]},"faces":{"east":{"uv":[7,0,0,3],"texture":"#4"},"west":{"uv":[0,0,7,3],"texture":"#4"}}}],"gui_light":"front","display":{"thirdperson_righthand":{"translation":[0,-2.75,0.75]},"thirdperson_lefthand":{"translation":[0,-2.75,0.75]},"firstperson_righthand":{"rotation":[-10,0,0],"translation":[0,-4.5,0]},"firstperson_lefthand":{"rotation":[-10,0,0],"translation":[0,-4.5,0]},"ground":{"rotation":[-45,0,0],"translation":[0,7.75,0]},"gui":{"rotation":[-90,45,90],"translation":[3.25,-3.25,0],"scale":[0.75976,0.75976,0.75976]},"head":{"rotation":[0,90,0]},"fixed":{"rotation":[90,-90,90],"translation":[0,-8.75,-2],"scale":[2,2,2]}}}