{
  "credit": "MadebyPolygonMC",
  "texture_size": [
    24,
    24
  ],
  "textures": {
    "1": "dragonsoulset:crossbow",
    "2": "dragonsoulset:animations/animations_1",
    "particle": "dragonsoulset:crossbow"
  },
  "elements": [
    {
      "from": [
        7.5,
        8.0165,
        7
      ],
      "to": [
        8.5,
        9.0165,
        9
      ],
      "rotation": {
        "angle": 0,
        "axis": "y",
        "origin": [
          7.5,
          7.0165,
          7
        ]
      },
      "faces": {
        "east": {
          "uv": [
            8,
            4.66667,
            9.33333,
            5.33333
          ],
          "texture": "#1"
        },
        "west": {
          "uv": [
            8.66667,
            1.33333,
            10,
            2
          ],
          "texture": "#1"
        },
        "up": {
          "uv": [
            9.33333,
            3.33333,
            8.66667,
            2
          ],
          "texture": "#1"
        },
        "down": {
          "uv": [
            9.33333,
            3.33333,
            8.66667,
            4.66667
          ],
          "texture": "#1"
        }
      }
    },
    {
      "from": [
        7.5,
        7.5165,
        3
      ],
      "to": [
        8.5,
        9.0165,
        7
      ],
      "rotation": {
        "angle": 0,
        "axis": "y",
        "origin": [
          7.5,
          7.0165,
          7
        ]
      },
      "faces": {
        "north": {
          "uv": [
            3.33333,
            10,
            4,
            11
          ],
          "texture": "#1"
        },
        "east": {
          "uv": [
            4.66667,
            6,
            7.33333,
            7
          ],
          "texture": "#1"
        },
        "south": {
          "uv": [
            7.33333,
            10,
            8,
            11
          ],
          "texture": "#1"
        },
        "west": {
          "uv": [
            0,
            6.66667,
            2.66667,
            7.66667
          ],
          "texture": "#1"
        },
        "up": {
          "uv": [
            3.33333,
            9.33333,
            2.66667,
            6.66667
          ],
          "texture": "#1"
        },
        "down": {
          "uv": [
            8,
            2.66667,
            7.33333,
            5.33333
          ],
          "texture": "#1"
        }
      }
    },
    {
      "from": [
        7.55,
        7.2665,
        2.75
      ],
      "to": [
        8.45,
        9.2665,
        6.75
      ],
      "rotation": {
        "angle": 0,
        "axis": "y",
        "origin": [
          7.5,
          7.2665,
          6.75
        ]
      },
      "faces": {
        "north": {
          "uv": [
            9.33333,
            2.66667,
            10,
            4
          ],
          "texture": "#1"
        },
        "east": {
          "uv": [
            4.66667,
            3.33333,
            7.33333,
            4.66667
          ],
          "texture": "#1"
        },
        "south": {
          "uv": [
            4,
            9.33333,
            4.66667,
            10.66667
          ],
          "texture": "#1"
        },
        "west": {
          "uv": [
            4.66667,
            4.66667,
            7.33333,
            6
          ],
          "texture": "#1"
        },
        "up": {
          "uv": [
            5.33333,
            10,
            4.66667,
            7.33333
          ],
          "texture": "#1"
        },
        "down": {
          "uv": [
            6,
            7.33333,
            5.33333,
            10
          ],
          "texture": "#1"
        }
      }
    },
    {
      "from": [
        7.5,
        7.0165,
        9
      ],
      "to": [
        8.5,
        9.0165,
        10
      ],
      "rotation": {
        "angle": 0,
        "axis": "y",
        "origin": [
          7.5,
          7.0165,
          9
        ]
      },
      "faces": {
        "north": {
          "uv": [
            8.66667,
            5.33333,
            9.33333,
            6.66667
          ],
          "texture": "#1"
        },
        "east": {
          "uv": [
            6,
            8.66667,
            6.66667,
            10
          ],
          "texture": "#1"
        },
        "south": {
          "uv": [
            6.66667,
            8.66667,
            7.33333,
            10
          ],
          "texture": "#1"
        },
        "west": {
          "uv": [
            8.66667,
            6.66667,
            9.33333,
            8
          ],
          "texture": "#1"
        },
        "up": {
          "uv": [
            4,
            12,
            3.33333,
            11.33333
          ],
          "texture": "#1"
        },
        "down": {
          "uv": [
            12,
            3.33333,
            11.33333,
            4
          ],
          "texture": "#1"
        }
      }
    },
    {
      "from": [
        7.525,
        7.0665,
        9.575
      ],
      "to": [
        8.475,
        8.8915,
        10.575
      ],
      "rotation": {
        "angle": 22.5,
        "axis": "x",
        "origin": [
          8,
          7.9165,
          10.075
        ]
      },
      "faces": {
        "east": {
          "uv": [
            10,
            0,
            10.66667,
            1.16667
          ],
          "texture": "#1"
        },
        "south": {
          "uv": [
            1.33333,
            10,
            2,
            11.16667
          ],
          "texture": "#1"
        },
        "west": {
          "uv": [
            2,
            10,
            2.66667,
            11.16667
          ],
          "texture": "#1"
        },
        "up": {
          "uv": [
            12,
            4.66667,
            11.33333,
            4
          ],
          "texture": "#1"
        },
        "down": {
          "uv": [
            5.33333,
            11.33333,
            4.66667,
            12
          ],
          "texture": "#1"
        }
      }
    },
    {
      "from": [
        7.525,
        7.0665,
        12.575
      ],
      "to": [
        8.475,
        8.8915,
        13.075
      ],
      "rotation": {
        "angle": 22.5,
        "axis": "x",
        "origin": [
          8,
          7.9165,
          10.075
        ]
      },
      "faces": {
        "north": {
          "uv": [
            2.66667,
            10,
            3.33333,
            11.16667
          ],
          "texture": "#1"
        },
        "east": {
          "uv": [
            11.33333,
            8.66667,
            11.66667,
            9.83333
          ],
          "texture": "#1"
        },
        "south": {
          "uv": [
            10,
            2.66667,
            10.66667,
            3.83333
          ],
          "texture": "#1"
        },
        "west": {
          "uv": [
            11.33333,
            10,
            11.66667,
            11.16667
          ],
          "texture": "#1"
        },
        "up": {
          "uv": [
            13.33333,
            3.66667,
            12.66667,
            3.33333
          ],
          "texture": "#1"
        },
        "down": {
          "uv": [
            4.66667,
            12.66667,
            4,
            13
          ],
          "texture": "#1"
        }
      }
    },
    {
      "from": [
        7.525,
        8.04038,
        10.95768
      ],
      "to": [
        8.475,
        8.81338,
        12.95768
      ],
      "rotation": {
        "angle": 22.5,
        "axis": "x",
        "origin": [
          8,
          8.84038,
          10.45768
        ]
      },
      "faces": {
        "east": {
          "uv": [
            0,
            10.66667,
            1.33333,
            11.16667
          ],
          "texture": "#1"
        },
        "west": {
          "uv": [
            10.66667,
            0,
            12,
            0.5
          ],
          "texture": "#1"
        },
        "up": {
          "uv": [
            0.66667,
            10.66667,
            0,
            9.33333
          ],
          "texture": "#1"
        },
        "down": {
          "uv": [
            1.33333,
            9.33333,
            0.66667,
            10.66667
          ],
          "texture": "#1"
        }
      }
    },
    {
      "from": [
        7.65,
        7.17438,
        10.6611
      ],
      "to": [
        8.35,
        8.09938,
        12.6611
      ],
      "rotation": {
        "angle": 22.5,
        "axis": "x",
        "origin": [
          8,
          8.12438,
          10.1611
        ]
      },
      "faces": {
        "east": {
          "uv": [
            9.33333,
            2,
            10.66667,
            2.66667
          ],
          "texture": "#1"
        },
        "west": {
          "uv": [
            2.66667,
            9.33333,
            4,
            10
          ],
          "texture": "#1"
        },
        "down": {
          "uv": [
            11.16667,
            2,
            10.66667,
            3.33333
          ],
          "texture": "#1"
        }
      }
    },
    {
      "from": [
        7.525,
        5.5665,
        8.3
      ],
      "to": [
        8.475,
        8.3165,
        9.3
      ],
      "rotation": {
        "angle": -22.5,
        "axis": "x",
        "origin": [
          8,
          7.3165,
          8.8
        ]
      },
      "faces": {
        "north": {
          "uv": [
            1.33333,
            8,
            2,
            9.83333
          ],
          "texture": "#1"
        },
        "east": {
          "uv": [
            2,
            8,
            2.66667,
            9.83333
          ],
          "texture": "#1"
        },
        "south": {
          "uv": [
            8,
            2.66667,
            8.66667,
            4.5
          ],
          "texture": "#1"
        },
        "west": {
          "uv": [
            7.33333,
            8,
            8,
            9.83333
          ],
          "texture": "#1"
        },
        "down": {
          "uv": [
            12,
            4.66667,
            11.33333,
            5.33333
          ],
          "texture": "#1"
        }
      }
    },
    {
      "from": [
        7.775,
        7.3165,
        7.8
      ],
      "to": [
        8.225,
        8.5665,
        8.3
      ],
      "rotation": {
        "angle": -22.5,
        "axis": "x",
        "origin": [
          8,
          7.3165,
          8.8
        ]
      },
      "faces": {
        "north": {
          "uv": [
            7.33333,
            12,
            7.66667,
            12.83333
          ],
          "texture": "#1"
        },
        "east": {
          "uv": [
            8,
            12,
            8.33333,
            12.83333
          ],
          "texture": "#1"
        },
        "west": {
          "uv": [
            8.66667,
            12,
            9,
            12.83333
          ],
          "texture": "#1"
        },
        "up": {
          "uv": [
            13.66667,
            13,
            13.33333,
            12.66667
          ],
          "texture": "#1"
        },
        "down": {
          "uv": [
            13.66667,
            13.33333,
            13.33333,
            13.66667
          ],
          "texture": "#1"
        }
      }
    },
    {
      "from": [
        7.7,
        6.89497,
        7.73425
      ],
      "to": [
        8.3,
        7.14497,
        8.43425
      ],
      "rotation": {
        "angle": 0,
        "axis": "x",
        "origin": [
          8,
          7.14497,
          8.05925
        ]
      },
      "faces": {
        "north": {
          "uv": [
            0.66667,
            14,
            1,
            14.16667
          ],
          "texture": "#1"
        },
        "east": {
          "uv": [
            0,
            14,
            0.5,
            14.16667
          ],
          "texture": "#1"
        },
        "west": {
          "uv": [
            14,
            0,
            14.5,
            0.16667
          ],
          "texture": "#1"
        },
        "up": {
          "uv": [
            12.33333,
            13.16667,
            12,
            12.66667
          ],
          "texture": "#1"
        },
        "down": {
          "uv": [
            13,
            12,
            12.66667,
            12.5
          ],
          "texture": "#1"
        }
      }
    },
    {
      "from": [
        7.43,
        5.3318,
        8.75671
      ],
      "to": [
        8.57,
        5.9318,
        9.95671
      ],
      "rotation": {
        "angle": 0,
        "axis": "x",
        "origin": [
          8,
          5.6318,
          9.35671
        ]
      },
      "faces": {
        "north": {
          "uv": [
            12,
            4.66667,
            12.83333,
            5
          ],
          "texture": "#1"
        },
        "east": {
          "uv": [
            12,
            5.33333,
            12.83333,
            5.66667
          ],
          "texture": "#1"
        },
        "south": {
          "uv": [
            6,
            12,
            6.83333,
            12.33333
          ],
          "texture": "#1"
        },
        "west": {
          "uv": [
            12,
            6,
            12.83333,
            6.33333
          ],
          "texture": "#1"
        },
        "up": {
          "uv": [
            10.83333,
            4.83333,
            10,
            4
          ],
          "texture": "#1"
        },
        "down": {
          "uv": [
            5.5,
            10,
            4.66667,
            10.83333
          ],
          "texture": "#1"
        }
      }
    },
    {
      "from": [
        7.75,
        8.5165,
        9.25
      ],
      "to": [
        8.25,
        9.2665,
        10
      ],
      "rotation": {
        "angle": -45,
        "axis": "x",
        "origin": [
          8,
          9.0165,
          9.25
        ]
      },
      "faces": {
        "north": {
          "uv": [
            12.66667,
            12.66667,
            13,
            13.16667
          ],
          "texture": "#1"
        },
        "east": {
          "uv": [
            12.66667,
            2.66667,
            13.16667,
            3.16667
          ],
          "texture": "#1"
        },
        "south": {
          "uv": [
            0,
            13.33333,
            0.33333,
            13.83333
          ],
          "texture": "#1"
        },
        "west": {
          "uv": [
            3.33333,
            12.66667,
            3.83333,
            13.16667
          ],
          "texture": "#1"
        },
        "up": {
          "uv": [
            13.66667,
            0.5,
            13.33333,
            0
          ],
          "texture": "#1"
        },
        "down": {
          "uv": [
            1,
            13.33333,
            0.66667,
            13.83333
          ],
          "texture": "#1"
        }
      }
    },
    {
      "from": [
        7,
        8.5165,
        3
      ],
      "to": [
        7.5,
        10.5165,
        4
      ],
      "rotation": {
        "angle": 0,
        "axis": "y",
        "origin": [
          6.5,
          8.5165,
          3
        ]
      },
      "faces": {
        "north": {
          "uv": [
            5.33333,
            11.33333,
            5.66667,
            12.66667
          ],
          "texture": "#1"
        },
        "east": {
          "uv": [
            9.33333,
            4,
            10,
            5.33333
          ],
          "texture": "#1"
        },
        "south": {
          "uv": [
            11.33333,
            5.33333,
            11.66667,
            6.66667
          ],
          "texture": "#1"
        },
        "west": {
          "uv": [
            9.33333,
            5.33333,
            10,
            6.66667
          ],
          "texture": "#1"
        },
        "up": {
          "uv": [
            13,
            4.66667,
            12.66667,
            4
          ],
          "texture": "#1"
        },
        "down": {
          "uv": [
            5.66667,
            12.66667,
            5.33333,
            13.33333
          ],
          "texture": "#1"
        }
      }
    },
    {
      "from": [
        6,
        8.7665,
        3.25
      ],
      "to": [
        7,
        10.2665,
        3.75
      ],
      "rotation": {
        "angle": 0,
        "axis": "y",
        "origin": [
          6,
          9.5165,
          3.5
        ]
      },
      "faces": {
        "north": {
          "uv": [
            4,
            10.66667,
            4.66667,
            11.66667
          ],
          "texture": "#1"
        },
        "south": {
          "uv": [
            6,
            10.66667,
            6.66667,
            11.66667
          ],
          "texture": "#1"
        },
        "up": {
          "uv": [
            6.66667,
            13,
            6,
            12.66667
          ],
          "texture": "#1"
        },
        "down": {
          "uv": [
            7.33333,
            12.66667,
            6.66667,
            13
          ],
          "texture": "#1"
        }
      }
    },
    {
      "from": [
        5.13373,
        8.7665,
        3.42231
      ],
      "to": [
        6.13373,
        10.2665,
        3.92231
      ],
      "rotation": {
        "angle": 22.5,
        "axis": "y",
        "origin": [
          5.63373,
          9.5165,
          3.67231
        ]
      },
      "faces": {
        "north": {
          "uv": [
            6.66667,
            10.66667,
            7.33333,
            11.66667
          ],
          "texture": "#1"
        },
        "south": {
          "uv": [
            10.66667,
            6.66667,
            11.33333,
            7.66667
          ],
          "texture": "#1"
        },
        "up": {
          "uv": [
            13.33333,
            7,
            12.66667,
            6.66667
          ],
          "texture": "#1"
        },
        "down": {
          "uv": [
            13.33333,
            7.33333,
            12.66667,
            7.66667
          ],
          "texture": "#1"
        }
      }
    },
    {
      "from": [
        4.39934,
        8.7665,
        3.91301
      ],
      "to": [
        5.39934,
        10.2665,
        4.41301
      ],
      "rotation": {
        "angle": 45,
        "axis": "y",
        "origin": [
          4.89934,
          9.5165,
          4.16301
        ]
      },
      "faces": {
        "north": {
          "uv": [
            8,
            10.66667,
            8.66667,
            11.66667
          ],
          "texture": "#1"
        },
        "south": {
          "uv": [
            10.66667,
            8,
            11.33333,
            9
          ],
          "texture": "#1"
        },
        "up": {
          "uv": [
            13.33333,
            8.33333,
            12.66667,
            8
          ],
          "texture": "#1"
        },
        "down": {
          "uv": [
            13.33333,
            8.66667,
            12.66667,
            9
          ],
          "texture": "#1"
        }
      }
    },
    {
      "from": [
        3.66496,
        8.7665,
        4.40372
      ],
      "to": [
        4.66496,
        10.2665,
        4.90372
      ],
      "rotation": {
        "angle": 22.5,
        "axis": "y",
        "origin": [
          4.16496,
          9.5165,
          4.65372
        ]
      },
      "faces": {
        "north": {
          "uv": [
            8.66667,
            10.66667,
            9.33333,
            11.66667
          ],
          "texture": "#1"
        },
        "south": {
          "uv": [
            9.33333,
            10.66667,
            10,
            11.66667
          ],
          "texture": "#1"
        },
        "up": {
          "uv": [
            10,
            13,
            9.33333,
            12.66667
          ],
          "texture": "#1"
        },
        "down": {
          "uv": [
            13.33333,
            9.33333,
            12.66667,
            9.66667
          ],
          "texture": "#1"
        }
      }
    },
    {
      "from": [
        2.79869,
        8.7665,
        4.57603
      ],
      "to": [
        3.79869,
        10.2665,
        5.07603
      ],
      "rotation": {
        "angle": 0,
        "axis": "y",
        "origin": [
          3.29869,
          9.5165,
          4.82603
        ]
      },
      "faces": {
        "north": {
          "uv": [
            10.66667,
            9.33333,
            11.33333,
            10.33333
          ],
          "texture": "#1"
        },
        "south": {
          "uv": [
            10,
            10.66667,
            10.66667,
            11.66667
          ],
          "texture": "#1"
        },
        "west": {
          "uv": [
            4.66667,
            12,
            5,
            13
          ],
          "texture": "#1"
        },
        "up": {
          "uv": [
            10.66667,
            13,
            10,
            12.66667
          ],
          "texture": "#1"
        },
        "down": {
          "uv": [
            13.33333,
            10,
            12.66667,
            10.33333
          ],
          "texture": "#1"
        }
      }
    },
    {
      "from": [
        2.29869,
        9.2665,
        4.33313
      ],
      "to": [
        3.29869,
        9.7665,
        5.33313
      ],
      "rotation": {
        "angle": 45,
        "axis": "y",
        "origin": [
          2.79869,
          9.5165,
          4.83313
        ]
      },
      "faces": {
        "north": {
          "uv": [
            10.66667,
            12.66667,
            11.33333,
            13
          ],
          "texture": "#1"
        },
        "east": {
          "uv": [
            12.66667,
            10.66667,
            13.33333,
            11
          ],
          "texture": "#1"
        },
        "south": {
          "uv": [
            11.33333,
            12.66667,
            12,
            13
          ],
          "texture": "#1"
        },
        "west": {
          "uv": [
            12.66667,
            11.33333,
            13.33333,
            11.66667
          ],
          "texture": "#1"
        },
        "up": {
          "uv": [
            12,
            7.33333,
            11.33333,
            6.66667
          ],
          "texture": "#1"
        },
        "down": {
          "uv": [
            8,
            11.33333,
            7.33333,
            12
          ],
          "texture": "#1"
        }
      }
    },
    {
      "from": [
        8.5,
        8.5165,
        3
      ],
      "to": [
        9,
        10.5165,
        4
      ],
      "rotation": {
        "angle": 0,
        "axis": "y",
        "origin": [
          9.5,
          8.5165,
          3
        ]
      },
      "faces": {
        "north": {
          "uv": [
            5.66667,
            11.33333,
            5.33333,
            12.66667
          ],
          "texture": "#1"
        },
        "east": {
          "uv": [
            10,
            5.33333,
            9.33333,
            6.66667
          ],
          "texture": "#1"
        },
        "south": {
          "uv": [
            11.66667,
            5.33333,
            11.33333,
            6.66667
          ],
          "texture": "#1"
        },
        "west": {
          "uv": [
            10,
            4,
            9.33333,
            5.33333
          ],
          "texture": "#1"
        },
        "up": {
          "uv": [
            12.66667,
            4.66667,
            13,
            4
          ],
          "texture": "#1"
        },
        "down": {
          "uv": [
            5.33333,
            12.66667,
            5.66667,
            13.33333
          ],
          "texture": "#1"
        }
      }
    },
    {
      "from": [
        9,
        8.7665,
        3.25
      ],
      "to": [
        10,
        10.2665,
        3.75
      ],
      "rotation": {
        "angle": 0,
        "axis": "y",
        "origin": [
          10,
          9.5165,
          3.5
        ]
      },
      "faces": {
        "north": {
          "uv": [
            4.66667,
            10.66667,
            4,
            11.66667
          ],
          "texture": "#1"
        },
        "south": {
          "uv": [
            6.66667,
            10.66667,
            6,
            11.66667
          ],
          "texture": "#1"
        },
        "up": {
          "uv": [
            6,
            13,
            6.66667,
            12.66667
          ],
          "texture": "#1"
        },
        "down": {
          "uv": [
            6.66667,
            12.66667,
            7.33333,
            13
          ],
          "texture": "#1"
        }
      }
    },
    {
      "from": [
        9.86627,
        8.7665,
        3.42231
      ],
      "to": [
        10.86627,
        10.2665,
        3.92231
      ],
      "rotation": {
        "angle": -22.5,
        "axis": "y",
        "origin": [
          10.36627,
          9.5165,
          3.67231
        ]
      },
      "faces": {
        "north": {
          "uv": [
            7.33333,
            10.66667,
            6.66667,
            11.66667
          ],
          "texture": "#1"
        },
        "south": {
          "uv": [
            11.33333,
            6.66667,
            10.66667,
            7.66667
          ],
          "texture": "#1"
        },
        "up": {
          "uv": [
            12.66667,
            7,
            13.33333,
            6.66667
          ],
          "texture": "#1"
        },
        "down": {
          "uv": [
            12.66667,
            7.33333,
            13.33333,
            7.66667
          ],
          "texture": "#1"
        }
      }
    },
    {
      "from": [
        11.33504,
        8.7665,
        4.40372
      ],
      "to": [
        12.33504,
        10.2665,
        4.90372
      ],
      "rotation": {
        "angle": -22.5,
        "axis": "y",
        "origin": [
          11.83504,
          9.5165,
          4.65372
        ]
      },
      "faces": {
        "north": {
          "uv": [
            9.33333,
            10.66667,
            8.66667,
            11.66667
          ],
          "texture": "#1"
        },
        "south": {
          "uv": [
            10,
            10.66667,
            9.33333,
            11.66667
          ],
          "texture": "#1"
        },
        "up": {
          "uv": [
            9.33333,
            13,
            10,
            12.66667
          ],
          "texture": "#1"
        },
        "down": {
          "uv": [
            12.66667,
            9.33333,
            13.33333,
            9.66667
          ],
          "texture": "#1"
        }
      }
    },
    {
      "from": [
        10.60066,
        8.7665,
        3.91301
      ],
      "to": [
        11.60066,
        10.2665,
        4.41301
      ],
      "rotation": {
        "angle": -45,
        "axis": "y",
        "origin": [
          11.10066,
          9.5165,
          4.16301
        ]
      },
      "faces": {
        "north": {
          "uv": [
            8.66667,
            10.66667,
            8,
            11.66667
          ],
          "texture": "#1"
        },
        "south": {
          "uv": [
            11.33333,
            8,
            10.66667,
            9
          ],
          "texture": "#1"
        },
        "up": {
          "uv": [
            12.66667,
            8.33333,
            13.33333,
            8
          ],
          "texture": "#1"
        },
        "down": {
          "uv": [
            12.66667,
            8.66667,
            13.33333,
            9
          ],
          "texture": "#1"
        }
      }
    },
    {
      "from": [
        12.20131,
        8.7665,
        4.57603
      ],
      "to": [
        13.20131,
        10.2665,
        5.07603
      ],
      "rotation": {
        "angle": 0,
        "axis": "y",
        "origin": [
          12.70131,
          9.5165,
          4.82603
        ]
      },
      "faces": {
        "north": {
          "uv": [
            11.33333,
            9.33333,
            10.66667,
            10.33333
          ],
          "texture": "#1"
        },
        "east": {
          "uv": [
            5,
            12,
            4.66667,
            13
          ],
          "texture": "#1"
        },
        "south": {
          "uv": [
            10.66667,
            10.66667,
            10,
            11.66667
          ],
          "texture": "#1"
        },
        "up": {
          "uv": [
            10,
            13,
            10.66667,
            12.66667
          ],
          "texture": "#1"
        },
        "down": {
          "uv": [
            12.66667,
            10,
            13.33333,
            10.33333
          ],
          "texture": "#1"
        }
      }
    },
    {
      "from": [
        12.70131,
        9.2665,
        4.33313
      ],
      "to": [
        13.70131,
        9.7665,
        5.33313
      ],
      "rotation": {
        "angle": -45,
        "axis": "y",
        "origin": [
          13.20131,
          9.5165,
          4.83313
        ]
      },
      "faces": {
        "north": {
          "uv": [
            11.33333,
            12.66667,
            10.66667,
            13
          ],
          "texture": "#1"
        },
        "east": {
          "uv": [
            13.33333,
            11.33333,
            12.66667,
            11.66667
          ],
          "texture": "#1"
        },
        "south": {
          "uv": [
            12,
            12.66667,
            11.33333,
            13
          ],
          "texture": "#1"
        },
        "west": {
          "uv": [
            13.33333,
            10.66667,
            12.66667,
            11
          ],
          "texture": "#1"
        },
        "up": {
          "uv": [
            11.33333,
            7.33333,
            12,
            6.66667
          ],
          "texture": "#1"
        },
        "down": {
          "uv": [
            7.33333,
            11.33333,
            8,
            12
          ],
          "texture": "#1"
        }
      }
    },
    {
      "from": [
        2.8,
        9.5155,
        5.04024
      ],
      "to": [
        13.2,
        9.5655,
        9.64024
      ],
      "rotation": {
        "angle": 0,
        "axis": "y",
        "origin": [
          2.8,
          9.5155,
          5.04024
        ]
      },
      "faces": {
        "up": {
          "uv": [
            7,
            3,
            0,
            0
          ],
          "texture": "#1"
        },
        "down": {
          "uv": [
            7,
            0,
            0,
            3
          ],
          "texture": "#1"
        }
      }
    },
    {
      "from": [
        2.8,
        9.5155,
        0.04024
      ],
      "to": [
        6.95,
        9.5655,
        4.64024
      ],
      "rotation": {
        "angle": 0,
        "axis": "y",
        "origin": [
          2.8,
          9.5155,
          0.04024
        ]
      },
      "faces": {
        "up": {
          "uv": [
            2.83333,
            6.33333,
            0,
            3.33333
          ],
          "texture": "#1"
        },
        "down": {
          "uv": [
            2.83333,
            3.33333,
            0,
            6.33333
          ],
          "texture": "#1"
        }
      }
    },
    {
      "from": [
        9.05,
        9.5155,
        0.04024
      ],
      "to": [
        13.2,
        9.5655,
        4.64024
      ],
      "rotation": {
        "angle": 0,
        "axis": "y",
        "origin": [
          13.2,
          9.5155,
          0.04024
        ]
      },
      "faces": {
        "up": {
          "uv": [
            0,
            6.33333,
            2.83333,
            3.33333
          ],
          "texture": "#1"
        },
        "down": {
          "uv": [
            0,
            3.33333,
            2.83333,
            6.33333
          ],
          "texture": "#1"
        }
      }
    },
    {
      "from": [
        7,
        8.29467,
        11.65473
      ],
      "to": [
        9,
        10.04467,
        13.65473
      ],
      "rotation": {
        "angle": 22.5,
        "axis": "x",
        "origin": [
          8,
          9.5165,
          12.14076
        ]
      },
      "faces": {
        "north": {
          "uv": [
            7.33333,
            5.33333,
            8.66667,
            6.5
          ],
          "texture": "#1"
        },
        "east": {
          "uv": [
            6,
            7.33333,
            7.33333,
            8.5
          ],
          "texture": "#1"
        },
        "south": {
          "uv": [
            7.33333,
            6.66667,
            8.66667,
            7.83333
          ],
          "texture": "#1"
        },
        "west": {
          "uv": [
            0,
            8,
            1.33333,
            9.16667
          ],
          "texture": "#1"
        },
        "up": {
          "uv": [
            8.66667,
            1.33333,
            7.33333,
            0
          ],
          "texture": "#1"
        },
        "down": {
          "uv": [
            8.66667,
            1.33333,
            7.33333,
            2.66667
          ],
          "texture": "#1"
        }
      }
    },
    {
      "from": [
        7.25,
        8.29467,
        10.15473
      ],
      "to": [
        8.75,
        9.54467,
        11.65473
      ],
      "rotation": {
        "angle": 22.5,
        "axis": "x",
        "origin": [
          8,
          9.5165,
          12.14076
        ]
      },
      "faces": {
        "north": {
          "uv": [
            9.33333,
            6.66667,
            10.33333,
            7.5
          ],
          "texture": "#1"
        },
        "east": {
          "uv": [
            8,
            9.33333,
            9,
            10.16667
          ],
          "texture": "#1"
        },
        "south": {
          "uv": [
            9.33333,
            8,
            10.33333,
            8.83333
          ],
          "texture": "#1"
        },
        "west": {
          "uv": [
            9.33333,
            9.33333,
            10.33333,
            10.16667
          ],
          "texture": "#1"
        },
        "up": {
          "uv": [
            9,
            9,
            8,
            8
          ],
          "texture": "#1"
        },
        "down": {
          "uv": [
            9.66667,
            0,
            8.66667,
            1
          ],
          "texture": "#1"
        }
      }
    },
    {
      "from": [
        8.475,
        9.46463,
        11.64465
      ],
      "to": [
        9.225,
        10.21463,
        12.64465
      ],
      "rotation": {
        "angle": 0,
        "axis": "x",
        "origin": [
          8,
          9.5165,
          12.14076
        ]
      },
      "faces": {
        "north": {
          "uv": [
            12,
            6.66667,
            12.5,
            7.16667
          ],
          "texture": "#1"
        },
        "east": {
          "uv": [
            10.66667,
            11.33333,
            11.33333,
            11.83333
          ],
          "texture": "#1"
        },
        "south": {
          "uv": [
            12,
            8.66667,
            12.5,
            9.16667
          ],
          "texture": "#1"
        },
        "west": {
          "uv": [
            11.33333,
            11.33333,
            12,
            11.83333
          ],
          "texture": "#1"
        },
        "up": {
          "uv": [
            0.5,
            12.66667,
            0,
            12
          ],
          "texture": "#1"
        },
        "down": {
          "uv": [
            12.5,
            0,
            12,
            0.66667
          ],
          "texture": "#1"
        }
      }
    },
    {
      "from": [
        8.48,
        9.61645,
        12.0034
      ],
      "to": [
        9.22,
        10.36645,
        13.0034
      ],
      "rotation": {
        "angle": 45,
        "axis": "x",
        "origin": [
          8,
          9.5165,
          12.14076
        ]
      },
      "faces": {
        "north": {
          "uv": [
            9.33333,
            12,
            9.83333,
            12.5
          ],
          "texture": "#1"
        },
        "east": {
          "uv": [
            0.66667,
            12,
            1.33333,
            12.5
          ],
          "texture": "#1"
        },
        "south": {
          "uv": [
            12,
            9.33333,
            12.5,
            9.83333
          ],
          "texture": "#1"
        },
        "west": {
          "uv": [
            12,
            0.66667,
            12.66667,
            1.16667
          ],
          "texture": "#1"
        },
        "up": {
          "uv": [
            1.83333,
            12.66667,
            1.33333,
            12
          ],
          "texture": "#1"
        },
        "down": {
          "uv": [
            12.5,
            1.33333,
            12,
            2
          ],
          "texture": "#1"
        }
      }
    },
    {
      "from": [
        8.5,
        8.75538,
        12.98004
      ],
      "to": [
        9.5,
        9.75538,
        13.98004
      ],
      "rotation": {
        "angle": 0,
        "axis": "x",
        "origin": [
          8,
          9.5165,
          12.14076
        ]
      },
      "faces": {
        "north": {
          "uv": [
            10.66667,
            0.66667,
            11.33333,
            1.33333
          ],
          "texture": "#1"
        },
        "east": {
          "uv": [
            10.66667,
            3.33333,
            11.33333,
            4
          ],
          "texture": "#1"
        },
        "south": {
          "uv": [
            10.66667,
            10.66667,
            11.33333,
            11.33333
          ],
          "texture": "#1"
        },
        "west": {
          "uv": [
            0,
            11.33333,
            0.66667,
            12
          ],
          "texture": "#1"
        },
        "up": {
          "uv": [
            1.33333,
            12,
            0.66667,
            11.33333
          ],
          "texture": "#1"
        },
        "down": {
          "uv": [
            12,
            0.66667,
            11.33333,
            1.33333
          ],
          "texture": "#1"
        }
      }
    },
    {
      "from": [
        8.61,
        8.16507,
        13.56205
      ],
      "to": [
        9.39,
        8.94507,
        14.34205
      ],
      "rotation": {
        "angle": -22.5,
        "axis": "x",
        "origin": [
          8,
          9.5165,
          12.14076
        ]
      },
      "faces": {
        "north": {
          "uv": [
            10,
            12,
            10.5,
            12.5
          ],
          "texture": "#1"
        },
        "east": {
          "uv": [
            12,
            10,
            12.5,
            10.5
          ],
          "texture": "#1"
        },
        "south": {
          "uv": [
            10.66667,
            12,
            11.16667,
            12.5
          ],
          "texture": "#1"
        },
        "west": {
          "uv": [
            12,
            10.66667,
            12.5,
            11.16667
          ],
          "texture": "#1"
        },
        "up": {
          "uv": [
            11.83333,
            12.5,
            11.33333,
            12
          ],
          "texture": "#1"
        },
        "down": {
          "uv": [
            12.5,
            11.33333,
            12,
            11.83333
          ],
          "texture": "#1"
        }
      }
    },
    {
      "from": [
        8.7036,
        11.02665,
        13.57033
      ],
      "to": [
        9.2964,
        11.61945,
        14.16313
      ],
      "rotation": {
        "angle": 45,
        "axis": "x",
        "origin": [
          8,
          9.5165,
          12.14076
        ]
      },
      "faces": {
        "north": {
          "uv": [
            13.33333,
            0.66667,
            13.66667,
            1
          ],
          "texture": "#1"
        },
        "east": {
          "uv": [
            1.33333,
            13.33333,
            1.66667,
            13.66667
          ],
          "texture": "#1"
        },
        "south": {
          "uv": [
            13.33333,
            1.33333,
            13.66667,
            1.66667
          ],
          "texture": "#1"
        },
        "west": {
          "uv": [
            2,
            13.33333,
            2.33333,
            13.66667
          ],
          "texture": "#1"
        },
        "up": {
          "uv": [
            13.66667,
            2.33333,
            13.33333,
            2
          ],
          "texture": "#1"
        },
        "down": {
          "uv": [
            3,
            13.33333,
            2.66667,
            13.66667
          ],
          "texture": "#1"
        }
      }
    },
    {
      "from": [
        8.78659,
        10.69094,
        14.31788
      ],
      "to": [
        9.21341,
        11.11776,
        14.7447
      ],
      "rotation": {
        "angle": 22.5,
        "axis": "x",
        "origin": [
          8,
          9.5165,
          12.14076
        ]
      },
      "faces": {
        "north": {
          "uv": [
            13.33333,
            2.66667,
            13.66667,
            3
          ],
          "texture": "#1"
        },
        "east": {
          "uv": [
            3.33333,
            13.33333,
            3.66667,
            13.66667
          ],
          "texture": "#1"
        },
        "south": {
          "uv": [
            13.33333,
            3.33333,
            13.66667,
            3.66667
          ],
          "texture": "#1"
        },
        "west": {
          "uv": [
            4,
            13.33333,
            4.33333,
            13.66667
          ],
          "texture": "#1"
        },
        "up": {
          "uv": [
            13.66667,
            4.33333,
            13.33333,
            4
          ],
          "texture": "#1"
        },
        "down": {
          "uv": [
            5,
            13.33333,
            4.66667,
            13.66667
          ],
          "texture": "#1"
        }
      }
    },
    {
      "from": [
        6.775,
        9.46463,
        11.64465
      ],
      "to": [
        7.525,
        10.21463,
        12.64465
      ],
      "rotation": {
        "angle": 0,
        "axis": "x",
        "origin": [
          8,
          9.5165,
          12.14076
        ]
      },
      "faces": {
        "north": {
          "uv": [
            12,
            12,
            12.5,
            12.5
          ],
          "texture": "#1"
        },
        "east": {
          "uv": [
            2,
            12,
            2.66667,
            12.5
          ],
          "texture": "#1"
        },
        "south": {
          "uv": [
            0,
            12.66667,
            0.5,
            13.16667
          ],
          "texture": "#1"
        },
        "west": {
          "uv": [
            12,
            2,
            12.66667,
            2.5
          ],
          "texture": "#1"
        },
        "up": {
          "uv": [
            3.16667,
            12.66667,
            2.66667,
            12
          ],
          "texture": "#1"
        },
        "down": {
          "uv": [
            12.5,
            2.66667,
            12,
            3.33333
          ],
          "texture": "#1"
        }
      }
    },
    {
      "from": [
        6.78,
        9.61645,
        12.0034
      ],
      "to": [
        7.52,
        10.36645,
        13.0034
      ],
      "rotation": {
        "angle": 45,
        "axis": "x",
        "origin": [
          8,
          9.5165,
          12.14076
        ]
      },
      "faces": {
        "north": {
          "uv": [
            12.66667,
            0,
            13.16667,
            0.5
          ],
          "texture": "#1"
        },
        "east": {
          "uv": [
            3.33333,
            12,
            4,
            12.5
          ],
          "texture": "#1"
        },
        "south": {
          "uv": [
            0.66667,
            12.66667,
            1.16667,
            13.16667
          ],
          "texture": "#1"
        },
        "west": {
          "uv": [
            12,
            3.33333,
            12.66667,
            3.83333
          ],
          "texture": "#1"
        },
        "up": {
          "uv": [
            4.5,
            12.66667,
            4,
            12
          ],
          "texture": "#1"
        },
        "down": {
          "uv": [
            12.5,
            4,
            12,
            4.66667
          ],
          "texture": "#1"
        }
      }
    },
    {
      "from": [
        6.5,
        8.75538,
        12.98004
      ],
      "to": [
        7.5,
        9.75538,
        13.98004
      ],
      "rotation": {
        "angle": 0,
        "axis": "x",
        "origin": [
          8,
          9.5165,
          12.14076
        ]
      },
      "faces": {
        "north": {
          "uv": [
            1.33333,
            11.33333,
            2,
            12
          ],
          "texture": "#1"
        },
        "east": {
          "uv": [
            11.33333,
            1.33333,
            12,
            2
          ],
          "texture": "#1"
        },
        "south": {
          "uv": [
            2,
            11.33333,
            2.66667,
            12
          ],
          "texture": "#1"
        },
        "west": {
          "uv": [
            11.33333,
            2,
            12,
            2.66667
          ],
          "texture": "#1"
        },
        "up": {
          "uv": [
            3.33333,
            12,
            2.66667,
            11.33333
          ],
          "texture": "#1"
        },
        "down": {
          "uv": [
            12,
            2.66667,
            11.33333,
            3.33333
          ],
          "texture": "#1"
        }
      }
    },
    {
      "from": [
        6.61,
        8.16507,
        13.56205
      ],
      "to": [
        7.39,
        8.94507,
        14.34205
      ],
      "rotation": {
        "angle": -22.5,
        "axis": "x",
        "origin": [
          8,
          9.5165,
          12.14076
        ]
      },
      "faces": {
        "north": {
          "uv": [
            12.66667,
            0.66667,
            13.16667,
            1.16667
          ],
          "texture": "#1"
        },
        "east": {
          "uv": [
            1.33333,
            12.66667,
            1.83333,
            13.16667
          ],
          "texture": "#1"
        },
        "south": {
          "uv": [
            12.66667,
            1.33333,
            13.16667,
            1.83333
          ],
          "texture": "#1"
        },
        "west": {
          "uv": [
            2,
            12.66667,
            2.5,
            13.16667
          ],
          "texture": "#1"
        },
        "up": {
          "uv": [
            13.16667,
            2.5,
            12.66667,
            2
          ],
          "texture": "#1"
        },
        "down": {
          "uv": [
            3.16667,
            12.66667,
            2.66667,
            13.16667
          ],
          "texture": "#1"
        }
      }
    },
    {
      "from": [
        6.7036,
        11.02665,
        13.57033
      ],
      "to": [
        7.2964,
        11.61945,
        14.16313
      ],
      "rotation": {
        "angle": 45,
        "axis": "x",
        "origin": [
          8,
          9.5165,
          12.14076
        ]
      },
      "faces": {
        "north": {
          "uv": [
            13.33333,
            4.66667,
            13.66667,
            5
          ],
          "texture": "#1"
        },
        "east": {
          "uv": [
            5.33333,
            13.33333,
            5.66667,
            13.66667
          ],
          "texture": "#1"
        },
        "south": {
          "uv": [
            13.33333,
            5.33333,
            13.66667,
            5.66667
          ],
          "texture": "#1"
        },
        "west": {
          "uv": [
            6,
            13.33333,
            6.33333,
            13.66667
          ],
          "texture": "#1"
        },
        "up": {
          "uv": [
            13.66667,
            6.33333,
            13.33333,
            6
          ],
          "texture": "#1"
        },
        "down": {
          "uv": [
            7,
            13.33333,
            6.66667,
            13.66667
          ],
          "texture": "#1"
        }
      }
    },
    {
      "from": [
        6.78659,
        10.69094,
        14.31788
      ],
      "to": [
        7.21341,
        11.11776,
        14.7447
      ],
      "rotation": {
        "angle": 22.5,
        "axis": "x",
        "origin": [
          8,
          9.5165,
          12.14076
        ]
      },
      "faces": {
        "north": {
          "uv": [
            13.33333,
            6.66667,
            13.66667,
            7
          ],
          "texture": "#1"
        },
        "east": {
          "uv": [
            7.33333,
            13.33333,
            7.66667,
            13.66667
          ],
          "texture": "#1"
        },
        "south": {
          "uv": [
            13.33333,
            7.33333,
            13.66667,
            7.66667
          ],
          "texture": "#1"
        },
        "west": {
          "uv": [
            8,
            13.33333,
            8.33333,
            13.66667
          ],
          "texture": "#1"
        },
        "up": {
          "uv": [
            13.66667,
            8.33333,
            13.33333,
            8
          ],
          "texture": "#1"
        },
        "down": {
          "uv": [
            9,
            13.33333,
            8.66667,
            13.66667
          ],
          "texture": "#1"
        }
      }
    },
    {
      "from": [
        7.7246,
        10.57422,
        10.57362
      ],
      "to": [
        8.2754,
        11.12502,
        11.12442
      ],
      "rotation": {
        "angle": -22.5,
        "axis": "x",
        "origin": [
          8,
          9.5165,
          12.14076
        ]
      },
      "faces": {
        "north": {
          "uv": [
            13.33333,
            8.66667,
            13.66667,
            9
          ],
          "texture": "#1"
        },
        "east": {
          "uv": [
            9.33333,
            13.33333,
            9.66667,
            13.66667
          ],
          "texture": "#1"
        },
        "south": {
          "uv": [
            13.33333,
            9.33333,
            13.66667,
            9.66667
          ],
          "texture": "#1"
        },
        "west": {
          "uv": [
            10,
            13.33333,
            10.33333,
            13.66667
          ],
          "texture": "#1"
        },
        "up": {
          "uv": [
            13.66667,
            10.33333,
            13.33333,
            10
          ],
          "texture": "#1"
        },
        "down": {
          "uv": [
            11,
            13.33333,
            10.66667,
            13.66667
          ],
          "texture": "#1"
        }
      }
    },
    {
      "from": [
        7.78519,
        10.15338,
        10.59355
      ],
      "to": [
        8.21481,
        10.58301,
        11.02317
      ],
      "rotation": {
        "angle": 0,
        "axis": "x",
        "origin": [
          8,
          9.5165,
          12.14076
        ]
      },
      "faces": {
        "north": {
          "uv": [
            13.33333,
            10.66667,
            13.66667,
            11
          ],
          "texture": "#1"
        },
        "east": {
          "uv": [
            11.33333,
            13.33333,
            11.66667,
            13.66667
          ],
          "texture": "#1"
        },
        "south": {
          "uv": [
            13.33333,
            11.33333,
            13.66667,
            11.66667
          ],
          "texture": "#1"
        },
        "west": {
          "uv": [
            12,
            13.33333,
            12.33333,
            13.66667
          ],
          "texture": "#1"
        },
        "up": {
          "uv": [
            13.66667,
            12.33333,
            13.33333,
            12
          ],
          "texture": "#1"
        },
        "down": {
          "uv": [
            13,
            13.33333,
            12.66667,
            13.66667
          ],
          "texture": "#1"
        }
      }
    },
    {
      "from": [
        7.83674,
        9.70984,
        10.69658
      ],
      "to": [
        8.16326,
        10.03635,
        11.02309
      ],
      "rotation": {
        "angle": 22.5,
        "axis": "x",
        "origin": [
          8,
          9.5165,
          12.14076
        ]
      },
      "faces": {
        "north": {
          "uv": [
            14,
            0.66667,
            14.16667,
            0.83333
          ],
          "texture": "#1"
        },
        "east": {
          "uv": [
            1.33333,
            14,
            1.5,
            14.16667
          ],
          "texture": "#1"
        },
        "south": {
          "uv": [
            14,
            1.33333,
            14.16667,
            1.5
          ],
          "texture": "#1"
        },
        "west": {
          "uv": [
            2,
            14,
            2.16667,
            14.16667
          ],
          "texture": "#1"
        },
        "up": {
          "uv": [
            14.16667,
            2.16667,
            14,
            2
          ],
          "texture": "#1"
        },
        "down": {
          "uv": [
            2.83333,
            14,
            2.66667,
            14.16667
          ],
          "texture": "#1"
        }
      }
    },
    {
      "from": [
        7.88245,
        9.29585,
        10.91226
      ],
      "to": [
        8.11755,
        9.53094,
        11.14735
      ],
      "rotation": {
        "angle": 45,
        "axis": "x",
        "origin": [
          8,
          9.5165,
          12.14076
        ]
      },
      "faces": {
        "north": {
          "uv": [
            14,
            2.66667,
            14.16667,
            2.83333
          ],
          "texture": "#1"
        },
        "east": {
          "uv": [
            3.33333,
            14,
            3.5,
            14.16667
          ],
          "texture": "#1"
        },
        "south": {
          "uv": [
            14,
            3.33333,
            14.16667,
            3.5
          ],
          "texture": "#1"
        },
        "west": {
          "uv": [
            4,
            14,
            4.16667,
            14.16667
          ],
          "texture": "#1"
        },
        "up": {
          "uv": [
            14.16667,
            4.16667,
            14,
            4
          ],
          "texture": "#1"
        },
        "down": {
          "uv": [
            4.83333,
            14,
            4.66667,
            14.16667
          ],
          "texture": "#1"
        }
      }
    },
    {
      "from": [
        8.65,
        7.54467,
        10.25473
      ],
      "to": [
        8.65,
        8.29467,
        12.25473
      ],
      "rotation": {
        "angle": 22.5,
        "axis": "x",
        "origin": [
          8,
          9.5165,
          12.14076
        ]
      },
      "faces": {
        "north": {
          "uv": [
            0,
            0,
            0,
            0.5
          ],
          "texture": "#1"
        },
        "east": {
          "uv": [
            10,
            1.33333,
            11.33333,
            1.83333
          ],
          "texture": "#1"
        },
        "south": {
          "uv": [
            0,
            0,
            0,
            0.5
          ],
          "texture": "#1"
        },
        "west": {
          "uv": [
            10,
            5.33333,
            11.33333,
            5.83333
          ],
          "texture": "#1"
        },
        "up": {
          "uv": [
            0,
            1.33333,
            0,
            0
          ],
          "texture": "#1"
        },
        "down": {
          "uv": [
            0,
            0,
            0,
            1.33333
          ],
          "texture": "#1"
        }
      }
    },
    {
      "from": [
        7.35,
        7.54467,
        10.25473
      ],
      "to": [
        7.35,
        8.29467,
        12.25473
      ],
      "rotation": {
        "angle": 22.5,
        "axis": "x",
        "origin": [
          8,
          9.5165,
          12.14076
        ]
      },
      "faces": {
        "north": {
          "uv": [
            0,
            0,
            0,
            0.5
          ],
          "texture": "#1"
        },
        "east": {
          "uv": [
            6,
            10,
            7.33333,
            10.5
          ],
          "texture": "#1"
        },
        "south": {
          "uv": [
            0,
            0,
            0,
            0.5
          ],
          "texture": "#1"
        },
        "west": {
          "uv": [
            10,
            6,
            11.33333,
            6.5
          ],
          "texture": "#1"
        },
        "up": {
          "uv": [
            0,
            1.33333,
            0,
            0
          ],
          "texture": "#1"
        },
        "down": {
          "uv": [
            0,
            0,
            0,
            1.33333
          ],
          "texture": "#1"
        }
      }
    },
    {
      "from": [
        7.351,
        7.54468,
        10.25473
      ],
      "to": [
        8.651,
        8.29468,
        10.25473
      ],
      "rotation": {
        "angle": 22.5,
        "axis": "x",
        "origin": [
          8,
          9.5165,
          12.14076
        ]
      },
      "faces": {
        "north": {
          "uv": [
            11.33333,
            7.33333,
            12.16667,
            7.83333
          ],
          "texture": "#1"
        },
        "east": {
          "uv": [
            0,
            0,
            0,
            0.5
          ],
          "texture": "#1"
        },
        "south": {
          "uv": [
            11.33333,
            8,
            12.16667,
            8.5
          ],
          "texture": "#1"
        },
        "west": {
          "uv": [
            0,
            0,
            0,
            0.5
          ],
          "texture": "#1"
        },
        "up": {
          "uv": [
            0.83333,
            0,
            0,
            0
          ],
          "texture": "#1"
        },
        "down": {
          "uv": [
            0.83333,
            0,
            0,
            0
          ],
          "texture": "#1"
        }
      }
    },
    {
      "from": [
        6.5,
        10.08147,
        10.23404
      ],
      "to": [
        7.25,
        10.08147,
        11.23404
      ],
      "rotation": {
        "angle": 0,
        "axis": "x",
        "origin": [
          8,
          9.56021,
          11.60051
        ]
      },
      "faces": {
        "up": {
          "uv": [
            0,
            11.01667,
            4,
            7.91667
          ],
          "rotation": 90,
          "texture": "#2"
        },
        "down": {
          "uv": [
            4,
            11.01667,
            0,
            7.91667
          ],
          "rotation": 90,
          "texture": "#2"
        }
      }
    },
    {
      "from": [
        5.5,
        9.03895,
        11.46699
      ],
      "to": [
        7,
        9.03895,
        13.46699
      ],
      "rotation": {
        "angle": 0,
        "axis": "x",
        "origin": [
          8,
          9.56021,
          11.60051
        ]
      },
      "faces": {
        "up": {
          "uv": [
            0,
            6,
            8,
            0
          ],
          "rotation": 90,
          "texture": "#2"
        },
        "down": {
          "uv": [
            8,
            6,
            0,
            0
          ],
          "rotation": 90,
          "texture": "#2"
        }
      }
    },
    {
      "from": [
        8.75,
        10.08147,
        10.23404
      ],
      "to": [
        9.5,
        10.08147,
        11.23404
      ],
      "rotation": {
        "angle": 0,
        "axis": "x",
        "origin": [
          8,
          9.56021,
          11.60051
        ]
      },
      "faces": {
        "up": {
          "uv": [
            0,
            7.91667,
            4,
            11.01667
          ],
          "rotation": 90,
          "texture": "#2"
        },
        "down": {
          "uv": [
            4,
            7.91667,
            0,
            11.01667
          ],
          "rotation": 90,
          "texture": "#2"
        }
      }
    },
    {
      "from": [
        9,
        9.03895,
        11.46699
      ],
      "to": [
        10.5,
        9.03895,
        13.46699
      ],
      "rotation": {
        "angle": 0,
        "axis": "x",
        "origin": [
          8,
          9.56021,
          11.60051
        ]
      },
      "faces": {
        "up": {
          "uv": [
            0,
            0,
            8,
            6
          ],
          "rotation": 90,
          "texture": "#2"
        },
        "down": {
          "uv": [
            8,
            0,
            0,
            6
          ],
          "rotation": 90,
          "texture": "#2"
        }
      }
    }
  ],
  "gui_light": "front",
  "display": {
    "thirdperson_righthand": {
      "translation": [
        0,
        0,
        0.75
      ]
    },
    "thirdperson_lefthand": {
      "translation": [
        0,
        0,
        0.75
      ]
    },
    "firstperson_righthand": {
      "translation": [
        -4.25,
        3.25,
        3.25
      ]
    },
    "firstperson_lefthand": {
      "translation": [
        -4.25,
        3.25,
        3.25
      ]
    },
    "ground": {
      "rotation": [
        40,
        0,
        0
      ],
      "translation": [
        0,
        6.25,
        0
      ]
    },
    "gui": {
      "rotation": [
        90,
        45,
        0
      ],
      "translation": [
        1.25,
        -1.25,
        0
      ],
      "scale": [
        1.22461,
        1.22461,
        1.22461
      ]
    },
    "head": {
      "scale": [
        1.5,
        1.5,
        1.5
      ],
      "rotation": [
        -45,
        180,
        0
      ]
    },
    "fixed": {
      "rotation": [
        -90,
        0,
        0
      ],
      "translation": [
        0,
        0,
        -1.5
      ],
      "scale": [
        2.5,
        2.5,
        2.5
      ]
    }
  },
  "groups": [
    0,
    1,
    2,
    3,
    4,
    5,
    6,
    7,
    8,
    9,
    10,
    11,
    12,
    13,
    14,
    15,
    16,
    17,
    18,
    19,
    20,
    21,
    22,
    23,
    24,
    25,
    26,
    27,
    28,
    29,
    {
      "name": "group",
      "origin": [
        8,
        9.5165,
        12.14076
      ],
      "color": 0,
      "children": [
        30,
        31,
        32,
        33,
        34,
        35,
        36,
        37,
        38,
        39,
        40,
        41,
        42,
        43,
        44,
        45,
        46,
        47,
        48,
        49,
        50
      ]
    },
    {
      "name": "group",
      "origin": [
        8,
        15.15,
        5.50165
      ],
      "color": 0,
      "children": [
        51,
        52,
        53,
        54
      ]
    }
  ]
}