{"credit":"MadebyPolygonMC","texture_size":[4,4],"textures":{"2":"dragonsoulset:animations/animations_1","3":"dragonsoulset:sword"},"elements":[{"from":[7,7.02817,4.31397],"to":[9,8.77817,6.31397],"rotation":{"angle":-22.5,"axis":"x","origin":[8,8.25,4.8]},"faces":{"north":{"uv":[8,4.57143,9.14286,5.57143],"texture":"#3"},"east":{"uv":[5.71429,8,6.85714,9],"texture":"#3"},"south":{"uv":[8,5.71429,9.14286,6.71429],"texture":"#3"},"west":{"uv":[9.14286,0,10.28571,1],"texture":"#3"},"up":{"uv":[9.14286,1.14286,8,0],"texture":"#3"},"down":{"uv":[9.14286,1.14286,8,2.28571],"texture":"#3"}}},{"from":[7.25,7.02817,2.81397],"to":[8.75,8.27817,4.31397],"rotation":{"angle":-22.5,"axis":"x","origin":[8,8.25,4.8]},"faces":{"north":{"uv":[5.14286,10.28571,6,11],"texture":"#3"},"east":{"uv":[6.28571,10.28571,7.14286,11],"texture":"#3"},"west":{"uv":[10.28571,6.28571,11.14286,7],"texture":"#3"},"up":{"uv":[10,7.71429,9.14286,6.85714],"texture":"#3"},"down":{"uv":[8.28571,9.14286,7.42857,10],"texture":"#3"}}},{"from":[8.475,8.19813,4.30388],"to":[9.225,8.94813,5.30388],"rotation":{"angle":-45,"axis":"x","origin":[8,8.25,4.8]},"faces":{"north":{"uv":[8.57143,12.57143,9,13],"texture":"#3"},"east":{"uv":[12.57143,1.14286,13.14286,1.57143],"texture":"#3"},"south":{"uv":[0,13.14286,0.42857,13.57143],"texture":"#3"},"west":{"uv":[12.57143,1.71429,13.14286,2.14286],"texture":"#3"},"up":{"uv":[2.71429,13.14286,2.28571,12.57143],"texture":"#3"},"down":{"uv":[13,2.28571,12.57143,2.85714],"texture":"#3"}}},{"from":[8.48,8.34994,4.66264],"to":[9.22,9.09994,5.66264],"rotation":{"angle":0,"axis":"z","origin":[8,8.25,4.8]},"faces":{"north":{"uv":[13.14286,0,13.57143,0.42857],"texture":"#3"},"east":{"uv":[2.85714,12.57143,3.42857,13],"texture":"#3"},"south":{"uv":[0.57143,13.14286,1,13.57143],"texture":"#3"},"west":{"uv":[12.57143,2.85714,13.14286,3.28571],"texture":"#3"},"up":{"uv":[13,4,12.57143,3.42857],"texture":"#3"},"down":{"uv":[13,4,12.57143,4.57143],"texture":"#3"}}},{"from":[8.5,7.48888,5.63927],"to":[9.5,8.48888,6.63927],"rotation":{"angle":-45,"axis":"x","origin":[8,8.25,4.8]},"faces":{"north":{"uv":[11.42857,12,12,12.57143],"texture":"#3"},"east":{"uv":[12,11.42857,12.57143,12],"texture":"#3"},"south":{"uv":[12,12,12.57143,12.57143],"texture":"#3"},"west":{"uv":[0,12.57143,0.57143,13.14286],"texture":"#3"},"up":{"uv":[13.14286,0.57143,12.57143,0],"texture":"#3"},"down":{"uv":[1.14286,12.57143,0.57143,13.14286],"texture":"#3"}}},{"from":[8.61,9.67128,5.37144],"to":[9.39,10.45128,6.15144],"rotation":{"angle":22.5,"axis":"x","origin":[8,8.25,4.8]},"faces":{"north":{"uv":[13.14286,4.57143,13.57143,5],"texture":"#3"},"east":{"uv":[5.14286,13.14286,5.57143,13.57143],"texture":"#3"},"south":{"uv":[13.14286,5.14286,13.57143,5.57143],"texture":"#3"},"west":{"uv":[5.71429,13.14286,6.14286,13.57143],"texture":"#3"},"up":{"uv":[13.57143,6.14286,13.14286,5.71429],"texture":"#3"},"down":{"uv":[6.71429,13.14286,6.28571,13.57143],"texture":"#3"}}},{"from":[8.7036,9.76014,6.22957],"to":[9.2964,10.35294,6.82237],"rotation":{"angle":0,"axis":"z","origin":[8,8.25,4.8]},"faces":{"north":{"uv":[13.71429,7.42857,14,7.71429],"texture":"#3"},"east":{"uv":[8,13.71429,8.28571,14],"texture":"#3"},"south":{"uv":[13.71429,8,14,8.28571],"texture":"#3"},"west":{"uv":[8.57143,13.71429,8.85714,14],"texture":"#3"},"up":{"uv":[14,8.85714,13.71429,8.57143],"texture":"#3"},"down":{"uv":[9.42857,13.71429,9.14286,14],"texture":"#3"}}},{"from":[8.78659,9.42444,6.97712],"to":[9.21341,9.85126,7.40394],"rotation":{"angle":-22.5,"axis":"x","origin":[8,8.25,4.8]},"faces":{"north":{"uv":[13.71429,5.71429,14,6],"texture":"#3"},"east":{"uv":[6.28571,13.71429,6.57143,14],"texture":"#3"},"south":{"uv":[13.71429,6.28571,14,6.57143],"texture":"#3"},"west":{"uv":[6.85714,13.71429,7.14286,14],"texture":"#3"},"up":{"uv":[14,7.14286,13.71429,6.85714],"texture":"#3"},"down":{"uv":[7.71429,13.71429,7.42857,14],"texture":"#3"}}},{"from":[6.775,8.19813,4.30388],"to":[7.525,8.94813,5.30388],"rotation":{"angle":-45,"axis":"x","origin":[8,8.25,4.8]},"faces":{"north":{"uv":[13.14286,3.42857,13.57143,3.85714],"texture":"#3"},"east":{"uv":[12.57143,6.28571,13.14286,6.71429],"texture":"#3"},"south":{"uv":[4,13.14286,4.42857,13.57143],"texture":"#3"},"west":{"uv":[12.57143,6.85714,13.14286,7.28571],"texture":"#3"},"up":{"uv":[7.85714,13.14286,7.42857,12.57143],"texture":"#3"},"down":{"uv":[13,7.42857,12.57143,8],"texture":"#3"}}},{"from":[6.78,8.34994,4.66264],"to":[7.52,9.09994,5.66264],"rotation":{"angle":0,"axis":"z","origin":[8,8.25,4.8]},"faces":{"north":{"uv":[2.85714,13.14286,3.28571,13.57143],"texture":"#3"},"east":{"uv":[4.57143,12.57143,5.14286,13],"texture":"#3"},"south":{"uv":[13.14286,2.85714,13.57143,3.28571],"texture":"#3"},"west":{"uv":[12.57143,4.57143,13.14286,5],"texture":"#3"},"up":{"uv":[13,5.71429,12.57143,5.14286],"texture":"#3"},"down":{"uv":[13,5.71429,12.57143,6.28571],"texture":"#3"}}},{"from":[6.5,7.48888,5.63927],"to":[7.5,8.48888,6.63927],"rotation":{"angle":-45,"axis":"x","origin":[8,8.25,4.8]},"faces":{"north":{"uv":[11.42857,9.14286,12,9.71429],"texture":"#3"},"east":{"uv":[11.42857,9.71429,12,10.28571],"texture":"#3"},"south":{"uv":[11.42857,11.42857,12,12],"texture":"#3"},"west":{"uv":[0,12,0.57143,12.57143],"texture":"#3"},"up":{"uv":[12.57143,0.57143,12,0],"texture":"#3"},"down":{"uv":[1.14286,12,0.57143,12.57143],"texture":"#3"}}},{"from":[6.61,9.67128,5.37144],"to":[7.39,10.45128,6.15144],"rotation":{"angle":22.5,"axis":"x","origin":[8,8.25,4.8]},"faces":{"north":{"uv":[1.14286,13.14286,1.57143,13.57143],"texture":"#3"},"east":{"uv":[13.14286,1.14286,13.57143,1.57143],"texture":"#3"},"south":{"uv":[1.71429,13.14286,2.14286,13.57143],"texture":"#3"},"west":{"uv":[13.14286,1.71429,13.57143,2.14286],"texture":"#3"},"up":{"uv":[2.71429,13.57143,2.28571,13.14286],"texture":"#3"},"down":{"uv":[13.57143,2.28571,13.14286,2.71429],"texture":"#3"}}},{"from":[6.7036,9.76014,6.22957],"to":[7.2964,10.35294,6.82237],"rotation":{"angle":0,"axis":"z","origin":[8,8.25,4.8]},"faces":{"north":{"uv":[13.71429,4,14,4.28571],"texture":"#3"},"east":{"uv":[4.57143,13.71429,4.85714,14],"texture":"#3"},"south":{"uv":[13.71429,4.57143,14,4.85714],"texture":"#3"},"west":{"uv":[5.14286,13.71429,5.42857,14],"texture":"#3"},"up":{"uv":[14,5.42857,13.71429,5.14286],"texture":"#3"},"down":{"uv":[6,13.71429,5.71429,14],"texture":"#3"}}},{"from":[6.78659,9.42444,6.97712],"to":[7.21341,9.85126,7.40394],"rotation":{"angle":-22.5,"axis":"x","origin":[8,8.25,4.8]},"faces":{"north":{"uv":[2.28571,13.71429,2.57143,14],"texture":"#3"},"east":{"uv":[13.71429,2.28571,14,2.57143],"texture":"#3"},"south":{"uv":[2.85714,13.71429,3.14286,14],"texture":"#3"},"west":{"uv":[13.71429,2.85714,14,3.14286],"texture":"#3"},"up":{"uv":[14,3.71429,13.71429,3.42857],"texture":"#3"},"down":{"uv":[4.28571,13.71429,4,14],"texture":"#3"}}},{"from":[7.7246,6.68285,3.19149],"to":[8.2754,7.23365,3.74229],"rotation":{"angle":22.5,"axis":"x","origin":[8,8.25,4.8]},"faces":{"north":{"uv":[0.57143,13.71429,0.85714,14],"texture":"#3"},"east":{"uv":[13.71429,0.57143,14,0.85714],"texture":"#3"},"south":{"uv":[1.14286,13.71429,1.42857,14],"texture":"#3"},"west":{"uv":[13.71429,1.14286,14,1.42857],"texture":"#3"},"up":{"uv":[2,14,1.71429,13.71429],"texture":"#3"},"down":{"uv":[14,1.71429,13.71429,2],"texture":"#3"}}},{"from":[7.78519,8.88688,3.25278],"to":[8.21481,9.31651,3.6824],"rotation":{"angle":-45,"axis":"x","origin":[8,8.25,4.8]},"faces":{"north":{"uv":[11.42857,13.14286,11.71429,13.42857],"texture":"#3"},"east":{"uv":[12,13.14286,12.28571,13.42857],"texture":"#3"},"south":{"uv":[12.57143,13.14286,12.85714,13.42857],"texture":"#3"},"west":{"uv":[13.14286,13.14286,13.42857,13.42857],"texture":"#3"},"up":{"uv":[0.28571,14,0,13.71429],"texture":"#3"},"down":{"uv":[14,0,13.71429,0.28571],"texture":"#3"}}},{"from":[7.83674,8.44334,3.35582],"to":[8.16326,8.76985,3.68233],"rotation":{"angle":-22.5,"axis":"x","origin":[8,8.25,4.8]},"faces":{"north":{"uv":[13.71429,10.85714,13.85714,11],"texture":"#3"},"east":{"uv":[11.42857,13.71429,11.57143,13.85714],"texture":"#3"},"south":{"uv":[13.71429,11.42857,13.85714,11.57143],"texture":"#3"},"west":{"uv":[12,13.71429,12.14286,13.85714],"texture":"#3"},"up":{"uv":[13.85714,12.14286,13.71429,12],"texture":"#3"},"down":{"uv":[12.71429,13.71429,12.57143,13.85714],"texture":"#3"}}},{"from":[7.88245,8.02934,3.5715],"to":[8.11755,8.26443,3.80659],"rotation":{"angle":0,"axis":"z","origin":[8,8.25,4.8]},"faces":{"north":{"uv":[13.71429,9.14286,13.85714,9.28571],"texture":"#3"},"east":{"uv":[9.71429,13.71429,9.85714,13.85714],"texture":"#3"},"south":{"uv":[13.71429,9.71429,13.85714,9.85714],"texture":"#3"},"west":{"uv":[10.28571,13.71429,10.42857,13.85714],"texture":"#3"},"up":{"uv":[13.85714,10.42857,13.71429,10.28571],"texture":"#3"},"down":{"uv":[11,13.71429,10.85714,13.85714],"texture":"#3"}}},{"from":[8.65,6.27817,2.91397],"to":[8.65,7.02817,4.91397],"rotation":{"angle":-22.5,"axis":"x","origin":[8,8.25,4.8]},"faces":{"north":{"uv":[0,0,0,0.42857],"texture":"#3"},"east":{"uv":[10.28571,9.71429,11.42857,10.14286],"texture":"#3"},"south":{"uv":[0,0,0,0.42857],"texture":"#3"},"west":{"uv":[10.85714,10.28571,12,10.71429],"texture":"#3"},"up":{"uv":[0,1.14286,0,0],"texture":"#3"},"down":{"uv":[0,0,0,1.14286],"texture":"#3"}}},{"from":[7.35,6.27817,2.91397],"to":[7.35,7.02817,4.91397],"rotation":{"angle":-22.5,"axis":"x","origin":[8,8.25,4.8]},"faces":{"north":{"uv":[0,0,0,0.42857],"texture":"#3"},"east":{"uv":[10.85714,10.85714,12,11.28571],"texture":"#3"},"south":{"uv":[0,0,0,0.42857],"texture":"#3"},"west":{"uv":[11.42857,2.28571,12.57143,2.71429],"texture":"#3"},"up":{"uv":[0,1.14286,0,0],"texture":"#3"},"down":{"uv":[0,0,0,1.14286],"texture":"#3"}}},{"from":[7.351,5.67797,3.66861],"to":[8.651,6.42797,3.66861],"rotation":{"angle":-22.5,"axis":"x","origin":[7.651,6.05297,3.66861]},"faces":{"north":{"uv":[12.57143,0.57143,13.28571,1],"texture":"#3"},"east":{"uv":[0,0,0,0.42857],"texture":"#3"},"south":{"uv":[1.14286,12.57143,1.85714,13],"texture":"#3"},"west":{"uv":[0,0,0,0.42857],"texture":"#3"},"up":{"uv":[0.71429,0,0,0],"texture":"#3"},"down":{"uv":[0.71429,0,0,0],"texture":"#3"}}},{"from":[7.5,0.75,7.5],"to":[8.5,1.25,8.5],"rotation":{"angle":0,"axis":"y","origin":[7.5,0,7.5]},"faces":{"north":{"uv":[13.14286,6.28571,13.71429,6.57143],"texture":"#3"},"east":{"uv":[6.85714,13.14286,7.42857,13.42857],"texture":"#3"},"south":{"uv":[13.14286,6.85714,13.71429,7.14286],"texture":"#3"},"west":{"uv":[7.42857,13.14286,8,13.42857],"texture":"#3"},"up":{"uv":[12.57143,1.14286,12,0.57143],"texture":"#3"},"down":{"uv":[1.71429,12,1.14286,12.57143],"texture":"#3"}}},{"from":[7.5,1.75,7.5],"to":[8.5,2.75,8.5],"rotation":{"angle":0,"axis":"y","origin":[7.5,0,7.5]},"faces":{"north":{"uv":[12,1.14286,12.57143,1.71429],"texture":"#3"},"east":{"uv":[1.71429,12,2.28571,12.57143],"texture":"#3"},"south":{"uv":[12,1.71429,12.57143,2.28571],"texture":"#3"},"west":{"uv":[2.28571,12,2.85714,12.57143],"texture":"#3"},"up":{"uv":[3.42857,12.57143,2.85714,12],"texture":"#3"},"down":{"uv":[12.57143,2.85714,12,3.42857],"texture":"#3"}}},{"from":[7.6,2.75,7.6],"to":[8.4,4.55,8.4],"rotation":{"angle":0,"axis":"y","origin":[7.5,0,7.5]},"faces":{"north":{"uv":[7.42857,11.42857,7.85714,12.42857],"texture":"#3"},"east":{"uv":[8,11.42857,8.42857,12.42857],"texture":"#3"},"south":{"uv":[11.42857,8,11.85714,9],"texture":"#3"},"west":{"uv":[8.57143,11.42857,9,12.42857],"texture":"#3"},"up":{"uv":[13.57143,4.42857,13.14286,4],"texture":"#3"},"down":{"uv":[5,13.14286,4.57143,13.57143],"texture":"#3"}}},{"from":[7.4,1.25,7.4],"to":[8.6,1.75,8.6],"rotation":{"angle":0,"axis":"y","origin":[7.5,0,7.5]},"faces":{"north":{"uv":[12.57143,9.14286,13.28571,9.42857],"texture":"#3"},"east":{"uv":[12.57143,9.71429,13.28571,10],"texture":"#3"},"south":{"uv":[12.57143,10.28571,13.28571,10.57143],"texture":"#3"},"west":{"uv":[12.57143,10.85714,13.28571,11.14286],"texture":"#3"},"up":{"uv":[11.57143,1.85714,10.85714,1.14286],"texture":"#3"},"down":{"uv":[11.57143,2.85714,10.85714,3.57143],"texture":"#3"}}},{"from":[7.4,5.55,7.4],"to":[8.6,6.05,8.6],"rotation":{"angle":0,"axis":"y","origin":[7.5,4.3,7.5]},"faces":{"north":{"uv":[11.42857,12.57143,12.14286,12.85714],"texture":"#3"},"east":{"uv":[12.57143,11.42857,13.28571,11.71429],"texture":"#3"},"south":{"uv":[12.57143,12,13.28571,12.28571],"texture":"#3"},"west":{"uv":[12.57143,12.57143,13.28571,12.85714],"texture":"#3"},"up":{"uv":[11.57143,4.71429,10.85714,4],"texture":"#3"},"down":{"uv":[11.57143,5.14286,10.85714,5.85714],"texture":"#3"}}},{"from":[7.5,6.05,7.5],"to":[8.5,6.55,8.5],"rotation":{"angle":0,"axis":"y","origin":[7.5,16.05,7.5]},"faces":{"north":{"uv":[13.14286,7.42857,13.71429,7.71429],"texture":"#3"},"east":{"uv":[13.14286,8,13.71429,8.28571],"texture":"#3"},"south":{"uv":[8.57143,13.14286,9.14286,13.42857],"texture":"#3"},"west":{"uv":[13.14286,8.57143,13.71429,8.85714],"texture":"#3"},"up":{"uv":[12.57143,7.42857,12,6.85714],"texture":"#3"},"down":{"uv":[12.57143,7.42857,12,8],"texture":"#3"}}},{"from":[7.5,4.55,7.5],"to":[8.5,5.55,8.5],"rotation":{"angle":0,"axis":"y","origin":[7.5,16.05,7.5]},"faces":{"north":{"uv":[12,3.42857,12.57143,4],"texture":"#3"},"east":{"uv":[12,4,12.57143,4.57143],"texture":"#3"},"south":{"uv":[12,4.57143,12.57143,5.14286],"texture":"#3"},"west":{"uv":[12,5.14286,12.57143,5.71429],"texture":"#3"},"up":{"uv":[12.57143,6.28571,12,5.71429],"texture":"#3"},"down":{"uv":[12.57143,6.28571,12,6.85714],"texture":"#3"}}},{"from":[7.375,-0.1,7.4],"to":[8.625,1.1,8.6],"rotation":{"angle":-45,"axis":"x","origin":[8,0.5,8]},"faces":{"north":{"uv":[7.42857,10.28571,8.14286,11],"texture":"#3"},"east":{"uv":[10.28571,7.42857,11,8.14286],"texture":"#3"},"south":{"uv":[8.57143,10.28571,9.28571,11],"texture":"#3"},"west":{"uv":[10.28571,8.57143,11,9.28571],"texture":"#3"},"up":{"uv":[10.42857,11,9.71429,10.28571],"texture":"#3"},"down":{"uv":[11.57143,0,10.85714,0.71429],"texture":"#3"}}},{"from":[7.3,6.4,7],"to":[8.7,8.4,9],"rotation":{"angle":-45,"axis":"x","origin":[8,7.4,8]},"faces":{"north":{"uv":[9.14286,1.14286,10,2.28571],"texture":"#3"},"east":{"uv":[8,2.28571,9.14286,3.42857],"texture":"#3"},"south":{"uv":[9.14286,2.28571,10,3.42857],"texture":"#3"},"west":{"uv":[8,3.42857,9.14286,4.57143],"texture":"#3"},"up":{"uv":[10,4.57143,9.14286,3.42857],"texture":"#3"},"down":{"uv":[4.85714,9.14286,4,10.28571],"texture":"#3"}}},{"from":[7.05,6.65,7.25],"to":[8.95,8.15,8.75],"rotation":{"angle":-45,"axis":"x","origin":[8,7.4,8]},"faces":{"north":{"uv":[9.14286,4.57143,10.28571,5.42857],"texture":"#3"},"east":{"uv":[9.14286,8,10,8.85714],"texture":"#3"},"south":{"uv":[5.14286,9.14286,6.28571,10],"texture":"#3"},"west":{"uv":[8.57143,9.14286,9.42857,10],"texture":"#3"},"up":{"uv":[10.28571,6.57143,9.14286,5.71429],"texture":"#3"},"down":{"uv":[7.42857,9.14286,6.28571,10],"texture":"#3"}}},{"from":[7.5,6.25,6.75],"to":[8.5,8.25,7.75],"rotation":{"angle":-22.5,"axis":"x","origin":[7.5,6.25,6.75]},"faces":{"north":{"uv":[6.85714,8,7.42857,9.14286],"texture":"#3"},"east":{"uv":[9.71429,9.14286,10.28571,10.28571],"texture":"#3"},"south":{"uv":[10.28571,0,10.85714,1.14286],"texture":"#3"},"west":{"uv":[10.28571,1.14286,10.85714,2.28571],"texture":"#3"},"up":{"uv":[12.57143,8.57143,12,8],"texture":"#3"},"down":{"uv":[12.57143,8.57143,12,9.14286],"texture":"#3"}}},{"from":[7.5,6.75314,4.2521],"to":[8.5,7.75314,6.2521],"rotation":{"angle":-22.5,"axis":"x","origin":[8,7.25314,5.2521]},"faces":{"north":{"uv":[12,9.14286,12.57143,9.71429],"texture":"#3"},"east":{"uv":[8,6.85714,9.14286,7.42857],"texture":"#3"},"south":{"uv":[12,9.71429,12.57143,10.28571],"texture":"#3"},"west":{"uv":[10.28571,2.28571,11.42857,2.85714],"texture":"#3"},"up":{"uv":[10.85714,4,10.28571,2.85714],"texture":"#3"},"down":{"uv":[4.57143,10.28571,4,11.42857],"texture":"#3"}}},{"from":[7,7.02817,9.68603],"to":[9,8.77817,11.68603],"rotation":{"angle":22.5,"axis":"x","origin":[8,8.25,11.2]},"faces":{"north":{"uv":[9.14286,5.71429,8,6.71429],"texture":"#3"},"east":{"uv":[6.85714,8,5.71429,9],"texture":"#3"},"south":{"uv":[9.14286,4.57143,8,5.57143],"texture":"#3"},"west":{"uv":[10.28571,0,9.14286,1],"texture":"#3"},"up":{"uv":[9.14286,0,8,1.14286],"texture":"#3"},"down":{"uv":[9.14286,2.28571,8,1.14286],"texture":"#3"}}},{"from":[7.25,7.02817,11.68603],"to":[8.75,8.27817,13.18603],"rotation":{"angle":22.5,"axis":"x","origin":[8,8.25,11.2]},"faces":{"east":{"uv":[7.14286,10.28571,6.28571,11],"texture":"#3"},"south":{"uv":[6,10.28571,5.14286,11],"texture":"#3"},"west":{"uv":[11.14286,6.28571,10.28571,7],"texture":"#3"},"up":{"uv":[10,6.85714,9.14286,7.71429],"texture":"#3"},"down":{"uv":[8.28571,10,7.42857,9.14286],"texture":"#3"}}},{"from":[8.475,8.19813,10.69612],"to":[9.225,8.94813,11.69612],"rotation":{"angle":45,"axis":"x","origin":[8,8.25,11.2]},"faces":{"north":{"uv":[0.42857,13.14286,0,13.57143],"texture":"#3"},"east":{"uv":[13.14286,1.14286,12.57143,1.57143],"texture":"#3"},"south":{"uv":[9,12.57143,8.57143,13],"texture":"#3"},"west":{"uv":[13.14286,1.71429,12.57143,2.14286],"texture":"#3"},"up":{"uv":[2.71429,12.57143,2.28571,13.14286],"texture":"#3"},"down":{"uv":[13,2.85714,12.57143,2.28571],"texture":"#3"}}},{"from":[8.48,8.34994,10.33736],"to":[9.22,9.09994,11.33736],"rotation":{"angle":0,"axis":"z","origin":[8,8.25,11.2]},"faces":{"north":{"uv":[1,13.14286,0.57143,13.57143],"texture":"#3"},"east":{"uv":[3.42857,12.57143,2.85714,13],"texture":"#3"},"south":{"uv":[13.57143,0,13.14286,0.42857],"texture":"#3"},"west":{"uv":[13.14286,2.85714,12.57143,3.28571],"texture":"#3"},"up":{"uv":[13,3.42857,12.57143,4],"texture":"#3"},"down":{"uv":[13,4.57143,12.57143,4],"texture":"#3"}}},{"from":[8.65,6.27817,11.08603],"to":[8.65,7.02817,13.08603],"rotation":{"angle":22.5,"axis":"x","origin":[8,8.25,11.2]},"faces":{"north":{"uv":[0,0,0,0.42857],"texture":"#3"},"east":{"uv":[11.42857,9.71429,10.28571,10.14286],"texture":"#3"},"south":{"uv":[0,0,0,0.42857],"texture":"#3"},"west":{"uv":[12,10.28571,10.85714,10.71429],"texture":"#3"},"up":{"uv":[0,0,0,1.14286],"texture":"#3"},"down":{"uv":[0,1.14286,0,0],"texture":"#3"}}},{"from":[7.88245,8.02934,12.19341],"to":[8.11755,8.26443,12.4285],"rotation":{"angle":0,"axis":"z","origin":[8,8.25,11.2]},"faces":{"north":{"uv":[13.85714,9.71429,13.71429,9.85714],"texture":"#3"},"east":{"uv":[9.85714,13.71429,9.71429,13.85714],"texture":"#3"},"south":{"uv":[13.85714,9.14286,13.71429,9.28571],"texture":"#3"},"west":{"uv":[10.42857,13.71429,10.28571,13.85714],"texture":"#3"},"up":{"uv":[13.85714,10.28571,13.71429,10.42857],"texture":"#3"},"down":{"uv":[11,13.85714,10.85714,13.71429],"texture":"#3"}}},{"from":[7.83674,8.44334,12.31767],"to":[8.16326,8.76985,12.64418],"rotation":{"angle":22.5,"axis":"x","origin":[8,8.25,11.2]},"faces":{"north":{"uv":[13.85714,11.42857,13.71429,11.57143],"texture":"#3"},"east":{"uv":[11.57143,13.71429,11.42857,13.85714],"texture":"#3"},"south":{"uv":[13.85714,10.85714,13.71429,11],"texture":"#3"},"west":{"uv":[12.14286,13.71429,12,13.85714],"texture":"#3"},"up":{"uv":[13.85714,12,13.71429,12.14286],"texture":"#3"},"down":{"uv":[12.71429,13.85714,12.57143,13.71429],"texture":"#3"}}},{"from":[7.78519,8.88688,12.3176],"to":[8.21481,9.31651,12.74722],"rotation":{"angle":45,"axis":"x","origin":[8,8.25,11.2]},"faces":{"north":{"uv":[12.85714,13.14286,12.57143,13.42857],"texture":"#3"},"east":{"uv":[12.28571,13.14286,12,13.42857],"texture":"#3"},"south":{"uv":[11.71429,13.14286,11.42857,13.42857],"texture":"#3"},"west":{"uv":[13.42857,13.14286,13.14286,13.42857],"texture":"#3"},"up":{"uv":[0.28571,13.71429,0,14],"texture":"#3"},"down":{"uv":[14,0.28571,13.71429,0],"texture":"#3"}}},{"from":[7.7246,6.68285,12.25771],"to":[8.2754,7.23365,12.80851],"rotation":{"angle":-22.5,"axis":"x","origin":[8,8.25,11.2]},"faces":{"north":{"uv":[1.42857,13.71429,1.14286,14],"texture":"#3"},"east":{"uv":[14,0.57143,13.71429,0.85714],"texture":"#3"},"south":{"uv":[0.85714,13.71429,0.57143,14],"texture":"#3"},"west":{"uv":[14,1.14286,13.71429,1.42857],"texture":"#3"},"up":{"uv":[2,13.71429,1.71429,14],"texture":"#3"},"down":{"uv":[14,2,13.71429,1.71429],"texture":"#3"}}},{"from":[7.351,5.67797,12.33139],"to":[8.651,6.42797,12.33139],"rotation":{"angle":22.5,"axis":"x","origin":[7.651,6.05297,12.33139]},"faces":{"north":{"uv":[1.85714,12.57143,1.14286,13],"texture":"#3"},"east":{"uv":[0,0,0,0.42857],"texture":"#3"},"south":{"uv":[13.28571,0.57143,12.57143,1],"texture":"#3"},"west":{"uv":[0,0,0,0.42857],"texture":"#3"},"up":{"uv":[0.71429,0,0,0],"texture":"#3"},"down":{"uv":[0.71429,0,0,0],"texture":"#3"}}},{"from":[6.78659,9.42444,8.59606],"to":[7.21341,9.85126,9.02288],"rotation":{"angle":22.5,"axis":"x","origin":[8,8.25,11.2]},"faces":{"north":{"uv":[3.14286,13.71429,2.85714,14],"texture":"#3"},"east":{"uv":[14,2.28571,13.71429,2.57143],"texture":"#3"},"south":{"uv":[2.57143,13.71429,2.28571,14],"texture":"#3"},"west":{"uv":[14,2.85714,13.71429,3.14286],"texture":"#3"},"up":{"uv":[14,3.42857,13.71429,3.71429],"texture":"#3"},"down":{"uv":[4.28571,14,4,13.71429],"texture":"#3"}}},{"from":[6.7036,9.76014,9.17763],"to":[7.2964,10.35294,9.77043],"rotation":{"angle":0,"axis":"z","origin":[8,8.25,11.2]},"faces":{"north":{"uv":[14,4.57143,13.71429,4.85714],"texture":"#3"},"east":{"uv":[4.85714,13.71429,4.57143,14],"texture":"#3"},"south":{"uv":[14,4,13.71429,4.28571],"texture":"#3"},"west":{"uv":[5.42857,13.71429,5.14286,14],"texture":"#3"},"up":{"uv":[14,5.14286,13.71429,5.42857],"texture":"#3"},"down":{"uv":[6,14,5.71429,13.71429],"texture":"#3"}}},{"from":[6.61,9.67128,9.84856],"to":[7.39,10.45128,10.62856],"rotation":{"angle":-22.5,"axis":"x","origin":[8,8.25,11.2]},"faces":{"north":{"uv":[2.14286,13.14286,1.71429,13.57143],"texture":"#3"},"east":{"uv":[13.57143,1.14286,13.14286,1.57143],"texture":"#3"},"south":{"uv":[1.57143,13.14286,1.14286,13.57143],"texture":"#3"},"west":{"uv":[13.57143,1.71429,13.14286,2.14286],"texture":"#3"},"up":{"uv":[2.71429,13.14286,2.28571,13.57143],"texture":"#3"},"down":{"uv":[13.57143,2.71429,13.14286,2.28571],"texture":"#3"}}},{"from":[6.5,7.48888,9.36073],"to":[7.5,8.48888,10.36073],"rotation":{"angle":45,"axis":"x","origin":[8,8.25,11.2]},"faces":{"north":{"uv":[12,11.42857,11.42857,12],"texture":"#3"},"east":{"uv":[12,9.71429,11.42857,10.28571],"texture":"#3"},"south":{"uv":[12,9.14286,11.42857,9.71429],"texture":"#3"},"west":{"uv":[0.57143,12,0,12.57143],"texture":"#3"},"up":{"uv":[12.57143,0,12,0.57143],"texture":"#3"},"down":{"uv":[1.14286,12.57143,0.57143,12],"texture":"#3"}}},{"from":[6.78,8.34994,10.33736],"to":[7.52,9.09994,11.33736],"rotation":{"angle":0,"axis":"z","origin":[8,8.25,11.2]},"faces":{"north":{"uv":[13.57143,2.85714,13.14286,3.28571],"texture":"#3"},"east":{"uv":[5.14286,12.57143,4.57143,13],"texture":"#3"},"south":{"uv":[3.28571,13.14286,2.85714,13.57143],"texture":"#3"},"west":{"uv":[13.14286,4.57143,12.57143,5],"texture":"#3"},"up":{"uv":[13,5.14286,12.57143,5.71429],"texture":"#3"},"down":{"uv":[13,6.28571,12.57143,5.71429],"texture":"#3"}}},{"from":[6.775,8.19813,10.69612],"to":[7.525,8.94813,11.69612],"rotation":{"angle":45,"axis":"x","origin":[8,8.25,11.2]},"faces":{"north":{"uv":[4.42857,13.14286,4,13.57143],"texture":"#3"},"east":{"uv":[13.14286,6.28571,12.57143,6.71429],"texture":"#3"},"south":{"uv":[13.57143,3.42857,13.14286,3.85714],"texture":"#3"},"west":{"uv":[13.14286,6.85714,12.57143,7.28571],"texture":"#3"},"up":{"uv":[7.85714,12.57143,7.42857,13.14286],"texture":"#3"},"down":{"uv":[13,8,12.57143,7.42857],"texture":"#3"}}},{"from":[7.35,6.27817,11.08603],"to":[7.35,7.02817,13.08603],"rotation":{"angle":22.5,"axis":"x","origin":[8,8.25,11.2]},"faces":{"north":{"uv":[0,0,0,0.42857],"texture":"#3"},"east":{"uv":[12,10.85714,10.85714,11.28571],"texture":"#3"},"south":{"uv":[0,0,0,0.42857],"texture":"#3"},"west":{"uv":[12.57143,2.28571,11.42857,2.71429],"texture":"#3"},"up":{"uv":[0,0,0,1.14286],"texture":"#3"},"down":{"uv":[0,1.14286,0,0],"texture":"#3"}}},{"from":[7.5,6.25,8.25],"to":[8.5,8.25,9.25],"rotation":{"angle":22.5,"axis":"x","origin":[7.5,6.25,9.25]},"faces":{"north":{"uv":[10.85714,0,10.28571,1.14286],"texture":"#3"},"east":{"uv":[10.28571,9.14286,9.71429,10.28571],"texture":"#3"},"south":{"uv":[7.42857,8,6.85714,9.14286],"texture":"#3"},"west":{"uv":[10.85714,1.14286,10.28571,2.28571],"texture":"#3"},"up":{"uv":[12.57143,8,12,8.57143],"texture":"#3"},"down":{"uv":[12.57143,9.14286,12,8.57143],"texture":"#3"}}},{"from":[7.5,6.75314,9.7479],"to":[8.5,7.75314,11.7479],"rotation":{"angle":22.5,"axis":"x","origin":[8,7.25314,10.7479]},"faces":{"north":{"uv":[12.57143,9.71429,12,10.28571],"texture":"#3"},"east":{"uv":[9.14286,6.85714,8,7.42857],"texture":"#3"},"south":{"uv":[12.57143,9.14286,12,9.71429],"texture":"#3"},"west":{"uv":[11.42857,2.28571,10.28571,2.85714],"texture":"#3"},"up":{"uv":[10.85714,2.85714,10.28571,4],"texture":"#3"},"down":{"uv":[4.57143,11.42857,4,10.28571],"texture":"#3"}}},{"from":[8.5,7.48888,9.36073],"to":[9.5,8.48888,10.36073],"rotation":{"angle":45,"axis":"x","origin":[8,8.25,11.2]},"faces":{"north":{"uv":[12.57143,12,12,12.57143],"texture":"#3"},"east":{"uv":[12.57143,11.42857,12,12],"texture":"#3"},"south":{"uv":[12,12,11.42857,12.57143],"texture":"#3"},"west":{"uv":[0.57143,12.57143,0,13.14286],"texture":"#3"},"up":{"uv":[13.14286,0,12.57143,0.57143],"texture":"#3"},"down":{"uv":[1.14286,13.14286,0.57143,12.57143],"texture":"#3"}}},{"from":[8.61,9.67128,9.84856],"to":[9.39,10.45128,10.62856],"rotation":{"angle":-22.5,"axis":"x","origin":[8,8.25,11.2]},"faces":{"north":{"uv":[13.57143,5.14286,13.14286,5.57143],"texture":"#3"},"east":{"uv":[5.57143,13.14286,5.14286,13.57143],"texture":"#3"},"south":{"uv":[13.57143,4.57143,13.14286,5],"texture":"#3"},"west":{"uv":[6.14286,13.14286,5.71429,13.57143],"texture":"#3"},"up":{"uv":[13.57143,5.71429,13.14286,6.14286],"texture":"#3"},"down":{"uv":[6.71429,13.57143,6.28571,13.14286],"texture":"#3"}}},{"from":[8.78659,9.42444,8.59606],"to":[9.21341,9.85126,9.02288],"rotation":{"angle":22.5,"axis":"x","origin":[8,8.25,11.2]},"faces":{"north":{"uv":[14,6.28571,13.71429,6.57143],"texture":"#3"},"east":{"uv":[6.57143,13.71429,6.28571,14],"texture":"#3"},"south":{"uv":[14,5.71429,13.71429,6],"texture":"#3"},"west":{"uv":[7.14286,13.71429,6.85714,14],"texture":"#3"},"up":{"uv":[14,6.85714,13.71429,7.14286],"texture":"#3"},"down":{"uv":[7.71429,14,7.42857,13.71429],"texture":"#3"}}},{"from":[8.7036,9.76014,9.17763],"to":[9.2964,10.35294,9.77043],"rotation":{"angle":0,"axis":"z","origin":[8,8.25,11.2]},"faces":{"north":{"uv":[14,8,13.71429,8.28571],"texture":"#3"},"east":{"uv":[8.28571,13.71429,8,14],"texture":"#3"},"south":{"uv":[14,7.42857,13.71429,7.71429],"texture":"#3"},"west":{"uv":[8.85714,13.71429,8.57143,14],"texture":"#3"},"up":{"uv":[14,8.57143,13.71429,8.85714],"texture":"#3"},"down":{"uv":[9.42857,14,9.14286,13.71429],"texture":"#3"}}},{"from":[7.75,7.75,6.55],"to":[8.25,11.75,9.45],"rotation":{"angle":0,"axis":"y","origin":[7.75,7.75,6.5]},"faces":{"north":{"uv":[10.28571,4,10.57143,6.28571],"texture":"#3"},"east":{"uv":[5.71429,0,7.42857,2.28571],"texture":"#3"},"south":{"uv":[4.57143,10.28571,4.85714,12.57143],"texture":"#3"},"west":{"uv":[5.71429,2.28571,7.42857,4.57143],"texture":"#3"},"up":{"uv":[4.28571,13.14286,4,11.42857],"texture":"#3"},"down":{"uv":[5.42857,11.42857,5.14286,13.14286],"texture":"#3"}}},{"from":[7.75,12.95,7.25],"to":[8.25,25.25,8.75],"rotation":{"angle":0,"axis":"y","origin":[7.75,12.25,6.5]},"faces":{"north":{"uv":[7.42857,0,7.71429,7],"texture":"#3"},"east":{"uv":[3.42857,0,4.28571,7],"texture":"#3"},"south":{"uv":[3.42857,7.42857,3.71429,14.42857],"texture":"#3"},"west":{"uv":[4.57143,0,5.42857,7],"texture":"#3"},"up":{"uv":[8.28571,13.42857,8,12.57143],"texture":"#3"},"down":{"uv":[12.85714,8,12.57143,8.85714],"texture":"#3"}}},{"from":[7.7375,17.11872,6.5],"to":[8.2625,19.24372,8.625],"rotation":{"angle":-45,"axis":"x","origin":[8.0125,18.61872,8]},"faces":{"north":{"uv":[9.14286,11.42857,9.42857,12.71429],"texture":"#3"},"east":{"uv":[4,7.42857,5.28571,8.71429],"texture":"#3"},"south":{"uv":[9.71429,11.42857,10,12.71429],"texture":"#3"},"west":{"uv":[7.42857,7.42857,8.71429,8.71429],"texture":"#3"},"up":{"uv":[10.57143,12.71429,10.28571,11.42857],"texture":"#3"},"down":{"uv":[11.14286,11.42857,10.85714,12.71429],"texture":"#3"}}},{"from":[7.7375,25.11369,6.5],"to":[8.2625,26.18869,7.575],"rotation":{"angle":-45,"axis":"x","origin":[8.0125,26.61369,8]},"faces":{"north":{"uv":[9.14286,13.14286,9.42857,13.71429],"texture":"#3"},"east":{"uv":[12,10.28571,12.57143,10.85714],"texture":"#3"},"south":{"uv":[9.71429,13.14286,10,13.71429],"texture":"#3"},"west":{"uv":[12,10.85714,12.57143,11.42857],"texture":"#3"},"up":{"uv":[10.57143,13.71429,10.28571,13.14286],"texture":"#3"},"down":{"uv":[11.14286,13.14286,10.85714,13.71429],"texture":"#3"}}},{"from":[7.975,8.25,5.125],"to":[8.025,29.25,10.875],"rotation":{"angle":0,"axis":"y","origin":[7.975,8.25,5.875]},"faces":{"east":{"uv":[3.28571,0,0,12],"texture":"#3"},"west":{"uv":[0,0,3.28571,12],"texture":"#3"}}},{"from":[7.7375,10.85,6.5],"to":[8.2625,13.85,9.5],"rotation":{"angle":-45,"axis":"x","origin":[7.9875,12.35,8]},"faces":{"north":{"uv":[5.71429,11.42857,6,13.14286],"texture":"#3"},"east":{"uv":[5.71429,4.57143,7.42857,6.28571],"texture":"#3"},"south":{"uv":[6.28571,11.42857,6.57143,13.14286],"texture":"#3"},"west":{"uv":[5.71429,6.28571,7.42857,8],"texture":"#3"},"up":{"uv":[11.71429,8,11.42857,6.28571],"texture":"#3"},"down":{"uv":[7.14286,11.42857,6.85714,13.14286],"texture":"#3"}}},{"from":[5.5,8.02698,4.54189],"to":[7,8.02698,6.54189],"rotation":{"angle":-22.5,"axis":"x","origin":[6.45,7.80198,5.54189]},"faces":{"up":{"uv":[8,0,0,6],"rotation":270,"texture":"#2"},"down":{"uv":[0,0,8,6],"rotation":270,"texture":"#2"}}},{"from":[6.5,7.60643,2.91669],"to":[7.25,7.60643,3.91669],"rotation":{"angle":-22.5,"axis":"x","origin":[6.875,7.70643,3.41669]},"faces":{"up":{"uv":[0,11,4,8],"rotation":90,"texture":"#2"},"down":{"uv":[0,8,4,11],"rotation":270,"texture":"#2"}}},{"from":[9,8.02698,4.54189],"to":[10.5,8.02698,6.54189],"rotation":{"angle":-22.5,"axis":"x","origin":[9.55,7.80198,5.54189]},"faces":{"up":{"uv":[8,6,0,0],"rotation":270,"texture":"#2"},"down":{"uv":[0,6,8,0],"rotation":270,"texture":"#2"}}},{"from":[8.75,7.60643,2.91669],"to":[9.5,7.60643,3.91669],"rotation":{"angle":-22.5,"axis":"x","origin":[9.125,7.70643,3.41669]},"faces":{"up":{"uv":[0,8,4,11],"rotation":90,"texture":"#2"},"down":{"uv":[0,11,4,8],"rotation":270,"texture":"#2"}}},{"from":[6.5,7.60643,12.08331],"to":[7.25,7.60643,13.08331],"rotation":{"angle":22.5,"axis":"x","origin":[6.875,7.70643,12.58331]},"faces":{"up":{"uv":[4,11,0,8],"rotation":90,"texture":"#2"},"down":{"uv":[4,8,0,11],"rotation":270,"texture":"#2"}}},{"from":[8.75,7.60643,12.08331],"to":[9.5,7.60643,13.08331],"rotation":{"angle":22.5,"axis":"x","origin":[9.125,7.70643,12.58331]},"faces":{"up":{"uv":[4,8,0,11],"rotation":90,"texture":"#2"},"down":{"uv":[4,11,0,8],"rotation":270,"texture":"#2"}}},{"from":[9,8.02698,9.45811],"to":[10.5,8.02698,11.45811],"rotation":{"angle":22.5,"axis":"x","origin":[9.55,7.80198,10.45811]},"faces":{"up":{"uv":[0,6,8,0],"rotation":270,"texture":"#2"},"down":{"uv":[8,6,0,0],"rotation":270,"texture":"#2"}}},{"from":[5.5,8.02698,9.45811],"to":[7,8.02698,11.45811],"rotation":{"angle":22.5,"axis":"x","origin":[6.45,7.80198,10.45811]},"faces":{"up":{"uv":[0,0,8,6],"rotation":270,"texture":"#2"},"down":{"uv":[8,0,0,6],"rotation":270,"texture":"#2"}}}],"gui_light":"front","display":{"thirdperson_righthand":{"translation":[0,2.25,0.75]},"thirdperson_lefthand":{"translation":[0,2.25,0.75]},"firstperson_righthand":{"rotation":[-10,0,0],"translation":[0,2,0]},"firstperson_lefthand":{"rotation":[-10,0,0],"translation":[0,2,0]},"ground":{"translation":[0,6.25,0]},"gui":{"rotation":[90,-45,90],"translation":[3.5,-3.5,0],"scale":[0.77734,0.77734,0.77734]},"head":{"scale":[1.5,1.5,1.5],"rotation":[0,90,0]},"fixed":{"rotation":[90,-90,90],"translation":[0,-14.5,-0.5],"scale":[2.5,2.5,2.5]}}}